cell_lon,cell_lat,wind_speed
5.796311557788945,50.75384422110553,3.990799590583522
5.818964824120604,50.75384422110553,3.9751074399276023
5.841618090452261,50.75384422110553,3.9539082961171577
5.86427135678392,50.75384422110553,3.9275903936270256
5.886924623115578,50.75384422110553,3.896625042346
5.909577889447236,50.75384422110553,3.8615449294089808
5.932231155778895,50.75384422110553,3.8229212530136056
5.954884422110553,50.75384422110553,3.7813414798618266
5.977537688442212,50.75384422110553,3.7373891856404495
5.705698492462312,50.77027135678392,4.01686114981728
5.72835175879397,50.77027135678392,4.024851513175443
5.773658291457287,50.77027135678392,4.022510649227719
5.796311557788945,50.77027135678392,4.012152692819846
5.818964824120604,50.77027135678392,3.9958661813752387
5.841618090452261,50.77027135678392,3.973951088770314
5.86427135678392,50.77027135678392,3.9468132827061075
5.886924623115578,50.77027135678392,3.914944708855835
5.909577889447236,50.77027135678392,3.8789003427394255
5.932231155778895,50.77027135678392,3.8392739908692106
5.954884422110553,50.77027135678392,3.7966748632367797
5.977537688442212,50.77027135678392,3.7517064663496655
5.705698492462312,50.786698492462314,4.036202677529017
5.72835175879397,50.786698492462314,4.044104255161543
5.751005025125629,50.786698492462314,4.045801643762955
5.773658291457287,50.786698492462314,4.041214730442302
5.796311557788945,50.786698492462314,4.030397277344102
5.818964824120604,50.786698492462314,4.013536563636909
5.841618090452261,50.786698492462314,3.9909450056288076
5.86427135678392,50.786698492462314,3.9630446673556405
5.886924623115578,50.786698492462314,3.930346311641712
5.909577889447236,50.786698492462314,3.8934250972007276
5.932231155778895,50.786698492462314,3.852895151063241
5.954884422110553,50.786698492462314,3.809385060964055
5.683045226130654,50.803125628140705,4.038482517938252
5.705698492462312,50.803125628140705,4.052318654904171
5.72835175879397,50.803125628140705,4.060062700917872
5.751005025125629,50.803125628140705,4.061502776233521
5.773658291457287,50.803125628140705,4.056557191894894
5.796311557788945,50.803125628140705,4.045282533832509
5.818964824120604,50.803125628140705,4.027873295901575
5.841618090452261,50.803125628140705,4.0046530736629435
5.86427135678392,50.803125628140705,3.976058295260863
5.886924623115578,50.803125628140705,3.94261625249824
5.909577889447236,50.803125628140705,3.904919675604723
5.932231155778895,50.803125628140705,3.86360021676302
5.954884422110553,50.803125628140705,3.819302998029414
5.977537688442212,50.803125628140705,3.772663927689419
5.6377386934673375,50.8195527638191,4.00691413943769
5.660391959798995,50.8195527638191,4.0318172716261955
5.683045226130654,50.8195527638191,4.051319190558093
5.705698492462312,50.8195527638191,4.064992050656969
5.72835175879397,50.8195527638191,4.072502972702563
5.751005025125629,50.8195527638191,4.0736362300715845
5.773658291457287,50.8195527638191,4.068309485749118
5.796311557788945,50.8195527638191,4.056582230120962
5.818964824120604,50.8195527638191,4.038655407358065
5.841618090452261,50.8195527638191,4.014862242435552
5.86427135678392,50.8195527638191,3.985651302303303
5.886924623115578,50.8195527638191,3.9515636550763182
5.909577889447236,50.8195527638191,3.913206492887413
5.932231155778895,50.8195527638191,3.871225702505514
5.954884422110553,50.8195527638191,3.8262796349786767
5.977537688442212,50.8195527638191,3.7790158386863504
6.00019095477387,50.8195527638191,3.730051906373455
5.6377386934673375,50.83597989949749,4.01666183704756
5.660391959798995,50.83597989949749,4.0413670927732985
5.683045226130654,50.83597989949749,4.060636408569284
5.705698492462312,50.83597989949749,4.074037252607043
5.72835175879397,50.83597989949749,4.081233131541229
5.751005025125629,50.83597989949749,4.082006457456705
5.773658291457287,50.83597989949749,4.076275310000629
5.796311557788945,50.83597989949749,4.064102158862225
5.818964824120604,50.83597989949749,4.045693486334116
5.841618090452261,50.83597989949749,4.021390321993712
5.86427135678392,50.83597989949749,3.9916507709119053
5.886924623115578,50.83597989949749,3.9570264834900177
5.909577889447236,50.83597989949749,3.9181355339178494
5.932231155778895,50.83597989949749,3.87563428885198
5.954884422110553,50.83597989949749,3.8301905941098884
5.977537688442212,50.83597989949749,3.7824600897430405
6.00019095477387,50.83597989949749,3.7330668180949322
5.6377386934673375,50.85240703517588,4.023057225998785
5.660391959798995,50.85240703517588,4.047400251059253
5.683045226130654,50.85240703517588,4.066294674870068
5.705698492462312,50.85240703517588,4.079307057059928
5.72835175879397,50.85240703517588,4.086100396833677
5.751005025125629,50.85240703517588,4.086457470209739
5.773658291457287,50.85240703517588,4.080297961043222
5.796311557788945,50.85240703517588,4.067687386257421
5.818964824120604,50.85240703517588,4.0488367179891345
5.841618090452261,50.85240703517588,4.024092714373522
5.86427135678392,50.85240703517588,3.9939200766671616
5.886924623115578,50.85240703517588,3.9588774444519137
5.909577889447236,50.85240703517588,3.91958977167359
5.932231155778895,50.85240703517588,3.8767197365247203
5.954884422110553,50.85240703517588,3.8309405669557584
5.977537688442212,50.85240703517588,3.7829121218109085
6.00019095477387,50.85240703517588,3.7332613971788615
6.022844221105528,50.85240703517588,3.682567961761361
6.045497487437187,50.85240703517588,3.6313542616067904
5.660391959798995,50.86883417085427,4.049828473600664
5.683045226130654,50.86883417085427,4.0681979620641995
5.705698492462312,50.86883417085427,4.08069911819922
5.72835175879397,50.86883417085427,4.086997820133683
5.751005025125629,50.86883417085427,4.08687963465824
5.773658291457287,50.86883417085427,4.080267139776386
5.796311557788945,50.86883417085427,4.067228959486227
5.818964824120604,50.86883417085427,4.047979389519648
5.841618090452261,50.86883417085427,4.022868625107698
5.86427135678392,50.86883417085427,3.9923647310416204
5.886924623115578,50.86883417085427,3.957029405187466
5.909577889447236,50.86883417085427,3.9174901240788693
5.932231155778895,50.86883417085427,3.8744113649080423
5.954884422110553,50.86883417085427,3.8284673140991967
5.977537688442212,50.86883417085427,3.780317914084049
6.00019095477387,50.86883417085427,3.7305894134694406
6.022844221105528,50.86883417085427,3.679859908109893
6.045497487437187,50.86883417085427,3.628649790863766
5.683045226130654,50.88526130653266,4.066298997407095
5.705698492462312,50.88526130653266,4.078161520680867
5.72835175879397,50.88526130653266,4.083870063483725
5.751005025125629,50.88526130653266,4.0832155623703725
5.773658291457287,50.88526130653266,4.076124855277099
5.796311557788945,50.88526130653266,4.0626697237540075
5.818964824120604,50.88526130653266,4.043066526946878
5.841618090452261,50.88526130653266,4.017666437343243
5.86427135678392,50.88526130653266,3.986937425653997
5.886924623115578,50.88526130653266,3.9514400582010016
5.909577889447236,50.88526130653266,3.911799707884206
5.932231155778895,50.88526130653266,3.8686778810029643
5.954884422110553,50.88526130653266,3.822745070502858
5.977537688442212,50.88526130653266,3.7746569795863407
6.00019095477387,50.88526130653266,3.72503526691778
6.022844221105528,50.88526130653266,3.67445328391981
6.045497487437187,50.88526130653266,3.6234267053550857
5.705698492462312,50.901688442211054,4.071697158838836
5.72835175879397,50.901688442211054,4.076717953234288
5.751005025125629,50.901688442211054,4.075464761300912
5.773658291457287,50.901688442211054,4.06787009073728
5.796311557788945,50.901688442211054,4.054008920369332
5.818964824120604,50.901688442211054,4.034098347687987
5.841618090452261,50.901688442211054,4.008487950759019
5.86427135678392,50.901688442211054,3.9776420022695667
5.886924623115578,50.901688442211054,3.9421155819346594
5.909577889447236,50.901688442211054,3.9025271648992748
5.932231155778895,50.901688442211054,3.859530360696409
5.954884422110553,50.901688442211054,3.813787184048898
5.977537688442212,50.901688442211054,3.76594467361084
6.00019095477387,50.901688442211054,3.7166159863170734
6.022844221105528,50.901688442211054,3.666366420663398
6.045497487437187,50.901688442211054,3.6157042604111216
5.751005025125629,50.91811557788945,4.063686759851501
5.773658291457287,50.91811557788945,4.055561944298534
5.796311557788945,50.91811557788945,4.041305284330997
5.818964824120604,50.91811557788945,4.021133258543035
5.841618090452261,50.91811557788945,3.9953912306229684
5.86427135678392,50.91811557788945,3.9645361131100025
5.886924623115578,50.91811557788945,3.929113083480989
5.909577889447236,50.91811557788945,3.8897288695737946
5.932231155778895,50.91811557788945,3.847024214375389
5.954884422110553,50.91811557788945,3.801647841696371
5.977537688442212,50.91811557788945,3.7542336904765183
6.00019095477387,50.91811557788945,3.705382512291092
5.751005025125629,50.93454271356784,4.048002488619568
5.773658291457287,50.93454271356784,4.0393210296280255
5.796311557788945,50.93454271356784,4.024678430658642
5.818964824120604,50.93454271356784,4.00428919673318
5.841618090452261,50.93454271356784,3.9784918764385244
5.86427135678392,50.93454271356784,3.9477323954131824
5.886924623115578,50.93454271356784,3.9125416635910497
5.909577889447236,50.93454271356784,3.873509875418674
5.932231155778895,50.93454271356784,3.831260011790271
5.954884422110553,50.93454271356784,3.786422775086794
5.977537688442212,50.93454271356784,3.7396146563777
5.773658291457287,50.950969849246235,4.0193290115142
5.796311557788945,50.950969849246235,4.004308407214252
5.818964824120604,50.950969849246235,3.9837431965055514
5.841618090452261,50.950969849246235,3.9579625994732406
5.86427135678392,50.950969849246235,3.927398057876319
5.886924623115578,50.950969849246235,3.892562011045207
5.909577889447236,50.950969849246235,3.854023517385019
5.932231155778895,50.950969849246235,3.812383093505155
5.954884422110553,50.950969849246235,3.768248882930927
5.977537688442212,50.950969849246235,3.7222157651304615
5.751005025125629,50.967396984924626,4.005701066967511
5.773658291457287,50.967396984924626,3.995826251967968
5.796311557788945,50.967396984924626,3.9804333898273305
5.818964824120604,50.967396984924626,3.9597291578508216
5.841618090452261,50.967396984924626,3.9340310868204202
5.86427135678392,50.967396984924626,3.9037528581045056
5.909577889447236,50.967396984924626,3.8314696531456796
5.932231155778895,50.967396984924626,3.790581954079354
5.954884422110553,50.967396984924626,3.7473027576081157
5.977537688442212,50.967396984924626,3.7022014465309065
6.00019095477387,50.967396984924626,3.655819422694011
5.751005025125629,50.98382412060302,3.9796190398771856
5.773658291457287,50.98382412060302,3.9691076427984804
5.796311557788945,50.98382412060302,3.9533455939025344
5.818964824120604,50.98382412060302,3.932533888241764
5.841618090452261,50.98382412060302,3.9069762184492127
5.86427135678392,50.98382412060302,3.8770655322116996
5.773658291457287,51.00025125628141,3.939516792309676
5.796311557788945,51.00025125628141,3.923385566504797
5.818964824120604,51.00025125628141,3.9024915746560693
5.841618090452261,51.00025125628141,3.877122785173657
5.86427135678392,51.00025125628141,3.8476488132406255
5.773658291457287,51.0166783919598,3.9074388093178465
5.796311557788945,51.0166783919598,3.8909350970811922
5.818964824120604,51.0166783919598,3.8699769146696394
5.841618090452261,51.0166783919598,3.8448349233088583
5.773658291457287,51.03310552763819,3.8732919825699224
5.796311557788945,51.03310552763819,3.856409038977111
5.818964824120604,51.03310552763819,3.8353971878211004
5.841618090452261,51.03310552763819,3.8105085319275216
5.932231155778895,51.03310552763819,3.6792293641397724
5.773658291457287,51.04953266331658,3.8375186863619613
5.796311557788945,51.04953266331658,3.820246366299977
5.818964824120604,51.04953266331658,3.799183580250762
5.841618090452261,51.04953266331658,3.774562969585161
5.86427135678392,51.04953266331658,3.746673062717086
5.909577889447236,51.04953266331658,3.68245788159635
5.932231155778895,51.04953266331658,3.6468923334719894
5.954884422110553,51.04953266331658,3.6095522597921867
5.818964824120604,51.065959798994975,3.761782087902508
5.841618090452261,51.065959798994975,3.7374323400041582
5.86427135678392,51.065959798994975,3.7101110015847603
5.886924623115578,51.065959798994975,3.680116718522777
5.909577889447236,51.065959798994975,3.6477782173302566
5.932231155778895,51.065959798994975,3.613444411862784
5.954884422110553,51.065959798994975,3.5774744489480557
5.818964824120604,51.082386934673366,3.72364431927761
5.841618090452261,51.082386934673366,3.69955667309259
5.86427135678392,51.082386934673366,3.672798574088745
5.886924623115578,51.082386934673366,3.643632578442555
5.909577889447236,51.082386934673366,3.6123470444407935
5.932231155778895,51.082386934673366,3.5792487692165946
5.954884422110553,51.082386934673366,3.5446553361942663
5.977537688442212,51.082386934673366,3.5088876065318746
5.841618090452261,51.09881407035176,3.6613732922576046
5.86427135678392,51.09881407035176,3.63515857651139
5.886924623115578,51.09881407035176,3.606801204664562
5.909577889447236,51.09881407035176,3.576549609763165
5.932231155778895,51.09881407035176,3.544668927997873
5.954884422110553,51.09881407035176,3.5114356106468168
5.977537688442212,51.09881407035176,3.4771317963493424
6.00019095477387,51.09881407035176,3.4420397024437537
6.022844221105528,51.09881407035176,3.406436263615858
3.848130653266332,51.11524120603015,3.380225469701178
3.87078391959799,51.11524120603015,3.3503346568352024
5.841618090452261,51.11524120603015,3.623308634730325
5.86427135678392,51.11524120603015,3.5976040716780924
5.886924623115578,51.11524120603015,3.5700193434888896
5.909577889447236,51.11524120603015,3.5407639959154458
5.932231155778895,51.11524120603015,3.510062574477814
5.954884422110553,51.11524120603015,3.478151428167137
5.977537688442212,51.11524120603015,3.445274909270844
6.00019095477387,51.11524120603015,3.4116811355113077
6.022844221105528,51.11524120603015,3.3776175143035134
6.045497487437187,51.11524120603015,3.3433262376169566
3.780170854271357,51.13166834170855,3.6751876286887817
3.8028241206030153,51.13166834170855,3.597637558323105
3.8254773869346734,51.13166834170855,3.5342025880095274
3.848130653266332,51.13166834170855,3.4877172202163207
3.87078391959799,51.13166834170855,3.459785939001383
3.8934371859296486,51.13166834170855,3.4506005431261877
3.9160904522613067,51.13166834170855,3.4588824742554136
3.9387437185929652,51.13166834170855,3.4819549489301207
5.841618090452261,51.13166834170855,3.5857707613221272
5.86427135678392,51.13166834170855,3.560531267598167
5.886924623115578,51.13166834170855,3.533668571625977
5.909577889447236,51.13166834170855,3.505354904607882
5.932231155778895,51.13166834170855,3.4757758468765534
5.954884422110553,51.13166834170855,3.445129219028291
5.977537688442212,51.13166834170855,3.4136230305575266
6.00019095477387,51.13166834170855,3.3814725622475423
6.022844221105528,51.13166834170855,3.3488967514915378
6.045497487437187,51.13166834170855,3.31611410814389
6.068150753768844,51.13166834170855,3.2833384120310014
6.090804020100503,51.13166834170855,3.2507744384777078
3.7348643216080406,51.14809547738694,3.9717010390839635
3.7575175879396987,51.14809547738694,3.8760768438835473
3.780170854271357,51.14809547738694,3.786635490797803
3.8028241206030153,51.14809547738694,3.70809597477155
3.8254773869346734,51.14809547738694,3.6445565297543188
3.848130653266332,51.14809547738694,3.5990946325843254
3.87078391959799,51.14809547738694,3.5734482980453564
3.8934371859296486,51.14809547738694,3.567813900579833
3.9160904522613067,51.14809547738694,3.5807821333529355
3.9387437185929652,51.14809547738694,3.6094174096456637
3.9613969849246233,51.14809547738694,3.6494696313686483
3.9840502512562814,51.14809547738694,3.695693294893939
5.841618090452261,51.14809547738694,3.549142757433441
5.86427135678392,51.14809547738694,3.524313230635438
5.886924623115578,51.14809547738694,3.4981093745363285
5.909577889447236,51.14809547738694,3.470668140572138
5.932231155778895,51.14809547738694,3.442138252301254
5.954884422110553,51.14809547738694,3.412681052653973
5.977537688442212,51.14809547738694,3.3824701005866835
6.00019095477387,51.14809547738694,3.35168950710488
6.022844221105528,51.14809547738694,3.3205311471261645
6.045497487437187,51.14809547738694,3.289190987901019
6.068150753768844,51.14809547738694,3.257864832322272
6.090804020100503,51.14809547738694,3.2267437920906508
6.113457286432161,51.14809547738694,3.1960097919333115
6.136110552763819,51.14809547738694,3.1658313727309975
3.712211055276382,51.16452261306533,4.1867761572298
3.7348643216080406,51.16452261306533,4.088355820390911
3.7575175879396987,51.16452261306533,3.9910596835817485
3.780170854271357,51.16452261306533,3.900168850719184
3.8028241206030153,51.16452261306533,3.820781255432105
3.8254773869346734,51.16452261306533,3.757331617713011
3.848130653266332,51.16452261306533,3.7131514302008313
3.87078391959799,51.16452261306533,3.690117880892756
3.8934371859296486,51.16452261306533,3.688430852986548
3.9160904522613067,51.16452261306533,3.7065419813804557
3.9387437185929652,51.16452261306533,3.7412416150864916
3.9613969849246233,51.16452261306533,3.7878913508841405
3.9840502512562814,51.16452261306533,3.840774353965502
4.00670351758794,51.16452261306533,3.8935250501420926
5.773658291457287,51.16452261306533,3.579437900766475
5.796311557788945,51.16452261306533,3.558946048930003
5.818964824120604,51.16452261306533,3.5370262797517964
5.841618090452261,51.16452261306533,3.513777189039568
5.86427135678392,51.16452261306533,3.489294588328662
5.886924623115578,51.16452261306533,3.46367614004368
5.909577889447236,51.16452261306533,3.437025930316965
5.932231155778895,51.16452261306533,3.409458334990818
5.954884422110553,51.16452261306533,3.3811006698644506
5.977537688442212,51.16452261306533,3.352094316405487
6.00019095477387,51.16452261306533,3.322594231137791
6.022844221105528,51.16452261306533,3.2927669405734905
6.045497487437187,51.16452261306533,3.262787269150331
6.068150753768844,51.16452261306533,3.2328341371257476
6.090804020100503,51.16452261306533,3.2030858032919407
6.113457286432161,51.16452261306533,3.173714924985069
3.712211055276382,51.18094974874372,4.30553232507056
3.7348643216080406,51.18094974874372,4.205617997432554
3.7575175879396987,51.18094974874372,4.106688610077037
3.780170854271357,51.18094974874372,4.014417594505874
3.8028241206030153,51.18094974874372,3.9342967531931388
3.8254773869346734,51.18094974874372,3.871111227671741
3.848130653266332,51.18094974874372,3.8284572582888385
3.87078391959799,51.18094974874372,3.8083568401449224
3.8934371859296486,51.18094974874372,3.8110125774177606
3.9160904522613067,51.18094974874372,3.8347292515618654
3.9387437185929652,51.18094974874372,3.87600855636759
3.9613969849246233,51.18094974874372,3.929803356075316
3.9840502512562814,51.18094974874372,3.989900784334169
4.00670351758794,51.18094974874372,4.049391828519045
5.660391959798995,51.18094974874372,3.6304797772622126
5.683045226130654,51.18094974874372,3.6169602324954013
5.751005025125629,51.18094974874372,3.566217894949588
5.773658291457287,51.18094974874372,3.546418870174831
5.796311557788945,51.18094974874372,3.5253857318000708
5.818964824120604,51.18094974874372,3.503215744793083
5.841618090452261,51.18094974874372,3.4799917358690218
5.86427135678392,51.18094974874372,3.4557873372557264
5.886924623115578,51.18094974874372,3.4306731748141934
5.909577889447236,51.18094974874372,3.4047231747857802
5.932231155778895,51.18094974874372,3.378020185948828
5.954884422110553,51.18094974874372,3.350660263477851
5.977537688442212,51.18094974874372,3.322755190740895
6.00019095477387,51.18094974874372,3.294433070776235
6.022844221105528,51.18094974874372,3.2658370530524996
6.045497487437187,51.18094974874372,3.2371224431918906
6.136110552763819,51.18094974874372,3.1243581380808916
3.689557788944724,51.19737688442211,4.520132933166579
3.712211055276382,51.19737688442211,4.423512386270012
3.7348643216080406,51.19737688442211,4.32206076429076
3.7575175879396987,51.19737688442211,4.221480901780061
3.780170854271357,51.19737688442211,4.127851372236526
3.8028241206030153,51.19737688442211,4.047071961921994
3.8254773869346734,51.19737688442211,3.984291593661642
3.848130653266332,51.19737688442211,3.943381756608
3.87078391959799,51.19737688442211,3.926515045849652
3.8934371859296486,51.19737688442211,3.9338965324364583
3.9160904522613067,51.19737688442211,3.963677191782578
3.9387437185929652,51.19737688442211,4.0120565217467306
3.9613969849246233,51.19737688442211,4.073559364576779
3.9840502512562814,51.19737688442211,4.141453223692906
4.00670351758794,51.19737688442211,4.208259582419789
4.0293567839195985,51.19737688442211,4.266307103197036
5.6377386934673375,51.19737688442211,3.6199065535012234
5.660391959798995,51.19737688442211,3.6062916997592858
5.683045226130654,51.19737688442211,3.5908937941560803
5.705698492462312,51.19737688442211,3.5739225713648395
5.72835175879397,51.19737688442211,3.555569853020731
5.751005025125629,51.19737688442211,3.536004382365607
5.773658291457287,51.19737688442211,3.51536851808895
5.796311557788945,51.19737688442211,3.4937773382583934
5.818964824120604,51.19737688442211,3.4713204073328163
5.841618090452261,51.19737688442211,3.4480660790673263
5.86427135678392,51.19737688442211,3.424067828426073
5.886924623115578,51.19737688442211,3.399371810815922
5.909577889447236,51.19737688442211,3.3740246972435983
5.932231155778895,51.19737688442211,3.348080849250405
5.954884422110553,51.19737688442211,3.321608056389849
5.977537688442212,51.19737688442211,3.2946913114278407
6.00019095477387,51.19737688442211,3.267434384359062
6.022844221105528,51.19737688442211,3.2399592232646572
6.045497487437187,51.19737688442211,3.2124034234617582
3.689557788944724,51.213804020100504,4.63711659225973
3.712211055276382,51.213804020100504,4.539281448923488
3.7348643216080406,51.213804020100504,4.436169975456773
3.7575175879396987,51.213804020100504,4.333852279406795
3.780170854271357,51.213804020100504,4.2388239227040145
3.8028241206030153,51.213804020100504,4.15740592664836
3.8254773869346734,51.213804020100504,4.0951237933969145
3.848130653266332,51.213804020100504,4.056134636431965
3.87078391959799,51.213804020100504,4.042767812246706
3.8934371859296486,51.213804020100504,4.055231449848373
3.9160904522613067,51.213804020100504,4.091517007207348
3.9387437185929652,51.213804020100504,4.147509757909283
3.9613969849246233,51.213804020100504,4.217288867774751
3.9840502512562814,51.213804020100504,4.293580214135096
4.00670351758794,51.213804020100504,4.368311132241275
4.0293567839195985,51.213804020100504,4.4332101843535385
5.569778894472362,51.213804020100504,3.63442709528447
5.59243216080402,51.213804020100504,3.6251114106127567
5.6150854271356785,51.213804020100504,3.613440288057207
5.6377386934673375,51.213804020100504,3.5996725730868135
5.660391959798995,51.213804020100504,3.584066742120791
5.683045226130654,51.213804020100504,3.5668730988348956
5.705698492462312,51.213804020100504,3.5483258730064406
5.72835175879397,51.213804020100504,3.528635903591363
5.751005025125629,51.213804020100504,3.5079847062570813
5.773658291457287,51.213804020100504,3.4865207080532996
5.796311557788945,51.213804020100504,3.4643582508467436
5.818964824120604,51.213804020100504,3.441579636713848
5.841618090452261,51.213804020100504,3.418240072670884
5.86427135678392,51.213804020100504,3.394374957127968
5.886924623115578,51.213804020100504,3.370008626117768
5.909577889447236,51.213804020100504,3.34516350807678
5.932231155778895,51.213804020100504,3.3198686439472223
5.954884422110553,51.213804020100504,3.294166693256087
5.977537688442212,51.213804020100504,3.2681188145497444
6.00019095477387,51.213804020100504,3.2418071168719513
6.022844221105528,51.213804020100504,3.2153346718214473
6.045497487437187,51.213804020100504,3.188823315290802
3.689557788944724,51.230231155778895,4.750686978322067
3.712211055276382,51.230231155778895,4.651387440586998
3.7348643216080406,51.230231155778895,4.546401889759753
3.7575175879396987,51.230231155778895,4.44217576392185
3.780170854271357,51.230231155778895,4.345632396469294
3.8028241206030153,51.230231155778895,4.263526365935431
3.8254773869346734,51.230231155778895,4.201771999563845
3.848130653266332,51.230231155778895,4.164822401729372
3.87078391959799,51.230231155778895,4.155170460004809
3.8934371859296486,51.230231155778895,4.17302915965872
3.9160904522613067,51.230231155778895,4.216226440263159
3.9387437185929652,51.230231155778895,4.280323386126702
3.9613969849246233,51.230231155778895,4.358938067747159
3.9840502512562814,51.230231155778895,4.4442349575946904
4.00670351758794,51.230231155778895,4.527524611198412
4.0293567839195985,51.230231155778895,4.599911715472935
5.547125628140703,51.230231155778895,3.631743120659938
5.569778894472362,51.230231155778895,3.622696467796682
5.59243216080402,51.230231155778895,3.6111085456092753
5.6150854271356785,51.230231155778895,3.5972634242093515
5.6377386934673375,51.230231155778895,3.5814508376292675
5.660391959798995,51.230231155778895,3.5639578774246408
5.683045226130654,51.230231155778895,3.545060151353757
5.705698492462312,51.230231155778895,3.5250129473105942
5.72835175879397,51.230231155778895,3.5040431431301013
5.751005025125629,51.230231155778895,3.4823427181342046
5.773658291457287,51.230231155778895,3.4600646946705576
5.796311557788945,51.230231155778895,3.437322140287461
5.818964824120604,51.230231155778895,3.414190511254515
5.841618090452261,51.230231155778895,3.390713178328361
5.86427135678392,51.230231155778895,3.3669095370917055
5.886924623115578,51.230231155778895,3.3427847605449656
5.909577889447236,51.230231155778895,3.31834006782312
5.932231155778895,51.230231155778895,3.293582383751332
5.954884422110553,51.230231155778895,3.2685324287639754
5.977537688442212,51.230231155778895,3.2432305549466807
6.00019095477387,51.230231155778895,3.2177399670128777
6.022844221105528,51.230231155778895,3.1921472788268668
6.045497487437187,51.230231155778895,3.1665606166661577
3.395065326633166,51.24665829145729,5.068271953755101
3.417718592964824,51.24665829145729,5.062694055454756
3.4403718592964827,51.24665829145729,5.066848051423117
3.463025125628141,51.24665829145729,5.07875698995475
3.4856783919597993,51.24665829145729,5.095538581762195
3.689557788944724,51.24665829145729,4.859550503395453
3.712211055276382,51.24665829145729,4.758427562275846
3.7348643216080406,51.24665829145729,4.6512525677000935
3.7575175879396987,51.24665829145729,4.544853309984991
3.780170854271357,51.24665829145729,4.446590475283517
3.8028241206030153,51.24665829145729,4.363663490951575
3.8254773869346734,51.24665829145729,4.302387186913219
3.848130653266332,51.24665829145729,4.2675211233951
3.87078391959799,51.24665829145729,4.261729348600415
3.8934371859296486,51.24665829145729,4.285233108502589
3.9160904522613067,51.24665829145729,4.3356950665913505
3.9387437185929652,51.24665829145729,4.4083448563400705
3.9613969849246233,51.24665829145729,4.496326980822365
3.9840502512562814,51.24665829145729,4.591227686325057
4.00670351758794,51.24665829145729,4.6837208541193025
4.0293567839195985,51.24665829145729,4.764265820266664
5.547125628140703,51.24665829145729,3.623965801170168
5.569778894472362,51.24665829145729,3.6127073217405012
5.59243216080402,51.24665829145729,3.5989751923825417
5.6150854271356785,51.24665829145729,3.583082317995252
5.6377386934673375,51.24665829145729,3.5653457789133323
5.660391959798995,51.24665829145729,3.546077584780303
5.683045226130654,51.24665829145729,3.5255749814264066
5.705698492462312,51.24665829145729,3.5041108927940634
5.72835175879397,51.24665829145729,3.4819252765984006
5.751005025125629,51.24665829145729,3.459218280568705
5.773658291457287,51.24665829145729,3.4361460484347135
5.796311557788945,51.24665829145729,3.412819815080362
5.818964824120604,51.24665829145729,3.38930856722841
5.841618090452261,51.24665829145729,3.3656450929764983
5.86427135678392,51.24665829145729,3.341834792204168
5.886924623115578,51.24665829145729,3.31786626358356
5.909577889447236,51.24665829145729,3.2937224903550426
5.932231155778895,51.24665829145729,3.2693914410643847
5.954884422110553,51.24665829145729,3.244875063596805
5.977537688442212,51.24665829145729,3.2201959294306013
6.00019095477387,51.24665829145729,3.195401115714163
6.022844221105528,51.24665829145729,3.1705632369985963
6.045497487437187,51.24665829145729,3.1457788150807215
6.068150753768844,51.24665829145729,3.1211643840027463
3.3724120603015075,51.26308542713568,5.18527867993414
3.395065326633166,51.26308542713568,5.166787902241059
3.417718592964824,51.26308542713568,5.159727026196662
3.4403718592964827,51.26308542713568,5.163155802545948
3.463025125628141,51.26308542713568,5.175103210706718
3.4856783919597993,51.26308542713568,5.1926240150405585
3.712211055276382,51.26308542713568,4.859122317072953
3.7348643216080406,51.26308542713568,4.749336087223139
3.7575175879396987,51.26308542713568,4.640397459225861
3.780170854271357,51.26308542713568,4.540112653316047
3.8028241206030153,51.26308542713568,4.456136048864155
3.8254773869346734,51.26308542713568,4.395194023480414
3.848130653266332,51.26308542713568,4.3623632295451085
3.87078391959799,51.26308542713568,4.360487604090752
3.8934371859296486,51.26308542713568,4.389802078599143
3.9160904522613067,51.26308542713568,4.44780510635082
3.9387437185929652,51.26308542713568,4.529391031854224
3.9613969849246233,51.26308542713568,4.627222085261053
3.9840502512562814,51.26308542713568,4.73229329331398
4.00670351758794,51.26308542713568,4.834625573197348
4.0293567839195985,51.26308542713568,4.924014545510136
4.052010050251257,51.26308542713568,4.990764882332826
4.074663316582915,51.26308542713568,5.026350207320374
5.229979899497488,51.26308542713568,3.4267822391905405
5.252633165829145,51.26308542713568,3.4664508565118695
5.275286432160804,51.26308542713568,3.5022037545498854
5.2979396984924625,51.26308542713568,3.533957419569205
5.320592964824121,51.26308542713568,3.561636455097048
5.34324623115578,51.26308542713568,3.5851820730011448
5.365899497487438,51.26308542713568,3.604560258991701
5.388552763819096,51.26308542713568,3.6197689984582637
5.547125628140703,51.26308542713568,3.6178419194093347
5.569778894472362,51.26308542713568,3.6045059965565676
5.59243216080402,51.26308542713568,3.5887651510985887
5.6150854271356785,51.26308542713568,3.5709578513044704
5.6377386934673375,51.26308542713568,3.551424996070211
5.660391959798995,51.26308542713568,3.530499866866971
5.683045226130654,51.26308542713568,3.5084977576192626
5.705698492462312,51.26308542713568,3.4857058929701132
5.72835175879397,51.26308542713568,3.4623744326988155
5.751005025125629,51.26308542713568,3.438709457826892
5.773658291457287,51.26308542713568,3.414868786271202
5.796311557788945,51.26308542713568,3.3909612480056586
5.818964824120604,51.26308542713568,3.3670496809849455
5.841618090452261,51.26308542713568,3.3431574523820107
5.86427135678392,51.26308542713568,3.319277855400395
5.886924623115578,51.26308542713568,3.2953853718433574
5.909577889447236,51.26308542713568,3.2714475917624855
5.932231155778895,51.26308542713568,3.2474365692818816
5.954884422110553,51.26308542713568,3.223338550193284
5.977537688442212,51.26308542713568,3.1991612824702473
6.00019095477387,51.26308542713568,3.1749384528313285
6.022844221105528,51.26308542713568,3.150731123146242
6.045497487437187,51.26308542713568,3.1266263285212545
6.068150753768844,51.26308542713568,3.1027332227740594
6.090804020100503,51.26308542713568,3.0791773116737984
3.304452261306533,51.27951256281407,5.4185180197110645
3.3271055276381913,51.27951256281407,5.3660632587032735
3.3497587939698494,51.27951256281407,5.322384104636175
3.3724120603015075,51.27951256281407,5.289394439043562
3.395065326633166,51.27951256281407,5.268233603534068
3.417718592964824,51.27951256281407,5.2590974766656995
3.4403718592964827,51.27951256281407,5.261126890499477
3.463025125628141,51.27951256281407,5.272370559987415
3.4856783919597993,51.27951256281407,5.289836273320813
3.5083316582914574,51.27951256281407,5.3096395241479195
3.5989447236180907,51.27951256281407,5.319798510409123
3.621597989949749,51.27951256281407,5.284045228298057
3.6442512562814073,51.27951256281407,5.227996914293766
3.6669045226130654,51.27951256281407,5.152056372954828
3.689557788944724,51.27951256281407,5.058687189965601
3.712211055276382,51.27951256281407,4.952392986753735
3.7348643216080406,51.27951256281407,4.839467398962949
3.7575175879396987,51.27951256281407,4.727518837150145
3.780170854271357,51.27951256281407,4.62480556430713
3.8028241206030153,51.27951256281407,4.539445593736889
3.8254773869346734,51.27951256281407,4.478587126274755
3.848130653266332,51.27951256281407,4.44763472445971
3.87078391959799,51.27951256281407,4.449622236561942
3.8934371859296486,51.27951256281407,4.484806124490252
3.9160904522613067,51.27951256281407,4.55052512201795
3.9387437185929652,51.27951256281407,4.641338648657072
3.9613969849246233,51.27951256281407,4.74942263613457
3.9840502512562814,51.27951256281407,4.86517271821759
4.00670351758794,51.27951256281407,4.977945170309357
4.0293567839195985,51.27951256281407,5.076857603571728
4.052010050251257,51.27951256281407,5.151573940565212
4.074663316582915,51.27951256281407,5.193009341597119
4.097316582914573,51.27951256281407,5.1939070298149455
4.119969849246232,51.27951256281407,5.149256728046936
5.229979899497488,51.27951256281407,3.4463846940712806
5.252633165829145,51.27951256281407,3.4847871734916884
5.275286432160804,51.27951256281407,3.519206278949781
5.2979396984924625,51.27951256281407,3.5495528905974076
5.320592964824121,51.27951256281407,3.575746341440145
5.34324623115578,51.27951256281407,3.5977238756541428
5.365899497487438,51.27951256281407,3.615449718113264
5.388552763819096,51.27951256281407,3.6289230630994878
5.411206030150755,51.27951256281407,3.638184405437112
5.433859296482412,51.27951256281407,3.643319813787529
5.524472361809046,51.27951256281407,3.6259702635744278
5.547125628140703,51.27951256281407,3.6133829615307467
5.569778894472362,51.27951256281407,3.598110024956532
5.59243216080402,51.27951256281407,3.580501632501675
5.6150854271356785,51.27951256281407,3.5609185695394587
5.6377386934673375,51.27951256281407,3.5397221014870572
5.660391959798995,51.27951256281407,3.517263251964692
5.683045226130654,51.27951256281407,3.4938719153251503
5.705698492462312,51.27951256281407,3.469846430438401
5.72835175879397,51.27951256281407,3.4454444159313917
5.751005025125629,51.27951256281407,3.4208757516984734
5.773658291457287,51.27951256281407,3.3962985339532827
5.796311557788945,51.27951256281407,3.37181860846415
5.818964824120604,51.27951256281407,3.347492918611739
5.841618090452261,51.27951256281407,3.3233364527701896
5.86427135678392,51.27951256281407,3.2993321266040265
5.886924623115578,51.27951256281407,3.275442578882771
5.909577889447236,51.27951256281407,3.2516226593614013
5.932231155778895,51.27951256281407,3.22783136957176
5.954884422110553,51.27951256281407,3.2040421659379392
5.977537688442212,51.27951256281407,3.1802508027197796
6.00019095477387,51.27951256281407,3.156480220126033
6.022844221105528,51.27951256281407,3.1327823147664953
6.045497487437187,51.27951256281407,3.1092367248087704
6.068150753768844,51.27951256281407,3.0859469986461288
6.090804020100503,51.27951256281407,3.0630346869466534
6.113457286432161,51.27951256281407,3.0406320062439605
3.2817989949748747,51.29593969849246,5.5991252629050345
3.304452261306533,51.29593969849246,5.536950416050891
3.3271055276381913,51.29593969849246,5.480854301686625
3.3497587939698494,51.29593969849246,5.433516232336636
3.3724120603015075,51.29593969849246,5.397043070164772
3.395065326633166,51.29593969849246,5.372747059037386
3.417718592964824,51.29593969849246,5.360962134680615
3.4403718592964827,51.29593969849246,5.360919415444868
3.463025125628141,51.29593969849246,5.370700174284064
3.4856783919597993,51.29593969849246,5.387281107138066
3.5083316582914574,51.29593969849246,5.406682116283323
3.530984924623116,51.29593969849246,5.424220689204368
3.553638190954774,51.29593969849246,5.434868608776721
3.576291457286432,51.29593969849246,5.433695703673316
3.5989447236180907,51.29593969849246,5.416371904229577
3.621597989949749,51.29593969849246,5.379684453904553
3.6442512562814073,51.29593969849246,5.32201443714338
3.6669045226130654,51.29593969849246,5.243709319106472
3.689557788944724,51.29593969849246,5.147289324241261
3.712211055276382,51.29593969849246,5.037437327698859
3.7348643216080406,51.29593969849246,4.920744437438474
3.7575175879396987,51.29593969849246,4.805214021784098
3.780170854271357,51.29593969849246,4.699560864898691
3.8028241206030153,51.29593969849246,4.6123735509988135
3.8254773869346734,51.29593969849246,4.551231378482304
3.848130653266332,51.29593969849246,4.521877738423114
3.87078391959799,51.29593969849246,4.527547824944698
3.8934371859296486,51.29593969849246,4.568530243562156
3.9160904522613067,51.29593969849246,4.6420125091978965
3.9387437185929652,51.29593969849246,4.742224485219933
3.9613969849246233,51.29593969849246,4.86085743629564
3.9840502512562814,51.29593969849246,4.987705338629799
4.00670351758794,51.29593969849246,5.111453889246089
4.0293567839195985,51.29593969849246,5.22053356286947
4.052010050251257,51.29593969849246,5.303955820683295
4.074663316582915,51.29593969849246,5.352063692590786
4.097316582914573,51.29593969849246,5.35714559741305
4.119969849246232,51.29593969849246,5.313880402282743
4.14262311557789,51.29593969849246,5.21959917694387
4.165276381909548,51.29593969849246,5.074363173018208
5.229979899497488,51.29593969849246,3.4668103382208715
5.252633165829145,51.29593969849246,3.503893162477202
5.275286432160804,51.29593969849246,3.5369453404266276
5.2979396984924625,51.29593969849246,3.565871746179673
5.320592964824121,51.29593969849246,3.5905859040120363
5.34324623115578,51.29593969849246,3.6110204279423384
5.365899497487438,51.29593969849246,3.627137005088567
5.388552763819096,51.29593969849246,3.638935149466443
5.411206030150755,51.29593969849246,3.6464590796802563
5.433859296482412,51.29593969849246,3.649802271675493
5.456512562814071,51.29593969849246,3.6491094720443025
5.479165829145729,51.29593969849246,3.644576185065191
5.501819095477387,51.29593969849246,3.6364458271723556
5.524472361809046,51.29593969849246,3.625004849560872
5.547125628140703,51.29593969849246,3.6105761584913605
5.569778894472362,51.29593969849246,3.5935111316719768
5.59243216080402,51.29593969849246,3.5741804731400455
5.6150854271356785,51.29593969849246,3.552964110234681
5.6377386934673375,51.29593969849246,3.530240350452207
5.660391959798995,51.29593969849246,3.5063746014968578
5.683045226130654,51.29593969849246,3.4817081076168535
5.705698492462312,51.29593969849246,3.456547335340349
5.72835175879397,51.29593969849246,3.431154797278701
5.751005025125629,51.29593969849246,3.405742171934474
5.773658291457287,51.29593969849246,3.380466510150749
5.796311557788945,51.29593969849246,3.35543009425943
5.818964824120604,51.29593969849246,3.330684153845379
5.841618090452261,51.29593969849246,3.306236201131342
5.86427135678392,51.29593969849246,3.2820603123818235
5.886924623115578,51.29593969849246,3.2581093336285916
5.909577889447236,51.29593969849246,3.234327791436135
5.932231155778895,51.29593969849246,3.210664267251544
5.954884422110553,51.29593969849246,3.187082133006861
5.977537688442212,51.29593969849246,3.1635678028375676
6.00019095477387,51.29593969849246,3.1401359750480484
6.022844221105528,51.29593969849246,3.116831666950446
6.045497487437187,51.29593969849246,3.093729143766684
6.068150753768844,51.29593969849246,3.0709280891943447
6.090804020100503,51.29593969849246,3.048547551465406
6.113457286432161,51.29593969849246,3.026718325071233
3.259145728643216,51.31236683417085,5.793101593935333
3.2817989949748747,51.31236683417085,5.724992289344304
3.304452261306533,51.31236683417085,5.6594512626448115
3.3271055276381913,51.31236683417085,5.5996668416464965
3.3497587939698494,51.31236683417085,5.548506733371936
3.3724120603015075,51.31236683417085,5.508264999045613
3.395065326633166,51.31236683417085,5.480425012104981
3.417718592964824,51.31236683417085,5.465461350034563
3.4403718592964827,51.31236683417085,5.462702483314585
3.463025125628141,51.31236683417085,5.470273642680862
3.4856783919597993,51.31236683417085,5.485135712013247
3.5083316582914574,51.31236683417085,5.503231390773612
3.530984924623116,51.31236683417085,5.519743706807095
3.553638190954774,51.31236683417085,5.529463450991584
3.576291457286432,51.31236683417085,5.5272506352810264
3.5989447236180907,51.31236683417085,5.508560821050812
3.621597989949749,51.31236683417085,5.469991597964068
3.6442512562814073,51.31236683417085,5.409790491568995
3.6669045226130654,51.31236683417085,5.328256949577148
3.689557788944724,51.31236683417085,5.227971536584246
3.712211055276382,51.31236683417085,5.11379746892619
3.7348643216080406,51.31236683417085,4.992623208355408
3.7575175879396987,51.31236683417085,4.872847314539015
3.780170854271357,51.31236683417085,4.763643093392092
3.8028241206030153,51.31236683417085,4.674074466928436
3.8254773869346734,51.31236683417085,4.612159759060454
3.848130653266332,51.31236683417085,4.583992007638083
3.87078391959799,51.31236683417085,4.593020604010638
3.8934371859296486,51.31236683417085,4.63957993270916
3.9160904522613067,51.31236683417085,4.720719322742795
3.9387437185929652,51.31236683417085,4.830350234131656
3.9613969849246233,51.31236683417085,4.959687546888299
3.9840502512562814,51.31236683417085,5.097928367767977
4.00670351758794,51.31236683417085,5.233088834532765
4.0293567839195985,51.31236683417085,5.352909530203438
4.052010050251257,51.31236683417085,5.44574309289147
4.074663316582915,51.31236683417085,5.501350723207137
4.097316582914573,51.31236683417085,5.511553340558272
4.119969849246232,51.31236683417085,5.4707036843473125
4.14262311557789,51.31236683417085,5.375964217130039
4.165276381909548,51.31236683417085,5.227390451815133
5.139366834170854,51.31236683417085,3.306357050951883
5.162020100502513,51.31236683417085,3.357456653366804
5.184673366834171,51.31236683417085,3.404794134179416
5.207326633165829,51.31236683417085,3.448328316431435
5.229979899497488,51.31236683417085,3.487992368973079
5.252633165829145,51.31236683417085,3.5236993026852854
5.275286432160804,51.31236683417085,3.555349907540937
5.2979396984924625,51.31236683417085,3.582842603916232
5.320592964824121,51.31236683417085,3.606084502674009
5.34324623115578,51.31236683417085,3.625002835162553
5.365899497487438,51.31236683417085,3.6395558568580224
5.388552763819096,51.31236683417085,3.6497423676337934
5.411206030150755,51.31236683417085,3.6556091305902436
5.433859296482412,51.31236683417085,3.657255691451676
5.456512562814071,51.31236683417085,3.654836363873869
5.479165829145729,51.31236683417085,3.6485594044075498
5.501819095477387,51.31236683417085,3.6386836087874324
5.524472361809046,51.31236683417085,3.6255126887086826
5.547125628140703,51.31236683417085,3.609387829083685
5.569778894472362,51.31236683417085,3.5906787984736193
5.59243216080402,51.31236683417085,3.569773926740584
5.6150854271356785,51.31236683417085,3.547069217488565
5.6377386934673375,51.31236683417085,3.5229568654782435
5.660391959798995,51.31236683417085,3.4978135195669653
5.683045226130654,51.31236683417085,3.4719887630361423
5.705698492462312,51.31236683417085,3.4457944424738214
5.72835175879397,51.31236683417085,3.4194956112901815
5.751005025125629,51.31236683417085,3.3933039061923393
5.773658291457287,51.31236683417085,3.367374097969412
5.796311557788945,51.31236683417085,3.3418043334584047
5.818964824120604,51.31236683417085,3.316640233177
5.841618090452261,51.31236683417085,3.2918825844983512
5.86427135678392,51.31236683417085,3.267497951332509
5.886924623115578,51.31236683417085,3.2434311867844388
5.909577889447236,51.31236683417085,3.21961864334902
5.932231155778895,51.31236683417085,3.1960008497978643
5.954884422110553,51.31236683417085,3.1725335528422827
5.977537688442212,51.31236683417085,3.149196265570266
6.00019095477387,51.31236683417085,3.1259977719857845
6.022844221105528,51.31236683417085,3.1029783584841804
6.045497487437187,51.31236683417085,3.0802088417542475
6.068150753768844,51.31236683417085,3.057786716530474
6.090804020100503,51.31236683417085,3.0358299466828518
6.113457286432161,51.31236683417085,3.0144690672665124
6.136110552763819,51.31236683417085,2.99383835301409
3.236492462311558,51.32879396984925,5.994558936428779
3.259145728643216,51.32879396984925,5.925226753210432
3.2817989949748747,51.32879396984925,5.854480972061616
3.304452261306533,51.32879396984925,5.785717423862061
3.3271055276381913,51.32879396984925,5.722284880241328
3.3497587939698494,51.32879396984925,5.667226977916962
3.3724120603015075,51.32879396984925,5.623015915590943
3.395065326633166,51.32879396984925,5.591301255705537
3.417718592964824,51.32879396984925,5.5726979324221055
3.4403718592964827,51.32879396984925,5.566636428859096
3.463025125628141,51.32879396984925,5.5712955318490875
3.4856783919597993,51.32879396984925,5.583634503234031
3.5083316582914574,51.32879396984925,5.599536916440645
3.530984924623116,51.32879396984925,5.614072247728582
3.553638190954774,51.32879396984925,5.621872677443424
3.576291457286432,51.32879396984925,5.617610693781691
3.5989447236180907,51.32879396984925,5.596548080476227
3.621597989949749,51.32879396984925,5.555110198003615
3.6442512562814073,51.32879396984925,5.491424174748682
3.6669045226130654,51.32879396984925,5.405749813852464
3.689557788944724,51.32879396984925,5.3007317804330745
3.712211055276382,51.32879396984925,5.18141367713357
3.7348643216080406,51.32879396984925,5.054979148827998
3.7575175879396987,51.32879396984925,4.930219414816802
3.780170854271357,51.32879396984925,4.816765289474542
3.8028241206030153,51.32879396984925,4.724158098656997
3.8254773869346734,51.32879396984925,4.660861302244606
3.848130653266332,51.32879396984925,4.633327960395163
3.87078391959799,51.32879396984925,4.645235786762232
3.8934371859296486,51.32879396984925,4.696981717544895
3.9160904522613067,51.32879396984925,4.785494867093852
3.9387437185929652,51.32879396984925,4.9043859249773085
3.9613969849246233,51.32879396984925,5.0444092702344
3.9840502512562814,51.32879396984925,5.19417812031717
4.00670351758794,51.32879396984925,5.3410482747640025
4.0293567839195985,51.32879396984925,5.472075308738977
4.052010050251257,51.32879396984925,5.574953237105638
4.074663316582915,51.32879396984925,5.638856794281434
4.097316582914573,51.32879396984925,5.655129956776906
4.119969849246232,51.32879396984925,5.617785309833623
4.14262311557789,51.32879396984925,5.52379853109417
4.165276381909548,51.32879396984925,5.373197703089903
4.187929648241206,51.32879396984925,5.168958363783618
5.116713567839197,51.32879396984925,3.2806177782748307
5.139366834170854,51.32879396984925,3.334009387926608
5.162020100502513,51.32879396984925,3.3836514484956934
5.184673366834171,51.32879396984925,3.42953697195689
5.207326633165829,51.32879396984925,3.4716269741779318
5.229979899497488,51.32879396984925,3.5098535306861525
5.252633165829145,51.32879396984925,3.5441258185466813
5.275286432160804,51.32879396984925,3.574338790601894
5.2979396984924625,51.32879396984925,3.600383915432417
5.320592964824121,51.32879396984925,3.6221612174099223
5.34324623115578,51.32879396984925,3.639591701289461
5.365899497487438,51.32879396984925,3.6526291791001904
5.388552763819096,51.32879396984925,3.6612705573932045
5.411206030150755,51.32879396984925,3.6655637945003052
5.433859296482412,51.32879396984925,3.665612980590819
5.456512562814071,51.32879396984925,3.661580286552172
5.479165829145729,51.32879396984925,3.653684817723163
5.501819095477387,51.32879396984925,3.6421986446820522
5.524472361809046,51.32879396984925,3.6274404318592217
5.547125628140703,51.32879396984925,3.60976713789515
5.569778894472362,51.32879396984925,3.589564238231311
5.59243216080402,51.32879396984925,3.5672348586531113
5.6150854271356785,51.32879396984925,3.543188153474258
5.6377386934673375,51.32879396984925,3.5178272516367333
5.660391959798995,51.32879396984925,3.4915371472275156
5.683045226130654,51.32879396984925,3.4646730214454147
5.705698492462312,51.32879396984925,3.43754961922071
5.72835175879397,51.32879396984925,3.4104324159345483
5.751005025125629,51.32879396984925,3.3835313436834538
5.773658291457287,51.32879396984925,3.3569977598495386
5.796311557788945,51.32879396984925,3.330925117678233
5.818964824120604,51.32879396984925,3.305353458525511
5.841618090452261,51.32879396984925,3.280277440661104
5.86427135678392,51.32879396984925,3.2556572221918865
5.886924623115578,51.32879396984925,3.2314311983989406
5.909577889447236,51.32879396984925,3.2075294103036027
5.932231155778895,51.32879396984925,3.1838864140921808
5.954884422110553,51.32879396984925,3.1604525197487563
5.977537688442212,51.32879396984925,3.1372025365439797
6.00019095477387,51.32879396984925,3.1141414560886567
6.022844221105528,51.32879396984925,3.0913068153896757
6.045497487437187,51.32879396984925,3.068767778346716
6.068150753768844,51.32879396984925,3.0466212333409866
6.090804020100503,51.32879396984925,3.0249854169968096
6.113457286432161,51.32879396984925,3.003991735551263
6.136110552763819,51.32879396984925,2.983775562028724
6.158763819095478,51.32879396984925,2.964466834085685
3.2138391959798995,51.34522110552764,6.196403194441793
3.236492462311558,51.34522110552764,6.131010393518771
3.259145728643216,51.34522110552764,6.060131380684055
3.2817989949748747,51.34522110552764,5.987059173143856
3.304452261306533,51.34522110552764,5.915304481661593
3.3271055276381913,51.34522110552764,5.8483589029535406
3.3497587939698494,51.34522110552764,5.789426602770437
3.3724120603015075,51.34522110552764,5.74114574991834
3.395065326633166,51.34522110552764,5.705324062681483
3.417718592964824,51.34522110552764,5.682713641272992
3.4403718592964827,51.34522110552764,5.672849078614159
3.463025125628141,51.34522110552764,5.673970226793266
3.4856783919597993,51.34522110552764,5.683047406836675
3.5083316582914574,51.34522110552764,5.695922289313431
3.530984924623116,51.34522110552764,5.707571540082656
3.553638190954774,51.34522110552764,5.71249159994858
3.576291457286432,51.34522110552764,5.705190759821617
3.5989447236180907,51.34522110552764,5.680758987681628
3.621597989949749,51.34522110552764,5.6354682515218935
3.6442512562814073,51.34522110552764,5.567339545372713
3.6669045226130654,51.34522110552764,5.476601838234074
3.689557788944724,51.34522110552764,5.365967150614285
3.712211055276382,51.34522110552764,5.240657933177035
3.7348643216080406,51.34522110552764,5.108148243058984
3.7575175879396987,51.34522110552764,4.9776160833020935
3.780170854271357,51.34522110552764,4.859145133883491
3.8028241206030153,51.34522110552764,4.762752857322556
3.8254773869346734,51.34522110552764,4.697351541311754
3.87078391959799,51.34522110552764,4.6839104530327935
3.8934371859296486,51.34522110552764,4.740271127441324
3.9160904522613067,51.34522110552764,4.835677767536971
3.9387437185929652,51.34522110552764,4.9634649519747684
3.9613969849246233,51.34522110552764,5.113950876898803
3.9840502512562814,51.34522110552764,5.2751871027840185
4.00670351758794,51.34522110552764,5.433887720607197
4.0293567839195985,51.34522110552764,5.576437087579806
4.052010050251257,51.34522110552764,5.68987860494093
4.074663316582915,51.34522110552764,5.762802132237482
4.097316582914573,51.34522110552764,5.786069549359002
4.119969849246232,51.34522110552764,5.753341384899534
4.14262311557789,51.34522110552764,5.661388205240356
4.165276381909548,51.34522110552764,5.5101865545192
4.187929648241206,51.34522110552764,5.302810733119351
4.210582914572864,51.34522110552764,5.0451401259040844
4.278542713567839,51.34522110552764,4.060954994894727
4.301195979899497,51.34522110552764,3.6989541908410613
4.3238492462311555,51.34522110552764,3.338976974420784
4.3465025125628145,51.34522110552764,2.991531343034554
4.369155778894473,51.34522110552764,2.6657922458375896
4.391809045226131,51.34522110552764,2.3692463169362004
5.116713567839197,51.34522110552764,3.3109859179095276
5.139366834170854,51.34522110552764,3.362739168490303
5.162020100502513,51.34522110552764,3.4107663281145246
5.184673366834171,51.34522110552764,3.4550665685440283
5.207326633165829,51.34522110552764,3.495603282915595
5.229979899497488,51.34522110552764,3.5323074627195385
5.252633165829145,51.34522110552764,3.565084276948725
5.275286432160804,51.34522110552764,3.593822478744231
5.2979396984924625,51.34522110552764,3.6184060315990574
5.320592964824121,51.34522110552764,3.638727128267197
5.34324623115578,51.34522110552764,3.654699609374159
5.365899497487438,51.34522110552764,3.6662717131392943
5.388552763819096,51.34522110552764,3.6734371293257992
5.411206030150755,51.34522110552764,3.6762434950782326
5.433859296482412,51.34522110552764,3.674797736769948
5.456512562814071,51.34522110552764,3.669267985313474
5.479165829145729,51.34522110552764,3.6598821141977584
5.501819095477387,51.34522110552764,3.6469232140753642
5.524472361809046,51.34522110552764,3.630722487541779
5.547125628140703,51.34522110552764,3.611650113332158
5.569778894472362,51.34522110552764,3.5901046096441798
5.59243216080402,51.34522110552764,3.5665011612978845
5.6150854271356785,51.34522110552764,3.541259311463762
5.6377386934673375,51.34522110552764,3.5147903945046526
5.660391959798995,51.34522110552764,3.4874851214712823
5.683045226130654,51.34522110552764,3.4597018181457675
5.705698492462312,51.34522110552764,3.4317559271130973
5.72835175879397,51.34522110552764,3.403911473609897
5.751005025125629,51.34522110552764,3.376375209800645
5.773658291457287,51.34522110552764,3.349294055516423
5.796311557788945,51.34522110552764,3.32275623243629
5.818964824120604,51.34522110552764,3.296796162358345
5.841618090452261,51.34522110552764,3.2714028173183074
5.86427135678392,51.34522110552764,3.24653083607732
5.886924623115578,51.34522110552764,3.2221134240816314
5.909577889447236,51.34522110552764,3.198075881253144
5.932231155778895,51.34522110552764,3.1743485746607476
5.954884422110553,51.34522110552764,3.1508782823069055
5.977537688442212,51.34522110552764,3.1276370485848473
6.00019095477387,51.34522110552764,3.104627969427905
6.022844221105528,51.34522110552764,3.081887625194584
6.045497487437187,51.34522110552764,3.0594851704537565
6.068150753768844,51.34522110552764,3.0375183522975715
6.090804020100503,51.34522110552764,3.016106952022238
6.113457286432161,51.34522110552764,2.995384322704534
6.136110552763819,51.34522110552764,2.9754878206301187
6.158763819095478,51.34522110552764,2.9565489924439454
6.181417085427136,51.34522110552764,2.9386843718236877
3.2138391959798995,51.361648241206034,6.334675787519762
3.236492462311558,51.361648241206034,6.269051517567631
3.259145728643216,51.361648241206034,6.197056507206542
3.2817989949748747,51.361648241206034,6.122043431541759
3.304452261306533,51.361648241206034,6.047617483979377
3.3271055276381913,51.361648241206034,5.977393310364848
3.3497587939698494,51.361648241206034,5.914717638953789
3.3724120603015075,51.361648241206034,5.862379628342021
3.395065326633166,51.361648241206034,5.822334226380882
3.417718592964824,51.361648241206034,5.7954646930856795
3.4403718592964827,51.361648241206034,5.781409230195195
3.463025125628141,51.361648241206034,5.7784740031780775
3.4856783919597993,51.361648241206034,5.783651248653674
3.5083316582914574,51.361648241206034,5.792756644785522
3.530984924623116,51.361648241206034,5.800694030632967
3.553638190954774,51.361648241206034,5.801846768874332
3.576291457286432,51.361648241206034,5.790582539547338
3.5989447236180907,51.361648241206034,5.761842020100138
3.621597989949749,51.361648241206034,5.711763235131175
3.6442512562814073,51.361648241206034,5.638275649536034
3.6669045226130654,51.361648241206034,5.5415859468061575
3.689557788944724,51.361648241206034,5.424475610610459
3.712211055276382,51.361648241206034,5.292342213414552
3.7348643216080406,51.361648241206034,5.152942253085493
3.7575175879396987,51.361648241206034,5.015830666525542
3.780170854271357,51.361648241206034,4.8915350482900575
3.8028241206030153,51.361648241206034,4.7905436763132565
3.8254773869346734,51.361648241206034,4.722218214696073
3.848130653266332,51.361648241206034,4.693758463582592
3.8934371859296486,51.361648241206034,4.769560562080977
3.9160904522613067,51.361648241206034,4.87117006249047
3.9387437185929652,51.361648241206034,5.007263444209835
3.9613969849246233,51.361648241206034,5.1677561089382005
3.9840502512562814,51.361648241206034,5.340170340095876
4.00670351758794,51.361648241206034,5.510607640847746
4.0293567839195985,51.361648241206034,5.66480503471235
4.052010050251257,51.361648241206034,5.789172346633976
4.074663316582915,51.361648241206034,5.871723565738612
4.097316582914573,51.361648241206034,5.902838716601281
4.165276381909548,51.361648241206034,5.63690855519797
4.187929648241206,51.361648241206034,5.428060084774426
4.210582914572864,51.361648241206034,5.166739283850842
4.233236180904523,51.361648241206034,4.861490378297259
4.255889447236181,51.361648241206034,4.5227248097517245
4.278542713567839,51.361648241206034,4.162034394634525
4.301195979899497,51.361648241206034,3.7914681108542645
4.3238492462311555,51.361648241206034,3.4228267196141493
4.3465025125628145,51.361648241206034,3.067028031227671
4.369155778894473,51.361648241206034,2.733588082761742
4.391809045226131,51.361648241206034,2.430250279930494
4.41446231155779,51.361648241206034,2.1627775584014697
4.437115577889448,51.361648241206034,1.9349046591979229
5.094060301507538,51.361648241206034,3.288889332575788
5.116713567839197,51.361648241206034,3.342540114768264
5.139366834170854,51.361648241206034,3.392467565922577
5.162020100502513,51.361648241206034,3.4387171527289557
5.184673366834171,51.361648241206034,3.4812945184909845
5.207326633165829,51.361648241206034,3.520165581602506
5.229979899497488,51.361648241206034,3.5552602190465024
5.252633165829145,51.361648241206034,3.5864793726600883
5.275286432160804,51.361648241206034,3.6137051809125538
5.2979396984924625,51.361648241206034,3.6368134855308676
5.320592964824121,51.361648241206034,3.6556878240591324
5.34324623115578,51.361648241206034,3.6702338378661548
5.365899497487438,51.361648241206034,3.6803929413873973
5.388552763819096,51.361648241206034,3.686154142004603
5.411206030150755,51.361648241206034,3.6875630776287034
5.433859296482412,51.361648241206034,3.6847276286147146
5.456512562814071,51.361648241206034,3.6778198135819906
5.479165829145729,51.361648241206034,3.6670740317404995
5.501819095477387,51.361648241206034,3.6527820067691623
5.524472361809046,51.361648241206034,3.635284978061592
5.547125628140703,51.361648241206034,3.61496376313654
5.569778894472362,51.361648241206034,3.592227299589764
5.59243216080402,51.361648241206034,3.5675002069842963
5.6150854271356785,51.361648241206034,3.541209836339549
5.6377386934673375,51.361648241206034,3.5137732369027144
5.660391959798995,51.361648241206034,3.4855844863847314
5.683045226130654,51.361648241206034,3.457002896518979
5.705698492462312,51.361648241206034,3.4283426921642772
5.72835175879397,51.361648241206034,3.399864825789781
5.751005025125629,51.361648241206034,3.3717715843754545
5.773658291457287,51.361648241206034,3.34420453879876
5.796311557788945,51.361648241206034,3.3172461665543596
5.818964824120604,51.361648241206034,3.290925166273637
5.841618090452261,51.361648241206034,3.2652251222141775
5.86427135678392,51.361648241206034,3.2400958290126294
5.886924623115578,51.361648241206034,3.2154663111119017
5.909577889447236,51.361648241206034,3.191258411230113
5.932231155778895,51.361648241206034,3.1673997965781973
5.954884422110553,51.361648241206034,3.143835332505403
5.977537688442212,51.361648241206034,3.1205359730825766
6.00019095477387,51.361648241206034,3.097504579656259
6.022844221105528,51.361648241206034,3.074778365535865
6.045497487437187,51.361648241206034,3.052427949569352
6.068150753768844,51.361648241206034,3.0305532652235865
6.090804020100503,51.361648241206034,3.0092768041370874
6.113457286432161,51.361648241206034,2.9887348658847204
6.136110552763819,51.361648241206034,2.9690676291286406
6.158763819095478,51.361648241206034,2.950408940333855
6.181417085427136,51.361648241206034,2.932876720378478
3.2138391959798995,51.378075376884425,6.473088858832021
3.236492462311558,51.378075376884425,6.407724953228996
3.259145728643216,51.378075376884425,6.335097763934177
3.2817989949748747,51.378075376884425,6.258599284019025
3.304452261306533,51.378075376884425,6.181907711405146
3.3271055276381913,51.378075376884425,6.108739311708091
3.3497587939698494,51.378075376884425,6.0425633027491665
3.3724120603015075,51.378075376884425,5.986302435999621
3.395065326633166,51.378075376884425,5.942045383854832
3.417718592964824,51.378075376884425,5.910797958022301
3.4403718592964827,51.378075376884425,5.892298965373491
3.463025125628141,51.378075376884425,5.8849238333334455
3.4856783919597993,51.378075376884425,5.885695561409256
3.5083316582914574,51.378075376884425,5.890418097410493
3.530984924623116,51.378075376884425,5.893941196122791
3.553638190954774,51.378075376884425,5.890556977856847
3.576291457286432,51.378075376884425,5.874515637373922
3.5989447236180907,51.378075376884425,5.840630863568491
3.621597989949749,51.378075376884425,5.784925991211584
3.6442512562814073,51.378075376884425,5.705253116142884
3.6669045226130654,51.378075376884425,5.601804185192031
3.689557788944724,51.378075376884425,5.477430426269214
3.712211055276382,51.378075376884425,5.337697983884348
3.7348643216080406,51.378075376884425,5.1906339995582735
3.7575175879396987,51.378075376884425,5.046155865503792
3.780170854271357,51.378075376884425,4.9152211152616125
3.8028241206030153,51.378075376884425,4.808778680940227
3.8254773869346734,51.378075376884425,4.736636178948218
3.848130653266332,51.378075376884425,4.706376106514789
3.87078391959799,51.378075376884425,4.722452671207363
3.8934371859296486,51.378075376884425,4.785580145045865
3.9160904522613067,51.378075376884425,4.892486317582859
3.9387437185929652,51.378075376884425,5.036056989841784
3.9613969849246233,51.378075376884425,5.205847586634832
3.9840502512562814,51.378075376884425,5.388894282357542
4.00670351758794,51.378075376884425,5.570726469305666
4.0293567839195985,51.378075376884425,5.736468836307091
4.052010050251257,51.378075376884425,5.871924804477034
4.074663316582915,51.378075376884425,5.964550046198209
4.097316582914573,51.378075376884425,6.004249486286349
4.119969849246232,51.378075376884425,5.983957365350718
4.14262311557789,51.378075376884425,5.89998286064335
4.165276381909548,51.378075376884425,5.752121122472841
4.187929648241206,51.378075376884425,5.543541652867936
4.210582914572864,51.378075376884425,5.280474682075324
4.233236180904523,51.378075376884425,4.971723923010131
4.255889447236181,51.378075376884425,4.6280422965004835
4.278542713567839,51.378075376884425,4.261415888055384
4.301195979899497,51.378075376884425,3.8843090058810055
4.3238492462311555,51.378075376884425,3.5089274350061
4.3465025125628145,51.378075376884425,3.1465556692948757
4.369155778894473,51.378075376884425,2.8070159746179963
4.391809045226131,51.378075376884425,2.49828310220395
4.41446231155779,51.378075376884425,2.2262703850455625
4.437115577889448,51.378075376884425,1.994783859537939
4.459768844221106,51.378075376884425,1.805624159776234
5.07140703517588,51.378075376884425,3.2682992740729615
5.094060301507538,51.378075376884425,3.3236258893870256
5.116713567839197,51.378075376884425,3.3751954621647524
5.139366834170854,51.378075376884425,3.4231047684346914
5.162020100502513,51.378075376884425,3.467410198264867
5.184673366834171,51.378075376884425,3.508124141754302
5.207326633165829,51.378075376884425,3.5452151476819846
5.229979899497488,51.378075376884425,3.578611898269558
5.252633165829145,51.378075376884425,3.608210831940643
5.275286432160804,51.378075376884425,3.6338869919860035
5.2979396984924625,51.378075376884425,3.655507405947795
5.320592964824121,51.378075376884425,3.672946044011464
5.34324623115578,51.378075376884425,3.686099208990401
5.365899497487438,51.378075376884425,3.6949001198022002
5.388552763819096,51.378075376884425,3.6993314965804664
5.411206030150755,51.378075376884425,3.6994351463604818
5.433859296482412,51.378075376884425,3.695317860289114
5.456512562814071,51.378075376884425,3.687153314685471
5.479165829145729,51.378075376884425,3.675180051179765
5.501819095477387,51.378075376884425,3.659695930329466
5.524472361809046,51.378075376884425,3.641049664110087
5.547125628140703,51.378075376884425,3.6196301229196597
5.569778894472362,51.378075376884425,3.5958541017469083
5.59243216080402,51.378075376884425,3.5701531598629037
5.6150854271356785,51.378075376884425,3.5429600676772166
5.6377386934673375,51.378075376884425,3.5146953433180785
5.660391959798995,51.378075376884425,3.485754360010806
5.683045226130654,51.378075376884425,3.4564955486139546
5.705698492462312,51.378075376884425,3.4272302808536668
5.72835175879397,51.378075376884425,3.3982150575770027
5.751005025125629,51.378075376884425,3.369646601386825
5.773658291457287,51.378075376884425,3.3416603350075444
5.796311557788945,51.378075376884425,3.314332508522652
5.818964824120604,51.378075376884425,3.287685939400768
5.841618090452261,51.378075376884425,3.261698991110131
5.86427135678392,51.378075376884425,3.236317093786604
5.886924623115578,51.378075376884425,3.2114658570270413
5.909577889447236,51.378075376884425,3.187064679118717
5.932231155778895,51.378075376884425,3.163039734951381
5.954884422110553,51.378075376884425,3.1393353194290503
5.977537688442212,51.378075376884425,3.115922709818184
6.00019095477387,51.378075376884425,3.0928059565043933
6.022844221105528,51.378075376884425,3.0700242854293927
6.045497487437187,51.378075376884425,3.0476510723836707
6.068150753768844,51.378075376884425,3.025789612961487
6.090804020100503,51.378075376884425,3.004566151736034
6.113457286432161,51.378075376884425,2.984120840528914
6.136110552763819,51.378075376884425,2.9645974559372834
6.158763819095478,51.378075376884425,2.946132803727821
6.181417085427136,51.378075376884425,2.9288467539229615
3.2138391959798995,51.394502512562816,6.610536634042182
3.236492462311558,51.394502512562816,6.545948978833205
3.259145728643216,51.394502512562816,6.473215992833528
3.2817989949748747,51.394502512562816,6.395748756523286
3.304452261306533,51.394502512562816,6.3172764667732215
3.3271055276381913,51.394502512562816,6.241594474722026
3.3497587939698494,51.394502512562816,6.172272831875125
3.3724120603015075,51.394502512562816,6.1123485470629335
3.395065326633166,51.394502512562816,6.064028345802873
3.417718592964824,51.394502512562816,6.028429708765506
3.4403718592964827,51.394502512562816,6.005386765236343
3.463025125628141,51.394502512562816,5.993344956564688
3.4856783919597993,51.394502512562816,5.989364850463145
3.5083316582914574,51.394502512562816,5.989251098134717
3.530984924623116,51.394502512562816,5.987816540084288
3.553638190954774,51.394502512562816,5.979282587188954
3.576291457286432,51.394502512562816,5.957804009993644
3.5989447236180907,51.394502512562816,5.918088890272034
3.621597989949749,51.394502512562816,5.856064183386735
3.6442512562814073,51.394502512562816,5.769517578748548
3.6669045226130654,51.394502512562816,5.658632115706067
3.689557788944724,51.394502512562816,5.526326551419254
3.712211055276382,51.394502512562816,5.378325603074008
3.7348643216080406,51.394502512562816,5.222910819498981
3.7575175879396987,51.394502512562816,5.070342294929507
3.780170854271357,51.394502512562816,4.93198778121347
3.8028241206030153,51.394502512562816,4.819241046518734
3.8254773869346734,51.394502512562816,4.742347360630262
3.848130653266332,51.394502512562816,4.709273973709689
3.87078391959799,51.394502512562816,4.7247633371999225
3.8934371859296486,51.394502512562816,4.789686021158579
3.9160904522613067,51.394502512562816,4.900771911108905
3.9387437185929652,51.394502512562816,5.050748654680929
3.9613969849246233,51.394502512562816,5.228863955450463
3.9840502512562814,51.394502512562816,5.421722133409831
4.00670351758794,51.394502512562816,5.614332856386636
4.0293567839195985,51.394502512562816,5.791255350197062
4.052010050251257,51.394502512562816,5.937724848217602
4.074663316582915,51.394502512562816,6.040665818058178
4.097316582914573,51.394502512562816,6.0895224221131485
4.119969849246232,51.394502512562816,6.076864129406038
4.14262311557789,51.394502512562816,5.9987483158057096
4.165276381909548,51.394502512562816,5.8548396651172165
4.187929648241206,51.394502512562816,5.648298547646094
4.210582914572864,51.394502512562816,5.385459450339555
4.233236180904523,51.394502512562816,5.075328495527432
4.255889447236181,51.394502512562816,4.728937714764562
4.278542713567839,51.394502512562816,4.358602982960058
4.301195979899497,51.394502512562816,3.9771407110284276
4.3238492462311555,51.394502512562816,3.597103023493241
4.3465025125628145,51.394502512562816,3.2300898887073664
4.369155778894473,51.394502512562816,2.886188370258105
4.391809045226131,51.394502512562816,2.5735743823771364
4.41446231155779,51.394502512562816,2.2982932627403807
4.437115577889448,51.394502512562816,2.0642153762061364
4.459768844221106,51.394502512562816,1.873145232890911
4.482422110552764,51.394502512562816,1.7250499064367117
4.912834170854271,51.394502512562816,2.819042070937418
5.07140703517588,51.394502512562816,3.3066384622673417
5.094060301507538,51.394502512562816,3.359588242558952
5.116713567839197,51.394502512562816,3.408854851334767
5.139366834170854,51.394502512562816,3.454550528884649
5.162020100502513,51.394502512562816,3.496742985280524
5.184673366834171,51.394502512562816,3.5354515941827227
5.207326633165829,51.394502512562816,3.5706475889294733
5.229979899497488,51.394502512562816,3.6022583138540596
5.252633165829145,51.394502512562816,3.630175354064586
5.275286432160804,51.394502512562816,3.654266093724436
5.2979396984924625,51.394502512562816,3.6743879608174153
5.320592964824121,51.394502512562816,3.690404343024154
5.34324623115578,51.394502512562816,3.7022009513153438
5.365899497487438,51.394502512562816,3.7097013118426503
5.388552763819096,51.394502512562816,3.7128801165278222
5.411206030150755,51.394502512562816,3.711773366641639
5.433859296482412,51.394502512562816,3.7064845770481147
5.456512562814071,51.394502512562816,3.6971867168086
5.479165829145729,51.394502512562816,3.6841199725592864
5.501819095477387,51.394502512562816,3.6675857652041337
5.524472361809046,51.394502512562816,3.647937680616206
5.547125628140703,51.394502512562816,3.6255700773016715
5.569778894472362,51.394502512562816,3.600905127972961
5.59243216080402,51.394502512562816,3.574378980458504
5.6150854271356785,51.394502512562816,3.5464276359988443
5.6377386934673375,51.394502512562816,3.5174730801469773
5.660391959798995,51.394502512562816,3.4879101832061603
5.683045226130654,51.394502512562816,3.4580949089729884
5.705698492462312,51.394502512562816,3.428334407161791
5.72835175879397,51.394502512562816,3.3988795789788373
5.751005025125629,51.394502512562816,3.3699206598195115
5.773658291457287,51.394502512562816,3.3415862330359394
5.796311557788945,51.394502512562816,3.313945870066777
5.818964824120604,51.394502512562816,3.2870163045435943
5.841618090452261,51.394502512562816,3.2607707306733795
5.86427135678392,51.394502512562816,3.2351505187235583
5.886924623115578,51.394502512562816,3.2100784098714223
5.909577889447236,51.394502512562816,3.1854721225005083
5.932231155778895,51.394502512562816,3.1612572856084427
5.954884422110553,51.394502512562816,3.1373787053821305
5.977537688442212,51.394502512562816,3.1138091463302278
6.00019095477387,51.394502512562816,3.0905550400551816
6.022844221105528,51.394502512562816,3.0676587954400407
6.045497487437187,51.394502512562816,3.0451976525180617
6.068150753768844,51.394502512562816,3.0232792842869225
6.090804020100503,51.394502512562816,3.0020345960881594
6.113457286432161,51.394502512562816,2.9816083901735753
6.136110552763819,51.394502512562816,2.962148738632752
6.158763819095478,51.394502512562816,2.9437960205830254
6.181417085427136,51.394502512562816,2.9266726072022884
3.145879396984925,51.41092964824121,6.856418382334004
3.168532663316583,51.41092964824121,6.834596806096098
3.1911859296482414,51.41092964824121,6.797241073436918
3.2138391959798995,51.41092964824121,6.7458220656579275
3.236492462311558,51.41092964824121,6.682537577216857
3.259145728643216,51.41092964824121,6.610255168274986
3.2817989949748747,51.41092964824121,6.532385395861322
3.304452261306533,51.41092964824121,6.452686469083315
3.3271055276381913,51.41092964824121,6.375009748356547
3.3497587939698494,51.41092964824121,6.303003438631485
3.3724120603015075,51.41092964824121,6.239798065087289
3.395065326633166,51.41092964824121,6.187701055858333
3.417718592964824,51.41092964824121,6.147928825866621
3.4403718592964827,51.41092964824121,6.1204036054820685
3.463025125628141,51.41092964824121,6.103639646761618
3.4856783919597993,51.41092964824121,6.0947399749715805
3.5083316582914574,51.41092964824121,6.089520545444592
3.530984924623116,51.41092964824121,6.082772734833773
3.553638190954774,51.41092964824121,6.068666181611653
3.576291457286432,51.41092964824121,6.041280798222161
3.5989447236180907,51.41092964824121,5.995238976357146
3.621597989949749,51.41092964824121,5.926388039642933
3.6442512562814073,51.41092964824121,5.832462385741883
3.6669045226130654,51.41092964824121,5.713639615740563
3.689557788944724,51.41092964824121,5.572900699964668
3.712211055276382,51.41092964824121,5.41611490969464
3.7348643216080406,51.41092964824121,5.251796964853605
3.7575175879396987,51.41092964824121,5.090524036663233
3.780170854271357,51.41092964824121,4.944047946868126
3.8028241206030153,51.41092964824121,4.824185021517616
3.8254773869346734,51.41092964824121,4.741604080800486
3.848130653266332,51.41092964824121,4.704654802582548
3.87078391959799,51.41092964824121,4.718379726588302
3.8934371859296486,51.41092964824121,4.783832587999816
3.9160904522613067,51.41092964824121,4.8977864619257145
3.9387437185929652,51.41092964824121,5.052863826395491
3.9613969849246233,51.41092964824121,5.238065959738448
3.9840502512562814,51.41092964824121,5.439630549485163
4.00670351758794,51.41092964824121,5.642111988584298
4.0293567839195985,51.41092964824121,5.829563187274042
4.052010050251257,51.41092964824121,5.9867010696877765
4.074663316582915,51.41092964824121,6.099956366660873
4.097316582914573,51.41092964824121,6.158335338362779
4.119969849246232,51.41092964824121,6.154049683026197
4.14262311557789,51.41092964824121,6.0828957446455725
4.165276381909548,51.41092964824121,5.944382707220727
4.187929648241206,51.41092964824121,5.741622146057018
4.210582914572864,51.41092964824121,5.4810004022832315
4.233236180904523,51.41092964824121,5.171663453303775
4.255889447236181,51.41092964824121,4.82485296109463
4.278542713567839,51.41092964824121,4.453141912065412
4.301195979899497,51.41092964824121,4.069626941625234
4.3238492462311555,51.41092964824121,3.687139382039855
4.3465025125628145,51.41092964824121,3.317535825520594
4.369155778894473,51.41092964824121,2.971120346565094
4.391809045226131,51.41092964824121,2.6562350776124592
4.41446231155779,51.41092964824121,2.379035914788209
4.437115577889448,51.41092964824121,2.1434491741931025
4.459768844221106,51.41092964824121,1.9512865896053975
4.482422110552764,51.41092964824121,1.802482914670188
4.505075376884422,51.41092964824121,1.6954139497357057
4.776914572864322,51.41092964824121,2.305337854422973
4.79956783919598,51.41092964824121,2.4089104378986033
4.822221105527639,51.41092964824121,2.510234871902315
4.844874371859297,51.41092964824121,2.60838173207174
4.867527638190955,51.41092964824121,2.7026698904743816
4.890180904522613,51.41092964824121,2.792631180145193
4.912834170854271,51.41092964824121,2.8779772330896005
4.93548743718593,51.41092964824121,2.9585685687597776
5.07140703517588,51.41092964824121,3.346346689333764
5.094060301507538,51.41092964824121,3.3966693354005213
5.116713567839197,51.41092964824121,3.443409274478612
5.139366834170854,51.41092964824121,3.486694731330791
5.162020100502513,51.41092964824121,3.526605111675946
5.184673366834171,51.41092964824121,3.5631669686125713
5.207326633165829,51.41092964824121,3.5963542132060065
5.229979899497488,51.41092964824121,3.6260926294775664
5.252633165829145,51.41092964824121,3.6522685047685233
5.275286432160804,51.41092964824121,3.674740893730659
5.2979396984924625,51.41092964824121,3.693356724044408
5.320592964824121,51.41092964824121,3.707967663615232
5.34324623115578,51.41092964824121,3.718447450926499
5.365899497487438,51.41092964824121,3.724708290941897
5.388552763819096,51.41092964824121,3.726714973577682
5.411206030150755,51.41092964824121,3.7244955886944133
5.433859296482412,51.41092964824121,3.7181480649637146
5.456512562814071,51.41092964824121,3.7078421923063374
5.479165829145729,51.41092964824121,3.693817223483291
5.501819095477387,51.41092964824121,3.6763755172302846
5.524472361809046,51.41092964824121,3.65587293323605
5.547125628140703,51.41092964824121,3.6327068032639414
5.569778894472362,51.41092964824121,3.6073023024207327
5.59243216080402,51.41092964824121,3.580097973286358
5.6150854271356785,51.41092964824121,3.551531063401588
5.6377386934673375,51.41092964824121,3.52202326393744
5.660391959798995,51.41092964824121,3.4919674040281024
5.683045226130654,51.41092964824121,3.4617156570973977
5.705698492462312,51.41092964824121,3.431569828552078
5.72835175879397,51.41092964824121,3.40177428401286
5.751005025125629,51.41092964824121,3.372512010812806
5.773658291457287,51.41092964824121,3.34390416222105
5.796311557788945,51.41092964824121,3.3160132127774316
5.818964824120604,51.41092964824121,3.2888495746912687
5.841618090452261,51.41092964824121,3.2623812266419714
5.86427135678392,51.41092964824121,3.236545632383806
5.886924623115578,51.41092964824121,3.211263018655097
5.909577889447236,51.41092964824121,3.1864499684204564
5.932231155778895,51.41092964824121,3.1620322767713884
5.954884422110553,51.41092964824121,3.137956105599235
5.977537688442212,51.41092964824121,3.114196639594274
6.00019095477387,51.41092964824121,3.0907636652156185
6.022844221105528,51.41092964824121,3.067703742609577
6.045497487437187,51.41092964824121,3.045098900230166
6.068150753768844,51.41092964824121,3.0230620410676714
6.090804020100503,51.41092964824121,3.0017294985072382
6.113457286432161,51.41092964824121,2.981251407419723
6.136110552763819,51.41092964824121,2.9617807448502775
6.158763819095478,51.41092964824121,2.943462021029417
6.181417085427136,51.41092964824121,2.9264206395546113
3.1232261306532667,51.4273567839196,6.979674978215824
3.145879396984925,51.4273567839196,6.978529585715856
3.168532663316583,51.4273567839196,6.960593026724796
3.1911859296482414,51.4273567839196,6.926516304716786
3.2138391959798995,51.4273567839196,6.877684236066972
3.236492462311558,51.4273567839196,6.816226970431144
3.259145728643216,51.4273567839196,6.744967286299781
3.2817989949748747,51.4273567839196,6.667296679182723
3.304452261306533,51.4273567839196,6.586980912306932
3.3271055276381913,51.4273567839196,6.507904284555808
3.3497587939698494,51.4273567839196,6.433770013756587
3.3724120603015075,51.4273567839196,6.367780554333302
3.395065326633166,51.4273567839196,6.312325542584842
3.417718592964824,51.4273567839196,6.268706234620798
3.4403718592964827,51.4273567839196,6.2369242388180455
3.463025125628141,51.4273567839196,6.215559824917359
3.4856783919597993,51.4273567839196,6.201761727266451
3.5083316582914574,51.4273567839196,6.191366146795619
3.530984924623116,51.4273567839196,6.179156779710844
3.553638190954774,51.4273567839196,6.159268752380497
3.576291457286432,51.4273567839196,6.125725974200302
3.5989447236180907,51.4273567839196,6.073083260877785
3.621597989949749,51.4273567839196,5.997123056799372
3.6442512562814073,51.4273567839196,5.895535247894717
3.6669045226130654,51.4273567839196,5.76849260587399
3.689557788944724,51.4273567839196,5.61902941213305
3.712211055276382,51.4273567839196,5.453140991498467
3.7348643216080406,51.4273567839196,5.279548538096232
3.7575175879396987,51.4273567839196,5.109114301619804
3.780170854271357,51.4273567839196,4.953941001967088
3.8028241206030153,51.4273567839196,4.826238049336181
3.8254773869346734,51.4273567839196,4.737077008804606
3.848130653266332,51.4273567839196,4.695182227789322
3.87078391959799,51.4273567839196,4.705904787199976
3.8934371859296486,51.4273567839196,4.770507737759248
3.9160904522613067,51.4273567839196,4.885850770729906
3.9387437185929652,51.4273567839196,5.044509600328183
3.9613969849246233,51.4273567839196,5.235308577075016
3.9840502512562814,51.4273567839196,5.444194352245759
4.00670351758794,51.4273567839196,5.6553422386629615
4.0293567839195985,51.4273567839196,5.852370220396438
4.052010050251257,51.4273567839196,6.019538696755924
4.074663316582915,51.4273567839196,6.1428329881647565
4.097316582914573,51.4273567839196,6.210853571366076
4.119969849246232,51.4273567839196,6.21546864245981
4.14262311557789,51.4273567839196,6.152209312535028
4.165276381909548,51.4273567839196,6.020406899602236
4.187929648241206,51.4273567839196,5.823084816234027
4.210582914572864,51.4273567839196,5.566626888567836
4.233236180904523,51.4273567839196,5.260252403531214
4.255889447236181,51.4273567839196,4.915337526656084
4.278542713567839,51.4273567839196,4.544632862559215
4.301195979899497,51.4273567839196,4.161435975508196
4.3238492462311555,51.4273567839196,3.778782844758409
4.3465025125628145,51.4273567839196,3.4087209433263355
4.369155778894473,51.4273567839196,3.061717658495718
4.391809045226131,51.4273567839196,2.7462417631973297
4.41446231155779,51.4273567839196,2.468535043416272
4.437115577889448,51.4273567839196,2.232569553656761
4.459768844221106,51.4273567839196,2.0401670012466817
4.482422110552764,51.4273567839196,1.891243307168047
4.505075376884422,51.4273567839196,1.7841348621169395
4.527728643216081,51.4273567839196,1.715963225636846
4.550381909547739,51.4273567839196,1.6830005923290958
4.573035175879397,51.4273567839196,1.6810072001671243
4.595688442211055,51.4273567839196,1.705521856531369
4.618341708542713,51.4273567839196,1.752096180636487
4.640994974874372,51.4273567839196,1.8164708970228718
4.822221105527639,51.4273567839196,2.5841160490945994
4.844874371859297,51.4273567839196,2.6796619345637427
4.867527638190955,51.4273567839196,2.7711965260982776
4.890180904522613,51.4273567839196,2.8582735020062664
4.912834170854271,51.4273567839196,2.940628031764866
4.93548743718593,51.4273567839196,3.018145811704321
4.958140703517588,51.4273567839196,3.0908341118299054
5.094060301507538,51.4273567839196,3.434748158382812
5.116713567839197,51.4273567839196,3.4787381307996856
5.139366834170854,51.4273567839196,3.5194179385280067
5.162020100502513,51.4273567839196,3.5568790442573075
5.184673366834171,51.4273567839196,3.5911553324298424
5.207326633165829,51.4273567839196,3.6222233117974554
5.229979899497488,51.4273567839196,3.650006884461426
5.252633165829145,51.4273567839196,3.674386475615689
5.275286432160804,51.4273567839196,3.695212005504104
5.2979396984924625,51.4273567839196,3.712318857824338
5.320592964824121,51.4273567839196,3.7255456975626884
5.34324623115578,51.4273567839196,3.7347527658339725
5.365899497487438,51.4273567839196,3.7398391792688517
5.388552763819096,51.4273567839196,3.7407578224494875
5.411206030150755,51.4273567839196,3.73752665193018
5.433859296482412,51.4273567839196,3.7302356022795635
5.456512562814071,51.4273567839196,3.719048738558116
5.479165829145729,51.4273567839196,3.7042017576285566
5.501819095477387,51.4273567839196,3.685995327498234
5.524472361809046,51.4273567839196,3.664785017950247
5.547125628140703,51.4273567839196,3.6409687011265848
5.569778894472362,51.4273567839196,3.614972307031418
5.59243216080402,51.4273567839196,3.5872347496072776
5.6150854271356785,51.4273567839196,3.5581927442010812
5.6377386934673375,51.4273567839196,3.528266157024917
5.660391959798995,51.4273567839196,3.497844480999172
5.683045226130654,51.4273567839196,3.4672750160640207
5.705698492462312,51.4273567839196,3.436853322792193
5.72835175879397,51.4273567839196,3.406816484154108
5.751005025125629,51.4273567839196,3.3773396224568275
5.773658291457287,51.4273567839196,3.3485359604435034
5.796311557788945,51.4273567839196,3.320460489716293
5.818964824120604,51.4273567839196,3.2931170376319954
5.841618090452261,51.4273567839196,3.266468241293736
5.86427135678392,51.4273567839196,3.2404476850767114
5.886924623115578,51.4273567839196,3.2149732723985593
5.909577889447236,51.4273567839196,3.189960806619153
5.932231155778895,51.4273567839196,3.1653367570985456
5.954884422110553,51.4273567839196,3.1410492763831197
5.977537688442212,51.4273567839196,3.1170766948104047
6.00019095477387,51.4273567839196,3.0934329274739216
6.022844221105528,51.4273567839196,3.070169465656378
6.045497487437187,51.4273567839196,3.047373875939209
6.068150753768844,51.4273567839196,3.025164985485464
6.090804020100503,51.4273567839196,3.0036851830013047
6.113457286432161,51.4273567839196,2.9830904996876004
6.136110552763819,51.4273567839196,2.9635393340247767
6.158763819095478,51.4273567839196,2.9451808221079725
6.181417085427136,51.4273567839196,2.9281439023854965
3.100572864321608,51.44378391959799,7.070991823549654
3.1232261306532667,51.44378391959799,7.091490948245416
3.145879396984925,51.44378391959799,7.094901494182554
3.168532663316583,51.44378391959799,7.08110250057836
3.1911859296482414,51.44378391959799,7.050647042714175
3.2138391959798995,51.44378391959799,7.004830591085636
3.236492462311558,51.44378391959799,6.945707618423588
3.259145728643216,51.44378391959799,6.8760433324120465
3.2817989949748747,51.44378391959799,6.79919307436134
3.304452261306533,51.44378391959799,6.718909680115307
3.3271055276381913,51.44378391959799,6.639087826953856
3.3497587939698494,51.44378391959799,6.563462686339822
3.3724120603015075,51.44378391959799,6.495286765842291
3.395065326633166,51.44378391959799,6.437012825519359
3.417718592964824,51.44378391959799,6.39001204710238
3.4403718592964827,51.44378391959799,6.354355697709426
3.463025125628141,51.44378391959799,6.328686145845588
3.4856783919597993,51.44378391959799,6.310199857755458
3.5083316582914574,51.44378391959799,6.294760899850609
3.530984924623116,51.44378391959799,6.277157651250488
3.553638190954774,51.44378391959799,6.251506447858571
3.576291457286432,51.44378391959799,6.2117923579117065
3.5989447236180907,51.44378391959799,6.15251883155918
3.621597989949749,51.44378391959799,6.069415989147432
3.6442512562814073,51.44378391959799,5.960135377348669
3.6669045226130654,51.44378391959799,5.824842379468048
3.689557788944724,51.44378391959799,5.666611787270041
3.712211055276382,51.44378391959799,5.491541690748389
3.7348643216080406,51.44378391959799,5.308527288254584
3.7575175879396987,51.44378391959799,5.128677179326244
3.780170854271357,51.44378391959799,4.9644043326015765
3.8028241206030153,51.44378391959799,4.828273966101592
3.8254773869346734,51.44378391959799,4.731732080960121
3.848130653266332,51.44378391959799,4.683863493795831
3.87078391959799,51.44378391959799,4.690331687841395
3.8934371859296486,51.44378391959799,4.752633120569535
3.9160904522613067,51.44378391959799,4.8677584471424495
3.9387437185929652,51.44378391959799,5.028299051791384
3.9613969849246233,51.44378391959799,5.222978769897725
3.9840502512562814,51.44378391959799,5.4375380910692215
4.00670351758794,51.44378391959799,5.655860349675075
4.0293567839195985,51.44378391959799,5.86121170143738
4.052010050251257,51.44378391959799,6.037469507331232
4.074663316582915,51.44378391959799,6.170232992695422
4.097316582914573,51.44378391959799,6.247738682161162
4.119969849246232,51.44378391959799,6.261533561997119
4.14262311557789,51.44378391959799,6.206885369624036
4.165276381909548,51.44378391959799,6.082929133859012
4.187929648241206,51.44378391959799,5.892562519050647
4.210582914572864,51.44378391959799,5.6421121556093565
4.233236180904523,51.44378391959799,5.340801871184678
4.255889447236181,51.44378391959799,5.000063370403691
4.278542713567839,51.44378391959799,4.632740329902976
4.301195979899497,51.44378391959799,4.252246148637521
4.3238492462311555,51.44378391959799,3.8717408421044253
4.3465025125628145,51.44378391959799,3.5033911854837934
4.369155778894473,51.44378391959799,3.1577689483254625
4.391809045226131,51.44378391959799,2.843425613910644
4.41446231155779,51.44378391959799,2.5666608666571316
4.437115577889448,51.44378391959799,2.331480021076883
4.459768844221106,51.44378391959799,2.139716226922454
4.482422110552764,51.44378391959799,1.9912796210850412
4.505075376884422,51.44378391959799,1.8844890222267079
4.527728643216081,51.44378391959799,1.8164420882666197
4.550381909547739,51.44378391959799,1.7833856227222438
4.573035175879397,51.44378391959799,1.7810567994635549
4.595688442211055,51.44378391959799,1.8049763052942553
4.618341708542713,51.44378391959799,1.8506840162008096
4.640994974874372,51.44378391959799,1.9139156990839932
4.6636482412060305,51.44378391959799,1.9907248772173474
4.822221105527639,51.44378391959799,2.6635191944617302
4.844874371859297,51.44378391959799,2.7559403744922584
4.867527638190955,51.44378391959799,2.8442220944284076
4.890180904522613,51.44378391959799,2.9279400769730097
4.912834170854271,51.44378391959799,3.006852921320908
4.93548743718593,51.44378391959799,3.0808713088111515
4.958140703517588,51.44378391959799,3.150029051653468
4.9807939698492465,51.44378391959799,3.2144556910920565
5.094060301507538,51.44378391959799,3.4736898208376115
5.116713567839197,51.44378391959799,3.514709509034664
5.139366834170854,51.44378391959799,3.5525918867424062
5.162020100502513,51.44378391959799,3.5874408276777388
5.184673366834171,51.44378391959799,3.6192976514836577
5.207326633165829,51.44378391959799,3.648141296851372
5.229979899497488,51.44378391959799,3.673893339858438
5.252633165829145,51.44378391959799,3.696427629586159
5.275286432160804,51.44378391959799,3.7155839796708854
5.2979396984924625,51.44378391959799,3.731185010963178
5.320592964824121,51.44378391959799,3.7430549286352672
5.34324623115578,51.44378391959799,3.7510387873848257
5.365899497487438,51.44378391959799,3.7550207005196676
5.388552763819096,51.44378391959799,3.754939517898813
5.411206030150755,51.44378391959799,3.7508007410919015
5.433859296482412,51.44378391959799,3.742683833007459
5.456512562814071,51.44378391959799,3.7307445520376916
5.479165829145729,51.44378391959799,3.7152124175085306
5.501819095477387,51.44378391959799,3.696383817135364
5.524472361809046,51.44378391959799,3.674611545592696
5.547125628140703,51.44378391959799,3.650291699773162
5.569778894472362,51.44378391959799,3.6238488701845153
5.59243216080402,51.44378391959799,3.5957205025100283
5.6150854271356785,51.44378391959799,3.5663412083512878
5.6377386934673375,51.44378391959799,3.5361277189952682
5.660391959798995,51.44378391959799,3.50546511939595
5.683045226130654,51.44378391959799,3.4746949671445924
5.705698492462312,51.44378391959799,3.444105871091158
5.72835175879397,51.44378391959799,3.4139270470780207
5.751005025125629,51.44378391959799,3.384325258482111
5.773658291457287,51.44378391959799,3.3554053747941976
5.796311557788945,51.44378391959799,3.32721454824498
5.818964824120604,51.44378391959799,3.2997497397697737
5.841618090452261,51.44378391959799,3.2729680562397014
5.86427135678392,51.44378391959799,3.2467991283754296
5.886924623115578,51.44378391959799,3.2211585945264405
5.909577889447236,51.44378391959799,3.195961678135834
5.932231155778895,51.44378391959799,3.171135859813936
5.954884422110553,51.44378391959799,3.14663173892896
5.977537688442212,51.44378391959799,3.122431336802407
6.00019095477387,51.44378391959799,3.098553294297046
6.022844221105528,51.44378391959799,3.075054644089578
6.045497487437187,51.44378391959799,3.052029080691919
6.068150753768844,51.44378391959799,3.0296019018389155
6.090804020100503,51.44378391959799,3.007922045905694
6.113457286432161,51.44378391959799,2.987151889500012
6.136110552763819,51.44378391959799,2.967455676895118
6.158763819095478,51.44378391959799,2.948987599810051
6.181417085427136,51.44378391959799,2.931880600394586
3.07791959798995,51.46021105527638,7.129058472728233
3.100572864321608,51.46021105527638,7.170972577298164
3.1232261306532667,51.46021105527638,7.196350004165062
3.145879396984925,51.46021105527638,7.20440966881447
3.168532663316583,51.46021105527638,7.194936418710588
3.1911859296482414,51.46021105527638,7.168388938504406
3.2138391959798995,51.46021105527638,7.125972515985404
3.236492462311558,51.46021105527638,7.069660214789901
3.259145728643216,51.46021105527638,7.002148933411079
3.2817989949748747,51.46021105527638,6.926742487685143
3.304452261306533,51.46021105527638,6.847161648659637
3.3271055276381913,51.46021105527638,6.767289864487887
3.3497587939698494,51.46021105527638,6.690871777891198
3.3724120603015075,51.46021105527638,6.621188313185152
3.395065326633166,51.46021105527638,6.560736224217887
3.417718592964824,51.46021105527638,6.510941427498461
3.4403718592964827,51.46021105527638,6.4719346746831325
3.463025125628141,51.46021105527638,6.442415916284104
3.4856783919597993,51.46021105527638,6.419630650328319
3.5083316582914574,51.46021105527638,6.399477576911775
3.530984924623116,51.46021105527638,6.376761116786897
3.553638190954774,51.46021105527638,6.3455933383804695
3.576291457286432,51.46021105527638,6.299936184344604
3.5989447236180907,51.46021105527638,6.23425619136562
3.621597989949749,51.46021105527638,6.14424156300767
3.6442512562814073,51.46021105527638,6.027509044471784
3.6669045226130654,51.46021105527638,5.884210828184081
3.689557788944724,51.46021105527638,5.7174454200448555
3.712211055276382,51.46021105527638,5.533385495304761
3.7348643216080406,51.46021105527638,5.341061896421061
3.7575175879396987,51.46021105527638,5.1517839526294695
3.780170854271357,51.46021105527638,4.978226496956027
3.8028241206030153,51.46021105527638,4.833265061259342
3.8254773869346734,51.46021105527638,4.728683639128383
3.848130653266332,51.46021105527638,4.6739059846706255
3.87078391959799,51.46021105527638,4.674906092963821
3.8934371859296486,51.46021105527638,4.733434451248641
3.9160904522613067,51.46021105527638,4.846656345877814
3.9387437185929652,51.46021105527638,5.0072435849345664
3.9613969849246233,51.46021105527638,5.203901108294707
3.9840502512562814,51.46021105527638,5.42225580153314
4.00670351758794,51.46021105527638,5.645995653123519
4.0293567839195985,51.46021105527638,5.8581287274135265
4.052010050251257,51.46021105527638,6.042233833983634
4.074663316582915,51.46021105527638,6.183594105625616
4.097316582914573,51.46021105527638,6.270133763943301
4.119969849246232,51.46021105527638,6.293109402688118
4.14262311557789,51.46021105527638,6.247534180726705
4.165276381909548,51.46021105527638,6.132333578585921
4.187929648241206,51.46021105527638,5.950245239614429
4.210582914572864,51.46021105527638,5.707485397715486
4.233236180904523,51.46021105527638,5.413213415077916
4.255889447236181,51.46021105527638,5.078835824376952
4.278542713567839,51.46021105527638,4.7172018606750425
4.301195979899497,51.46021105527638,4.341751820579834
4.3238492462311555,51.46021105527638,3.965684796850895
4.3465025125628145,51.46021105527638,3.601210793478922
4.369155778894473,51.46021105527638,3.2589427053628177
4.391809045226131,51.46021105527638,2.9474668845275365
4.41446231155779,51.46021105527638,2.6731095922309094
4.437115577889448,51.46021105527638,2.439894261892541
4.459768844221106,51.46021105527638,2.2496649750040922
4.482422110552764,51.46021105527638,2.10233779724025
4.505075376884422,51.46021105527638,1.9962350442004084
4.550381909547739,51.46021105527638,1.8952589865290348
4.573035175879397,51.46021105527638,1.8923846620121765
4.595688442211055,51.46021105527638,1.915369262814023
4.618341708542713,51.46021105527638,1.9597706426645007
4.640994974874372,51.46021105527638,2.0213463983360196
4.6636482412060305,51.46021105527638,2.0961748335577353
4.686301507537689,51.46021105527638,2.180728460308977
4.844874371859297,51.46021105527638,2.8370186477777954
4.867527638190955,51.46021105527638,2.9215527624678597
4.890180904522613,51.46021105527638,3.001441723879898
4.912834170854271,51.46021105527638,3.0764673303781582
4.93548743718593,51.46021105527638,3.1465649789788532
4.958140703517588,51.46021105527638,3.2117948832693095
4.9807939698492465,51.46021105527638,3.272314560799659
5.07140703517588,51.46021105527638,3.472395944665373
5.094060301507538,51.46021105527638,3.513345609907035
5.116713567839197,51.46021105527638,3.5511804233337187
5.139366834170854,51.46021105527638,3.5860798991264664
5.162020100502513,51.46021105527638,3.6181606756660205
5.184673366834171,51.46021105527638,3.64747155818187
5.207326633165829,51.46021105527638,3.673993642947191
5.229979899497488,51.46021105527638,3.6976455868486955
5.252633165829145,51.46021105527638,3.71829376583241
5.275286432160804,51.46021105527638,3.7357667105982433
5.2979396984924625,51.46021105527638,3.7498728490135136
5.320592964824121,51.46021105527638,3.76042026469251
5.34324623115578,51.46021105527638,3.7672369505428733
5.365899497487438,51.46021105527638,3.7701899436758093
5.388552763819096,51.46021105527638,3.769201807789413
5.411206030150755,51.46021105527638,3.76426318644961
5.433859296482412,51.46021105527638,3.7554405552792813
5.456512562814071,51.46021105527638,3.74287878994591
5.479165829145729,51.46021105527638,3.726798659016739
5.501819095477387,51.46021105527638,3.7074897687947654
5.524472361809046,51.46021105527638,3.685299778174464
5.547125628140703,51.46021105527638,3.660620848669577
5.569778894472362,51.46021105527638,3.6338743171650023
5.59243216080402,51.46021105527638,3.6054945193675563
5.6150854271356785,51.46021105527638,3.575912599235835
5.6377386934673375,51.46021105527638,3.545541052197589
5.660391959798995,51.46021105527638,3.514759685382336
5.683045226130654,51.46021105527638,3.483903631683858
5.705698492462312,51.46021105527638,3.4532540049725746
5.72835175879397,51.46021105527638,3.423031703881513
5.751005025125629,51.46021105527638,3.3933947393022192
5.773658291457287,51.46021105527638,3.364439268022405
5.796311557788945,51.46021105527638,3.336204271545303
5.818964824120604,51.46021105527638,3.3086795504649107
5.841618090452261,51.46021105527638,3.2818164454799117
5.86427135678392,51.46021105527638,3.255540481151241
5.886924623115578,51.46021105527638,3.22976498492897
5.909577889447236,51.46021105527638,3.2044046758409555
5.932231155778895,51.46021105527638,3.179388244364164
5.954884422110553,51.46021105527638,3.1546690459222955
5.977537688442212,51.46021105527638,3.1302331875905147
6.00019095477387,51.46021105527638,3.106104482996497
6.022844221105528,51.46021105527638,3.082345969998488
6.045497487437187,51.46021105527638,3.05905792071525
6.068150753768844,51.46021105527638,3.0363725186008383
6.090804020100503,51.46021105527638,3.0144456264862844
6.113457286432161,51.46021105527638,2.9934463109998664
6.136110552763819,51.46021105527638,2.973545001205256
6.158763819095478,51.46021105527638,2.9549013122382446
6.181417085427136,51.46021105527638,2.937652624157732
6.204070351758794,51.46021105527638,2.921904444658633
3.07791959798995,51.47663819095477,7.216296739197346
3.100572864321608,51.47663819095477,7.263079468805909
3.1232261306532667,51.47663819095477,7.293264838852355
3.145879396984925,51.47663819095477,7.30599323559432
3.168532663316583,51.47663819095477,7.3009645065601285
3.1911859296482414,51.47663819095477,7.27854872293763
3.2138391959798995,51.47663819095477,7.239862446697925
3.236492462311558,51.47663819095477,7.186793849163053
3.259145728643216,51.47663819095477,7.121962891652556
3.2817989949748747,51.47663819095477,7.04860838649434
3.304452261306533,51.47663819095477,6.970401522406428
3.3271055276381913,51.47663819095477,6.8911942271566
3.3497587939698494,51.47663819095477,6.814719140516664
3.3724120603015075,51.47663819095477,6.744264685346365
3.395065326633166,51.47663819095477,6.682352942626316
3.417718592964824,51.47663819095477,6.630449625597681
3.4403718592964827,51.47663819095477,6.588734882751985
3.463025125628141,51.47663819095477,6.555961683779522
3.4856783919597993,51.47663819095477,6.5294256935445025
3.5083316582914574,51.47663819095477,6.50506671823904
3.530984924623116,51.47663819095477,6.477716113274743
3.553638190954774,51.47663819095477,6.441495506283795
3.576291457286432,51.47663819095477,6.390358428999575
3.5989447236180907,51.47663819095477,6.318747571738237
3.621597989949749,51.47663819095477,6.222317777140742
3.6442512562814073,51.47663819095477,6.098652119767065
3.6669045226130654,51.47663819095477,5.94788073241123
3.689557788944724,51.47663819095477,5.77310519152271
3.712211055276382,51.47663819095477,5.580539820445842
3.7348643216080406,51.47663819095477,5.379306974685253
3.7575175879396987,51.47663819095477,5.1808642815284305
3.780170854271357,51.47663819095477,4.998092311687293
3.8028241206030153,51.47663819095477,4.844123037158436
3.8254773869346734,51.47663819095477,4.731033473628201
3.848130653266332,51.47663819095477,4.668556759120785
3.87078391959799,51.47663819095477,4.6629687233856085
3.8934371859296486,51.47663819095477,4.716289648615352
3.9160904522613067,51.47663819095477,4.825900729471973
3.9387437185929652,51.47663819095477,4.984619321679841
3.9613969849246233,51.47663819095477,5.181216223169441
3.9840502512562814,51.47663819095477,5.401302900120924
4.00670351758794,51.47663819095477,5.628476262893481
4.0293567839195985,51.47663819095477,5.845589053196996
4.052010050251257,51.47663819095477,6.036015795826508
4.074663316582915,51.47663819095477,6.184803449267494
4.097316582914573,51.47663819095477,6.279625105746021
4.119969849246232,51.47663819095477,6.311486496845808
4.14262311557789,51.47663819095477,6.2751625887334805
4.165276381909548,51.47663819095477,6.16936231427062
4.187929648241206,51.47663819095477,5.99663383451489
4.210582914572864,51.47663819095477,5.763033114036284
4.233236180904523,51.47663819095477,5.477587926271229
4.255889447236181,51.47663819095477,5.151599462452297
4.278542713567839,51.47663819095477,4.797834360947444
4.301195979899497,51.47663819095477,4.429669253403485
4.3238492462311555,51.47663819095477,4.0602549650945035
4.3465025125628145,51.47663819095477,3.7017657418904313
4.369155778894473,51.47663819095477,3.364789131883417
4.391809045226131,51.47663819095477,3.0578952052875756
4.41446231155779,51.47663819095477,2.787402256810772
4.437115577889448,51.47663819095477,2.5573337107423124
4.459768844221106,51.47663819095477,2.369541428359496
4.482422110552764,51.47663819095477,2.2239568936742096
4.505075376884422,51.47663819095477,2.118925217032153
4.527728643216081,51.47663819095477,2.0515773274892446
4.550381909547739,51.47663819095477,2.018201641052931
4.573035175879397,51.47663819095477,2.0145857457828744
4.595688442211055,51.47663819095477,2.0363090445644874
4.618341708542713,51.47663819095477,2.0789770641219385
4.640994974874372,51.47663819095477,2.1383961325470344
4.6636482412060305,51.47663819095477,2.210692848265712
4.686301507537689,51.47663819095477,2.2923862218560282
4.708954773869347,51.47663819095477,2.380421902220921
4.844874371859297,51.47663819095477,2.922635774726137
4.867527638190955,51.47663819095477,3.002938789913271
4.890180904522613,51.47663819095477,3.0785394281309664
4.912834170854271,51.47663819095477,3.1492423743048734
4.93548743718593,51.47663819095477,3.215007441347488
4.958140703517588,51.47663819095477,3.2759211298893014
4.9807939698492465,51.47663819095477,3.3321691036994516
5.0034472361809055,51.47663819095477,3.384009359734101
5.026100502512563,51.47663819095477,3.4317461025784035
5.048753768844222,51.47663819095477,3.475704586413897
5.07140703517588,51.47663819095477,3.516207421338499
5.094060301507538,51.47663819095477,3.553553022142037
5.116713567839197,51.47663819095477,3.5879969846538686
5.139366834170854,51.47663819095477,3.61973719610681
5.162020100502513,51.47663819095477,3.648903418717879
5.184673366834171,51.47663819095477,3.6755519330020032
5.207326633165829,51.47663819095477,3.699665596453774
5.229979899497488,51.47663819095477,3.7211593749926477
5.252633165829145,51.47663819095477,3.7398910546936635
5.275286432160804,51.47663819095477,3.7556764629621306
5.2979396984924625,51.47663819095477,3.7683081545194206
5.320592964824121,51.47663819095477,3.7775761917540365
5.34324623115578,51.47663819095477,3.783289420869732
5.365899497487438,51.47663819095477,3.785295561976965
5.388552763819096,51.47663819095477,3.783498524222926
5.411206030150755,51.47663819095477,3.7778716293448067
5.433859296482412,51.47663819095477,3.7684658464579996
5.456512562814071,51.47663819095477,3.7554126434769772
5.479165829145729,51.47663819095477,3.7389215650675207
5.501819095477387,51.47663819095477,3.7192730764066253
5.524472361809046,51.47663819095477,3.6968075135996807
5.547125628140703,51.47663819095477,3.671911138922709
5.569778894472362,51.47663819095477,3.64500033079035
5.59243216080402,51.47663819095477,3.6165048864308984
5.6150854271356785,51.47663819095477,3.586851327218951
5.6377386934673375,51.47663819095477,3.556447009378419
5.660391959798995,51.47663819095477,3.52566577266922
5.683045226130654,51.47663819095477,3.494835801321171
5.705698492462312,51.47663819095477,3.4642303039837685
5.72835175879397,51.47663819095477,3.434061517374312
5.751005025125629,51.47663819095477,3.404478382841334
5.773658291457287,51.47663819095477,3.3755680323174886
5.796311557788945,51.47663819095477,3.347360963796784
5.818964824120604,51.47663819095477,3.3198395146396456
5.841618090452261,51.47663819095477,3.2929489887802466
5.86427135678392,51.47663819095477,3.266610594278667
5.886924623115578,51.47663819095477,3.240735223955352
5.909577889447236,51.47663819095477,3.215237073582024
5.932231155778895,51.47663819095477,3.1900461352578766
5.954884422110553,51.47663819095477,3.16511871429619
5.977537688442212,51.47663819095477,3.1404452781245302
6.00019095477387,51.47663819095477,3.1160551385512276
6.022844221105528,51.47663819095477,3.0920176823177794
6.045497487437187,51.47663819095477,3.0684400927898565
6.068150753768844,51.47663819095477,3.0454617447354777
6.090804020100503,51.47663819095477,3.0232456997708255
6.113457286432161,51.47663819095477,3.0019679707660507
6.136110552763819,51.47663819095477,2.9818054376066856
6.158763819095478,51.47663819095477,2.962923452590547
6.181417085427136,51.47663819095477,2.945464235892838
3.07791959798995,51.493065326633165,7.295062274046573
3.100572864321608,51.493065326633165,7.346492345283677
3.1232261306532667,51.493065326633165,7.381341460838602
3.145879396984925,51.493065326633165,7.398684511316834
3.168532663316583,51.493065326633165,7.398147249156244
3.1911859296482414,51.493065326633165,7.3800188147091825
3.2138391959798995,51.493065326633165,7.345330534403656
3.236492462311558,51.493065326633165,7.295884290308225
3.259145728643216,51.493065326633165,7.234216539586521
3.2817989949748747,51.493065326633165,7.163489575095701
3.304452261306533,51.493065326633165,7.087309286636314
3.3271055276381913,51.493065326633165,7.009477384899187
3.3497587939698494,51.493065326633165,6.933694396079583
3.3724120603015075,51.493065326633165,6.863236453513621
3.395065326633166,51.493065326633165,6.800633213651063
3.417718592964824,51.493065326633165,6.747375982248299
3.4403718592964827,51.493065326633165,6.703684810003282
3.463025125628141,51.493065326633165,6.66836160963007
3.4856783919597993,51.493065326633165,6.638753743299788
3.5083316582914574,51.493065326633165,6.610848885673908
3.530984924623116,51.493065326633165,6.579516357371535
3.553638190954774,51.493065326633165,6.538901081852209
3.576291457286432,51.493065326633165,6.482962484635481
3.5989447236180907,51.493065326633165,6.406131649802437
3.621597989949749,51.493065326633165,6.304037277032657
3.6442512562814073,51.493065326633165,6.174227961103207
3.6669045226130654,51.493065326633165,6.0168002687754525
3.689557788944724,51.493065326633165,5.83483476089817
3.712211055276382,51.493065326633165,5.634550108679671
3.7348643216080406,51.493065326633165,5.425110664373434
3.7575175879396987,51.493065326633165,5.218063468981088
3.780170854271357,51.493065326633165,5.026431248788605
3.8028241206030153,51.493065326633165,4.863540306015902
3.8254773869346734,51.493065326633165,4.741707090739395
3.848130653266332,51.493065326633165,4.670936129848302
3.87078391959799,51.493065326633165,4.657788795767863
3.8934371859296486,51.493065326633165,4.7045647929332945
3.9160904522613067,51.493065326633165,4.808898388043076
3.9387437185929652,51.493065326633165,4.9638158798495295
3.9613969849246233,51.493065326633165,5.158239460815265
3.9840502512562814,51.493065326633165,5.3778665464760085
4.00670351758794,51.493065326633165,5.60631251273135
4.0293567839195985,51.493065326633165,5.826384468457162
4.052010050251257,51.493065326633165,6.021354972795434
4.074663316582915,51.493065326633165,6.176123394530936
4.097316582914573,51.493065326633165,6.278181676554465
4.119969849246232,51.493065326633165,6.3183327643391936
4.14262311557789,51.493065326633165,6.291137786897537
4.165276381909548,51.493065326633165,6.195089292970206
4.187929648241206,51.493065326633165,6.032522700569381
4.210582914572864,51.493065326633165,5.809288976060506
4.233236180904523,51.493065326633165,5.5342212209581625
4.255889447236181,51.493065326633165,5.21843803926806
4.278542713567839,51.493065326633165,4.874537138830328
4.301195979899497,51.493065326633165,4.515741680225189
4.3238492462311555,51.493065326633165,4.15506663131973
4.3465025125628145,51.493065326633165,3.8045703392675407
4.369155778894473,51.493065326633165,3.4747465986015476
4.391809045226131,51.493065326633165,3.1740954940473975
4.41446231155779,51.493065326633165,2.908889830173616
4.437115577889448,51.493065326633165,2.6831316945713697
4.459768844221106,51.493065326633165,2.4986743636920714
4.482422110552764,51.493065326633165,2.3554711888538153
4.505075376884422,51.493065326633165,2.2519066516636403
4.527728643216081,51.493065326633165,2.1851652299258872
4.550381909547739,51.493065326633165,2.151599601591874
4.573035175879397,51.493065326633165,2.1470689153404874
4.595688442211055,51.493065326633165,2.1672282038188424
4.618341708542713,51.493065326633165,2.2077597448518436
4.640994974874372,51.493065326633165,2.2645451474640663
4.6636482412060305,51.493065326633165,2.3337826490474165
4.686301507537689,51.493065326633165,2.412057560358179
4.708954773869347,51.493065326633165,2.4963753131729747
4.731608040201005,51.493065326633165,2.5841666274163417
4.754261306532664,51.493065326633165,2.673273413996368
4.79956783919598,51.493065326633165,2.8486934143396034
4.822221105527639,51.493065326633165,2.932482143700487
4.844874371859297,51.493065326633165,3.0124668205737155
4.867527638190955,51.493065326633165,3.0880733129513045
4.890180904522613,51.493065326633165,3.1589432802638715
4.912834170854271,51.493065326633165,3.224903938725388
4.93548743718593,51.493065326633165,3.2859392338015003
4.958140703517588,51.493065326633165,3.342161918316651
4.9807939698492465,51.493065326633165,3.393786111745997
5.0034472361809055,51.493065326633165,3.441100119378535
5.026100502512563,51.493065326633165,3.4844395641658705
5.048753768844222,51.493065326633165,3.5241611760536715
5.07140703517588,51.493065326633165,3.5606178469367404
5.094060301507538,51.493065326633165,3.594135758030477
5.116713567839197,51.493065326633165,3.6249944967155274
5.139366834170854,51.493065326633165,3.653411090354017
5.162020100502513,51.493065326633165,3.679528793893393
5.184673366834171,51.493065326633165,3.703411282652447
5.207326633165829,51.493065326633165,3.725042632990024
5.229979899497488,51.493065326633165,3.744333137291702
5.252633165829145,51.493065326633165,3.7611306162497327
5.275286432160804,51.493065326633165,3.7752364877384235
5.2979396984924625,51.493065326633165,3.786425463116486
5.320592964824121,51.493065326633165,3.794467412387516
5.34324623115578,51.493065326633165,3.7991497177131213
5.365899497487438,51.493065326633165,3.8002983645365602
5.388552763819096,51.493065326633165,3.7977961289879967
5.411206030150755,51.493065326633165,3.7915965091662738
5.433859296482412,51.493065326633165,3.7817324819514235
5.456512562814071,51.493065326633165,3.7683196815102757
5.479165829145729,51.493065326633165,3.7515541099074468
5.501819095477387,51.493065326633165,3.7317049283669177
5.524472361809046,51.493065326633165,3.7091031882526755
5.547125628140703,51.493065326633165,3.6841275277548835
5.569778894472362,51.493065326633165,3.657187901939799
5.59243216080402,51.493065326633165,3.628708371022668
5.6150854271356785,51.493065326633165,3.599109890363244
5.6377386934673375,51.493065326633165,3.5687939608813055
5.660391959798995,51.493065326633165,3.5381279251190936
5.683045226130654,51.493065326633165,3.5074326256962545
5.705698492462312,51.493065326633165,3.476973058693317
5.72835175879397,51.493065326633165,3.4469525306143387
5.751005025125629,51.493065326633165,3.417510648315851
5.773658291457287,51.493065326633165,3.388725236777709
5.796311557788945,51.493065326633165,3.3606180077070817
5.818964824120604,51.493065326633165,3.333163523944403
5.841618090452261,51.493065326633165,3.306300756635742
5.86427135678392,51.493065326633165,3.2799463458426827
5.886924623115578,51.493065326633165,3.254008570619252
5.909577889447236,51.493065326633165,3.228401016834286
5.932231155778895,51.493065326633165,3.203054992034555
5.954884422110553,51.493065326633165,3.177929859821658
5.977537688442212,51.493065326633165,3.1530206324208008
6.00019095477387,51.493065326633165,3.1283623531058766
6.022844221105528,51.493065326633165,3.1040310096444594
6.045497487437187,51.493065326633165,3.080140941605788
6.068150753768844,51.493065326633165,3.056838937007676
6.090804020100503,51.493065326633165,3.0342954540398663
6.113457286432161,51.493065326633165,3.012693640806126
6.136110552763819,51.493065326633165,2.9922170384220497
6.158763819095478,51.493065326633165,2.973037008339664
6.181417085427136,51.493065326633165,2.9553009871220786
3.07791959798995,51.509492462311556,7.364714495612054
3.100572864321608,51.509492462311556,7.420503944945528
3.1232261306532667,51.509492462311556,7.459803183995959
3.145879396984925,51.509492462311556,7.481635660328964
3.168532663316583,51.509492462311556,7.485565199237143
3.1911859296482414,51.509492462311556,7.471809182831462
3.2138391959798995,51.509492462311556,7.4413188759431454
3.236492462311558,51.509492462311556,7.3958103040767
3.259145728643216,51.509492462311556,7.337731769620333
3.2817989949748747,51.509492462311556,7.270159467215527
3.304452261306533,51.509492462311556,7.196620162983971
3.3271055276381913,51.509492462311556,7.1208484410275545
3.3497587939698494,51.509492462311556,7.046494241255845
3.3724120603015075,51.509492462311556,6.976803084533445
3.395065326633166,51.509492462311556,6.914295744296732
3.417718592964824,51.509492462311556,6.860476059108374
3.463025125628141,51.509492462311556,6.778501867227406
3.4856783919597993,51.509492462311556,6.746596596365646
3.5083316582914574,51.509492462311556,6.715922858784602
3.530984924623116,51.509492462311556,6.6813997085421795
3.553638190954774,51.509492462311556,6.637209650615776
3.576291457286432,51.509492462311556,6.577332565419552
3.5989447236180907,51.509492462311556,6.496200022572155
3.621597989949749,51.509492462311556,6.389421135704031
3.6442512562814073,51.509492462311556,6.25450793728567
3.6669045226130654,51.509492462311556,6.0915099399852535
3.689557788944724,51.509492462311556,5.903459812844879
3.712211055276382,51.509492462311556,5.696539570203565
3.7348643216080406,51.509492462311556,5.479901326986532
3.7575175879396987,51.509492462311556,5.265116862152014
3.780170854271357,51.509492462311556,5.065280632104588
3.8028241206030153,51.509492462311556,4.8938434103264274
3.8254773869346734,51.509492462311556,4.763299134147338
3.848130653266332,51.509492462311556,4.683877192600809
3.87078391959799,51.509492462311556,4.662400045054784
3.8934371859296486,51.509492462311556,4.701449223877661
3.9160904522613067,51.509492462311556,4.798943481218008
3.9387437185929652,51.509492462311556,4.948177587854865
3.9613969849246233,51.509492462311556,5.1383089321864786
3.9840502512562814,51.509492462311556,5.355222707682747
4.00670351758794,51.509492462311556,5.5826648444261195
4.0293567839195985,51.509492462311556,5.803510887910712
4.052010050251257,51.509492462311556,6.001039619026186
4.074663316582915,51.509492462311556,6.160098365403461
4.097316582914573,51.509492462311556,6.268075565134534
4.119969849246232,51.509492462311556,6.315627456352152
4.14262311557789,51.509492462311556,6.297133719345537
4.165276381909548,51.509492462311556,6.210878498011506
4.187929648241206,51.509492462311556,6.058968611297513
4.210582914572864,51.509492462311556,5.847012135269193
4.233236180904523,51.509492462311556,5.583590545815452
4.255889447236181,51.509492462311556,5.279567899643631
4.278542713567839,51.509492462311556,4.947290944386507
4.301195979899497,51.509492462311556,4.599742755522466
4.3238492462311555,51.509492462311556,4.249716830203481
4.3465025125628145,51.509492462311556,3.9090761865283072
4.369155778894473,51.509492462311556,3.588151926980773
4.391809045226131,51.509492462311556,3.2953187853788473
4.41446231155779,51.509492462311556,3.0367639572549523
4.437115577889448,51.509492462311556,2.8164435986112557
4.459768844221106,51.509492462311556,2.6362023922282205
4.482422110552764,51.509492462311556,2.4960182765558683
4.505075376884422,51.509492462311556,2.394328122106569
4.527728643216081,51.509492462311556,2.328390601541018
4.550381909547739,51.509492462311556,2.294648301752347
4.573035175879397,51.509492462311556,2.2890601974410743
4.595688442211055,51.509492462311556,2.3073858210115463
4.618341708542713,51.509492462311556,2.3454120853515064
4.640994974874372,51.509492462311556,2.3991216134395574
4.6636482412060305,51.509492462311556,2.4648070929431753
4.686301507537689,51.509492462311556,2.539139597256808
4.708954773869347,51.509492462311556,2.61920031278669
4.731608040201005,51.509492462311556,2.702485154267467
4.754261306532664,51.509492462311556,2.7868908257914615
4.776914572864322,51.509492462311556,2.8706894265344403
4.79956783919598,51.509492462311556,2.9524970431472646
4.822221105527639,51.509492462311556,3.031240151339597
4.844874371859297,51.509492462311556,3.106122215348364
4.867527638190955,51.509492462311556,3.176591705901766
4.890180904522613,51.509492462311556,3.242311886449964
4.912834170854271,51.509492462311556,3.3031321429769624
4.93548743718593,51.509492462311556,3.359060331828373
4.958140703517588,51.509492462311556,3.4102355549560204
4.9807939698492465,51.509492462311556,3.4569008938944834
5.0034472361809055,51.509492462311556,3.4993758863068534
5.026100502512563,51.509492462311556,3.538028852073757
5.048753768844222,51.509492462311556,3.573249511408503
5.07140703517588,51.509492462311556,3.6054226339880677
5.094060301507538,51.509492462311556,3.634903675823531
5.116713567839197,51.509492462311556,3.6619974737424625
5.139366834170854,51.509492462311556,3.686941064283011
5.162020100502513,51.509492462311556,3.709891575195396
5.184673366834171,51.509492462311556,3.7309199135685147
5.207326633165829,51.509492462311556,3.750010661560389
5.229979899497488,51.509492462311556,3.767068210198741
5.252633165829145,51.509492462311556,3.7819287398453527
5.275286432160804,51.509492462311556,3.794377224171469
5.2979396984924625,51.509492462311556,3.8041682310834686
5.320592964824121,51.509492462311556,3.8110489630912454
5.34324623115578,51.509492462311556,3.8147827675095325
5.365899497487438,51.509492462311556,3.8151712939954807
5.388552763819096,51.509492462311556,3.8120736065825103
5.411206030150755,51.509492462311556,3.805420865339938
5.433859296482412,51.509492462311556,3.7952256421436212
5.456512562814071,51.509492462311556,3.781585460560063
5.479165829145729,51.509492462311556,3.7646806719359445
5.501819095477387,51.509492462311556,3.7447672246191495
5.524472361809046,51.509492462311556,3.722165201113426
5.547125628140703,51.509492462311556,3.697244173787701
5.569778894472362,51.509492462311556,3.6704064815916517
5.59243216080402,51.509492462311556,3.642069497517901
5.6150854271356785,51.509492462311556,3.6126478833286306
5.6377386934673375,51.509492462311556,3.582536747366693
5.660391959798995,51.509492462311556,3.5520965461229155
5.683045226130654,51.509492462311556,3.5216404931043774
5.705698492462312,51.509492462311556,3.4914251386402686
5.72835175879397,51.509492462311556,3.461644638936635
5.751005025125629,51.509492462311556,3.432429029041625
5.773658291457287,51.509492462311556,3.4038465565943783
5.796311557788945,51.509492462311556,3.3759098435022583
5.818964824120604,51.509492462311556,3.348585355797404
5.841618090452261,51.509492462311556,3.321805415640015
5.86427135678392,51.509492462311556,3.29548181465833
5.886924623115578,51.509492462311556,3.269520001545364
5.909577889447236,51.509492462311556,3.243832820122303
5.932231155778895,51.509492462311556,3.2183528546647855
5.954884422110553,51.509492462311556,3.193042577427705
5.977537688442212,51.509492462311556,3.167901668339619
6.00019095477387,51.509492462311556,3.142971072580346
6.022844221105528,51.509492462311556,3.118333569093408
6.045497487437187,51.509492462311556,3.0941108394162455
6.068150753768844,51.509492462311556,3.070457251987794
6.090804020100503,51.509492462311556,3.047550810367416
6.113457286432161,51.509492462311556,3.0255819447482244
6.136110552763819,51.509492462311556,3.0047410334962446
6.158763819095478,51.509492462311556,2.985205693276236
6.181417085427136,51.509492462311556,2.9671289362831033
3.07791959798995,51.525919597989954,7.42473522935986
3.100572864321608,51.525919597989954,7.484537425713562
3.1232261306532667,51.525919597989954,7.528010492311372
3.145879396984925,51.525919597989954,7.554141019910726
3.168532663316583,51.525919597989954,7.562443844845117
3.1911859296482414,51.525919597989954,7.553074784805657
3.2138391959798995,51.525919597989954,7.5269114887072615
3.236492462311558,51.525919597989954,7.4855860617418415
3.259145728643216,51.525919597989954,7.431455698069062
3.2817989949748747,51.525919597989954,7.367502750006191
3.304452261306533,51.525919597989954,7.297162938637171
3.3271055276381913,51.525919597989954,7.224088711842375
3.3497587939698494,51.525919597989954,7.151862782419686
3.3724120603015075,51.525919597989954,7.08368345447688
3.395065326633166,51.525919597989954,7.022047747514508
3.417718592964824,51.525919597989954,6.96846044081517
3.463025125628141,51.525919597989954,6.885150369494441
3.4856783919597993,51.525919597989954,6.851778782133494
3.5083316582914574,51.525919597989954,6.819190172285134
3.530984924623116,51.525919597989954,6.782366362412243
3.553638190954774,51.525919597989954,6.7355428699600255
3.576291457286432,51.525919597989954,6.672735509949625
3.5989447236180907,51.525919597989954,6.5883890018026054
3.621597989949749,51.525919597989954,6.4780995375531365
3.6442512562814073,51.525919597989954,6.339340037470905
3.6669045226130654,51.525919597989954,6.172098328210443
3.689557788944724,51.525919597989954,5.979330391184034
3.712211055276382,51.525919597989954,5.767137782463557
3.7348643216080406,51.525919597989954,5.544602373944575
3.7575175879396987,51.525919597989954,5.323251184945798
3.780170854271357,51.525919597989954,5.116174082823303
3.8028241206030153,51.525919597989954,4.936869553782115
3.8254773869346734,51.525919597989954,4.797939349030317
3.848130653266332,51.525919597989954,4.709782939432462
3.87078391959799,51.525919597989954,4.679451037597292
3.8934371859296486,51.525919597989954,4.709801376287195
3.9160904522613067,51.525919597989954,4.799061402513075
3.9387437185929652,51.525919597989954,4.940847959424041
3.9613969849246233,51.525919597989954,5.124633140084681
3.9840502512562814,51.525919597989954,5.336589328890394
4.00670351758794,51.525919597989954,5.560704664465355
4.0293567839195985,51.525919597989954,5.78003871294237
4.052010050251257,51.525919597989954,5.977987975554325
4.074663316582915,51.525919597989954,6.139448153746327
4.097316582914573,51.525919597989954,6.251787954883446
4.119969849246232,51.525919597989954,6.305580076707408
4.14262311557789,51.525919597989954,6.295062898513979
4.165276381909548,51.525919597989954,6.218328312045383
4.187929648241206,51.525919597989954,6.077247038127209
4.210582914572864,51.525919597989954,5.877154689288661
4.233236180904523,51.525919597989954,5.62633220825613
4.255889447236181,51.525919597989954,5.335324655259438
4.278542713567839,51.525919597989954,5.016152473860368
4.301195979899497,51.525919597989954,4.681477604551329
4.3238492462311555,51.525919597989954,4.343790636507358
4.3465025125628145,51.525919597989954,4.014682424451161
4.369155778894473,51.525919597989954,3.704253378318196
4.391809045226131,51.525919597989954,3.4206968542838347
4.41446231155779,51.525919597989954,3.1700722537405457
4.437115577889448,51.525919597989954,2.9562620398133523
4.459768844221106,51.525919597989954,2.78108839728732
4.482422110552764,51.525919597989954,2.6445523326377263
4.505075376884422,51.525919597989954,2.5451518919415332
4.527728643216081,51.525919597989954,2.4802366465543457
4.550381909547739,51.525919597989954,2.446361276441248
4.573035175879397,51.525919597989954,2.4396099626037255
4.595688442211055,51.525919597989954,2.4558733172244676
4.618341708542713,51.525919597989954,2.4910690336588903
4.640994974874372,51.525919597989954,2.541305212575055
4.6636482412060305,51.525919597989954,2.6029909039508263
4.686301507537689,51.525919597989954,2.6729017777140416
4.708954773869347,51.525919597989954,2.7482103012355314
4.731608040201005,51.525919597989954,2.82648981797627
4.754261306532664,51.525919597989954,2.9057009729395062
4.776914572864322,51.525919597989954,2.9841674472068362
4.79956783919598,51.525919597989954,3.0605462831590278
4.822221105527639,51.525919597989954,3.133796442432467
4.844874371859297,51.525919597989954,3.203147791243099
4.867527638190955,51.525919597989954,3.2680715351180716
4.890180904522613,51.525919597989954,3.3282522609923095
4.912834170854271,51.525919597989954,3.3835611893404116
4.93548743718593,51.525919597989954,3.434029969939318
4.958140703517588,51.525919597989954,3.4798243329949226
4.9807939698492465,51.525919597989954,3.5212170811520798
5.0034472361809055,51.525919597989954,3.5585602167972956
5.026100502512563,51.525919597989954,3.592256377850348
5.048753768844222,51.525919597989954,3.6227301399204492
5.07140703517588,51.525919597989954,3.6504000765448468
5.094060301507538,51.525919597989954,3.6756527081518895
5.116713567839197,51.525919597989954,3.6988195861221405
5.139366834170854,51.525919597989954,3.720158738988471
5.162020100502513,51.525919597989954,3.7398415561694205
5.184673366834171,51.525919597989954,3.7579459150307155
5.207326633165829,51.525919597989954,3.7744559921384164
5.229979899497488,51.525919597989954,3.789268767664563
5.252633165829145,51.525919597989954,3.8022067658148595
5.275286432160804,51.525919597989954,3.8130361108661175
5.2979396984924625,51.525919597989954,3.821488559197369
5.320592964824121,51.525919597989954,3.8272858369993443
5.34324623115578,51.525919597989954,3.8301644147739116
5.365899497487438,51.525919597989954,3.8298988188273286
5.388552763819096,51.525919597989954,3.8263217342972244
5.411206030150755,51.525919597989954,3.8193394845965614
5.433859296482412,51.525919597989954,3.8089419385359804
5.456512562814071,51.525919597989954,3.7952064330422957
5.479165829145729,51.525919597989954,3.778295828347982
5.501819095477387,51.525919597989954,3.7584512625651705
5.524472361809046,51.525919597989954,3.7359804964099537
5.547125628140703,51.525919597989954,3.711242922691196
5.569778894472362,51.525919597989954,3.6846323769096205
5.59243216080402,51.525919597989954,3.656558863012214
5.6150854271356785,51.525919597989954,3.627430243971766
5.6377386934673375,51.525919597989954,3.5976348712695065
5.660391959798995,51.525919597989954,3.5675260515861575
5.683045226130654,51.525919597989954,3.537409164266422
5.705698492462312,51.525919597989954,3.507532128256946
5.72835175879397,51.525919597989954,3.478079750698298
5.751005025125629,51.525919597989954,3.4491722608936333
5.773658291457287,51.525919597989954,3.4208680510870764
5.796311557788945,51.525919597989954,3.39317033607053
5.818964824120604,51.525919597989954,3.3660371456682054
5.841618090452261,51.525919597989954,3.339393817494276
5.86427135678392,51.525919597989954,3.3131469925882713
5.886924623115578,51.525919597989954,3.287199048016895
5.909577889447236,51.525919597989954,3.2614619253340287
5.932231155778895,51.525919597989954,3.2358694154296286
5.954884422110553,51.525919597989954,3.2103871156241794
5.977537688442212,51.525919597989954,3.185019461307708
6.00019095477387,51.525919597989954,3.1598134353609386
6.022844221105528,51.525919597989954,3.134858765630846
6.045497487437187,51.525919597989954,3.110284632626017
6.068150753768844,51.525919597989954,3.0862531282222694
6.090804020100503,51.525919597989954,3.0629499309311266
6.113457286432161,51.525919597989954,3.0405728853667746
6.136110552763819,51.525919597989954,3.019319372583837
6.158763819095478,51.525919597989954,2.999373502797859
3.07791959798995,51.542346733668346,7.474739845573562
3.100572864321608,51.542346733668346,7.5381592429462865
3.1232261306532667,51.542346733668346,7.5854758482901925
3.145879396984925,51.542346733668346,7.615654025224208
3.168532663316583,51.542346733668346,7.628172823988823
3.1911859296482414,51.542346733668346,7.623137222573287
3.2138391959798995,51.542346733668346,7.601358528394761
3.236492462311558,51.542346733668346,7.564387999581075
3.259145728643216,51.542346733668346,7.514490197211308
3.2817989949748747,51.542346733668346,7.4545475619958435
3.304452261306533,51.542346733668346,7.387894699715401
3.3271055276381913,51.542346733668346,7.318088855440727
3.3497587939698494,51.542346733668346,7.248630825110246
3.3724120603015075,51.542346733668346,7.182656983383048
3.395065326633166,51.542346733668346,7.122627518814042
3.463025125628141,51.542346733668346,6.987000213619527
3.4856783919597993,51.542346733668346,6.953009739422094
3.5083316582914574,51.542346733668346,6.919395022333351
3.530984924623116,51.542346733668346,6.881215351435706
3.553638190954774,51.542346733668346,6.832776313752112
3.576291457286432,51.542346733668346,6.768146634892996
3.5989447236180907,51.542346733668346,6.681798099986107
3.621597989949749,51.542346733668346,6.56932152962608
3.6442512562814073,51.542346733668346,6.428148585168767
3.6669045226130654,51.542346733668346,6.258190587940623
3.689557788944724,51.542346733668346,6.062297155623172
3.712211055276382,51.542346733668346,5.8464439101210655
3.7348643216080406,51.542346733668346,5.619581904674294
3.7575175879396987,51.542346733668346,5.39312034270667
3.780170854271357,51.542346733668346,5.180063567749644
3.8028241206030153,51.542346733668346,4.993875328128926
3.8254773869346734,51.542346733668346,4.847188800602174
3.848130653266332,51.542346733668346,4.75051116524511
3.87078391959799,51.542346733668346,4.711080330360618
3.8934371859296486,51.542346733668346,4.7320160871973735
3.9160904522613067,51.542346733668346,4.811870398898421
3.9387437185929652,51.542346733668346,4.94462797930462
3.9613969849246233,51.542346733668346,5.120148379150882
3.9840502512562814,51.542346733668346,5.3249852902272234
4.00670351758794,51.542346733668346,5.543477197724988
4.0293567839195985,51.542346733668346,5.758981732681593
4.052010050251257,51.542346733668346,5.955125110853715
4.074663316582915,51.542346733668346,6.116954284311822
4.097316582914573,51.542346733668346,6.231906264105138
4.119969849246232,51.542346733668346,6.2905392054884475
4.14262311557789,51.542346733668346,6.286997482960668
4.165276381909548,51.542346733668346,6.219205096320184
4.187929648241206,51.542346733668346,6.088798171932858
4.210582914572864,51.542346733668346,5.900819797937008
4.233236180904523,51.542346733668346,5.663211169585063
4.255889447236181,51.542346733668346,5.386143390390151
4.278542713567839,51.542346733668346,5.081244106245125
4.301195979899497,51.542346733668346,4.76078083239503
4.3238492462311555,51.542346733668346,4.436866064259879
4.3465025125628145,51.542346733668346,4.120746079636353
4.369155778894473,51.542346733668346,3.8222250108754947
4.391809045226131,51.542346733668346,3.549259224495445
4.41446231155779,51.542346733668346,3.307736740891922
4.437115577889448,51.542346733668346,3.1014356842884503
4.459768844221106,51.542346733668346,2.9321378983513506
4.482422110552764,51.542346733668346,2.799861405605319
4.505075376884422,51.542346733668346,2.7031695175920945
4.527728643216081,51.542346733668346,2.6395149015246755
4.550381909547739,51.542346733668346,2.6055824497868945
4.573035175879397,51.542346733668346,2.597603451459557
4.595688442211055,51.542346733668346,2.611623334723829
4.618341708542713,51.542346733668346,2.643714483964679
4.640994974874372,51.542346733668346,2.6901332412246757
4.6636482412060305,51.542346733668346,2.7474256673601505
4.686301507537689,51.542346733668346,2.812489933364688
4.708954773869347,51.542346733668346,2.8826046256612017
4.731608040201005,51.542346733668346,2.9554322275831075
4.754261306532664,51.542346733668346,3.0290060602298046
4.776914572864322,51.542346733668346,3.1017074563564133
4.79956783919598,51.542346733668346,3.1722382382019783
4.822221105527639,51.542346733668346,3.239591914059417
4.844874371859297,51.542346733668346,3.3030255520176923
4.867527638190955,51.542346733668346,3.362033117554483
4.890180904522613,51.542346733668346,3.416320210132988
4.912834170854271,51.542346733668346,3.465779604123786
4.93548743718593,51.542346733668346,3.51046676896555
4.958140703517588,51.542346733668346,3.5505745721943374
4.9807939698492465,51.542346733668346,3.586406602502926
5.0034472361809055,51.542346733668346,3.618348923215083
5.026100502512563,51.542346733668346,3.646840508579748
5.048753768844222,51.542346733668346,3.6723430557115275
5.07140703517588,51.542346733668346,3.6953112410440623
5.094060301507538,51.542346733668346,3.716164752835328
5.116713567839197,51.542346733668346,3.735263549432603
5.139366834170854,51.542346733668346,3.752887754348392
5.162020100502513,51.542346733668346,3.7692234089141663
5.184673366834171,51.542346733668346,3.784354980634434
5.207326633165829,51.542346733668346,3.798265100019967
5.229979899497488,51.542346733668346,3.810841507102154
5.252633165829145,51.542346733668346,3.8218906717387826
5.275286432160804,51.542346733668346,3.8311570526176197
5.2979396984924625,51.542346733668346,3.8383465234730565
5.320592964824121,51.542346733668346,3.843152166032447
5.34324623115578,51.542346733668346,3.8452804479209766
5.365899497487438,51.542346733668346,3.8444757998715247
5.388552763819096,51.542346733668346,3.8405417907846635
5.411206030150755,51.542346733668346,3.8333574562919637
5.433859296482412,51.542346733668346,3.8228878228204453
5.456512562814071,51.542346733668346,3.8091882183393153
5.479165829145729,51.542346733668346,3.7924024968306487
5.501819095477387,51.542346733668346,3.77275575797874
5.524472361809046,51.542346733668346,3.7505424722430263
5.547125628140703,51.542346733668346,3.726111112286081
5.569778894472362,51.542346733668346,3.6998464625226415
5.59243216080402,51.542346733668346,3.6721507661986355
5.6150854271356785,51.542346733668346,3.643424813736055
5.6377386934673375,51.542346733668346,3.6140500056922047
5.660391959798995,51.542346733668346,3.5843723476468017
5.683045226130654,51.542346733668346,3.5546892423955527
5.705698492462312,51.542346733668346,3.5252398154292823
5.72835175879397,51.542346733668346,3.496199322142361
5.751005025125629,51.542346733668346,3.4676779316718367
5.773658291457287,51.542346733668346,3.4397238747189443
5.796311557788945,51.542346733668346,3.4123306122739843
5.818964824120604,51.542346733668346,3.3854473715332825
5.841618090452261,51.542346733668346,3.358992146661812
5.86427135678392,51.542346733668346,3.3328661060509512
5.886924623115578,51.542346733668346,3.306968296434233
5.909577889447236,51.542346733668346,3.2812095809292567
5.932231155778895,51.542346733668346,3.25552487198831
5.954884422110553,51.542346733668346,3.229882894708046
5.977537688442212,51.542346733668346,3.2042929160876596
6.00019095477387,51.542346733668346,3.178808084192716
6.022844221105528,51.542346733668346,3.153525229684021
6.045497487437187,51.542346733668346,3.128581190501169
6.068150753768844,51.542346733668346,3.1041459317728766
6.090804020100503,51.542346733668346,3.0804129478517805
6.113457286432161,51.542346733668346,3.057587644163306
6.136110552763819,51.542346733668346,3.0358745841895076
3.100572864321608,51.55877386934674,7.5810868753442415
3.1232261306532667,51.55877386934674,7.631872852784399
3.145879396984925,51.55877386934674,7.6657980390349145
3.168532663316583,51.55877386934674,7.682318677984587
3.1911859296482414,51.55877386934674,7.681499683813527
3.2138391959798995,51.55877386934674,7.664093683726698
3.236492462311558,51.55877386934674,7.631574922289012
3.259145728643216,51.55877386934674,7.586114940253394
3.2817989949748747,51.55877386934674,7.530491677829151
3.304452261306533,51.55877386934674,7.467930308025959
3.3271055276381913,51.55877386934674,7.401881736529487
3.3497587939698494,51.55877386934674,7.335752157309928
3.3724120603015075,51.55877386934674,7.272603292135451
3.395065326633166,51.55877386934674,7.21484733533591
3.4856783919597993,51.55877386934674,7.04893608695666
3.5083316582914574,51.55877386934674,7.015177247054249
3.530984924623116,51.55877386934674,6.9765972364905755
3.553638190954774,51.55877386934674,6.927590699593992
3.576291457286432,51.55877386934674,6.862298165440677
3.5989447236180907,51.55877386934674,6.775234209171103
3.621597989949749,51.55877386934674,6.6619934194424175
3.6442512562814073,51.55877386934674,6.519965308203082
3.6669045226130654,51.55877386934674,6.34897068488759
3.689557788944724,51.55877386934674,6.151723390841521
3.712211055276382,51.55877386934674,5.934027246838225
3.7348643216080406,51.55877386934674,5.704640756064795
3.7575175879396987,51.55877386934674,5.47478021183781
3.780170854271357,51.55877386934674,5.257280458201348
3.8028241206030153,51.55877386934674,5.065483900114481
3.8254773869346734,51.55877386934674,4.9119734036123
3.848130653266332,51.55877386934674,4.80729492699515
3.87078391959799,51.55877386934674,4.758824824555873
3.8934371859296486,51.55877386934674,4.769922175775655
3.9160904522613067,51.55877386934674,4.839470047743993
3.9387437185929652,51.55877386934674,4.961857439109332
3.9613969849246233,51.55877386934674,5.127395117676504
3.9840502512562814,51.55877386934674,5.323104165801631
4.00670351758794,51.55877386934674,5.533775008952359
4.0293567839195985,51.55877386934674,5.74317275573398
4.052010050251257,51.55877386934674,5.935262887777128
4.074663316582915,51.55877386934674,6.0953463465349325
4.097316582914573,51.55877386934674,6.211018620772711
4.119969849246232,51.55877386934674,6.272896603632422
4.14262311557789,51.55877386934674,6.2750841813172205
4.165276381909548,51.55877386934674,6.215369729576528
4.187929648241206,51.55877386934674,6.095165587697995
4.210582914572864,51.55877386934674,5.919212613267029
4.233236180904523,51.55877386934674,5.69508402819287
4.255889447236181,51.55877386934674,5.43253314329844
4.278542713567839,51.55877386934674,5.142739008901188
4.301195979899497,51.55877386934674,4.837511102892384
4.3238492462311555,51.55877386934674,4.528516752500749
4.3465025125628145,51.55877386934674,4.226591352699092
4.369155778894473,51.55877386934674,3.941181015772804
4.391809045226131,51.55877386934674,3.6799510351861784
4.41446231155779,51.55877386934674,3.4485738434547653
4.437115577889448,51.55877386934674,3.2506901565805024
4.459768844221106,51.55877386934674,3.0880198720040286
4.482422110552764,51.55877386934674,2.960587386343179
4.505075376884422,51.55877386934674,2.867020435683459
4.527728643216081,51.55877386934674,2.8048821184327317
4.550381909547739,51.55877386934674,2.7710011673080457
4.573035175879397,51.55877386934674,2.761773945116043
4.595688442211055,51.55877386934674,2.7734211305707275
4.618341708542713,51.55877386934674,2.8021910383571753
4.640994974874372,51.55877386934674,2.844508914658279
4.6636482412060305,51.55877386934674,2.8970768593612775
4.686301507537689,51.55877386934674,2.956932210715002
4.708954773869347,51.55877386934674,3.0214735640096464
4.731608040201005,51.55877386934674,3.088463518563648
4.754261306532664,51.55877386934674,3.1560162269506966
4.776914572864322,51.55877386934674,3.2225762795678943
4.79956783919598,51.55877386934674,3.286893732184349
4.822221105527639,51.55877386934674,3.347998413790639
4.844874371859297,51.55877386934674,3.4051751909685244
4.867527638190955,51.55877386934674,3.457940699404894
4.890180904522613,51.55877386934674,3.5060212202015872
4.912834170854271,51.55877386934674,3.54933088098017
4.93548743718593,51.55877386934674,3.587949177379003
4.958140703517588,51.55877386934674,3.622096898038947
4.9807939698492465,51.55877386934674,3.6521098381547867
5.0034472361809055,51.55877386934674,3.6784101332530668
5.026100502512563,51.55877386934674,3.701475558755476
5.048753768844222,51.55877386934674,3.7218076446038673
5.07140703517588,51.55877386934674,3.7398998781361756
5.094060301507538,51.55877386934674,3.756207557895016
5.116713567839197,51.55877386934674,3.7711209815884206
5.139366834170854,51.55877386934674,3.7849435901772837
5.162020100502513,51.55877386934674,3.7978764548103188
5.184673366834171,51.55877386934674,3.810010109101091
5.207326633165829,51.55877386934674,3.8213242337945896
5.229979899497488,51.55877386934674,3.8316951401192325
5.252633165829145,51.55877386934674,3.8409104221046135
5.275286432160804,51.55877386934674,3.84868960772692
5.2979396984924625,51.55877386934674,3.8547091831111953
5.320592964824121,51.55877386934674,3.8586300378905527
5.34324623115578,51.55877386934674,3.8601252197078244
5.365899497487438,51.55877386934674,3.8589059144849474
5.388552763819096,51.55877386934674,3.8547437892763368
5.411206030150755,51.55877386934674,3.8474882239238024
5.433859296482412,51.55877386934674,3.8370774683967968
5.456512562814071,51.55877386934674,3.823543327119167
5.479165829145729,51.55877386934674,3.807009515535613
5.501819095477387,51.55877386934674,3.7876842929432204
5.524472361809046,51.55877386934674,3.7658483082227017
5.547125628140703,51.55877386934674,3.7418387914757547
5.569778894472362,51.55877386934674,3.7160313030180436
5.59243216080402,51.55877386934674,3.6888202473627025
5.6150854271356785,51.55877386934674,3.660599311713911
5.6377386934673375,51.55877386934674,3.6317429224705426
5.660391959798995,51.55877386934674,3.602589736395225
5.683045226130654,51.55877386934674,3.5734290837962193
5.705698492462312,51.55877386934674,3.5444911371513372
5.72835175879397,51.55877386934674,3.5159413701349593
5.751005025125629,51.55877386934674,3.4878795933975733
5.773658291457287,51.55877386934674,3.4603435202986117
5.796311557788945,51.55877386934674,3.4333164637262845
5.818964824120604,51.55877386934674,3.406738440874366
5.841618090452261,51.55877386934674,3.3805197112000434
5.86427135678392,51.55877386934674,3.35455562468138
5.886924623115578,51.55877386934674,3.3287416230491016
5.909577889447236,51.55877386934674,3.3029873054973535
5.932231155778895,51.55877386934674,3.277228617597636
5.954884422110553,51.55877386934674,3.251437417344188
5.977537688442212,51.55877386934674,3.225627888118243
6.00019095477387,51.55877386934674,3.1998594861787955
6.022844221105528,51.55877386934674,3.174236321867552
6.045497487437187,51.55877386934674,3.148903079375267
6.068150753768844,51.55877386934674,3.1240377836848365
6.090804020100503,51.55877386934674,3.0998419269518833
6.113457286432161,51.55877386934674,3.076528663843207
3.1232261306532667,51.57520100502513,7.6670395379503855
3.145879396984925,51.57520100502513,7.704370807007077
3.168532663316583,51.57520100502513,7.724630787740585
3.1911859296482414,51.57520100502513,7.72785471836165
3.2138391959798995,51.57520100502513,7.714744183378328
3.236492462311558,51.57520100502513,7.686700649322725
3.259145728643216,51.57520100502513,7.645803099505725
3.2817989949748747,51.57520100502513,7.594721658345758
3.304452261306533,51.57520100502513,7.536565375443421
3.3271055276381913,51.57520100502513,7.474669555856964
3.3497587939698494,51.57520100502513,7.412335110383668
3.3724120603015075,51.57520100502513,7.352538404773939
3.530984924623116,51.57520100502513,7.067079446791145
3.553638190954774,51.57520100502513,7.018538934891493
3.576291457286432,51.57520100502513,6.9537467569648825
3.5989447236180907,51.57520100502513,6.8672781764474395
3.621597989949749,51.57520100502513,6.754742830822997
3.6442512562814073,51.57520100502513,6.61348920299984
3.6669045226130654,51.57520100502513,6.4432353609333015
3.689557788944724,51.57520100502513,6.246531394260622
3.712211055276382,51.57520100502513,6.028964441902688
3.7348643216080406,51.57520100502513,5.799039135631774
3.7575175879396987,51.57520100502513,5.56770344848709
3.780170854271357,51.57520100502513,5.347537526117585
3.8028241206030153,51.57520100502513,5.15167348514451
3.8254773869346734,51.57520100502513,4.992558472968202
3.848130653266332,51.57520100502513,4.880703108208721
3.87078391959799,51.57520100502513,4.823566643081518
3.8934371859296486,51.57520100502513,4.8247163127791755
3.9160904522613067,51.57520100502513,4.8833631836426825
3.9387437185929652,51.57520100502513,4.994326361951686
3.9613969849246233,51.57520100502513,5.148420702630067
3.9840502512562814,51.57520100502513,5.333210277795894
4.00670351758794,51.57520100502513,5.5340296842717684
4.0293567839195985,51.57520100502513,5.735153316725262
4.052010050251257,51.57520100502513,5.920990116347386
4.074663316582915,51.57520100502513,6.077194945947323
4.097316582914573,51.57520100502513,6.1916118134100815
4.119969849246232,51.57520100502513,6.254992142627413
4.14262311557789,51.57520100502513,6.261457861198059
4.165276381909548,51.57520100502513,6.208701270617005
4.187929648241206,51.57520100502513,6.0979309707518095
4.210582914572864,51.57520100502513,5.9335866849792325
4.233236180904523,51.57520100502513,5.722857306117365
4.255889447236181,51.57520100502513,5.475046859061134
4.278542713567839,51.57520100502513,5.200842142520461
4.301195979899497,51.57520100502513,4.911542224477792
4.3238492462311555,51.57520100502513,4.61831187042524
4.3465025125628145,51.57520100502513,4.33151687825189
4.369155778894473,51.57520100502513,4.060188764383666
4.391809045226131,51.57520100502513,3.811650307264932
4.41446231155779,51.57520100502513,3.5913143981044744
4.437115577889448,51.57520100502513,3.402649479748444
4.459768844221106,51.57520100502513,3.2472885295525016
4.482422110552764,51.57520100502513,3.125247269524218
4.505075376884422,51.57520100502513,3.0352120943256344
4.527728643216081,51.57520100502513,2.9748588715771636
4.550381909547739,51.57520100502513,2.9411690702462594
4.573035175879397,51.57520100502513,2.930717844489191
4.595688442211055,51.57520100502513,2.939917902982754
4.618341708542713,51.57520100502513,2.965211688958565
4.640994974874372,51.57520100502513,3.0032115490827875
4.6636482412060305,51.57520100502513,3.0507926847220914
4.686301507537689,51.57520100502513,3.1051467159218697
4.708954773869347,51.57520100502513,3.1638049148426424
4.731608040201005,51.57520100502513,3.224640008332851
4.754261306532664,51.57520100502513,3.285854371536589
4.776914572864322,51.57520100502513,3.3459608537456575
4.79956783919598,51.57520100502513,3.4037607266438368
4.822221105527639,51.57520100502513,3.4583215618204806
4.844874371859297,51.57520100502513,3.5089563823148024
4.867527638190955,51.57520100502513,3.555204278686273
4.890180904522613,51.57520100502513,3.5968118717687068
4.912834170854271,51.57520100502513,3.6337145456382243
4.93548743718593,51.57520100502513,3.6660162437428188
4.958140703517588,51.57520100502513,3.6939667761298534
4.9807939698492465,51.57520100502513,3.7179359658055255
5.0034472361809055,51.57520100502513,3.7383844922362375
5.026100502512563,51.57520100502513,3.7558318855917463
5.048753768844222,51.57520100502513,3.770822701009804
5.07140703517588,51.57520100502513,3.7838923804864586
5.094060301507538,51.57520100502513,3.795534629934777
5.116713567839197,51.57520100502513,3.8061722619562137
5.139366834170854,51.57520100502513,3.81613336737939
5.162020100502513,51.57520100502513,3.8256343913995163
5.184673366834171,51.57520100502513,3.8347712346974374
5.207326633165829,51.57520100502513,3.843518923385597
5.229979899497488,51.57520100502513,3.8517397509001263
5.252633165829145,51.57520100502513,3.859199150842624
5.275286432160804,51.57520100502513,3.865587971862395
5.2979396984924625,51.57520100502513,3.8705493480764055
5.320592964824121,51.57520100502513,3.8737080362364154
5.34324623115578,51.57520100502513,3.8746999559217494
5.365899497487438,51.57520100502513,3.873199736413293
5.388552763819096,51.57520100502513,3.868944337154726
5.411206030150755,51.57520100502513,3.861751237342003
5.433859296482412,51.57520100502513,3.851530230920354
5.456512562814071,51.57520100502513,3.838288447102066
5.479165829145729,51.57520100502513,3.822128770873107
5.501819095477387,51.57520100502513,3.8032423017025003
5.524472361809046,51.57520100502513,3.7818958244849514
5.547125628140703,51.57520100502513,3.7584154670709644
5.569778894472362,51.57520100502513,3.733167802625725
5.59243216080402,51.57520100502513,3.706539657470965
5.6150854271356785,51.57520100502513,3.6789178422764124
5.6377386934673375,51.57520100502513,3.650669960898474
5.660391959798995,51.57520100502513,3.622127372090154
5.683045226130654,51.57520100502513,3.5935712716998314
5.705698492462312,51.57520100502513,3.5652227041566587
5.72835175879397,51.57520100502513,3.537237082685785
5.751005025125629,51.57520100502513,3.509703494228244
5.773658291457287,51.57520100502513,3.4826487065772813
5.796311557788945,51.57520100502513,3.456045421555774
5.818964824120604,51.57520100502513,3.429823979948142
5.841618090452261,51.57520100502513,3.4038864687572334
5.86427135678392,51.57520100502513,3.3781220406342296
5.886924623115578,51.57520100502513,3.3524222373990913
5.909577889447236,51.57520100502513,3.3266952006807244
5.932231155778895,51.57520100502513,3.3008778239419225
5.954884422110553,51.57520100502513,3.2749451174455215
5.977537688442212,51.57520100502513,3.248916291002972
6.00019095477387,51.57520100502513,3.2228572884264137
6.022844221105528,51.57520100502513,3.196879723767357
6.045497487437187,51.57520100502513,3.1711363732324362
6.068150753768844,51.57520100502513,3.145813572835026
6.090804020100503,51.57520100502513,3.121121063186521
3.145879396984925,51.59162814070352,7.731342673108799
3.168532663316583,51.59162814070352,7.755040590452775
3.1911859296482414,51.59162814070352,7.762084886065191
3.2138391959798995,51.59162814070352,7.753133361428362
3.236492462311558,51.59162814070352,7.729519027360784
3.259145728643216,51.59162814070352,7.693229361244499
3.2817989949748747,51.59162814070352,7.64682443067954
3.304452261306533,51.59162814070352,7.5932919612761856
3.3271055276381913,51.59162814070352,7.535844189438986
3.3497587939698494,51.59162814070352,7.477668022601917
3.553638190954774,51.59162814070352,7.104124018079848
3.576291457286432,51.59162814070352,7.040954929348735
3.5989447236180907,51.59162814070352,6.956368490050381
3.621597989949749,51.59162814070352,6.846003146481878
3.6442512562814073,51.59162814070352,6.707170068578297
3.6669045226130654,51.59162814070352,6.539474982008402
3.689557788944724,51.59162814070352,6.345278812542259
3.712211055276382,51.59162814070352,6.129909517443376
3.7348643216080406,51.59162814070352,5.901558588683489
3.7575175879396987,51.59162814070352,5.670831803025893
3.780170854271357,51.59162814070352,5.449970173531206
3.8028241206030153,51.59162814070352,5.251806266151512
3.8254773869346734,51.59162814070352,5.0885643485578145
3.848130653266332,51.59162814070352,4.970642047087808
3.87078391959799,51.59162814070352,4.905520383322455
3.8934371859296486,51.59162814070352,4.896935888695726
3.9160904522613067,51.59162814070352,4.944414781835602
3.9387437185929652,51.59162814070352,5.043220735914737
3.9613969849246233,51.59162814070352,5.184713214686152
3.9840502512562814,51.59162814070352,5.357062353808229
4.00670351758794,51.59162814070352,5.54622732318651
4.0293567839195985,51.59162814070352,5.737083303847781
4.052010050251257,51.59162814070352,5.914578786445746
4.074663316582915,51.59162814070352,6.064817073735589
4.097316582914573,51.59162814070352,6.175978286796121
4.119969849246232,51.59162814070352,6.2390247764649684
4.14262311557789,51.59162814070352,6.248158622110496
4.165276381909548,51.59162814070352,6.201021956297424
4.187929648241206,51.59162814070352,6.098648499420626
4.210582914572864,51.59162814070352,5.945188771486663
4.233236180904523,51.59162814070352,5.747443281349555
4.255889447236181,51.59162814070352,5.514248371004846
4.278542713567839,51.59162814070352,5.255768066589692
4.301195979899497,51.59162814070352,4.982751042368221
4.3238492462311555,51.59162814070352,4.705813015570527
4.3465025125628145,51.59162814070352,4.434800296638958
4.369155778894473,51.59162814070352,4.178279575020968
4.391809045226131,51.59162814070352,3.9431833884752265
4.41446231155779,51.59162814070352,3.734622321750564
4.437115577889448,51.59162814070352,3.555856653726405
4.459768844221106,51.59162814070352,3.4084046902925227
4.482422110552764,51.59162814070352,3.2922544335940627
4.505075376884422,51.59162814070352,3.2061404823651856
4.527728643216081,51.59162814070352,3.147848892586422
4.550381909547739,51.59162814070352,3.114517975820477
4.573035175879397,51.59162814070352,3.1029109798484713
4.595688442211055,51.59162814070352,3.1096455189493897
4.618341708542713,51.59162814070352,3.131373020553962
4.640994974874372,51.59162814070352,3.164908334033852
4.6636482412060305,51.59162814070352,3.2073145287989986
4.686301507537689,51.59162814070352,3.2559507563067167
4.708954773869347,51.59162814070352,3.308492129985518
4.731608040201005,51.59162814070352,3.362930310340441
4.754261306532664,51.59162814070352,3.4175623267336186
4.776914572864322,51.59162814070352,3.470973534929467
4.79956783919598,51.59162814070352,3.522018828170373
4.822221105527639,51.59162814070352,3.569804523518048
4.844874371859297,51.59162814070352,3.613671885313822
4.867527638190955,51.59162814070352,3.653182109537696
4.890180904522613,51.59162814070352,3.688101815008366
4.912834170854271,51.59162814070352,3.7183876745859292
4.93548743718593,51.59162814070352,3.744168750642314
4.958140703517588,51.59162814070352,3.765725330800816
4.9807939698492465,51.59162814070352,3.7834635285221516
5.0034472361809055,51.59162814070352,3.797885537659098
5.026100502512563,51.59162814070352,3.8095561184034583
5.048753768844222,51.59162814070352,3.8190665495399423
5.07140703517588,51.59162814070352,3.8269978221956578
5.094060301507538,51.59162814070352,3.8338852048613754
5.116713567839197,51.59162814070352,3.840186435133017
5.139366834170854,51.59162814070352,3.8462556759136697
5.162020100502513,51.59162814070352,3.852325026762377
5.184673366834171,51.59162814070352,3.8584948435837347
5.207326633165829,51.59162814070352,3.8647334498765016
5.229979899497488,51.59162814070352,3.870886089773812
5.252633165829145,51.59162814070352,3.876692250415865
5.275286432160804,51.59162814070352,3.8818098384519306
5.2979396984924625,51.59162814070352,3.8858441925875096
5.320592964824121,51.59162814070352,3.888379596395554
5.34324623115578,51.59162814070352,3.889010850251694
5.365899497487438,51.59162814070352,3.8873725743261267
5.388552763819096,51.59162814070352,3.8831642291688135
5.411206030150755,51.59162814070352,3.8761693166211577
5.433859296482412,51.59162814070352,3.866267801974766
5.456512562814071,51.59162814070352,3.8534414070991336
5.479165829145729,51.59162814070352,3.837771992502468
5.501819095477387,51.59162814070352,3.819433716306572
5.524472361809046,51.59162814070352,3.7986799965836786
5.547125628140703,51.59162814070352,3.775826505752443
5.569778894472362,51.59162814070352,3.7512315121437325
5.59243216080402,51.59162814070352,3.7252748891338365
5.6150854271356785,51.59162814070352,3.6983370714422974
5.6377386934673375,51.59162814070352,3.670779174085239
5.660391959798995,51.59162814070352,3.6429254057733855
5.683045226130654,51.59162814070352,3.6150487910145577
5.705698492462312,51.59162814070352,3.5873610406665746
5.72835175879397,51.59162814070352,3.5600071603791204
5.751005025125629,51.59162814070352,3.5330650586097274
5.773658291457287,51.59162814070352,3.5065500328843484
5.796311557788945,51.59162814070352,3.4804236184733943
5.818964824120604,51.59162814070352,3.4546059321358307
5.841618090452261,51.59162814070352,3.428990385061652
5.86427135678392,51.59162814070352,3.4034595055984855
5.886924623115578,51.59162814070352,3.3779006107194673
5.909577889447236,51.59162814070352,3.352220178589956
5.932231155778895,51.59162814070352,3.326355970370658
5.954884422110553,51.59162814070352,3.3002861898076072
5.977537688442212,51.59162814070352,3.274035221359988
6.00019095477387,51.59162814070352,3.2476757295440857
6.022844221105528,51.59162814070352,3.2213271243111645
6.045497487437187,51.59162814070352,3.1951505999984415
6.068150753768844,51.59162814070352,3.1693411439168755
6.090804020100503,51.59162814070352,3.1441170887283367
3.1911859296482414,51.60805527638191,7.78425675430527
3.2138391959798995,51.60805527638191,7.779276196470325
3.236492462311558,51.60805527638191,7.75998161965356
3.259145728643216,51.60805527638191,7.728270417058538
3.2817989949748747,51.60805527638191,7.686591256394021
3.304452261306533,51.60805527638191,7.637806695125036
3.553638190954774,51.60805527638191,7.182881887801897
3.576291457286432,51.60805527638191,7.122380030674616
3.5989447236180907,51.60805527638191,7.040895309996615
3.621597989949749,51.60805527638191,6.934111303257229
3.6442512562814073,51.60805527638191,6.799308539566479
3.6669045226130654,51.60805527638191,6.635974103811144
3.689557788944724,51.60805527638191,6.446257913200603
3.712211055276382,51.60805527638191,6.23518995718964
3.7348643216080406,51.60805527638191,6.010593009793485
3.7575175879396987,51.60805527638191,5.782660202592504
3.780170854271357,51.60805527638191,5.563211817844996
3.8028241206030153,51.60805527638191,5.364693433123244
3.8254773869346734,51.60805527638191,5.199019599542274
3.848130653266332,51.60805527638191,5.076395623193635
3.87078391959799,51.60805527638191,5.004259071041949
3.8934371859296486,51.60805527638191,4.986470156395091
3.9160904522613067,51.60805527638191,5.022848018583231
3.9387437185929652,51.60805527638191,5.109103688069936
3.9613969849246233,51.60805527638191,5.237168454390219
3.9840502512562814,51.60805527638191,5.395867528230707
4.00670351758794,51.60805527638191,5.571851227279695
4.0293567839195985,51.60805527638191,5.750674405609899
4.052010050251257,51.60805527638191,5.917910644481735
4.074663316582915,51.60805527638191,6.060198372358045
4.097316582914573,51.60805527638191,6.166136722646531
4.119969849246232,51.60805527638191,6.226974012722332
4.14262311557789,51.60805527638191,6.2370565713401485
4.165276381909548,51.60805527638191,6.194027436587111
4.210582914572864,51.60805527638191,5.955205005429261
4.233236180904523,51.60805527638191,5.7697157478111425
4.255889447236181,51.60805527638191,5.550678202136782
4.278542713567839,51.60805527638191,5.3077167511738255
4.301195979899497,51.60805527638191,5.051002789617081
4.3238492462311555,51.60805527638191,4.790568260464475
4.3465025125628145,51.60805527638191,4.5356998705976945
4.369155778894473,51.60805527638191,4.294456596804376
4.391809045226131,51.60805527638191,4.0733377318146236
4.41446231155779,51.60805527638191,3.877110940905631
4.437115577889448,51.60805527638191,3.7087923022122653
4.459768844221106,51.60805527638191,3.5697556799790178
4.482422110552764,51.60805527638191,3.4599389238346543
4.505075376884422,51.60805527638191,3.378110136119162
4.527728643216081,51.60805527638191,3.3221583331685958
4.550381909547739,51.60805527638191,3.2893780949122657
4.573035175879397,51.60805527638191,3.276725614829025
4.595688442211055,51.60805527638191,3.2810322327358623
4.618341708542713,51.60805527638191,3.2991696357451166
4.640994974874372,51.60805527638191,3.3281674934253016
4.6636482412060305,51.60805527638191,3.3652889010577205
4.686301507537689,51.60805527638191,3.40807161768039
4.708954773869347,51.60805527638191,3.4543439753448864
4.731608040201005,51.60805527638191,3.5022239248241114
4.754261306532664,51.60805527638191,3.550108424890641
4.776914572864322,51.60805527638191,3.596658683856449
4.79956783919598,51.60805527638191,3.6407849443161497
4.822221105527639,51.60805527638191,3.6816327926950017
4.844874371859297,51.60805527638191,3.7185715202518326
4.867527638190955,51.60805527638191,3.751183944681452
4.890180904522613,51.60805527638191,3.779256359511635
4.912834170854271,51.60805527638191,3.8027669178668386
4.93548743718593,51.60805527638191,3.8218707577591093
4.958140703517588,51.60805527638191,3.8368804939103773
4.9807939698492465,51.60805527638191,3.848241269297337
5.0034472361809055,51.60805527638191,3.856500290902404
5.026100502512563,51.60805527638191,3.8622715675022112
5.048753768844222,51.60805527638191,3.8661973177509164
5.07140703517588,51.60805527638191,3.868908127623185
5.094060301507538,51.60805527638191,3.870984330352923
5.116713567839197,51.60805527638191,3.8729212107108806
5.139366834170854,51.60805527638191,3.875100483130346
5.162020100502513,51.60805527638191,3.877770077561857
5.184673366834171,51.60805527638191,3.881033635333361
5.207326633165829,51.60805527638191,3.8848503399854595
5.229979899497488,51.60805527638191,3.889044869000116
5.252633165829145,51.60805527638191,3.8933264391755698
5.275286432160804,51.60805527638191,3.8973152124385724
5.2979396984924625,51.60805527638191,3.900573796743888
5.320592964824121,51.60805527638191,3.9026412643103585
5.34324623115578,51.60805527638191,3.9030670385129596
5.365899497487438,51.60805527638191,3.901442167428379
5.388552763819096,51.60805527638191,3.897425877637634
5.411206030150755,51.60805527638191,3.8907658355676835
5.433859296482412,51.60805527638191,3.8813111682152557
5.456512562814071,51.60805527638191,3.8690179358876087
5.479165829145729,51.60805527638191,3.8539473362250627
5.501819095477387,51.60805527638191,3.8362573969591076
5.524472361809046,51.60805527638191,3.8161892554329944
5.547125628140703,51.60805527638191,3.7940493246467586
5.569778894472362,51.60805527638191,3.7701887307914657
5.59243216080402,51.60805527638191,3.744981411012292
5.6150854271356785,51.60805527638191,3.7188022168639363
5.6377386934673375,51.60805527638191,3.692006300219945
5.660391959798995,51.60805527638191,3.664910966729899
5.683045226130654,51.60805527638191,3.6377810521471896
5.705698492462312,51.60805527638191,3.6108186854251962
5.72835175879397,51.60805527638191,3.5841580311438728
5.751005025125629,51.60805527638191,3.5578652525805374
5.773658291457287,51.60805527638191,3.5319435305483955
5.796311557788945,51.60805527638191,3.5063425592420243
5.818964824120604,51.60805527638191,3.4809715765761577
5.841618090452261,51.60805527638191,3.4557147252073683
5.86427135678392,51.60805527638191,3.430447414208232
5.886924623115578,51.60805527638191,3.405052365875191
5.909577889447236,51.60805527638191,3.3794341678116773
5.932231155778895,51.60805527638191,3.3535313710493497
5.954884422110553,51.60805527638191,3.327325439368936
5.977537688442212,51.60805527638191,3.300846127347641
6.00019095477387,51.60805527638191,3.2741731209140004
6.022844221105528,51.60805527638191,3.247434003552681
6.045497487437187,51.60805527638191,3.220798813690156
6.068150753768844,51.60805527638191,3.1944716396537056
3.530984924623116,51.6244824120603,7.295108030585479
3.553638190954774,51.6244824120603,7.253462915252921
3.576291457286432,51.6244824120603,7.19656374724878
3.5989447236180907,51.6244824120603,7.119297253342985
3.621597989949749,51.6244824120603,7.017410840113118
3.6442512562814073,51.6244824120603,6.888164127590689
3.6669045226130654,51.6244824120603,6.730923010046449
3.689557788944724,51.6244824120603,6.547608937906922
3.712211055276382,51.6244824120603,6.342920055534373
3.7348643216080406,51.6244824120603,6.124260077664913
3.7575175879396987,51.6244824120603,5.901344312881051
3.780170854271357,51.6244824120603,5.685495609215115
3.8028241206030153,51.6244824120603,5.4886891079453495
3.8254773869346734,51.6244824120603,5.322445274041581
3.848130653266332,51.6244824120603,5.196698071275852
3.87078391959799,51.6244824120603,5.118773973865562
3.8934371859296486,51.6244824120603,5.092605765754604
3.9160904522613067,51.6244824120603,5.118274630525399
3.9387437185929652,51.6244824120603,5.191930242711741
3.9613969849246233,51.6244824120603,5.30608920945244
3.9840502512562814,51.6244824120603,5.450265794874586
4.00670351758794,51.6244824120603,5.611852768499988
4.0293567839195985,51.6244824120603,5.777149125403579
4.052010050251257,51.6244824120603,5.932426496084101
4.074663316582915,51.6244824120603,6.064935165249004
4.097316582914573,51.6244824120603,6.163769404204876
4.119969849246232,51.6244824120603,6.220535257109109
4.14262311557789,51.6244824120603,6.229787703230402
4.165276381909548,51.6244824120603,6.189225535948913
4.187929648241206,51.6244824120603,6.099650368826946
4.210582914572864,51.6244824120603,5.964711142512303
4.233236180904523,51.6244824120603,5.790468029570473
4.255889447236181,51.6244824120603,5.584820065199811
4.278542713567839,51.6244824120603,5.356848808056351
4.301195979899497,51.6244824120603,5.116134853597217
4.3238492462311555,51.6244824120603,4.87210388064262
4.3465025125628145,51.6244824120603,4.633453308035545
4.369155778894473,51.6244824120603,4.407699665472494
4.391809045226131,51.6244824120603,4.200871628074303
4.41446231155779,51.6244824120603,4.01735644246977
4.437115577889448,51.6244824120603,3.8598907571697025
4.459768844221106,51.6244824120603,3.7296730930406965
4.482422110552764,51.6244824120603,3.6265660959268846
4.505075376884422,51.6244824120603,3.5493530367280703
4.527728643216081,51.6244824120603,3.4960144486878413
4.550381909547739,51.6244824120603,3.4639961729759268
4.573035175879397,51.6244824120603,3.450447826474879
4.595688442211055,51.6244824120603,3.4524191681969807
4.618341708542713,51.6244824120603,3.4670096573766362
4.640994974874372,51.6244824120603,3.4914727592965376
4.6636482412060305,51.6244824120603,3.5232808497514903
4.686301507537689,51.6244824120603,3.5601588992799855
4.708954773869347,51.6244824120603,3.600095771703182
4.731608040201005,51.6244824120603,3.641341377636146
4.754261306532664,51.6244824120603,3.682396536095593
4.776914572864322,51.6244824120603,3.722000617033997
4.79956783919598,51.6244824120603,3.759120176443905
4.822221105527639,51.6244824120603,3.7929400719717536
4.844874371859297,51.6244824120603,3.822857099112071
4.867527638190955,51.6244824120603,3.84847509475291
4.890180904522613,51.6244824120603,3.869599753245847
4.912834170854271,51.6244824120603,3.8862310972126797
4.93548743718593,51.6244824120603,3.898551622512951
4.958140703517588,51.6244824120603,3.9069085501270777
4.9807939698492465,51.6244824120603,3.9117892970827817
5.0034472361809055,51.6244824120603,3.913790129825694
5.026100502512563,51.6244824120603,3.913578875460678
5.048753768844222,51.6244824120603,3.911853422155791
5.07140703517588,51.6244824120603,3.909298431000198
5.094060301507538,51.6244824120603,3.906543120742187
5.116713567839197,51.6244824120603,3.9041231190211687
5.139366834170854,51.6244824120603,3.9024491819575164
5.162020100502513,51.6244824120603,3.9017850900516082
5.184673366834171,51.6244824120603,3.9022362892246027
5.207326633165829,51.6244824120603,3.903749945710934
5.229979899497488,51.6244824120603,3.9061261229422395
5.252633165829145,51.6244824120603,3.90903887158022
5.275286432160804,51.6244824120603,3.9120652451605142
5.2979396984924625,51.6244824120603,3.914719687883043
5.320592964824121,51.6244824120603,3.916490934729361
5.34324623115578,51.6244824120603,3.9168785330401334
5.365899497487438,51.6244824120603,3.9154263240963787
5.388552763819096,51.6244824120603,3.9117506709763337
5.411206030150755,51.6244824120603,3.9055618217548496
5.433859296482412,51.6244824120603,3.8966774785837375
5.456512562814071,51.6244824120603,3.885028324372142
5.479165829145729,51.6244824120603,3.870655869247368
5.501819095477387,51.6244824120603,3.8537034676641317
5.524472361809046,51.6244824120603,3.83440169908502
5.547125628140703,51.6244824120603,3.813049503410581
5.569778894472362,51.6244824120603,3.789992541713076
5.59243216080402,51.6244824120603,3.7656002496758303
5.6150854271356785,51.6244824120603,3.7402429998366324
5.6377386934673375,51.6244824120603,3.7142707103364225
5.660391959798995,51.6244824120603,3.687994134052208
5.683045226130654,51.6244824120603,3.6616699170027385
5.705698492462312,51.6244824120603,3.6354903050223735
5.72835175879397,51.6244824120603,3.6095780852061097
5.751005025125629,51.6244824120603,3.583986974945492
5.773658291457287,51.6244824120603,3.5587072438698426
5.796311557788945,51.6244824120603,3.533675922793756
5.818964824120604,51.6244824120603,3.5087905795251757
5.841618090452261,51.6244824120603,3.4839253784206416
5.86427135678392,51.6244824120603,3.4589480220736593
5.886924623115578,51.6244824120603,3.433736204149988
5.909577889447236,51.6244824120603,3.4081923602012223
5.932231155778895,51.6244824120603,3.382255748971723
5.954884422110553,51.6244824120603,3.3559111857970287
5.977537688442212,51.6244824120603,3.329194043391678
6.00019095477387,51.6244824120603,3.3021914072430523
6.022844221105528,51.6244824120603,3.275039510596418
6.045497487437187,51.6244824120603,3.2479177767837903
6.068150753768844,51.6244824120603,3.221039969822839
3.530984924623116,51.640909547738694,7.352586026478069
3.553638190954774,51.640909547738694,7.31470591714602
3.576291457286432,51.640909547738694,7.262215235862364
3.5989447236180907,51.640909547738694,7.190153252784065
3.621597989949749,51.640909547738694,7.0943518317525385
3.6442512562814073,51.640909547738694,6.972062314582093
3.6669045226130654,51.640909547738694,6.822530795383133
3.689557788944724,51.640909547738694,6.6474377721633555
3.712211055276382,51.640909547738694,6.4511215676406275
3.7348643216080406,51.640909547738694,6.240523107946927
3.7575175879396987,51.640909547738694,6.024821675271058
3.780170854271357,51.640909547738694,5.814772822835148
3.8028241206030153,51.640909547738694,5.621803885541131
3.8254773869346734,51.640909547738694,5.4569614504612005
3.848130653266332,51.640909547738694,5.329831434992261
3.87078391959799,51.640909547738694,5.247560965886785
3.8934371859296486,51.640909547738694,5.214100268958561
3.9160904522613067,51.640909547738694,5.229754126919724
3.9387437185929652,51.640909547738694,5.291091253813223
3.9613969849246233,51.640909547738694,5.3912134573902195
3.9840502512562814,51.640909547738694,5.520342621098246
4.00670351758794,51.640909547738694,5.666649158323173
4.0293567839195985,51.640909547738694,5.817225016922024
4.052010050251257,51.640909547738694,5.9590987111404266
4.074663316582915,51.640909547738694,6.080197419565647
4.097316582914573,51.640909547738694,6.170178081349227
4.119969849246232,51.640909547738694,6.221071144507849
4.14262311557789,51.640909547738694,6.227703241518885
4.165276381909548,51.640909547738694,6.187886005961535
4.187929648241206,51.640909547738694,6.102376394695231
4.210582914572864,51.640909547738694,5.974629206859058
4.233236180904523,51.640909547738694,5.81037534708043
4.255889447236181,51.640909547738694,5.6170698826760574
4.278542713567839,51.640909547738694,5.40326164995371
4.301195979899497,51.640909547738694,5.177940141699534
4.3238492462311555,51.640909547738694,4.949914631879477
4.3465025125628145,51.640909547738694,4.727274369446328
4.369155778894473,51.640909547738694,4.516967460130122
4.391809045226131,51.640909547738694,4.324521019969697
4.41446231155779,51.640909547738694,4.153908423303448
4.437115577889448,51.640909547738694,4.007553458673641
4.459768844221106,51.640909547738694,3.886448242386866
4.482422110552764,51.640909547738694,3.7903534284551785
4.505075376884422,51.640909547738694,3.71804622081259
4.527728643216081,51.640909547738694,3.667583559873477
4.550381909547739,51.640909547738694,3.6365534576811624
4.573035175879397,51.640909547738694,3.6222952150567775
4.595688442211055,51.640909547738694,3.622077567029215
4.618341708542713,51.640909547738694,3.63323135282893
4.640994974874372,51.640909547738694,3.653239237064419
4.6636482412060305,51.640909547738694,3.679788951747674
4.686301507537689,51.640909547738694,3.7107985267963617
4.708954773869347,51.640909547738694,3.744422344845556
4.731608040201005,51.640909547738694,3.779046039343449
4.754261306532664,51.640909547738694,3.813276709806877
4.776914572864322,51.640909547738694,3.845933049596361
4.79956783919598,51.640909547738694,3.876038069899355
4.822221105527639,51.640909547738694,3.902815364272317
4.844874371859297,51.640909547738694,3.92568841887749
4.867527638190955,51.640909547738694,3.9442814070629764
4.890180904522613,51.640909547738694,3.9584192487578767
4.912834170854271,51.640909547738694,3.968124474005446
4.93548743718593,51.640909547738694,3.973608589903608
4.958140703517588,51.640909547738694,3.9752561679748966
4.9807939698492465,51.640909547738694,3.9736006714246206
5.0034472361809055,51.640909547738694,3.9692920271795433
5.026100502512563,51.640909547738694,3.9630569932511577
5.048753768844222,51.640909547738694,3.9556543471564023
5.07140703517588,51.640909547738694,3.9478277032248537
5.094060301507538,51.640909547738694,3.9402592570540635
5.116713567839197,51.640909547738694,3.933527891718083
5.139366834170854,51.640909547738694,3.9280748439067854
5.162020100502513,51.640909547738694,3.9241795453567807
5.184673366834171,51.640909547738694,3.9219473934540687
5.207326633165829,51.640909547738694,3.921310164873515
5.229979899497488,51.640909547738694,3.9220386868570825
5.252633165829145,51.640909547738694,3.9237663450506566
5.275286432160804,51.640909547738694,3.9260211447840527
5.2979396984924625,51.640909547738694,3.928263437891678
5.320592964824121,51.640909547738694,3.9299261277347384
5.34324623115578,51.640909547738694,3.930454180248531
5.365899497487438,51.640909547738694,3.9293405713806795
5.388552763819096,51.640909547738694,3.926156334042202
5.411206030150755,51.640909547738694,3.9205730529592757
5.433859296482412,51.640909547738694,3.9123769064536003
5.456512562814071,51.640909547738694,3.9014740853750425
5.479165829145729,51.640909547738694,3.8878880599933865
5.501819095477387,51.640909547738694,3.871749667397713
5.524472361809046,51.640909547738694,3.853281334642042
5.547125628140703,51.640909547738694,3.8327769439914885
5.569778894472362,51.640909547738694,3.810578914686138
5.59243216080402,51.640909547738694,3.787054059056102
5.6150854271356785,51.640909547738694,3.762569704933477
5.6377386934673375,51.640909547738694,3.737471482158531
5.660391959798995,51.640909547738694,3.7120640500613384
5.683045226130654,51.640909547738694,3.6865958790629065
5.705698492462312,51.640909547738694,3.6612489693634345
5.72835175879397,51.640909547738694,3.6361340758553227
5.751005025125629,51.640909547738694,3.611291613613496
5.773658291457287,51.640909547738694,3.5866979717282215
5.796311557788945,51.640909547738694,3.56227651727237
5.818964824120604,51.640909547738694,3.53791218866853
5.841618090452261,51.640909547738694,3.513468314551993
5.86427135678392,51.640909547738694,3.488804184100231
5.886924623115578,51.640909547738694,3.4637919416194913
5.909577889447236,51.640909547738694,3.438331558086662
5.932231155778895,51.640909547738694,3.4123629033007346
5.954884422110553,51.640909547738694,3.3858742567456197
5.977537688442212,51.640909547738694,3.35890691142486
6.00019095477387,51.640909547738694,3.3315558138186954
6.022844221105528,51.640909547738694,3.303966430448912
6.045497487437187,51.640909547738694,3.2763282353063423
6.068150753768844,51.640909547738694,3.2488653778853225
6.090804020100503,51.640909547738694,3.221825225168309
3.530984924623116,51.657336683417086,7.399298103230768
3.553638190954774,51.657336683417086,7.365699303929152
3.576291457286432,51.657336683417086,7.318281656858129
3.5989447236180907,51.657336683417086,7.252262446475315
3.621597989949749,51.657336683417086,7.163579885834915
3.6442512562814073,51.657336683417086,7.049492162294754
3.6669045226130654,51.657336683417086,6.909130833255151
3.689557788944724,51.657336683417086,6.743928256310332
3.712211055276382,51.657336683417086,6.557841594106006
3.7348643216080406,51.657336683417086,6.357312999770652
3.7575175879396987,51.657336683417086,6.1509359772716286
3.780170854271357,51.657336683417086,5.948837510086976
3.8028241206030153,51.657336683417086,5.761827747540064
3.8254773869346734,51.657336683417086,5.600406166673545
3.848130653266332,51.657336683417086,5.473738204061585
3.87078391959799,51.657336683417086,5.3887245978301825
3.8934371859296486,51.657336683417086,5.349275496159622
3.9160904522613067,51.657336683417086,5.355874617975741
3.9387437185929652,51.657336683417086,5.405480233109355
3.9613969849246233,51.657336683417086,5.491766247374756
3.9840502512562814,51.657336683417086,5.605665518683097
4.00670351758794,51.657336683417086,5.736144955979447
4.0293567839195985,51.657336683417086,5.871121976668121
4.052010050251257,51.657336683417086,5.998425687955446
4.074663316582915,51.657336683417086,6.106712215184649
4.097316582914573,51.657336683417086,6.186258602731851
4.119969849246232,51.657336683417086,6.229579682305347
4.14262311557789,51.657336683417086,6.231833692914006
4.165276381909548,51.657336683417086,6.191002807209345
4.187929648241206,51.657336683417086,6.107852870483984
4.210582914572864,51.657336683417086,5.985692299591036
4.233236180904523,51.657336683417086,5.82996327434972
4.255889447236181,51.657336683417086,5.647708969021456
4.278542713567839,51.657336683417086,5.446968074704857
4.301195979899497,51.657336683417086,5.236151368105906
4.3238492462311555,51.657336683417086,5.023453710993144
4.3465025125628145,51.657336683417086,4.8163482089309255
4.369155778894473,51.657336683417086,4.621197738089133
4.391809045226131,51.657336683417086,4.443004025007848
4.41446231155779,51.657336683417086,4.285298042334667
4.437115577889448,51.657336683417086,4.15016007865378
4.459768844221106,51.657336683417086,4.038345637305314
4.482422110552764,51.657336683417086,3.949485800603383
4.505075376884422,51.657336683417086,3.8823283754632847
4.527728643216081,51.657336683417086,3.8349885520582934
4.550381909547739,51.657336683417086,3.805183749284488
4.573035175879397,51.657336683417086,3.7904351997630408
4.595688442211055,51.657336683417086,3.7882270590290665
4.618341708542713,51.657336683417086,3.796121133672428
4.640994974874372,51.657336683417086,3.811830909551139
4.6636482412060305,51.657336683417086,3.8332621147302937
4.686301507537689,51.657336683417086,3.8585286675371475
4.708954773869347,51.657336683417086,3.885952893817924
4.731608040201005,51.657336683417086,3.914057817325039
4.754261306532664,51.657336683417086,3.94155759696715
4.776914572864322,51.657336683417086,3.967350192469816
4.79956783919598,51.657336683417086,3.990514371491522
4.822221105527639,51.657336683417086,4.010311415122427
4.844874371859297,51.657336683417086,4.02619044908962
4.867527638190955,51.657336683417086,4.037795289439476
4.890180904522613,51.657336683417086,4.044970077943617
4.912834170854271,51.657336683417086,4.047760805286226
4.93548743718593,51.657336683417086,4.046410067346789
4.958140703517588,51.657336683417086,4.0413430301767175
4.9807939698492465,51.657336683417086,4.0331435166908
5.0034472361809055,51.657336683417086,4.022520262632516
5.026100502512563,51.657336683417086,4.0102645849423375
5.048753768844222,51.657336683417086,3.9972018154743925
5.07140703517588,51.657336683417086,3.98413973831927
5.094060301507538,51.657336683417086,3.971817817758717
5.116713567839197,51.657336683417086,3.960861145275814
5.139366834170854,51.657336683417086,3.9517427472712163
5.162020100502513,51.657336683417086,3.944757211853992
5.184673366834171,51.657336683417086,3.940007593065208
5.207326633165829,51.657336683417086,3.9374063521791616
5.229979899497488,51.657336683417086,3.9366898388967435
5.252633165829145,51.657336683417086,3.93744464440611
5.275286432160804,51.657336683417086,3.9391432011337186
5.2979396984924625,51.657336683417086,3.9411853548193436
5.320592964824121,51.657336683417086,3.9429423431295705
5.34324623115578,51.657336683417086,3.943799683683491
5.365899497487438,51.657336683417086,3.943195862044625
5.388552763819096,51.657336683417086,3.940654342746414
5.411206030150755,51.657336683417086,3.9358072094829515
5.433859296482412,51.657336683417086,3.928409574275022
5.456512562814071,51.657336683417086,3.9183446875090655
5.479165829145729,51.657336683417086,3.9056203583386004
5.501819095477387,51.657336683417086,3.89035781235998
5.524472361809046,51.657336683417086,3.8727744554897647
5.547125628140703,51.657336683417086,3.853162192527716
5.569778894472362,51.657336683417086,3.8318629990904034
5.59243216080402,51.657336683417086,3.809243408119479
5.6150854271356785,51.657336683417086,3.7856694840956893
5.6377386934673375,51.657336683417086,3.7614837413845645
5.660391959798995,51.657336683417086,3.7369853195262146
5.683045226130654,51.657336683417086,3.7124145419225316
5.705698492462312,51.657336683417086,3.6879427318639486
5.72835175879397,51.657336683417086,3.663667824578236
5.751005025125629,51.657336683417086,3.639615899563049
5.773658291457287,51.657336683417086,3.6157482943624246
5.796311557788945,51.657336683417086,3.5919735031087456
5.818964824120604,51.657336683417086,3.5681626748932227
5.841618090452261,51.657336683417086,3.5441672653912963
5.86427135678392,51.657336683417086,3.5198372942620706
5.886924623115578,51.657336683417086,3.49503872406778
5.909577889447236,51.657336683417086,3.469668678517119
5.932231155778895,51.657336683417086,3.4436675143594275
5.954884422110553,51.657336683417086,3.4170271018531424
5.977537688442212,51.657336683417086,3.3897950085532758
6.00019095477387,51.657336683417086,3.3620745883750045
6.022844221105528,51.657336683417086,3.3340212359015657
6.045497487437187,51.657336683417086,3.3058352712981844
3.530984924623116,51.67376381909548,7.4347583771198416
3.553638190954774,51.67376381909548,7.405825188817392
3.576291457286432,51.67376381909548,7.364001150825429
3.5989447236180907,51.67376381909548,7.304706346401142
3.621597989949749,51.67376381909548,7.224007663875959
3.6442512562814073,51.67376381909548,7.119187141849244
3.6669045226130654,51.67376381909548,6.989270629626676
3.689557788944724,51.67376381909548,6.835440510736505
3.712211055276382,51.67376381909548,6.661258537308562
3.7348643216080406,51.67376381909548,6.4726406847983755
3.7575175879396987,51.67376381909548,6.277554556234414
3.780170854271357,51.67376381909548,6.08544732913549
3.8028241206030153,51.67376381909548,5.906452227597783
3.8254773869346734,51.67376381909548,5.7504567096060395
3.848130653266332,51.67376381909548,5.626139370426461
3.87078391959799,51.67376381909548,5.540090511988535
3.8934371859296486,51.67376381909548,5.496121990666455
3.9160904522613067,51.67376381909548,5.494847133522734
3.9387437185929652,51.67376381909548,5.533575749617116
3.9613969849246233,51.67376381909548,5.6065288294230795
3.9840502512562814,51.67376381909548,5.70533909142321
4.00670351758794,51.67376381909548,5.8197728124167565
4.0293567839195985,51.67376381909548,5.938589056749313
4.052010050251257,51.67376381909548,6.050445663267662
4.074663316582915,51.67376381909548,6.144765959214257
4.097316582914573,51.67376381909548,6.212493314135863
4.119969849246232,51.67376381909548,6.246678858440936
4.14262311557789,51.67376381909548,6.242867804366913
4.165276381909548,51.67376381909548,6.199269540167983
4.187929648241206,51.67376381909548,6.116714751387911
4.210582914572864,51.67376381909548,5.998418735617875
4.233236180904523,51.67376381909548,5.8495835935006975
4.255889447236181,51.67376381909548,5.676882754159899
4.278542713567839,51.67376381909548,5.487878671333752
4.301195979899497,51.67376381909548,5.290427635041112
4.3238492462311555,51.67376381909548,5.092123720741746
4.3465025125628145,51.67376381909548,4.899826697471018
4.369155778894473,51.67376381909548,4.719306814250807
4.391809045226131,51.67376381909548,4.555024247866611
4.41446231155779,51.67376381909548,4.410044771893366
4.437115577889448,51.67376381909548,4.286078286096904
4.459768844221106,51.67376381909548,4.183615334429575
4.482422110552764,51.67376381909548,4.102130014235599
4.505075376884422,51.67376381909548,4.040316136943818
4.527728643216081,51.67376381909548,3.9963265759964246
4.550381909547739,51.67376381909548,3.9679921452768685
4.573035175879397,51.67376381909548,3.953004460779145
4.595688442211055,51.67376381909548,3.9490554644615083
4.618341708542713,51.67376381909548,3.953933390834586
4.640994974874372,51.67376381909548,3.9655801908417407
4.6636482412060305,51.67376381909548,3.9821185555284284
4.686301507537689,51.67376381909548,4.001857867084789
4.708954773869347,51.67376381909548,4.023288056367547
4.731608040201005,51.67376381909548,4.045068964613238
4.754261306532664,51.67376381909548,4.066020866661818
4.776914572864322,51.67376381909548,4.085119694065897
4.79956783919598,51.67376381909548,4.101498466291899
4.822221105527639,51.67376381909548,4.1144546646733176
4.844874371859297,51.67376381909548,4.1234618638146046
4.867527638190955,51.67376381909548,4.128182923901814
4.890180904522613,51.67376381909548,4.128481477138467
4.912834170854271,51.67376381909548,4.124428327929362
4.93548743718593,51.67376381909548,4.116299723426505
4.958140703517588,51.67376381909548,4.104565200685014
4.9807939698492465,51.67376381909548,4.089863800765901
5.0034472361809055,51.67376381909548,4.072968739326497
5.026100502512563,51.67376381909548,4.054741986246059
5.048753768844222,51.67376381909548,4.036081468009236
5.07140703517588,51.67376381909548,4.017864608505818
5.094060301507538,51.67376381909548,4.000892538912363
5.116713567839197,51.67376381909548,3.9858394548922664
5.139366834170854,51.67376381909548,3.973211256371809
5.162020100502513,51.67376381909548,3.9633168089357826
5.184673366834171,51.67376381909548,3.95625400987291
5.207326633165829,51.67376381909548,3.9519114640868604
5.229979899497488,51.67376381909548,3.9499851400247037
5.252633165829145,51.67376381909548,3.950008051719763
5.275286432160804,51.67376381909548,3.951389947840339
5.2979396984924625,51.67376381909548,3.953463288950303
5.320592964824121,51.67376381909548,3.9555315122814756
5.34324623115578,51.67376381909548,3.956915713831952
5.365899497487438,51.67376381909548,3.9569963642253576
5.388552763819096,51.67376381909548,3.955247423812273
5.411206030150755,51.67376381909548,3.951261120744497
5.433859296482412,51.67376381909548,3.9447625880074373
5.456512562814071,51.67376381909548,3.9356144203622927
5.479165829145729,51.67376381909548,3.923811934086064
5.501819095477387,51.67376381909548,3.9094704479346136
5.524472361809046,51.67376381909548,3.8928062431344967
5.547125628140703,51.67376381909548,3.874113022776192
5.569778894472362,51.67376381909548,3.853735715743652
5.59243216080402,51.67376381909548,3.8320434033600836
5.6150854271356785,51.67376381909548,3.809403028258312
5.6377386934673375,51.67376381909548,3.786155398190916
5.660391959798995,51.67376381909548,3.762594825197956
5.683045226130654,51.67376381909548,3.738953527429528
5.705698492462312,51.67376381909548,3.715391644019485
5.72835175879397,51.67376381909548,3.691993356656921
5.751005025125629,51.67376381909548,3.6687691790872536
5.773658291457287,51.67376381909548,3.645663998895892
5.796311557788945,51.67376381909548,3.622569989284674
5.818964824120604,51.67376381909548,3.5993431172641372
5.841618090452261,51.67376381909548,3.5758217164507213
5.86427135678392,51.67376381909548,3.5518455019498836
5.886924623115578,51.67376381909548,3.5272734848316043
5.909577889447236,51.67376381909548,3.5019994681452933
5.932231155778895,51.67376381909548,3.4759641290697263
5.954884422110553,51.67376381909548,3.4491630595384324
5.977537688442212,51.67376381909548,3.421650502560131
6.00019095477387,51.67376381909548,3.3935388484418025
3.5083316582914574,51.69019095477387,7.475372384509862
3.530984924623116,51.69019095477387,7.458789891567875
3.553638190954774,51.69019095477387,7.434783838330323
3.576291457286432,51.69019095477387,7.398934986408331
3.5989447236180907,51.69019095477387,7.346889321797941
3.621597989949749,51.69019095477387,7.27486424797517
3.6442512562814073,51.69019095477387,7.180183785112965
3.6669045226130654,51.69019095477387,7.061779957580573
3.689557788944724,51.69019095477387,6.92058849663591
3.712211055276382,51.69019095477387,6.759768730337247
3.7348643216080406,51.69019095477387,6.5846921308231865
3.7575175879396987,51.69019095477387,6.402670728170968
3.780170854271357,51.69019095477387,6.222431790822566
3.8028241206030153,51.69019095477387,6.053382826432212
3.8254773869346734,51.69019095477387,5.904744155721506
3.848130653266332,51.69019095477387,5.7846488258553554
3.87078391959799,51.69019095477387,5.699317301289652
3.8934371859296486,51.69019095477387,5.652405925181741
3.9160904522613067,51.69019095477387,5.644605315004834
3.9387437185929652,51.69019095477387,5.673531871539692
3.9613969849246233,51.69019095477387,5.733918196853486
3.9840502512562814,51.69019095477387,5.818072502111218
4.00670351758794,51.69019095477387,5.916548222117287
4.0293567839195985,51.69019095477387,6.018946421305027
4.052010050251257,51.69019095477387,6.114766334422311
4.074663316582915,51.69019095477387,6.194222619993836
4.097316582914573,51.69019095477387,6.248959247482676
4.187929648241206,51.69019095477387,6.129324902757547
4.210582914572864,51.69019095477387,6.013096090239728
4.233236180904523,51.69019095477387,5.8693984063308715
4.255889447236181,51.69019095477387,5.70458612373986
4.278542713567839,51.69019095477387,5.525789285244426
4.301195979899497,51.69019095477387,5.340344660645581
4.3238492462311555,51.69019095477387,5.15527006532613
4.3465025125628145,51.69019095477387,4.97682519435794
4.369155778894473,51.69019095477387,4.810189760301633
4.391809045226131,51.69019095477387,4.659274341433346
4.41446231155779,51.69019095477387,4.526663170022376
4.437115577889448,51.69019095477387,4.413673520584074
4.459768844221106,51.69019095477387,4.320505459763722
4.482422110552764,51.69019095477387,4.246449778430746
4.505075376884422,51.69019095477387,4.190121222804959
4.527728643216081,51.69019095477387,4.149687985488168
4.550381909547739,51.69019095477387,4.123075416179219
4.573035175879397,51.69019095477387,4.10813036457767
4.595688442211055,51.69019095477387,4.10274086590395
4.618341708542713,51.69019095477387,4.10491280616042
4.640994974874372,51.69019095477387,4.1128100796922
4.6636482412060305,51.69019095477387,4.12476742061962
4.686301507537689,51.69019095477387,4.139285799080415
4.708954773869347,51.69019095477387,4.155019499286388
4.731608040201005,51.69019095477387,4.170762280460827
4.754261306532664,51.69019095477387,4.185437850715475
4.776914572864322,51.69019095477387,4.198097628804447
4.79956783919598,51.69019095477387,4.207926674387634
4.822221105527639,51.69019095477387,4.214256876342489
4.844874371859297,51.69019095477387,4.216585077439993
4.867527638190955,51.69019095477387,4.2145928266308434
4.890180904522613,51.69019095477387,4.208163918832801
4.912834170854271,51.69019095477387,4.197395828422045
4.93548743718593,51.69019095477387,4.182601569113782
4.958140703517588,51.69019095477387,4.164299386946078
4.9807939698492465,51.69019095477387,4.143188934881848
5.0034472361809055,51.69019095477387,4.120114057408418
5.026100502512563,51.69019095477387,4.096013862546981
5.048753768844222,51.69019095477387,4.0718651894027325
5.07140703517588,51.69019095477387,4.04862071258475
5.094060301507538,51.69019095477387,4.02714761493261
5.116713567839197,51.69019095477387,4.008171915317513
5.139366834170854,51.69019095477387,3.992233133020521
5.162020100502513,51.69019095477387,3.9796530479717482
5.184673366834171,51.69019095477387,3.970520985454118
5.207326633165829,51.69019095477387,3.964696474991089
5.229979899497488,51.69019095477387,3.9618284974498046
5.252633165829145,51.69019095477387,3.9613890373813594
5.275286432160804,51.69019095477387,3.962717470183695
5.2979396984924625,51.69019095477387,3.9650715569071844
5.320592964824121,51.69019095477387,3.9676805489398017
5.34324623115578,51.69019095477387,3.9697961068951475
5.365899497487438,51.69019095477387,3.970737339240067
5.388552763819096,51.69019095477387,3.9699271509260674
5.411206030150755,51.69019095477387,3.966918125190432
5.433859296482412,51.69019095477387,3.9614072098313047
5.456512562814071,51.69019095477387,3.953239430069206
5.479165829145729,51.69019095477387,3.942401623957571
5.501819095477387,51.69019095477387,3.929007751973026
5.524472361809046,51.69019095477387,3.9132776662495603
5.547125628140703,51.69019095477387,3.895511363926481
5.569778894472362,51.69019095477387,3.8760607396033424
5.59243216080402,51.69019095477387,3.855300745878254
5.6150854271356785,51.69019095477387,3.833601712437954
5.6377386934673375,51.69019095477387,3.8113043892926797
5.660391959798995,51.69019095477387,3.788699072537471
5.683045226130654,51.69019095477387,3.7660099269772913
5.705698492462312,51.69019095477387,3.743385316724425
5.72835175879397,51.69019095477387,3.720894576701192
5.751005025125629,51.69019095477387,3.698531209336259
5.773658291457287,51.69019095477387,3.6762220028610204
5.796311557788945,51.69019095477387,3.6538410952333313
5.818964824120604,51.69019095477387,3.63122761605924
5.841618090452261,51.69019095477387,3.608205285932161
5.86427135678392,51.69019095477387,3.5846022731549905
5.886924623115578,51.69019095477387,3.5602697052012555
5.909577889447236,51.69019095477387,3.5350974796551644
5.932231155778895,51.69019095477387,3.5090263690178007
5.954884422110553,51.69019095477387,3.48205581005723
5.977537688442212,51.69019095477387,3.4542471600004325
6.00019095477387,51.69019095477387,3.425722550269789
3.4856783919597993,51.70661809045226,7.493456354196407
3.5083316582914574,51.70661809045226,7.483888490954016
3.530984924623116,51.70661809045226,7.471523319416362
3.553638190954774,51.70661809045226,7.452597579799237
3.576291457286432,51.70661809045226,7.422977526754985
3.5989447236180907,51.70661809045226,7.378555519296114
3.621597989949749,51.70661809045226,7.315719897477834
3.6442512562814073,51.70661809045226,7.231855083111397
3.6669045226130654,51.70661809045226,7.125813551799908
3.689557788944724,51.70661809045226,6.998292435264639
3.712211055276382,51.70661809045226,6.85204871478952
3.7348643216080406,51.70661809045226,6.691900259647184
3.7575175879396987,51.70661809045226,6.5244847358406
3.780170854271357,51.70661809045226,6.357781219719234
3.8028241206030153,51.70661809045226,6.200434572138268
3.8254773869346734,51.70661809045226,6.060953760146715
3.848130653266332,51.70661809045226,5.94687652074762
3.87078391959799,51.70661809045226,5.864000183419869
3.8934371859296486,51.70661809045226,5.815770954931403
3.9160904522613067,51.70661809045226,5.8029031543986225
3.9387437185929652,51.70661809045226,5.82326966798937
3.9613969849246233,51.70661809045226,5.872070516745325
3.9840502512562814,51.70661809045226,5.942253386515861
4.00670351758794,51.70661809045226,6.0251329366250665
4.14262311557789,51.70661809045226,6.2866649778242785
4.165276381909548,51.70661809045226,6.232467848633787
4.187929648241206,51.70661809045226,6.1457706521607545
4.210582914572864,51.70661809045226,6.029775232819442
4.233236180904523,51.70661809045226,5.889372953323045
4.255889447236181,51.70661809045226,5.730656149578548
4.278542713567839,51.70661809045226,5.560374590986587
4.301195979899497,51.70661809045226,5.38538993041329
4.3238492462311555,51.70661809045226,5.21217823627212
4.3465025125628145,51.70661809045226,5.046422364301724
4.369155778894473,51.70661809045226,4.892723014713669
4.391809045226131,51.70661809045226,4.754441558144666
4.41446231155779,51.70661809045226,4.633671425534968
4.437115577889448,51.70661809045226,4.531320498853126
4.459768844221106,51.70661809045226,4.447276566345042
4.482422110552764,51.70661809045226,4.380622732806754
4.505075376884422,51.70661809045226,4.32986986280246
4.527728643216081,51.70661809045226,4.293177849265642
4.550381909547739,51.70661809045226,4.268545210865728
4.573035175879397,51.70661809045226,4.253955426392379
4.595688442211055,51.70661809045226,4.247476859375543
4.618341708542713,51.70661809045226,4.247319911292184
4.640994974874372,51.70661809045226,4.251859554218903
4.6636482412060305,51.70661809045226,4.259633574487177
4.686301507537689,51.70661809045226,4.269327053417286
4.708954773869347,51.70661809045226,4.279752375533048
4.731608040201005,51.70661809045226,4.289831978335675
4.754261306532664,51.70661809045226,4.2985886422759005
4.776914572864322,51.70661809045226,4.305145723917254
4.79956783919598,51.70661809045226,4.308737577313008
4.822221105527639,51.70661809045226,4.30872860051085
4.844874371859297,51.70661809045226,4.304637939246349
4.867527638190955,51.70661809045226,4.296165910942719
4.890180904522613,51.70661809045226,4.283217711379704
4.912834170854271,51.70661809045226,4.265919965098831
4.93548743718593,51.70661809045226,4.244626192942614
4.958140703517588,51.70661809045226,4.219908271439412
4.9807939698492465,51.70661809045226,4.192532368210985
5.0034472361809055,51.70661809045226,4.163419514283997
5.026100502512563,51.70661809045226,4.133592728737177
5.048753768844222,51.70661809045226,4.104114230851715
5.07140703517588,51.70661809045226,4.076017555390824
5.094060301507538,51.70661809045226,4.050240161704197
5.116713567839197,51.70661809045226,4.0275622926351025
5.139366834170854,51.70661809045226,4.008557365717801
5.162020100502513,51.70661809045226,3.9935581174332975
5.184673366834171,51.70661809045226,3.9826411963038932
5.207326633165829,51.70661809045226,3.9756310973015045
5.229979899497488,51.70661809045226,3.972122469586841
5.252633165829145,51.70661809045226,3.9715181381904037
5.275286432160804,51.70661809045226,3.9730788550600344
5.2979396984924625,51.70661809045226,3.975979973867995
5.320592964824121,51.70661809045226,3.9793699859482063
5.34324623115578,51.70661809045226,3.982426139453297
5.365899497487438,51.70661809045226,3.9844030974944102
5.388552763819096,51.70661809045226,3.9846716329635976
5.411206030150755,51.70661809045226,3.982745547179789
5.433859296482412,51.70661809045226,3.978296182475871
5.456512562814071,51.70661809045226,3.9711549493997573
5.479165829145729,51.70661809045226,3.9613051225362987
5.501819095477387,51.70661809045226,3.948864736049771
5.524472361809046,51.70661809045226,3.934062734219037
5.547125628140703,51.70661809045226,3.917210639723822
5.569778894472362,51.70661809045226,3.898671948617314
5.59243216080402,51.70661809045226,3.878831305190143
5.6150854271356785,51.70661809045226,3.8580653016944386
5.6377386934673375,51.70661809045226,3.8367165166036235
5.660391959798995,51.70661809045226,3.8150721567190757
5.683045226130654,51.70661809045226,3.793348389542315
5.705698492462312,51.70661809045226,3.7716811210423584
5.72835175879397,51.70661809045226,3.750123574683772
5.751005025125629,51.70661809045226,3.728650564518918
5.773658291457287,51.70661809045226,3.707168858990112
5.796311557788945,51.70661809045226,3.6855325568455104
5.818964824120604,51.70661809045226,3.663562007017049
5.841618090452261,51.70661809045226,3.641064558357609
5.86427135678392,51.70661809045226,3.6178553580196464
5.886924623115578,51.70661809045226,3.5937765327864817
5.909577889447236,51.70661809045226,3.56871335889857
5.932231155778895,51.70661809045226,3.542606403954272
5.954884422110553,51.70661809045226,3.5154590511616415
5.977537688442212,51.70661809045226,3.4873402366818103
6.00019095477387,51.70661809045226,3.4583826025157562
3.463025125628141,51.72304522613065,7.494120974490199
3.4856783919597993,51.72304522613065,7.487501913599019
3.5083316582914574,51.72304522613065,7.4815268642839285
3.530984924623116,51.72304522613065,7.4733779716836235
3.553638190954774,51.72304522613065,7.459595014693993
3.576291457286432,51.72304522613065,7.436344610206845
3.5989447236180907,51.72304522613065,7.399782490015996
3.621597989949749,51.72304522613065,7.346486065985836
3.6442512562814073,51.72304522613065,7.273918030030716
3.6669045226130654,51.72304522613065,7.180867225327702
3.689557788944724,51.72304522613065,7.067804360610351
3.712211055276382,51.72304522613065,6.937090821261371
3.7348643216080406,51.72304522613065,6.792990799560712
3.7575175879396987,51.72304522613065,6.641459713782191
3.780170854271357,51.72304522613065,6.4897122398495135
3.8028241206030153,51.72304522613065,6.345606004140706
3.8254773869346734,51.72304522613065,6.216906018690523
3.848130653266332,51.72304522613065,6.1105148479836675
3.87078391959799,51.72304522613065,6.031760699863199
3.8934371859296486,51.72304522613065,5.983829078277947
3.9160904522613067,51.72304522613065,5.967404829834457
3.9387437185929652,51.72304522613065,5.980563916929023
3.9613969849246233,51.72304522613065,6.018922803001084
3.9840502512562814,51.72304522613065,6.076022878267785
4.074663316582915,51.72304522613065,6.324883569574308
4.097316582914573,51.72304522613065,6.351004958097605
4.119969849246232,51.72304522613065,6.350085218825122
4.14262311557789,51.72304522613065,6.319097554975629
4.165276381909548,51.72304522613065,6.257239680808752
4.187929648241206,51.72304522613065,6.165870728481386
4.210582914572864,51.72304522613065,6.04827403919501
4.233236180904523,51.72304522613065,5.909277255689623
4.255889447236181,51.72304522613065,5.754772714682978
4.278542713567839,51.72304522613065,5.5911886279161305
4.301195979899497,51.72304522613065,5.4249639370837555
4.3238492462311555,51.72304522613065,5.262076417722557
4.3465025125628145,51.72304522613065,5.107664683903281
4.369155778894473,51.72304522613065,4.965771209059622
4.391809045226131,51.72304522613065,4.839217204089841
4.41446231155779,51.72304522613065,4.729603640232012
4.437115577889448,51.72304522613065,4.637418417677774
4.459768844221106,51.72304522613065,4.562219740699296
4.482422110552764,51.72304522613065,4.50286132963986
4.505075376884422,51.72304522613065,4.457726219988941
4.527728643216081,51.72304522613065,4.424941573014324
4.550381909547739,51.72304522613065,4.402555454080329
4.573035175879397,51.72304522613065,4.388665990785633
4.595688442211055,51.72304522613065,4.3815019839661495
4.618341708542713,51.72304522613065,4.379460719156725
4.640994974874372,51.72304522613065,4.38111287327018
4.6636482412060305,51.72304522613065,4.385186080153669
4.686301507537689,51.72304522613065,4.39053836784402
4.708954773869347,51.72304522613065,4.396130956922097
4.731608040201005,51.72304522613065,4.401007456835826
4.754261306532664,51.72304522613065,4.404283831986701
4.776914572864322,51.72304522613065,4.40515097510874
4.79956783919598,51.72304522613065,4.402889507500964
4.822221105527639,51.72304522613065,4.396894601644135
4.844874371859297,51.72304522613065,4.386707218913008
4.867527638190955,51.72304522613065,4.372047194607301
4.890180904522613,51.72304522613065,4.35284311966408
4.912834170854271,51.72304522613065,4.32925400738122
4.93548743718593,51.72304522613065,4.301678324273986
4.958140703517588,51.72304522613065,4.2707470927951565
4.9807939698492465,51.72304522613065,4.237299359435069
5.0034472361809055,51.72304522613065,4.202340211115197
5.026100502512563,51.72304522613065,4.1669835030785904
5.048753768844222,51.72304522613065,4.132383290866971
5.07140703517588,51.72304522613065,4.099659403972916
5.094060301507538,51.72304522613065,4.069823469825027
5.116713567839197,51.72304522613065,4.043711875082151
5.139366834170854,51.72304522613065,4.02193160400155
5.162020100502513,51.72304522613065,4.004823678855255
5.184673366834171,51.72304522613065,3.992447187853778
5.207326633165829,51.72304522613065,3.9845848336449015
5.229979899497488,51.72304522613065,3.980768824439551
5.252633165829145,51.72304522613065,3.9803240207582054
5.275286432160804,51.72304522613065,3.9824237708325385
5.2979396984924625,51.72304522613065,3.986152974536239
5.320592964824121,51.72304522613065,3.990572674862289
5.34324623115578,51.72304522613065,3.9947808558740103
5.365899497487438,51.72304522613065,3.997965012386776
5.388552763819096,51.72304522613065,3.9994432800444093
5.411206030150755,51.72304522613065,3.9986922847195885
5.433859296482412,51.72304522613065,3.995361208771904
5.456512562814071,51.72304522613065,3.989272736618699
5.479165829145729,51.72304522613065,3.980412442281627
5.501819095477387,51.72304522613065,3.9689087803093486
5.524472361809046,51.72304522613065,3.9550061504150236
5.547125628140703,51.72304522613065,3.9390335725296746
5.569778894472362,51.72304522613065,3.9213713992694097
5.59243216080402,51.72304522613065,3.902418275693112
5.6150854271356785,51.72304522613065,3.882560287759622
5.6377386934673375,51.72304522613065,3.8621439547511347
5.660391959798995,51.72304522613065,3.841454425394825
5.683045226130654,51.72304522613065,3.820699920140453
5.705698492462312,51.72304522613065,3.800003101444239
5.72835175879397,51.72304522613065,3.779399634164401
5.751005025125629,51.72304522613065,3.7588437226071614
5.773658291457287,51.72304522613065,3.738219908876511
5.796311557788945,51.72304522613065,3.7173599416423535
5.818964824120604,51.72304522613065,3.6960631390589302
5.841618090452261,51.72304522613065,3.6741184320922233
5.86427135678392,51.72304522613065,3.651326220758002
5.886924623115578,51.72304522613065,3.6275183104048527
5.909577889447236,51.72304522613065,3.6025744916138054
5.932231155778895,51.72304522613065,3.576434735670038
5.954884422110553,51.72304522613065,3.5491064371219125
5.977537688442212,51.72304522613065,3.520666586856358
3.463025125628141,51.73947236180905,7.474983121910261
3.4856783919597993,51.73947236180905,7.47148753029518
3.5083316582914574,51.73947236180905,7.469014147536038
3.530984924623116,51.73947236180905,7.465027488414566
3.553638190954774,51.73947236180905,7.4563779423791265
3.576291457286432,51.73947236180905,7.439542712595672
3.5989447236180907,51.73947236180905,7.410953773977134
3.621597989949749,51.73947236180905,7.3673927220556825
3.6442512562814073,51.73947236180905,7.306417053895789
3.6669045226130654,51.73947236180905,7.2267687533123395
3.689557788944724,51.73947236180905,7.128707667697214
3.712211055276382,51.73947236180905,7.0142123608528815
3.7348643216080406,51.73947236180905,6.887001775660121
3.7575175879396987,51.73947236180905,6.752351741154625
3.780170854271357,51.73947236180905,6.616708221707171
3.8028241206030153,51.73947236180905,6.487129406054397
3.8254773869346734,51.73947236180905,6.370615662057123
3.848130653266332,51.73947236180905,6.273405009646892
3.87078391959799,51.73947236180905,6.200318775959412
3.8934371859296486,51.73947236180905,6.154236510375036
3.9160904522613067,51.73947236180905,6.135762411775876
3.9387437185929652,51.73947236180905,6.143120664303405
4.074663316582915,51.73947236180905,6.404025836588452
4.097316582914573,51.73947236180905,6.414953521341292
4.119969849246232,51.73947236180905,6.400379706152759
4.14262311557789,51.73947236180905,6.357816084828656
4.165276381909548,51.73947236180905,6.2868741422439385
4.187929648241206,51.73947236180905,6.189191582433651
4.210582914572864,51.73947236180905,6.0681902224756765
4.233236180904523,51.73947236180905,5.928696451957637
4.255889447236181,51.73947236180905,5.776467317048242
4.278542713567839,51.73947236180905,5.617672969998589
4.301195979899497,51.73947236180905,5.458388534239056
4.3238492462311555,51.73947236180905,5.304144749340165
4.3465025125628145,51.73947236180905,5.1595772396440704
4.369155778894473,51.73947236180905,5.028200020613289
4.391809045226131,51.73947236180905,4.912311952201884
4.41446231155779,51.73947236180905,4.81302788660334
4.437115577889448,51.73947236180905,4.730411909230503
4.459768844221106,51.73947236180905,4.663680471340718
4.482422110552764,51.73947236180905,4.611439490794854
4.505075376884422,51.73947236180905,4.571921575468063
4.527728643216081,51.73947236180905,4.5431962281145655
4.550381909547739,51.73947236180905,4.5233353333666395
4.573035175879397,51.73947236180905,4.510526317719163
4.595688442211055,51.73947236180905,4.50313430843257
4.618341708542713,51.73947236180905,4.499721208246155
4.640994974874372,51.73947236180905,4.499033384970161
4.6636482412060305,51.73947236180905,4.499970816821264
4.686301507537689,51.73947236180905,4.501549619800141
4.708954773869347,51.73947236180905,4.502867659599492
4.731608040201005,51.73947236180905,4.503080118759961
4.754261306532664,51.73947236180905,4.501388980257645
4.776914572864322,51.73947236180905,4.497047724636723
4.79956783919598,51.73947236180905,4.489380266946384
4.822221105527639,51.73947236180905,4.477811320849598
4.844874371859297,51.73947236180905,4.461903969602241
4.867527638190955,51.73947236180905,4.441399257642086
4.890180904522613,51.73947236180905,4.416252133684262
4.912834170854271,51.73947236180905,4.386658138356096
4.93548743718593,51.73947236180905,4.353065886805958
4.958140703517588,51.73947236180905,4.316171649541111
4.9807939698492465,51.73947236180905,4.276894103554684
5.0034472361809055,51.73947236180905,4.23632944314818
5.026100502512563,51.73947236180905,4.195689266438664
5.048753768844222,51.73947236180905,4.15622571414809
5.07140703517588,51.73947236180905,4.119149965369439
5.094060301507538,51.73947236180905,4.085551174482435
5.116713567839197,51.73947236180905,4.0563231289884865
5.139366834170854,51.73947236180905,4.032105282585222
5.162020100502513,51.73947236180905,4.013243436788507
5.184673366834171,51.73947236180905,3.9997733698578597
5.207326633165829,51.73947236180905,3.991428384676749
5.229979899497488,51.73947236180905,3.987669358204789
5.252633165829145,51.73947236180905,3.987733723210554
5.275286432160804,51.73947236180905,3.990698159582923
5.2979396984924625,51.73947236180905,3.9955487984927878
5.320592964824121,51.73947236180905,4.001252520909609
5.34324623115578,51.73947236180905,4.006823421238798
5.365899497487438,51.73947236180905,4.011379568572213
5.388552763819096,51.73947236180905,4.0141866300717854
5.411206030150755,51.73947236180905,4.014686499054052
5.433859296482412,51.73947236180905,4.01251058708234
5.456512562814071,51.73947236180905,4.00747873396712
5.479165829145729,51.73947236180905,3.9995856634998983
5.501819095477387,51.73947236180905,3.9889775320490415
5.524472361809046,51.73947236180905,3.975921403400674
5.547125628140703,51.73947236180905,3.960770497056085
5.569778894472362,51.73947236180905,3.9439278785282195
5.59243216080402,51.73947236180905,3.9258109689357106
5.6150854271356785,51.73947236180905,3.9068189115636818
5.6377386934673375,51.73947236180905,3.8873044836849013
5.660391959798995,51.73947236180905,3.867551893676695
5.683045226130654,51.73947236180905,3.8477614448949686
5.705698492462312,51.73947236180905,3.828041657209556
5.72835175879397,51.73947236180905,3.8084089978562314
5.751005025125629,51.73947236180905,3.7887948872104533
5.773658291457287,51.73947236180905,3.769059139794011
5.796311557788945,51.73947236180905,3.7490085270926365
5.818964824120604,51.73947236180905,3.7284187691567254
5.841618090452261,51.73947236180905,3.707058034040112
5.86427135678392,51.73947236180905,3.684709984621971
5.886924623115578,51.73947236180905,3.661194567265685
5.909577889447236,51.73947236180905,3.63638506022659
5.932231155778895,51.73947236180905,3.6102203410453892
3.463025125628141,51.75589949748744,7.446855784522934
3.4856783919597993,51.75589949748744,7.4463499512318085
3.5083316582914574,51.75589949748744,7.447266639994811
3.530984924623116,51.75589949748744,7.447353628599423
3.553638190954774,51.75589949748744,7.443774627396103
3.576291457286432,51.75589949748744,7.433322678557966
3.5989447236180907,51.75589949748744,7.412714302691446
3.621597989949749,51.75589949748744,7.3789468106799765
3.6442512562814073,51.75589949748744,7.32968703844542
3.6669045226130654,51.75589949748744,7.263646981998108
3.689557788944724,51.75589949748744,7.180893757817598
3.712211055276382,51.75589949748744,7.083041072197589
3.7348643216080406,51.75589949748744,6.9732787436931245
3.7575175879396987,51.75589949748744,6.856215489946314
3.780170854271357,51.75589949748744,6.737535565889451
4.074663316582915,51.75589949748744,6.49054320866664
4.097316582914573,51.75589949748744,6.485954418884927
4.119969849246232,51.75589949748744,6.4570602532168575
4.14262311557789,51.75589949748744,6.401927366876233
4.165276381909548,51.75589949748744,6.32061150865731
4.187929648241206,51.75589949748744,6.215072000977102
4.210582914572864,51.75589949748744,6.088922592925884
4.233236180904523,51.75589949748744,5.947049541746968
4.255889447236181,51.75589949748744,5.795140162464479
4.278542713567839,51.75589949748744,5.6391730241864435
4.301195979899497,51.75589949748744,5.4849232588650185
4.3238492462311555,51.75589949748744,5.337532428844807
4.3465025125628145,51.75589949748744,5.201182281245839
4.369155778894473,51.75589949748744,5.0788967419928435
4.391809045226131,51.75589949748744,4.972478869110361
4.41446231155779,51.75589949748744,4.8825719911240535
4.437115577889448,51.75589949748744,4.8088197247247235
4.459768844221106,51.75589949748744,4.750090213473779
4.482422110552764,51.75589949748744,4.704726871193367
4.505075376884422,51.75589949748744,4.6707909553410865
4.527728643216081,51.75589949748744,4.646269074196194
4.550381909547739,51.75589949748744,4.629229146814084
4.573035175879397,51.75589949748744,4.617919119759845
4.595688442211055,51.75589949748744,4.610811997701928
4.618341708542713,51.75589949748744,4.606607274373129
4.640994974874372,51.75589949748744,4.604202271990284
4.6636482412060305,51.75589949748744,4.602647508154863
4.686301507537689,51.75589949748744,4.601098728160119
4.708954773869347,51.75589949748744,4.598775520744822
4.731608040201005,51.75589949748744,4.594933236504407
4.754261306532664,51.75589949748744,4.588851791097541
4.776914572864322,51.75589949748744,4.579842157679167
4.79956783919598,51.75589949748744,4.5672690394081865
4.822221105527639,51.75589949748744,4.550586359464816
4.844874371859297,51.75589949748744,4.5293807833349
4.867527638190955,51.75589949748744,4.503417497730452
4.890180904522613,51.75589949748744,4.4726819642506115
4.912834170854271,51.75589949748744,4.43741142857251
4.93548743718593,51.75589949748744,4.398110673460625
4.958140703517588,51.75589949748744,4.355547874161929
4.9807939698492465,51.75589949748744,4.310728370976032
5.0034472361809055,51.75589949748744,4.264846533217601
5.026100502512563,51.75589949748744,4.219218382087898
5.048753768844222,51.75589949748744,4.175199954059777
5.07140703517588,51.75589949748744,4.134098217378023
5.094060301507538,51.75589949748744,4.097082456042457
5.116713567839197,51.75589949748744,4.065104254514151
5.139366834170854,51.75589949748744,4.038833509607734
5.162020100502513,51.75589949748744,4.018616336730376
5.184673366834171,51.75589949748744,4.00445850771952
5.207326633165829,51.75589949748744,3.996035429386718
5.229979899497488,51.75589949748744,3.9927269756925545
5.252633165829145,51.75589949748744,3.993673064469661
5.275286432160804,51.75589949748744,3.997844022119294
5.2979396984924625,51.75589949748744,4.004118714992323
5.320592964824121,51.75589949748744,4.01136322669386
5.34324623115578,51.75589949748744,4.018503474984117
5.365899497487438,51.75589949748744,4.02458642454293
5.388552763819096,51.75589949748744,4.028826222848665
5.411206030150755,51.75589949748744,4.030633401934022
5.433859296482412,51.75589949748744,4.029627007971876
5.456512562814071,51.75589949748744,4.025630960648356
5.479165829145729,51.75589949748744,4.018656997986901
5.501819095477387,51.75589949748744,4.0088771993532255
5.524472361809046,51.75589949748744,3.9965893333873628
5.547125628140703,51.75589949748744,3.9821782254038944
5.569778894472362,51.75589949748744,3.966076076447818
5.59243216080402,51.75589949748744,3.9487242871112143
5.6150854271356785,51.75589949748744,3.9305389171528247
5.6377386934673375,51.75589949748744,3.9118814912466173
5.660391959798995,51.75589949748744,3.8930364553040486
5.683045226130654,51.75589949748744,3.874196185878085
5.705698492462312,51.75589949748744,3.855454034731182
5.72835175879397,51.75589949748744,3.8368054334137476
5.751005025125629,51.75589949748744,3.8181565882667807
5.773658291457287,51.75589949748744,3.7993397896360794
5.796311557788945,51.75589949748744,3.780133888763225
5.818964824120604,51.75589949748744,3.7602881229745444
5.841618090452261,51.75589949748744,3.7395472520572146
5.86427135678392,51.75589949748744,3.71767594414843
5.886924623115578,51.75589949748744,3.6944805259640736
5.909577889447236,51.75589949748744,3.669826564961792
5.932231155778895,51.75589949748744,3.6436512285713007
5.954884422110553,51.75589949748744,3.615969901078114
3.463025125628141,51.77232663316583,7.410794490712892
3.4856783919597993,51.77232663316583,7.413148809947544
3.5083316582914574,51.77232663316583,7.417338850429546
3.530984924623116,51.77232663316583,7.4213922335626945
3.553638190954774,51.77232663316583,7.422783839836549
3.576291457286432,51.77232663316583,7.418622752950001
3.5989447236180907,51.77232663316583,7.405913576904282
3.621597989949749,51.77232663316583,7.381876942579667
3.6442512562814073,51.77232663316583,7.344301041583452
3.6669045226130654,51.77232663316583,7.291884165563909
3.689557788944724,51.77232663316583,7.22452055779471
3.712211055276382,51.77232663316583,7.143481259563367
3.7348643216080406,51.77232663316583,7.051449759471558
3.7575175879396987,51.77232663316583,6.952388934864738
3.780170854271357,51.77232663316583,6.851238704666434
4.052010050251257,51.77232663316583,6.582774816879848
4.074663316582915,51.77232663316583,6.582793541524321
4.097316582914573,51.77232663316583,6.5625455375283375
4.119969849246232,51.77232663316583,6.518841923659124
4.14262311557789,51.77232663316583,6.450311576855774
4.165276381909548,51.77232663316583,6.357476845319813
4.187929648241206,51.77232663316583,6.2426549638219875
4.210582914572864,51.77232663316583,6.109700019366567
4.233236180904523,51.77232663316583,5.963616150141734
4.255889447236181,51.77232663316583,5.810085508071779
4.278542713567839,51.77232663316583,5.654962764631385
4.301195979899497,51.77232663316583,5.503790261619004
4.3238492462311555,51.77232663316583,5.36138359822081
4.3465025125628145,51.77232663316583,5.2315267411975
4.369155778894473,51.77232663316583,5.1167999951480345
4.391809045226131,51.77232663316583,5.018545739371097
4.41446231155779,51.77232663316583,4.936958716338887
4.437115577889448,51.77232663316583,4.87127283934772
4.459768844221106,51.77232663316583,4.820007294913879
4.482422110552764,51.77232663316583,4.781232264522148
4.505075376884422,51.77232663316583,4.752818575404907
4.527728643216081,51.77232663316583,4.73264445367184
4.550381909547739,51.77232663316583,4.718743970270538
4.573035175879397,51.77232663316583,4.709393282687209
4.595688442211055,51.77232663316583,4.703140372400243
4.618341708542713,51.77232663316583,4.698790462769013
4.640994974874372,51.77232663316583,4.695362373877272
4.6636482412060305,51.77232663316583,4.692031162136168
4.686301507537689,51.77232663316583,4.688070361849698
4.708954773869347,51.77232663316583,4.6828039544543
4.731608040201005,51.77232663316583,4.675574654910178
4.754261306532664,51.77232663316583,4.6657317696556735
4.776914572864322,51.77232663316583,4.652639012647568
4.79956783919598,51.77232663316583,4.635700322008825
4.822221105527639,51.77232663316583,4.614399850693011
4.844874371859297,51.77232663316583,4.588350852404604
4.867527638190955,51.77232663316583,4.55734714468773
4.890180904522613,51.77232663316583,4.521410271969681
4.912834170854271,51.77232663316583,4.480825526249637
4.93548743718593,51.77232663316583,4.43616071925228
4.958140703517588,51.77232663316583,4.388263076959812
4.9807939698492465,51.77232663316583,4.338231772620628
5.0034472361809055,51.77232663316583,4.287366228319809
5.026100502512563,51.77232663316583,4.237093094988155
5.048753768844222,51.77232663316583,4.188877410867915
5.07140703517588,51.77232663316583,4.1441254932226075
5.094060301507538,51.77232663316583,4.104088357889067
5.116713567839197,51.77232663316583,4.069774711495665
5.139366834170854,51.77232663316583,4.04188177228816
5.162020100502513,51.77232663316583,4.020750427486935
5.184673366834171,51.77232663316583,4.0063487304008065
5.207326633165829,51.77232663316583,3.9982847844755636
5.229979899497488,51.77232663316583,3.9958470274745417
5.252633165829145,51.77232663316583,3.998067207285113
5.275286432160804,51.77232663316583,4.003799276430428
5.2979396984924625,51.77232663316583,4.011806265835
5.320592964824121,51.77232663316583,4.020847024566582
5.34324623115578,51.77232663316583,4.029755469469594
5.365899497487438,51.77232663316583,4.037506480505684
5.388552763819096,51.77232663316583,4.043264521230277
5.411206030150755,51.77232663316583,4.04641314939467
5.433859296482412,51.77232663316583,4.046565530339747
5.456512562814071,51.77232663316583,4.043557667218373
5.479165829145729,51.77232663316583,4.03742720055258
5.501819095477387,51.77232663316583,4.028381279529798
5.524472361809046,51.77232663316583,4.016757217286171
5.547125628140703,51.77232663316583,4.002979508403884
5.569778894472362,51.77232663316583,3.9875164244056416
5.59243216080402,51.77232663316583,3.970838921463952
5.6150854271356785,51.77232663316583,3.953384078600104
5.6377386934673375,51.77232663316583,3.935524784956856
5.660391959798995,51.77232663316583,3.9175469271685097
5.683045226130654,51.77232663316583,3.899634881493066
5.705698492462312,51.77232663316583,3.881865666064427
5.72835175879397,51.77232663316583,3.8642116354745863
5.751005025125629,51.77232663316583,3.846551099354686
5.773658291457287,51.77232663316583,3.8286857404982766
5.796311557788945,51.77232663316583,3.810363242222107
5.818964824120604,51.77232663316583,3.791303168943416
5.841618090452261,51.77232663316583,3.771223936494499
5.86427135678392,51.77232663316583,3.7498686995494546
5.886924623115578,51.77232663316583,3.72702818302377
5.909577889447236,51.77232663316583,3.702558869135836
5.932231155778895,51.77232663316583,3.6763954694756076
5.954884422110553,51.77232663316583,3.6485571913293353
3.463025125628141,51.788753768844224,7.367916466137652
3.4856783919597993,51.788753768844224,7.373016309734589
3.5083316582914574,51.788753768844224,7.380369392127264
3.530984924623116,51.788753768844224,7.3882756742671765
3.553638190954774,51.788753768844224,7.394514414952279
3.576291457286432,51.788753768844224,7.396506051379304
3.5989447236180907,51.788753768844224,7.391542086300403
3.621597989949749,51.788753768844224,7.37707001971388
3.6442512562814073,51.788753768844224,7.351008556424983
3.6669045226130654,51.788753768844224,7.312057398164833
3.689557788944724,51.788753768844224,7.259958680488565
3.712211055276382,51.788753768844224,7.195666169998379
3.7348643216080406,51.788753768844224,7.121385302982461
3.7575175879396987,51.788753768844224,7.040461920725674
3.780170854271357,51.788753768844224,6.957118118296908
4.0293567839195985,51.788753768844224,6.693718688656025
4.052010050251257,51.788753768844224,6.694491685528059
4.074663316582915,51.788753768844224,6.678981751089985
4.097316582914573,51.788753768844224,6.643092346644239
4.119969849246232,51.788753768844224,6.584257287450219
4.14262311557789,51.788753768844224,6.501665860058723
4.165276381909548,51.788753768844224,6.396320770188718
4.187929648241206,51.788753768844224,6.270925786778863
4.210582914572864,51.788753768844224,6.129617368578347
4.233236180904523,51.788753768844224,5.977570845240637
4.255889447236181,51.788753768844224,5.820525060240521
4.278542713567839,51.788753768844224,5.664277981879534
4.301195979899497,51.788753768844224,5.514208192856833
4.3238492462311555,51.788753768844224,5.374872611870362
4.3465025125628145,51.788753768844224,5.24971953784345
4.369155778894473,51.788753768844224,5.140939583260205
4.391809045226131,51.788753768844224,5.049457803735147
4.41446231155779,51.788753768844224,4.975051521340624
4.437115577889448,51.788753768844224,4.916563157790461
4.459768844221106,51.788753768844224,4.872168280698762
4.482422110552764,51.788753768844224,4.839657151737253
4.505075376884422,51.788753768844224,4.816692942875237
4.527728643216081,51.788753768844224,4.801019705534239
4.550381909547739,51.788753768844224,4.790605583844249
4.573035175879397,51.788753768844224,4.7837190015349265
4.595688442211055,51.788753768844224,4.778945498813253
4.618341708542713,51.788753768844224,4.775159347443568
4.640994974874372,51.788753768844224,4.771466814513334
4.6636482412060305,51.788753768844224,4.767137547485066
4.686301507537689,51.788753768844224,4.76153801386988
4.708954773869347,51.788753768844224,4.7540773136098595
4.731608040201005,51.788753768844224,4.744171857434352
4.754261306532664,51.788753768844224,4.731231913924711
4.776914572864322,51.788753768844224,4.714670099938703
4.79956783919598,51.788753768844224,4.693929528054332
4.822221105527639,51.788753768844224,4.668527435777786
4.844874371859297,51.788753768844224,4.638108620006353
4.867527638190955,51.788753768844224,4.602501881322359
4.890180904522613,51.788753768844224,4.5617720350456095
4.912834170854271,51.788753768844224,4.516260019118046
4.93548743718593,51.788753768844224,4.466604367177326
4.958140703517588,51.788753768844224,4.413738884280086
4.9807939698492465,51.788753768844224,4.358863695244393
5.0034472361809055,51.788753768844224,4.303389714218156
5.026100502512563,51.788753768844224,4.248859668939107
5.048753768844222,51.788753768844224,4.196851701707089
5.07140703517588,51.788753768844224,4.148873869562443
5.094060301507538,51.788753768844224,4.10625926173256
5.116713567839197,51.788753768844224,4.070071744964514
5.139366834170854,51.788753768844224,4.041031478495006
5.162020100502513,51.788753768844224,4.019467395890942
5.184673366834171,51.788753768844224,4.005301053404379
5.207326633165829,51.788753768844224,3.998062933630908
5.229979899497488,51.788753768844224,3.9969388892033644
5.252633165829145,51.788753768844224,4.000841357727379
5.275286432160804,51.788753768844224,4.008497672484538
5.2979396984924625,51.788753768844224,4.018546512334954
5.320592964824121,51.788753768844224,4.02963338951357
5.34324623115578,51.788753768844224,4.040496993396676
5.365899497487438,51.788753768844224,4.050039961096179
5.388552763819096,51.788753768844224,4.057379899199997
5.411206030150755,51.788753768844224,4.061878872126226
5.433859296482412,51.788753768844224,4.063151776321921
5.456512562814071,51.788753768844224,4.061055798251111
5.479165829145729,51.788753768844224,4.055664380745223
5.501819095477387,51.788753768844224,4.047229777760045
5.524472361809046,51.788753768844224,4.036138428530369
5.547125628140703,51.788753768844224,4.0228631481479
5.569778894472362,51.788753768844224,4.007915650957123
5.59243216080402,51.788753768844224,3.9918023236348414
5.6150854271356785,51.788753768844224,3.974985543586219
5.6377386934673375,51.788753768844224,3.9578522525985376
5.660391959798995,51.788753768844224,3.940690963470616
5.683045226130654,51.788753768844224,3.923677886607593
5.705698492462312,51.788753768844224,3.9068723873699596
5.72835175879397,51.788753768844224,3.890221498625846
5.751005025125629,51.788753768844224,3.87357270881303
5.773658291457287,51.788753768844224,3.856693741822623
5.796311557788945,51.788753768844224,3.839297584192495
5.818964824120604,51.788753768844224,3.8210706562681342
5.841618090452261,51.788753768844224,3.80170182635353
5.86427135678392,51.788753768844224,3.7809099732890257
5.886924623115578,51.788753768844224,3.758468026856858
5.909577889447236,51.788753768844224,3.734221835347581
5.932231155778895,51.788753768844224,3.7081027719367166
5.954884422110553,51.788753768844224,3.6801336210647
3.463025125628141,51.805180904522615,7.319355804480584
3.4856783919597993,51.805180904522615,7.327108218831532
3.5083316582914574,51.805180904522615,7.3375278903573
3.530984924623116,51.805180904522615,7.349175921271938
3.553638190954774,51.805180904522615,7.360124926974991
3.576291457286432,51.805180904522615,7.368097490686478
3.5989447236180907,51.805180904522615,7.370666367621324
3.621597989949749,51.805180904522615,7.365505499259687
3.6442512562814073,51.805180904522615,7.350670235860779
3.6669045226130654,51.805180904522615,7.324875180417948
3.689557788944724,51.805180904522615,7.287731275935837
3.712211055276382,51.805180904522615,7.23990255927462
3.7348643216080406,51.805180904522615,7.1831489018821655
3.7575175879396987,51.805180904522615,7.120234030955392
3.780170854271357,51.805180904522615,7.0546964256521285
3.87078391959799,51.805180904522615,6.842822122247114
3.8934371859296486,51.805180904522615,6.816860816008025
3.9160904522613067,51.805180904522615,6.803489571923262
3.9387437185929652,51.805180904522615,6.801007275443059
3.9613969849246233,51.805180904522615,6.806251865964732
4.00670351758794,51.805180904522615,6.821630162300114
4.0293567839195985,51.805180904522615,6.821053801401632
4.052010050251257,51.805180904522615,6.807790737163344
4.074663316582915,51.805180904522615,6.777209733427208
4.097316582914573,51.805180904522615,6.725837462302904
4.119969849246232,51.805180904522615,6.651704920553479
4.14262311557789,51.805180904522615,6.554551304370818
4.165276381909548,51.805180904522615,6.4358646978497465
4.187929648241206,51.805180904522615,6.298755690437794
4.210582914572864,51.805180904522615,6.147677689283697
4.233236180904523,51.805180904522615,5.988024429809005
4.255889447236181,51.805180904522615,5.825649019323799
4.278542713567839,51.805180904522615,5.666357819125267
4.301195979899497,51.805180904522615,5.5154349939139555
4.3238492462311555,51.805180904522615,5.3772488009071155
4.3465025125628145,51.805180904522615,5.254978917465484
4.369155778894473,51.805180904522615,5.15048684356423
4.391809045226131,51.805180904522615,5.064331339795624
4.41446231155779,51.805180904522615,4.995911346143351
4.437115577889448,51.805180904522615,4.9437032328182475
4.459768844221106,51.805180904522615,4.90555012776208
4.482422110552764,51.805180904522615,4.878959601292601
4.505075376884422,51.805180904522615,4.861371670588743
4.527728643216081,51.805180904522615,4.850369982332369
4.550381909547739,51.805180904522615,4.84382236597193
4.573035175879397,51.805180904522615,4.839949874019185
4.595688442211055,51.805180904522615,4.837333705735483
4.618341708542713,51.805180904522615,4.834875838059219
4.640994974874372,51.805180904522615,4.831731633235368
4.6636482412060305,51.805180904522615,4.827231859664497
4.686301507537689,51.805180904522615,4.820808583200866
4.708954773869347,51.805180904522615,4.811935421045828
4.731608040201005,51.805180904522615,4.800088606006273
4.754261306532664,51.805180904522615,4.784731718104753
4.776914572864322,51.805180904522615,4.765323987545843
4.79956783919598,51.805180904522615,4.741349708001087
4.822221105527639,51.805180904522615,4.712364382111065
4.844874371859297,51.805180904522615,4.678051645071765
4.867527638190955,51.805180904522615,4.638283776509855
4.890180904522613,51.805180904522615,4.593177832902868
4.912834170854271,51.805180904522615,4.543139304728303
4.93548743718593,51.805180904522615,4.488885911706588
4.958140703517588,51.805180904522615,4.431445791621197
4.9807939698492465,51.805180904522615,4.372126852672234
5.0034472361809055,51.805180904522615,4.312457209838692
5.026100502512563,51.805180904522615,4.254100032139165
5.048753768844222,51.805180904522615,4.198749336413489
5.07140703517588,51.805180904522615,4.14801583210361
5.094060301507538,51.805180904522615,4.103313492908672
5.116713567839197,51.805180904522615,4.065757880432359
5.139366834170854,51.805180904522615,4.036086302136218
5.162020100502513,51.805180904522615,4.014607740450457
5.184673366834171,51.805180904522615,4.001187383446351
5.207326633165829,51.805180904522615,3.9952668951195967
5.229979899497488,51.805180904522615,3.9959177553600123
5.252633165829145,51.805180904522615,4.001921579485351
5.275286432160804,51.805180904522615,4.011868750054638
5.2979396984924625,51.805180904522615,4.024265283481746
5.320592964824121,51.805180904522615,4.037637741737941
5.34324623115578,51.805180904522615,4.050627102364985
5.365899497487438,51.805180904522615,4.062064548542996
5.388552763819096,51.805180904522615,4.071024745138864
5.411206030150755,51.805180904522615,4.076854901826882
5.433859296482412,51.805180904522615,4.079180413232108
5.456512562814071,51.805180904522615,4.07788983765103
5.479165829145729,51.805180904522615,4.073103292247901
5.501819095477387,51.805180904522615,4.065128993583785
5.524472361809046,51.805180904522615,4.054412746789551
5.547125628140703,51.805180904522615,4.0414848321937304
5.569778894472362,51.805180904522615,4.0269081196934335
5.59243216080402,51.805180904522615,4.011230507548563
5.6150854271356785,51.805180904522615,3.994944044534504
5.6377386934673375,51.805180904522615,3.9784524165222916
5.660391959798995,51.805180904522615,3.96204787983738
5.683045226130654,51.805180904522615,3.945898189937751
5.705698492462312,51.805180904522615,3.930043573895995
5.72835175879397,51.805180904522615,3.914403299061818
5.751005025125629,51.805180904522615,3.8987908853306883
5.773658291457287,51.805180904522615,3.8829365080810607
5.796311557788945,51.805180904522615,3.866514683191488
5.818964824120604,51.805180904522615,3.8491749727799576
5.841618090452261,51.805180904522615,3.830573261536194
5.86427135678392,51.805180904522615,3.810401175342869
5.886924623115578,51.805180904522615,3.7884114637232
5.909577889447236,51.805180904522615,3.7644376260688945
3.4856783919597993,51.821608040201006,7.276558951028302
3.5083316582914574,51.821608040201006,7.289966093988369
3.530984924623116,51.821608040201006,7.305251855983617
3.553638190954774,51.821608040201006,7.3207675194228194
3.576291457286432,51.821608040201006,7.334524627951517
3.5989447236180907,51.821608040201006,7.3443675232433225
3.621597989949749,51.821608040201006,7.348192442904874
3.6442512562814073,51.821608040201006,7.34419448870744
3.6669045226130654,51.821608040201006,7.33111471339811
3.689557788944724,51.821608040201006,7.308453265768605
3.712211055276382,51.821608040201006,7.276613148283885
3.7348643216080406,51.821608040201006,7.236944073614925
3.7575175879396987,51.821608040201006,7.191667205725833
3.8934371859296486,51.821608040201006,6.968613698787311
3.9160904522613067,51.821608040201006,6.959086160352617
3.9387437185929652,51.821608040201006,6.956950045838959
3.9613969849246233,51.821608040201006,6.959122473638092
3.9840502512562814,51.821608040201006,6.961468842855791
4.00670351758794,51.821608040201006,6.959166065865297
4.0293567839195985,51.821608040201006,6.947153770859118
4.052010050251257,51.821608040201006,6.920627729298902
4.074663316582915,51.821608040201006,6.87552497293623
4.097316582914573,51.821608040201006,6.8089503237011835
4.119969849246232,51.821608040201006,6.71949933001218
4.14262311557789,51.821608040201006,6.6074425220297766
4.165276381909548,51.821608040201006,6.474749743996145
4.187929648241206,51.821608040201006,6.32494996289226
4.210582914572864,51.821608040201006,6.162839828790829
4.233236180904523,51.821608040201006,5.994071436952712
4.255889447236181,51.821608040201006,5.824664057669237
4.278542713567839,51.821608040201006,5.660493945164362
4.301195979899497,51.821608040201006,5.506819005537157
4.3238492462311555,51.821608040201006,5.3678901990418355
4.3465025125628145,51.821608040201006,5.246689338219838
4.369155778894473,51.821608040201006,5.14481501856146
4.391809045226131,51.821608040201006,5.062517589123458
4.41446231155779,51.821608040201006,4.9988638799285905
4.437115577889448,51.821608040201006,4.951996382060862
4.459768844221106,51.821608040201006,4.91944241300732
4.482422110552764,51.821608040201006,4.898427682407942
4.505075376884422,51.821608040201006,4.886155032332363
4.527728643216081,51.821608040201006,4.880020866721086
4.550381909547739,51.821608040201006,4.877755930843631
4.573035175879397,51.821608040201006,4.877490628154367
4.595688442211055,51.821608040201006,4.8777556352619005
4.618341708542713,51.821608040201006,4.877434985526667
4.640994974874372,51.821608040201006,4.875690990247051
4.6636482412060305,51.821608040201006,4.87187918025919
4.686301507537689,51.821608040201006,4.865468131385109
4.708954773869347,51.821608040201006,4.855974824188948
4.731608040201005,51.821608040201006,4.842922014135141
4.754261306532664,51.821608040201006,4.82582046409482
4.776914572864322,51.821608040201006,4.804175952116577
4.79956783919598,51.821608040201006,4.777518608920129
4.822221105527639,51.821608040201006,4.745450180276873
4.844874371859297,51.821608040201006,4.707703126029896
4.867527638190955,51.821608040201006,4.664204071217318
4.890180904522613,51.821608040201006,4.615133168944326
4.912834170854271,51.821608040201006,4.560970660916837
4.93548743718593,51.821608040201006,4.502522566031717
4.958140703517588,51.821608040201006,4.440919119396681
4.9807939698492465,51.821608040201006,4.377582271280882
5.0034472361809055,51.821608040201006,4.314161981488641
5.026100502512563,51.821608040201006,4.252444786427395
5.048753768844222,51.821608040201006,4.194241665482515
5.07140703517588,51.821608040201006,4.141265093839234
5.094060301507538,51.821608040201006,4.095006938741084
5.116713567839197,51.821608040201006,4.056629280477388
5.139366834170854,51.821608040201006,4.026879233449276
5.162020100502513,51.821608040201006,4.006036496061769
5.184673366834171,51.821608040201006,3.993898929689304
5.207326633165829,51.821608040201006,3.9898073670325234
5.229979899497488,51.821608040201006,3.9927066029503404
5.252633165829145,51.821608040201006,4.001235696237382
5.275286432160804,51.821608040201006,4.013837831871173
5.2979396984924625,51.821608040201006,4.028878437438161
5.320592964824121,51.821608040201006,4.0447601710643
5.34324623115578,51.821608040201006,4.060024707981451
5.365899497487438,51.821608040201006,4.073433635379589
5.388552763819096,51.821608040201006,4.084023764555497
5.411206030150755,51.821608040201006,4.0911352897156315
5.433859296482412,51.821608040201006,4.094414026806723
5.456512562814071,51.821608040201006,4.093791144956009
5.479165829145729,51.821608040201006,4.0894452084224575
5.501819095477387,51.821608040201006,4.081751980263118
5.524472361809046,51.821608040201006,4.071227416271177
5.547125628140703,51.821608040201006,4.058468779692424
5.569778894472362,51.821608040201006,4.044098029724322
5.59243216080402,51.821608040201006,4.028710752562774
5.6150854271356785,51.821608040201006,4.012833038723422
5.6377386934673375,51.821608040201006,3.9968879351516553
5.660391959798995,51.821608040201006,3.9811724348377977
5.683045226130654,51.821608040201006,3.9658453923397428
5.705698492462312,51.821608040201006,3.950926233770588
5.72835175879397,51.821608040201006,3.936303828116257
5.751005025125629,51.821608040201006,3.9217543840925195
5.773658291457287,51.821608040201006,3.906966741527744
5.796311557788945,51.821608040201006,3.8915729756101927
5.818964824120604,51.821608040201006,3.875181884379225
5.841618090452261,51.821608040201006,3.857412748530571
5.86427135678392,51.821608040201006,3.8379267893493823
5.886924623115578,51.821608040201006,3.8164540276602903
5.909577889447236,51.821608040201006,3.792813747011609
5.932231155778895,51.821608040201006,3.7669274310828693
3.4856783919597993,51.8380351758794,7.222442892376862
3.5083316582914574,51.8380351758794,7.238775688063415
3.530984924623116,51.8380351758794,7.2576036669057995
3.553638190954774,51.8380351758794,7.2775390863463
3.576291457286432,51.8380351758794,7.2968659485686285
3.5989447236180907,51.8380351758794,7.313687072306423
3.621597989949749,51.8380351758794,7.326113529723523
3.6442512562814073,51.8380351758794,7.332480395306726
3.6669045226130654,51.8380351758794,7.331564590222458
3.689557788944724,51.8380351758794,7.322774796099068
3.712211055276382,51.8380351758794,7.306281905185889
3.7348643216080406,51.8380351758794,7.283062550951657
3.7575175879396987,51.8380351758794,7.2548380303167
3.9613969849246233,51.8380351758794,7.105789229614968
3.9840502512562814,51.8380351758794,7.102869266797951
4.00670351758794,51.8380351758794,7.092480127077382
4.0293567839195985,51.8380351758794,7.069960233512142
4.074663316582915,51.8380351758794,6.971967822527829
4.097316582914573,51.8380351758794,6.890576706119569
4.119969849246232,51.8380351758794,6.785921814097916
4.14262311557789,51.8380351758794,6.658779176066674
4.165276381909548,51.8380351758794,6.5115884878689005
4.187929648241206,51.8380351758794,6.348299803649524
4.210582914572864,51.8380351758794,6.1740704801160815
4.233236180904523,51.8380351758794,5.9948427521060665
4.255889447236181,51.8380351758794,5.816847084883036
4.278542713567839,51.8380351758794,5.646086151307989
4.301195979899497,51.8380351758794,5.487857110876458
4.3238492462311555,51.8380351758794,5.34636487083869
4.3465025125628145,51.8380351758794,5.224466450801251
4.369155778894473,51.8380351758794,5.123568104044107
4.391809045226131,51.8380351758794,5.043675382478351
4.41446231155779,51.8380351758794,4.983575549400576
4.437115577889448,51.8380351758794,4.941115319174155
4.459768844221106,51.8380351758794,4.913527631690523
4.482422110552764,51.8380351758794,4.89776027705592
4.505075376884422,51.8380351758794,4.89076604979195
4.527728643216081,51.8380351758794,4.889726506864654
4.550381909547739,51.8380351758794,4.892196188004502
4.573035175879397,51.8380351758794,4.896168157960414
4.595688442211055,51.8380351758794,4.900072534092498
4.618341708542713,51.8380351758794,4.902726062307641
4.640994974874372,51.8380351758794,4.903252825014401
4.6636482412060305,51.8380351758794,4.900994738867366
4.686301507537689,51.8380351758794,4.895426974235161
4.708954773869347,51.8380351758794,4.8860890983722625
4.731608040201005,51.8380351758794,4.872538549450382
4.754261306532664,51.8380351758794,4.854329467933994
4.776914572864322,51.8380351758794,4.831017027051429
4.79956783919598,51.8380351758794,4.802185058516155
4.822221105527639,51.8380351758794,4.767492746957718
4.844874371859297,51.8380351758794,4.72673433551663
4.867527638190955,51.8380351758794,4.679904177628853
4.890180904522613,51.8380351758794,4.627258283508089
4.912834170854271,51.8380351758794,4.569363041839158
4.93548743718593,51.8380351758794,4.507122337617976
4.958140703517588,51.8380351758794,4.441776001924724
4.9807939698492465,51.8380351758794,4.374865375685615
5.0034472361809055,51.8380351758794,4.308165470372104
5.026100502512563,51.8380351758794,4.243587296055309
5.048753768844222,51.8380351758794,4.183057835721783
5.07140703517588,51.8380351758794,4.128388320578193
5.094060301507538,51.8380351758794,4.081143454600151
5.116713567839197,51.8380351758794,4.042524759030288
5.139366834170854,51.8380351758794,4.013280154604558
5.162020100502513,51.8380351758794,3.993649356506517
5.184673366834171,51.8380351758794,3.983350896664322
5.207326633165829,51.8380351758794,3.9816120554767447
5.229979899497488,51.8380351758794,3.987238261871796
5.252633165829145,51.8380351758794,3.9987142509117994
5.275286432160804,51.8380351758794,4.014326052952776
5.2979396984924625,51.8380351758794,4.032291168335659
5.320592964824121,51.8380351758794,4.0508842443162365
5.34324623115578,51.8380351758794,4.068547112914247
5.365899497487438,51.8380351758794,4.083974806388218
5.388552763819096,51.8380351758794,4.0961726094742295
5.411206030150755,51.8380351758794,4.104482756559091
5.433859296482412,51.8380351758794,4.108582531718916
5.456512562814071,51.8380351758794,4.108457929780846
5.479165829145729,51.8380351758794,4.104358527434211
5.501819095477387,51.8380351758794,4.096739812660843
5.524472361809046,51.8380351758794,4.086199077372934
5.547125628140703,51.8380351758794,4.0734103113854605
5.569778894472362,51.8380351758794,4.0590625771083015
5.59243216080402,51.8380351758794,4.043805292853785
5.6150854271356785,51.8380351758794,4.028202850209892
5.6377386934673375,51.8380351758794,4.012700114320884
5.660391959798995,51.8380351758794,3.997599623795738
5.683045226130654,51.8380351758794,3.983050695911999
5.705698492462312,51.8380351758794,3.9690501082763703
5.72835175879397,51.8380351758794,3.955453525672212
5.751005025125629,51.8380351758794,3.9419963439931434
5.773658291457287,51.8380351758794,3.928322134656794
5.796311557788945,51.8380351758794,3.914016426970624
5.818964824120604,51.8380351758794,3.898643221234121
5.841618090452261,51.8380351758794,3.8817814497913026
5.86427135678392,51.8380351758794,3.8630586541711667
5.886924623115578,51.8380351758794,3.8421794519093297
5.909577889447236,51.8380351758794,3.8189469123144923
5.932231155778895,51.8380351758794,3.793275687393879
5.954884422110553,51.8380351758794,3.765196558140473
5.977537688442212,51.8380351758794,3.734852847146755
6.00019095477387,51.8380351758794,3.702489813288778
6.339989949748745,51.8380351758794,3.2408146718181423
6.362643216080402,51.8380351758794,3.224548057034043
6.385296482412061,51.8380351758794,3.210450045060484
3.530984924623116,51.85446231155779,7.207236256519847
3.553638190954774,51.85446231155779,7.2314419838622435
3.576291457286432,51.85446231155779,7.256109043215823
3.5989447236180907,51.85446231155779,7.279582837505405
3.621597989949749,51.85446231155779,7.300178996421117
3.6442512562814073,51.85446231155779,7.316370157542945
3.6669045226130654,51.85446231155779,7.326976333543719
3.689557788944724,51.85446231155779,7.331332563374978
3.712211055276382,51.85446231155779,7.329405976982787
4.074663316582915,51.85446231155779,7.064617540397238
4.097316582914573,51.85446231155779,6.9688878589605405
4.119969849246232,51.85446231155779,6.849271780702937
4.14262311557789,51.85446231155779,6.707018736449278
4.165276381909548,51.85446231155779,6.5450186612528345
4.187929648241206,51.85446231155779,6.367636715918375
4.210582914572864,51.85446231155779,6.180399333368497
4.233236180904523,51.85446231155779,5.9895618431959
4.255889447236181,51.85446231155779,5.801603086595062
4.278542713567839,51.85446231155779,5.622702455900764
4.301195979899497,51.85446231155779,5.458257786107875
4.3238492462311555,51.85446231155779,5.312497498357714
4.3465025125628145,51.85446231155779,5.188227612008373
4.369155778894473,51.85446231155779,5.086735393140444
4.391809045226131,51.85446231155779,5.007849475343547
4.41446231155779,51.85446231155779,4.950135050535627
4.437115577889448,51.85446231155779,4.91118596007977
4.459768844221106,51.85446231155779,4.887966098774158
4.482422110552764,51.85446231155779,4.877151737047897
4.505075376884422,51.85446231155779,4.8754335186750986
4.527728643216081,51.85446231155779,4.879749690378915
4.550381909547739,51.85446231155779,4.887437307750708
4.573035175879397,51.85446231155779,4.8963024643807405
4.595688442211055,51.85446231155779,4.9046215405571
4.618341708542713,51.85446231155779,4.911091867807602
4.640994974874372,51.85446231155779,4.9147521410895205
4.6636482412060305,51.85446231155779,4.9148913918894985
4.686301507537689,51.85446231155779,4.910961771949764
4.708954773869347,51.85446231155779,4.902506109897692
4.731608040201005,51.85446231155779,4.8891071157335455
4.754261306532664,51.85446231155779,4.870361655441786
4.776914572864322,51.85446231155779,4.845880727019937
4.79956783919598,51.85446231155779,4.815313436518946
4.822221105527639,51.85446231155779,4.778391157060673
4.844874371859297,51.85446231155779,4.734986026966109
4.867527638190955,51.85446231155779,4.685176067785938
4.890180904522613,51.85446231155779,4.62930772844663
4.912834170854271,51.85446231155779,4.5680459477254685
4.93548743718593,51.85446231155779,4.502402221386042
4.958140703517588,51.85446231155779,4.433732867572852
4.9807939698492465,51.85446231155779,4.363702671844051
5.0034472361809055,51.85446231155779,4.294213063750034
5.026100502512563,51.85446231155779,4.227298416296857
5.048753768844222,51.85446231155779,4.164998343287133
5.07140703517588,51.85446231155779,4.1092173842120125
5.094060301507538,51.85446231155779,4.061585711609216
5.116713567839197,51.85446231155779,4.0233351442630125
5.139366834170854,51.85446231155779,3.995203672074568
5.162020100502513,51.85446231155779,3.9773789700361393
5.184673366834171,51.85446231155779,3.9694872806899824
5.207326633165829,51.85446231155779,3.970629055787952
5.229979899497488,51.85446231155779,3.9794575109968457
5.252633165829145,51.85446231155779,3.9942914893748753
5.275286432160804,51.85446231155779,4.013250440359069
5.2979396984924625,51.85446231155779,4.034397416160788
5.320592964824121,51.85446231155779,4.055875992521251
5.34324623115578,51.85446231155779,4.076028822057493
5.365899497487438,51.85446231155779,4.093488706484827
5.388552763819096,51.85446231155779,4.107237010305802
5.411206030150755,51.85446231155779,4.116628261484923
5.433859296482412,51.85446231155779,4.121383310609968
5.456512562814071,51.85446231155779,4.121556052828613
5.479165829145729,51.85446231155779,4.117480286796263
5.501819095477387,51.85446231155779,4.109703830377628
5.524472361809046,51.85446231155779,4.098916722265877
5.547125628140703,51.85446231155779,4.085879476249029
5.569778894472362,51.85446231155779,4.071356191919947
5.59243216080402,51.85446231155779,4.056056090541736
5.6150854271356785,51.85446231155779,4.040585895731354
5.6377386934673375,51.85446231155779,4.025414497853046
5.660391959798995,51.85446231155779,4.01085054454628
5.683045226130654,51.85446231155779,3.9970329569772716
5.705698492462312,51.85446231155779,3.9839338281994694
5.72835175879397,51.85446231155779,3.971372662369741
5.751005025125629,51.85446231155779,3.9590404264762937
5.773658291457287,51.85446231155779,3.9465314062631087
5.796311557788945,51.85446231155779,3.9333804166035513
5.818964824120604,51.85446231155779,3.9191025735968927
5.841618090452261,51.85446231155779,3.903232663940394
5.86427135678392,51.85446231155779,3.885361211317027
5.886924623115578,51.85446231155779,3.8651646742939736
5.909577889447236,51.85446231155779,3.842427804477822
5.932231155778895,51.85446231155779,3.81705698589018
5.954884422110553,51.85446231155779,3.789084264067557
5.977537688442212,51.85446231155779,3.758662633667317
6.00019095477387,51.85446231155779,3.7260538710513265
6.022844221105528,51.85446231155779,3.691610690017903
6.045497487437187,51.85446231155779,3.6557552282359076
6.068150753768844,51.85446231155779,3.6189558513289253
6.090804020100503,51.85446231155779,3.581704041644987
6.113457286432161,51.85446231155779,3.544492790964668
6.136110552763819,51.85446231155779,3.5077975144794635
6.294683417085428,51.85446231155779,3.295810135206629
6.317336683417086,51.85446231155779,3.2745161464686134
6.339989949748745,51.85446231155779,3.2556561514282216
6.362643216080402,51.85446231155779,3.2391554075563316
6.430603015075377,51.85446231155779,3.202453309961655
6.453256281407036,51.85446231155779,3.1938776906484048
6.475909547738693,51.85446231155779,3.1867721985291175
3.576291457286432,51.87088944723618,7.213119965074628
3.5989447236180907,51.87088944723618,7.2428963415661975
3.621597989949749,51.87088944723618,7.27119217898285
3.6442512562814073,51.87088944723618,7.296612971880005
3.6669045226130654,51.87088944723618,7.318026891106035
4.052010050251257,51.87088944723618,7.236400695999645
4.074663316582915,51.87088944723618,7.151637066128347
4.097316582914573,51.87088944723618,7.042128933248551
4.119969849246232,51.87088944723618,6.907917886381955
4.14262311557789,51.87088944723618,6.750689539329009
4.165276381909548,51.87088944723618,6.573757555776032
4.187929648241206,51.87088944723618,6.381887957855189
4.210582914572864,51.87088944723618,6.180975554158075
4.233236180904523,51.87088944723618,5.977602521154633
4.255889447236181,51.87088944723618,5.778524641545648
4.278542713567839,51.87088944723618,5.590140986395894
4.301195979899497,51.87088944723618,5.418005979344938
4.3238492462311555,51.87088944723618,5.266437790230443
4.3465025125628145,51.87088944723618,5.138264142189892
4.369155778894473,51.87088944723618,5.034727591412793
4.391809045226131,51.87088944723618,4.955550165072638
4.41446231155779,51.87088944723618,4.899135738585695
4.437115577889448,51.87088944723618,4.862871523567233
4.459768844221106,51.87088944723618,4.843480448595672
4.482422110552764,51.87088944723618,4.8373753362472165
4.505075376884422,51.87088944723618,4.840972959885185
4.527728643216081,51.87088944723618,4.850938957628952
4.550381909547739,51.87088944723618,4.864349880572587
4.573035175879397,51.87088944723618,4.878773039333719
4.595688442211055,51.87088944723618,4.892275803896904
4.618341708542713,51.87088944723618,4.903382428128124
4.640994974874372,51.87088944723618,4.910998438237651
4.6636482412060305,51.87088944723618,4.914321195117353
4.686301507537689,51.87088944723618,4.912751842297964
4.708954773869347,51.87088944723618,4.90581979272332
4.731608040201005,51.87088944723618,4.893127071458602
4.754261306532664,51.87088944723618,4.874316596281694
4.776914572864322,51.87088944723618,4.84906581703102
4.79956783919598,51.87088944723618,4.81710480691036
4.822221105527639,51.87088944723618,4.778255651556424
4.844874371859297,51.87088944723618,4.732487702797762
4.867527638190955,51.87088944723618,4.679981058115917
4.890180904522613,51.87088944723618,4.621188803487677
4.912834170854271,51.87088944723618,4.55688754340454
4.93548743718593,51.87088944723618,4.488205945545085
4.958140703517588,51.87088944723618,4.416622694129263
4.9807939698492465,51.87088944723618,4.343928353530725
5.0034472361809055,51.87088944723618,4.2721498739104575
5.026100502512563,51.87088944723618,4.203441263650695
5.048753768844222,51.87088944723618,4.1399486252278415
5.07140703517588,51.87088944723618,4.0836616279060305
5.094060301507538,51.87088944723618,4.036266018037059
5.116713567839197,51.87088944723618,3.9990125752495986
5.139366834170854,51.87088944723618,3.9726168491758793
5.162020100502513,51.87088944723618,3.957201114082347
5.184673366834171,51.87088944723618,3.952285541717602
5.207326633165829,51.87088944723618,3.9568301263523815
5.229979899497488,51.87088944723618,3.969323107240556
5.252633165829145,51.87088944723618,3.987906341597829
5.275286432160804,51.87088944723618,4.010524078327425
5.2979396984924625,51.87088944723618,4.0350794708047015
5.320592964824121,51.87088944723618,4.059583217551533
5.34324623115578,51.87088944723618,4.082280808975054
5.365899497487438,51.87088944723618,4.101748503356036
5.388552763819096,51.87088944723618,4.116952638329088
5.411206030150755,51.87088944723618,4.127271426911832
5.433859296482412,51.87088944723618,4.1324823188538895
5.456512562814071,51.87088944723618,4.132720882505453
5.479165829145729,51.87088944723618,4.12841880171786
5.501819095477387,51.87088944723618,4.120229051216153
5.524472361809046,51.87088944723618,4.10894584729586
5.547125628140703,51.87088944723618,4.095425884346701
5.569778894472362,51.87088944723618,4.080515977555383
5.59243216080402,51.87088944723618,4.064990797782451
5.6150854271356785,51.87088944723618,4.049503080986763
5.6377386934673375,51.87088944723618,4.034547608107961
5.660391959798995,51.87088944723618,4.020439393712107
5.683045226130654,51.87088944723618,4.007305852932977
5.705698492462312,51.87088944723618,3.995092171051545
5.72835175879397,51.87088944723618,3.9835786132290587
5.751005025125629,51.87088944723618,3.9724080389072136
5.773658291457287,51.87088944723618,3.961121416089975
5.796311557788945,51.87088944723618,3.9491986938616597
5.818964824120604,51.87088944723618,3.9361020488230922
5.841618090452261,51.87088944723618,3.921318351497688
5.86427135678392,51.87088944723618,3.9043977751809225
5.886924623115578,51.87088944723618,3.8849858344896857
5.909577889447236,51.87088944723618,3.862846786508841
5.932231155778895,51.87088944723618,3.837877189517776
5.954884422110553,51.87088944723618,3.810109380738088
5.977537688442212,51.87088944723618,3.7797055691389994
6.00019095477387,51.87088944723618,3.746944012956935
6.022844221105528,51.87088944723618,3.7121992710941942
6.045497487437187,51.87088944723618,3.675918743497719
6.068150753768844,51.87088944723618,3.638597664209824
6.090804020100503,51.87088944723618,3.6007544417082045
6.113457286432161,51.87088944723618,3.5629078369644445
6.204070351758794,51.87088944723618,3.4208566948242964
6.226723618090453,51.87088944723618,3.3895889339253316
6.2493768844221105,51.87088944723618,3.360568782871281
6.2720301507537695,51.87088944723618,3.3339552562262496
6.294683417085428,51.87088944723618,3.3098423701193176
6.317336683417086,51.87088944723618,3.2882626287212724
6.339989949748745,51.87088944723618,3.269191760788099
6.362643216080402,51.87088944723618,3.2525543566727744
6.385296482412061,51.87088944723618,3.2382301123560717
6.407949748743719,51.87088944723618,3.2260604443681897
6.430603015075377,51.87088944723618,3.2158552936309137
6.453256281407036,51.87088944723618,3.207399983122752
6.475909547738693,51.87088944723618,3.2004620300424422
6.498562814070352,51.87088944723618,3.1947978348549455
4.052010050251257,51.88731658291457,7.327867783864743
4.074663316582915,51.88731658291457,7.2313162470691505
4.097316582914573,51.88731658291457,7.108666079806072
4.119969849246232,51.88731658291457,6.960348051155146
4.14262311557789,51.88731658291457,6.788442878394572
4.165276381909548,51.88731658291457,6.596655545418269
4.187929648241206,51.88731658291457,6.390131104132487
4.210582914572864,51.88731658291457,6.175123273900685
4.233236180904523,51.88731658291457,5.95854552210333
4.255889447236181,51.88731658291457,5.747449984757794
4.278542713567839,51.88731658291457,5.548490054730574
4.301195979899497,51.88731658291457,5.367425760215314
4.3238492462311555,51.88731658291457,5.2087261737593975
4.3465025125628145,51.88731658291457,5.075310315012162
4.369155778894473,51.88731658291457,4.968449050753762
4.391809045226131,51.88731658291457,4.887828351422355
4.41446231155779,51.88731658291457,4.831752729105924
4.437115577889448,51.88731658291457,4.797450565773968
4.459768844221106,51.88731658291457,4.7814332679956255
4.482422110552764,51.88731658291457,4.779859063758316
4.505075376884422,51.88731658291457,4.788859166066502
4.527728643216081,51.88731658291457,4.804796654402506
4.550381909547739,51.88731658291457,4.82444349102164
4.573035175879397,51.88731658291457,4.845075305079074
4.595688442211055,51.88731658291457,4.864494489639531
4.618341708542713,51.88731658291457,4.8809986132329675
4.640994974874372,51.88731658291457,4.8933132907010455
4.6636482412060305,51.88731658291457,4.9005075329332435
4.686301507537689,51.88731658291457,4.901906597097479
4.708954773869347,51.88731658291457,4.897013739076676
4.731608040201005,51.88731658291457,4.885448841111695
4.754261306532664,51.88731658291457,4.866908961491384
4.776914572864322,51.88731658291457,4.841153352660354
4.79956783919598,51.88731658291457,4.808013154295119
4.822221105527639,51.88731658291457,4.767423540348624
4.844874371859297,51.88731658291457,4.7194735039710665
4.867527638190955,51.88731658291457,4.664465860257008
4.890180904522613,51.88731658291457,4.602977811477524
4.912834170854271,51.88731658291457,4.5359110510596325
4.93548743718593,51.88731658291457,4.464520350888559
4.958140703517588,51.88731658291457,4.390411167259705
4.9807939698492465,51.88731658291457,4.315500002966321
5.0034472361809055,51.88731658291457,4.2419357380460685
5.026100502512563,51.88731658291457,4.171985285286428
5.048753768844222,51.88731658291457,4.107891996289625
5.07140703517588,51.88731658291457,4.051719505044331
5.094060301507538,51.88731658291457,4.005196538184314
5.116713567839197,51.88731658291457,3.9695792252466635
5.139366834170854,51.88731658291457,3.94554640727036
5.162020100502513,51.88731658291457,3.933140398735987
5.184673366834171,51.88731658291457,3.9317608852341746
5.207326633165829,51.88731658291457,3.940213676353446
5.229979899497488,51.88731658291457,3.956809654799403
5.252633165829145,51.88731658291457,3.979503389812515
5.275286432160804,51.88731658291457,4.006056424347695
5.2979396984924625,51.88731658291457,4.034207903051963
5.320592964824121,51.88731658291457,4.06183530726533
5.34324623115578,51.88731658291457,4.087090470519363
5.365899497487438,51.88731658291457,4.108500208333241
5.388552763819096,51.88731658291457,4.125025979658658
5.411206030150755,51.88731658291457,4.136082105462783
5.433859296482412,51.88731658291457,4.141516434956768
5.456512562814071,51.88731658291457,4.1415604720610695
5.479165829145729,51.88731658291457,4.13675767039002
5.501819095477387,51.88731658291457,4.127878971779883
5.524472361809046,51.88731658291457,4.115833990309262
5.547125628140703,51.88731658291457,4.1015849048322135
5.569778894472362,51.88731658291457,4.086068483160787
5.59243216080402,51.88731658291457,4.070130013009486
5.6150854271356785,51.88731658291457,4.05447144996095
5.6377386934673375,51.88731658291457,4.039614900364762
5.660391959798995,51.88731658291457,4.0258816424718455
5.683045226130654,51.88731658291457,4.013386200930684
5.705698492462312,51.88731658291457,4.0020444497288965
5.72835175879397,51.88731658291457,3.99159424903545
5.751005025125629,51.88731658291457,3.981626667189036
5.773658291457287,51.88731658291457,3.9716253830693082
5.796311557788945,51.88731658291457,3.961011432373983
5.818964824120604,51.88731658291457,3.9491901180863995
5.841618090452261,51.88731658291457,3.9355967364577715
5.86427135678392,51.88731658291457,3.919737857557048
5.886924623115578,51.88731658291457,3.90122529475513
5.909577889447236,51.88731658291457,3.8798005967746825
5.932231155778895,51.88731658291457,3.855348831673164
5.954884422110553,51.88731658291457,3.8279014818813906
5.977537688442212,51.88731658291457,3.797629282166978
6.00019095477387,51.88731658291457,3.764826664192417
6.022844221105528,51.88731658291457,3.7298900187799084
6.045497487437187,51.88731658291457,3.6932922076836503
6.068150753768844,51.88731658291457,3.6555556714450055
6.090804020100503,51.88731658291457,3.6172261583882745
6.181417085427136,51.88731658291457,3.468454878198734
6.204070351758794,51.88731658291457,3.4346703228465985
6.226723618090453,51.88731658291457,3.402955767098985
6.2493768844221105,51.88731658291457,3.3735470729720234
6.2720301507537695,51.88731658291457,3.3466106843024472
6.294683417085428,51.88731658291457,3.3222456503176243
6.317336683417086,51.88731658291457,3.300487286437283
6.339989949748745,51.88731658291457,3.281312067238812
6.362643216080402,51.88731658291457,3.2646434052162334
6.385296482412061,51.88731658291457,3.2503580303862276
6.407949748743719,51.88731658291457,3.238292745565317
6.430603015075377,51.88731658291457,3.2282513865494313
6.453256281407036,51.88731658291457,3.220011861946211
6.475909547738693,51.88731658291457,3.213333180717277
6.498562814070352,51.88731658291457,3.2079623938343818
6.52121608040201,51.88731658291457,3.2036413784738818
6.543869346733668,51.88731658291457,3.2001133797082124
6.566522613065327,51.88731658291457,3.1971291994350888
4.0293567839195985,51.90374371859296,7.490534487399091
4.052010050251257,51.90374371859296,7.409689928935327
4.074663316582915,51.90374371859296,7.30211284127796
4.097316582914573,51.90374371859296,7.167031212696258
4.119969849246232,51.90374371859296,7.005217005795167
4.14262311557789,51.90374371859296,6.819102437156053
4.165276381909548,51.90374371859296,6.6127466685732665
4.187929648241206,51.90374371859296,6.391645272953067
4.210582914572864,51.90374371859296,6.162393224971709
4.233236180904523,51.90374371859296,5.932230582789903
4.255889447236181,51.90374371859296,5.708515785469343
4.278542713567839,51.90374371859296,5.498182053774741
4.301195979899497,51.90374371859296,5.307235799618713
4.3238492462311555,51.90374371859296,5.140351252002714
4.3465025125628145,51.90374371859296,5.000602999358117
4.369155778894473,51.90374371859296,4.889359524288099
4.391809045226131,51.90374371859296,4.80633900032533
4.41446231155779,51.90374371859296,4.749807331408743
4.437115577889448,51.90374371859296,4.716881358532999
4.459768844221106,51.90374371859296,4.703890203408252
4.482422110552764,51.90374371859296,4.706746175851944
4.505075376884422,51.90374371859296,4.72128297969047
4.527728643216081,51.90374371859296,4.7435309046103535
4.550381909547739,51.90374371859296,4.769913134524524
4.573035175879397,51.90374371859296,4.797361061235315
4.595688442211055,51.90374371859296,4.8233571936228765
4.618341708542713,51.90374371859296,4.845920782040383
4.640994974874372,51.90374371859296,4.863553762075556
4.6636482412060305,51.90374371859296,4.8751640453934755
4.686301507537689,51.90374371859296,4.879980848998458
4.708954773869347,51.90374371859296,4.877473801294228
4.731608040201005,51.90374371859296,4.8672847060993005
4.754261306532664,51.90374371859296,4.849178319093601
4.776914572864322,51.90374371859296,4.823016174700172
4.79956783919598,51.90374371859296,4.788755122393441
4.822221105527639,51.90374371859296,4.746469565711828
4.844874371859297,51.90374371859296,4.696393414715025
4.867527638190955,51.90374371859296,4.638974689002259
4.890180904522613,51.90374371859296,4.57493299687056
4.912834170854271,51.90374371859296,4.505308338868203
4.93548743718593,51.90374371859296,4.431489372459639
4.958140703517588,51.90374371859296,4.355210753515394
4.9807939698492465,51.90374371859296,4.278512439168628
5.0034472361809055,51.90374371859296,4.203658537586865
5.026100502512563,51.90374371859296,4.133018776660749
5.048753768844222,51.90374371859296,4.068921137353438
5.07140703517588,51.90374371859296,4.013488864047794
5.094060301507538,51.90374371859296,3.96847825538227
5.116713567839197,51.90374371859296,3.93513488137467
5.139366834170854,51.90374371859296,3.914084916473522
5.162020100502513,51.90374371859296,3.905275117329927
5.184673366834171,51.90374371859296,3.907969874313645
5.207326633165829,51.90374371859296,3.920807290722678
5.229979899497488,51.90374371859296,3.9419092391645996
5.252633165829145,51.90374371859296,3.969033844204372
5.275286432160804,51.90374371859296,3.9997538837848583
5.2979396984924625,51.90374371859296,4.031642005200921
5.320592964824121,51.90374371859296,4.062443802537226
5.34324623115578,51.90374371859296,4.090222557822994
5.365899497487438,51.90374371859296,4.113464172183818
5.388552763819096,51.90374371859296,4.131136550100024
5.411206030150755,51.90374371859296,4.142703416718962
5.433859296482412,51.90374371859296,4.148097370836908
5.456512562814071,51.90374371859296,4.1476603484422405
5.479165829145729,51.90374371859296,4.14206140767236
5.501819095477387,51.90374371859296,4.132201982944971
5.524472361809046,51.90374371859296,4.119117845338998
5.547125628140703,51.90374371859296,4.103885386641743
5.569778894472362,51.90374371859296,4.08753793380725
5.59243216080402,51.90374371859296,4.070995926082187
5.6150854271356785,51.90374371859296,4.05501315594898
5.6377386934673375,51.90374371859296,4.040139977699485
5.660391959798995,51.90374371859296,4.026703420678787
5.683045226130654,51.90374371859296,4.014803443468796
5.705698492462312,51.90374371859296,4.004324037629197
5.72835175879397,51.90374371859296,3.994957443697208
5.751005025125629,51.90374371859296,3.986239311747797
5.773658291457287,51.90374371859296,3.977592199264951
5.796311557788945,51.90374371859296,3.9683743738589246
5.818964824120604,51.90374371859296,3.9579305444902952
5.841618090452261,51.90374371859296,3.945640975808683
5.86427135678392,51.90374371859296,3.930965538661621
5.886924623115578,51.90374371859296,3.9134796759201897
5.909577889447236,51.90374371859296,3.892900017224199
5.932231155778895,51.90374371859296,3.8690983882110026
5.954884422110553,51.90374371859296,3.842104095844978
5.977537688442212,51.90374371859296,3.81209546482914
6.00019095477387,51.90374371859296,3.77938249122404
6.022844221105528,51.90374371859296,3.7443830542829106
6.045497487437187,51.90374371859296,3.7075953410735343
6.068150753768844,51.90374371859296,3.6695690167760313
6.090804020100503,51.90374371859296,3.63087729705506
6.113457286432161,51.90374371859296,3.592091554757006
6.136110552763819,51.90374371859296,3.553759527249579
6.158763819095478,51.90374371859296,3.516387667017258
6.181417085427136,51.90374371859296,3.480427749204889
6.204070351758794,51.90374371859296,3.4462675370367046
6.226723618090453,51.90374371859296,3.414225106579018
6.2493768844221105,51.90374371859296,3.3845463284590696
6.2720301507537695,51.90374371859296,3.357404972159252
6.294683417085428,51.90374371859296,3.3329049150635695
6.317336683417086,51.90374371859296,3.311083984173844
6.339989949748745,51.90374371859296,3.291919019241818
6.362643216080402,51.90374371859296,3.2753318125484387
6.385296482412061,51.90374371859296,3.261195646801515
6.407949748743719,51.90374371859296,3.249342214691017
6.430603015075377,51.90374371859296,3.239568758460415
6.453256281407036,51.90374371859296,3.2316453124471556
6.475909547738693,51.90374371859296,3.225321962941221
6.498562814070352,51.90374371859296,3.220336055302557
6.52121608040201,51.90374371859296,3.216419276685337
6.543869346733668,51.90374371859296,3.213304524755074
6.566522613065327,51.90374371859296,3.2107324423559493
6.5891758793969855,51.90374371859296,3.2084574624613853
6.6118291457286436,51.90374371859296,3.2062531769780795
6.6344824120603025,51.90374371859296,3.2039168281445236
6.65713567839196,51.90374371859296,3.2012727318712075
6.679788944723619,51.90374371859296,3.198174483474644
6.702442211055277,51.90374371859296,3.1945058663145227
6.725095477386935,51.90374371859296,3.1901804742775544
4.00670351758794,51.920170854271355,7.632718482653164
4.0293567839195985,51.920170854271355,7.5699045909601015
4.052010050251257,51.920170854271355,7.480504851421006
4.074663316582915,51.920170854271355,7.362690200379107
4.097316582914573,51.920170854271355,7.215963017787008
4.119969849246232,51.920170854271355,7.041389616009084
4.14262311557789,51.920170854271355,6.841708955211864
4.165276381909548,51.920170854271355,6.621293788411284
4.187929648241206,51.920170854271355,6.385956131226715
4.210582914572864,51.920170854271355,6.142607186793335
4.233236180904523,51.920170854271355,5.898800181455887
4.255889447236181,51.920170854271355,5.662200268818942
4.278542713567839,51.920170854271355,5.4400362161948195
4.301195979899497,51.920170854271355,5.238592102036164
4.3238492462311555,51.920170854271355,5.062792819844467
4.3465025125628145,51.920170854271355,4.915925139081746
4.369155778894473,51.920170854271355,4.799518074537317
4.391809045226131,51.920170854271355,4.713385180630861
4.41446231155779,51.920170854271355,4.655810645802979
4.437115577889448,51.920170854271355,4.623844254821304
4.459768844221106,51.920170854271355,4.6136601627445195
4.482422110552764,51.920170854271355,4.620932273786019
4.505075376884422,51.920170854271355,4.641184375152899
4.527728643216081,51.920170854271355,4.670084018747527
4.550381909547739,51.920170854271355,4.703662544661198
4.573035175879397,51.920170854271355,4.738456632897906
4.595688442211055,51.920170854271355,4.7715771228077
4.618341708542713,51.920170854271355,4.800717483730667
4.640994974874372,51.920170854271355,4.824117332121144
4.6636482412060305,51.920170854271355,4.840496629961137
4.686301507537689,51.920170854271355,4.848974805533137
4.708954773869347,51.920170854271355,4.84898699162846
4.731608040201005,51.920170854271355,4.840207458037717
4.754261306532664,51.920170854271355,4.822488274317683
4.776914572864322,51.920170854271355,4.7958191213162955
4.79956783919598,51.920170854271355,4.760311714711302
4.822221105527639,51.920170854271355,4.716209333078858
4.844874371859297,51.920170854271355,4.663918495566652
4.867527638190955,51.920170854271355,4.604056216439583
4.890180904522613,51.920170854271355,4.537503011395912
4.912834170854271,51.920170854271355,4.465449591434068
4.93548743718593,51.920170854271355,4.389424545585978
4.958140703517588,51.920170854271355,4.311291645504659
4.9807939698492465,51.920170854271355,4.233208710892752
5.0034472361809055,51.920170854271355,4.1575448796032175
5.026100502512563,51.920170854271355,4.086758944017128
5.048753768844222,51.920170854271355,4.02324729588416
5.07140703517588,51.920170854271355,3.9691751131804898
5.094060301507538,51.920170854271355,3.9263079971820254
5.116713567839197,51.920170854271355,3.8958627925578284
5.139366834170854,51.920170854271355,3.8783954902519255
5.162020100502513,51.920170854271355,3.8737408679839924
5.184673366834171,51.920170854271355,3.881013109455344
5.207326633165829,51.920170854271355,3.898669644626599
5.229979899497488,51.920170854271355,3.9246327898262807
5.252633165829145,51.920170854271355,3.9564565942387278
5.275286432160804,51.920170854271355,3.9915208038400403
5.2979396984924625,51.920170854271355,4.027230979797814
5.320592964824121,51.920170854271355,4.061204014799948
5.34324623115578,51.920170854271355,4.0914214235925215
5.365899497487438,51.920170854271355,4.116338118216271
5.388552763819096,51.920170854271355,4.134940818193668
5.411206030150755,51.920170854271355,4.14675661070485
5.433859296482412,51.920170854271355,4.151817476076714
5.456512562814071,51.920170854271355,4.150590215011778
5.479165829145729,51.920170854271355,4.143882971476968
5.501819095477387,51.920170854271355,4.132739623695498
5.524472361809046,51.920170854271355,4.118332136823828
5.547125628140703,51.920170854271355,4.101859044189164
5.569778894472362,51.920170854271355,4.084456023672922
5.59243216080402,51.920170854271355,4.067122424262735
5.6150854271356785,51.920170854271355,4.0506657970254185
5.6377386934673375,51.920170854271355,4.035665084233539
5.660391959798995,51.920170854271355,4.022452106549629
5.683045226130654,51.920170854271355,4.0111102814427895
5.705698492462312,51.920170854271355,4.001488997727097
5.72835175879397,51.920170854271355,3.9932316552547085
5.751005025125629,51.920170854271355,3.9858149774742984
5.773658291457287,51.920170854271355,3.978596785272117
5.796311557788945,51.920170854271355,3.970869004148395
5.818964824120604,51.920170854271355,3.961912333350532
5.841618090452261,51.920170854271355,3.951048836657988
5.86427135678392,51.920170854271355,3.937688823615656
5.886924623115578,51.920170854271355,3.921368847036619
5.909577889447236,51.920170854271355,3.901778452889082
5.932231155778895,51.920170854271355,3.878774407994859
5.954884422110553,51.920170854271355,3.8523823544871902
5.977537688442212,51.920170854271355,3.8227870146695504
6.00019095477387,51.920170854271355,3.790313020175476
6.022844221105528,51.920170854271355,3.755399040471231
6.045497487437187,51.920170854271355,3.7185680902543337
6.068150753768844,51.920170854271355,3.6803967351547424
6.090804020100503,51.920170854271355,3.6414854821199407
6.113457286432161,51.920170854271355,3.6024320551508655
6.136110552763819,51.920170854271355,3.563808635680765
6.158763819095478,51.920170854271355,3.5261435810687427
6.181417085427136,51.920170854271355,3.4899076797241824
6.204070351758794,51.920170854271355,3.4555046777939893
6.226723618090453,51.920170854271355,3.4232656140692055
6.2493768844221105,51.920170854271355,3.393446405010551
6.2720301507537695,51.920170854271355,3.3662281028446923
6.294683417085428,51.920170854271355,3.341719280016682
6.317336683417086,51.920170854271355,3.3199600513932093
6.339989949748745,51.920170854271355,3.300927316194117
6.362643216080402,51.920170854271355,3.2845408749451424
6.385296482412061,51.920170854271355,3.2706701471191164
6.407949748743719,51.920170854271355,3.2591412791770282
6.430603015075377,51.920170854271355,3.249744487994691
6.453256281407036,51.920170854271355,3.2422415286607786
6.475909547738693,51.920170854271355,3.236373205671438
6.498562814070352,51.920170854271355,3.2318668600349736
6.52121608040201,51.920170854271355,3.22844376023672
6.543869346733668,51.920170854271355,3.2258263030957512
6.566522613065327,51.920170854271355,3.2237448952693284
6.5891758793969855,51.920170854271355,3.221944345286344
6.6118291457286436,51.920170854271355,3.220189560473328
6.6344824120603025,51.920170854271355,3.2182703252754523
6.65713567839196,51.920170854271355,3.2160049479580004
6.679788944723619,51.920170854271355,3.213242607318242
6.702442211055277,51.920170854271355,3.209864308243624
6.725095477386935,51.920170854271355,3.2057824551067853
6.747748743718594,51.920170854271355,3.2009391592799403
3.9840502512562814,51.93659798994975,7.748388789255945
4.00670351758794,51.93659798994975,7.705256628091625
4.0293567839195985,51.93659798994975,7.636412375394211
4.052010050251257,51.93659798994975,7.539184842811342
4.074663316582915,51.93659798994975,7.411950157623222
4.097316582914573,51.93659798994975,7.25444242930768
4.119969849246232,51.93659798994975,7.067977890755783
4.14262311557789,51.93659798994975,6.855557703157337
4.165276381909548,51.93659798994975,6.6218255497052265
4.187929648241206,51.93659798994975,6.372871506467026
4.210582914572864,51.93659798994975,6.115891639422931
4.233236180904523,51.93659798994975,5.858730859265592
4.255889447236181,51.93659798994975,5.60935206338426
4.278542713567839,51.93659798994975,5.375285038412866
4.301195979899497,51.93659798994975,5.163112181439928
4.3238492462311555,51.93659798994975,4.978044009720114
4.3465025125628145,51.93659798994975,4.823626043939574
4.369155778894473,51.93659798994975,4.701601570992991
4.391809045226131,51.93659798994975,4.6119346714537865
4.41446231155779,51.93659798994975,4.552978017453662
4.437115577889448,51.93659798994975,4.521753589843556
4.459768844221106,51.93659798994975,4.514304191709706
4.482422110552764,51.93659798994975,4.526070694519438
4.505075376884422,51.93659798994975,4.552254002305376
4.527728643216081,51.93659798994975,4.588130003775566
4.550381909547739,51.93659798994975,4.629297708694901
4.573035175879397,51.93659798994975,4.671852675434468
4.595688442211055,51.93659798994975,4.712487703427699
4.618341708542713,51.93659798994975,4.7485295730214245
4.640994974874372,51.93659798994975,4.77792435364497
4.6636482412060305,51.93659798994975,4.799185137986785
4.686301507537689,51.93659798994975,4.811315899939275
4.708954773869347,51.93659798994975,4.813724279366894
4.731608040201005,51.93659798994975,4.806134882968054
4.754261306532664,51.93659798994975,4.7885132152814185
4.776914572864322,51.93659798994975,4.761008441164297
4.79956783919598,51.93659798994975,4.723920603340314
4.822221105527639,51.93659798994975,4.677694568302682
4.844874371859297,51.93659798994975,4.622938979078912
4.867527638190955,51.93659798994975,4.560464254925205
4.890180904522613,51.93659798994975,4.49132982098963
4.912834170854271,51.93659798994975,4.41688799946955
4.93548743718593,51.93659798994975,4.338810996012054
4.958140703517588,51.93659798994975,4.259088565444413
4.9807939698492465,51.93659798994975,4.179987254613339
5.0034472361809055,51.93659798994975,4.103967204873726
5.026100502512563,51.93659798994975,4.033558631518657
5.048753768844222,51.93659798994975,3.9712063846700296
5.07140703517588,51.93659798994975,3.919096529537525
5.094060301507538,51.93659798994975,3.8789828758251454
5.116713567839197,51.93659798994975,3.8520332379258453
5.139366834170854,51.93659798994975,3.83871454415214
5.162020100502513,51.93659798994975,3.8387326212104798
5.184673366834171,51.93659798994975,3.851036769981139
5.207326633165829,51.93659798994975,3.8738917198333165
5.229979899497488,51.93659798994975,3.905011197969417
5.252633165829145,51.93659798994975,3.941739466507144
5.275286432160804,51.93659798994975,3.9812611084323253
5.2979396984924625,51.93659798994975,4.020816171219039
5.320592964824121,51.93659798994975,4.0578980420545365
5.34324623115578,51.93659798994975,4.090414966037696
5.365899497487438,51.93659798994975,4.116802105233537
5.388552763819096,51.93659798994975,4.136078222971784
5.411206030150755,51.93659798994975,4.1478481234139455
5.433859296482412,51.93659798994975,4.152257768614594
5.456512562814071,51.93659798994975,4.149912859820615
5.479165829145729,51.93659798994975,4.141773428308555
5.501819095477387,51.93659798994975,4.129036873066273
5.524472361809046,51.93659798994975,4.113020407290684
5.547125628140703,51.93659798994975,4.095051618720015
5.569778894472362,51.93659798994975,4.076373343230717
5.59243216080402,51.93659798994975,4.058066694504562
5.6150854271356785,51.93659798994975,4.040994120230715
5.6377386934673375,51.93659798994975,4.025762854020098
5.660391959798995,51.93659798994975,4.012708076137445
5.683045226130654,51.93659798994975,4.001894389456771
5.705698492462312,51.93659798994975,3.9931337343142963
5.72835175879397,51.93659798994975,3.9860174861377717
5.751005025125629,51.93659798994975,3.9799601128040467
5.773658291457287,51.93659798994975,3.974251374212306
5.796311557788945,51.93659798994975,3.9681136426009975
5.818964824120604,51.93659798994975,3.960760581673397
5.841618090452261,51.93659798994975,3.951453255355238
5.86427135678392,51.93659798994975,3.939549857458325
5.886924623115578,51.93659798994975,3.9245457415894633
5.909577889447236,51.93659798994975,3.9061012964564688
5.932231155778895,51.93659798994975,3.8840563777236543
5.954884422110553,51.93659798994975,3.8584313175457763
5.977537688442212,51.93659798994975,3.8294157874754773
6.00019095477387,51.93659798994975,3.7973477979958217
6.022844221105528,51.93659798994975,3.762685743289543
6.045497487437187,51.93659798994975,3.7259765935061955
6.068150753768844,51.93659798994975,3.6878231369503895
6.090804020100503,51.93659798994975,3.648852684753619
6.113457286432161,51.93659798994975,3.6096890039770515
6.136110552763819,51.93659798994975,3.5709285697422963
6.158763819095478,51.93659798994975,3.5331216209036205
6.181417085427136,51.93659798994975,3.496758024630865
6.204070351758794,51.93659798994975,3.4622576222694015
6.226723618090453,51.93659798994975,3.4299645325192127
6.2493768844221105,51.93659798994975,3.40014480233553
6.2720301507537695,51.93659798994975,3.372986789400696
6.294683417085428,51.93659798994975,3.3486037030141236
6.317336683417086,51.93659798994975,3.327037799335405
6.339989949748745,51.93659798994975,3.3082658058653664
6.362643216080402,51.93659798994975,3.292205228993549
6.385296482412061,51.93659798994975,3.278721272049089
6.407949748743719,51.93659798994975,3.2676341568455283
6.430603015075377,51.93659798994975,3.2587266973312614
6.453256281407036,51.93659798994975,3.251752017649739
6.475909547738693,51.93659798994975,3.246441336118506
6.498562814070352,51.93659798994975,3.2425117487348185
6.52121608040201,51.93659798994975,3.2396739390294704
6.543869346733668,51.93659798994975,3.237639715913728
6.566522613065327,51.93659798994975,3.236129241606507
6.5891758793969855,51.93659798994975,3.234877765964691
6.6118291457286436,51.93659798994975,3.233641643441103
6.6344824120603025,51.93659798994975,3.2322033879917114
6.65713567839196,51.93659798994975,3.230375531509447
6.679788944723619,51.93659798994975,3.228003099409168
6.702442211055277,51.93659798994975,3.224964601216837
6.725095477386935,51.93659798994975,3.221171543814538
6.747748743718594,51.93659798994975,3.2165665927400697
6.770402010050251,51.93659798994975,3.211120612331934
3.9613969849246233,51.953025125628145,7.832966581584579
3.9840502512562814,51.953025125628145,7.810352011072525
4.00670351758794,51.953025125628145,7.763516042645745
4.0293567839195985,51.953025125628145,7.689195636606357
4.052010050251257,51.953025125628145,7.584860570614916
4.074663316582915,51.953025125628145,7.449059394269678
4.097316582914573,51.953025125628145,7.281720582601154
4.119969849246232,51.953025125628145,7.084369408042861
4.14262311557789,51.953025125628145,6.860226211823508
4.165276381909548,51.953025125628145,6.614162270943669
4.187929648241206,51.953025125628145,6.352504409427055
4.210582914572864,51.953025125628145,6.08269705658462
4.233236180904523,51.953025125628145,5.812848137619179
4.255889447236181,51.953025125628145,5.551200326109422
4.278542713567839,51.953025125628145,5.30557941465749
4.301195979899497,51.953025125628145,5.082875189671541
4.3238492462311555,51.953025125628145,4.88860653251464
4.3465025125628145,51.953025125628145,4.726611936951994
4.369155778894473,51.953025125628145,4.598890760856048
4.391809045226131,51.953025125628145,4.5056017580353425
4.41446231155779,51.953025125628145,4.445206727786852
4.437115577889448,51.953025125628145,4.414731415492281
4.459768844221106,51.953025125628145,4.410105405699893
4.482422110552764,51.953025125628145,4.426538844223155
4.505075376884422,51.953025125628145,4.458896220286957
4.527728643216081,51.953025125628145,4.502034725599588
4.550381909547739,51.953025125628145,4.551084733401848
4.573035175879397,51.953025125628145,4.60166045910254
4.595688442211055,51.953025125628145,4.649998113533567
4.618341708542713,51.953025125628145,4.693025890092757
4.640994974874372,51.953025125628145,4.728374797130273
4.6636482412060305,51.953025125628145,4.754342065177699
4.686301507537689,51.953025125628145,4.769820223123932
4.708954773869347,51.953025125628145,4.774205434037112
4.731608040201005,51.953025125628145,4.767298530312766
4.754261306532664,51.953025125628145,4.749211349184912
4.776914572864322,51.953025125628145,4.72028925850314
4.79956783919598,51.953025125628145,4.681058008083493
4.822221105527639,51.953025125628145,4.63219923139821
4.844874371859297,51.953025125628145,4.5745542942032795
4.867527638190955,51.953025125628145,4.50915125022342
4.890180904522613,51.953025125628145,4.437245139934746
4.912834170854271,51.953025125628145,4.360358556998426
4.93548743718593,51.953025125628145,4.280308009018145
4.958140703517588,51.953025125628145,4.199202537424209
4.9807939698492465,51.953025125628145,4.119404354902095
5.0034472361809055,51.953025125628145,4.0434464998096304
5.026100502512563,51.953025125628145,3.9739089430123133
5.048753768844222,51.953025125628145,3.9132612741885886
5.07140703517588,51.953025125628145,3.863686084646769
5.094060301507538,51.953025125628145,3.826901604405075
5.116713567839197,51.953025125628145,3.804004373790968
5.139366834170854,51.953025125628145,3.795352282574559
5.162020100502513,51.953025125628145,3.800505009067913
5.184673366834171,51.953025125628145,3.8182329065790395
5.207326633165829,51.953025125628145,3.8465973250830965
5.229979899497488,51.953025125628145,3.8830962974833643
5.252633165829145,51.953025125628145,3.9248608923545847
5.275286432160804,51.953025125628145,3.9688808565132274
5.2979396984924625,51.953025125628145,4.012234682742426
5.320592964824121,51.953025125628145,4.052299565035515
5.34324623115578,51.953025125628145,4.086920668850479
5.365899497487438,51.953025125628145,4.114525817525945
5.388552763819096,51.953025125628145,4.134179664188681
5.411206030150755,51.953025125628145,4.1455791691015955
5.433859296482412,51.953025125628145,4.148998493937352
5.456512562814071,51.953025125628145,4.14519552312616
5.479165829145729,51.953025125628145,4.1352939609916195
5.501819095477387,51.953025125628145,4.120654633014678
5.524472361809046,51.953025125628145,4.1027478235110815
5.547125628140703,51.953025125628145,4.083035876145179
5.569778894472362,51.953025125628145,4.062872461273993
5.59243216080402,51.953025125628145,4.043422307198854
5.6150854271356785,51.953025125628145,4.025603048030866
5.6377386934673375,51.953025125628145,4.010049241258141
5.660391959798995,51.953025125628145,3.9970975137560583
5.683045226130654,51.953025125628145,3.986791093006609
5.705698492462312,51.953025125628145,3.9789015281699536
5.72835175879397,51.953025125628145,3.972965067135575
5.751005025125629,51.953025125628145,3.9683308285594032
5.773658291457287,51.953025125628145,3.964217543561679
5.796311557788945,51.953025125628145,3.9597752552001024
5.818964824120604,51.953025125628145,3.954148030619068
5.841618090452261,51.953025125628145,3.9465335783512474
5.86427135678392,51.953025125628145,3.9362357967865886
5.886924623115578,51.953025125628145,3.922706799082163
5.909577889447236,51.953025125628145,3.905575879731962
5.932231155778895,51.953025125628145,3.8846641280544385
5.954884422110553,51.953025125628145,3.8599847867513657
5.977537688442212,51.953025125628145,3.83173078422607
6.00019095477387,51.953025125628145,3.8002519305327294
6.022844221105528,51.953025125628145,3.76602491351482
6.045497487437187,51.953025125628145,3.729619412801123
6.068150753768844,51.953025125628145,3.691663409574797
6.090804020100503,51.953025125628145,3.652810224466882
6.113457286432161,51.953025125628145,3.6137091106459964
6.136110552763819,51.953025125628145,3.574980502589903
6.158763819095478,51.953025125628145,3.5371963774790216
6.181417085427136,51.953025125628145,3.5008656851403286
6.204070351758794,51.953025125628145,3.4664244615995785
6.226723618090453,51.953025125628145,3.4342300475654643
6.2493768844221105,51.953025125628145,3.4045587564029667
6.2720301507537695,51.953025125628145,3.3776063410353436
6.294683417085428,51.953025125628145,3.35349066341319
6.317336683417086,51.953025125628145,3.3322560485697164
6.339989949748745,51.953025125628145,3.313878890933534
6.362643216080402,51.953025125628145,3.2982741636758197
6.385296482412061,51.953025125628145,3.2853025576382864
6.407949748743719,51.953025125628145,3.274778042779496
6.430603015075377,51.953025125628145,3.266475700863921
6.453256281407036,51.953025125628145,3.260139721687298
6.475909547738693,51.953025125628145,3.2554914840611664
6.498562814070352,51.953025125628145,3.252237654223994
6.52121608040201,51.953025125628145,3.250078226221272
6.543869346733668,51.953025125628145,3.248714401223786
6.566522613065327,51.953025125628145,3.2478561596805893
6.5891758793969855,51.953025125628145,3.247229330149447
6.6118291457286436,51.953025125628145,3.2465819143407404
6.6344824120603025,51.953025125628145,3.2456894041303848
6.65713567839196,51.953025125628145,3.244358836288888
6.679788944723619,51.953025125628145,3.2424313819392756
6.702442211055277,51.953025125628145,3.2397833587447296
6.725095477386935,51.953025125628145,3.2363256729525096
6.747748743718594,51.953025125628145,3.2320018262879553
6.770402010050251,51.953025125628145,3.2267847369002656
3.9613969849246233,51.969452261306536,7.881536282035389
3.9840502512562814,51.969452261306536,7.857162912670375
4.00670351758794,51.969452261306536,7.8069287315165665
4.0293567839195985,51.969452261306536,7.727656597009341
4.052010050251257,51.969452261306536,7.616937763670768
4.074663316582915,51.969452261306536,7.473467498056355
4.097316582914573,51.969452261306536,7.29733724900605
4.119969849246232,51.969452261306536,7.090244953704739
4.14262311557789,51.969452261306536,6.855589837020066
4.165276381909548,51.969452261306536,6.598428129758378
4.187929648241206,51.969452261306536,6.325280585983642
4.210582914572864,51.969452261306536,6.043799692327711
4.233236180904523,51.969452261306536,5.76232158916417
4.255889447236181,51.969452261306536,5.489342370531027
4.278542713567839,51.969452261306536,5.232968342052706
4.301195979899497,51.969452261306536,5.000393470134546
4.3238492462311555,51.969452261306536,4.7974540930826555
4.3465025125628145,51.969452261306536,4.628301463862817
4.369155778894473,51.969452261306536,4.495218293957757
4.391809045226131,51.969452261306536,4.398588352247768
4.41446231155779,51.969452261306536,4.3370109219682424
4.437115577889448,51.969452261306536,4.307537056470136
4.459768844221106,51.969452261306536,4.305994092080912
4.482422110552764,51.969452261306536,4.327359849667294
4.505075376884422,51.969452261306536,4.366148375677027
4.527728643216081,51.969452261306536,4.416773950789298
4.550381909547739,51.969452261306536,4.4738678228013775
4.573035175879397,51.969452261306536,4.532530958857217
4.595688442211055,51.969452261306536,4.588514626001673
4.618341708542713,51.969452261306536,4.638327921717088
4.640994974874372,51.969452261306536,4.679277179240579
4.6636482412060305,51.969452261306536,4.709446547390556
4.686301507537689,51.969452261306536,4.727632212091835
4.708954773869347,51.969452261306536,4.733244841766744
4.731608040201005,51.969452261306536,4.726195896578252
4.754261306532664,51.969452261306536,4.706783299865457
4.776914572864322,51.969452261306536,4.675590448788736
4.79956783919598,51.969452261306536,4.633409548963311
4.822221105527639,51.969452261306536,4.581195901998856
4.844874371859297,51.969452261306536,4.520054425013876
4.867527638190955,51.969452261306536,4.4512539691213675
4.890180904522613,51.969452261306536,4.376259752244127
4.912834170854271,51.969452261306536,4.296770306150369
4.93548743718593,51.969452261306536,4.214743507344572
4.958140703517588,51.969452261306536,4.132396961093507
4.9807939698492465,51.969452261306536,4.052171257588122
5.0034472361809055,51.969452261306536,3.976649995203256
5.026100502512563,51.969452261306536,3.9084371880781648
5.048753768844222,51.969452261306536,3.8499997676654845
5.07140703517588,51.969452261306536,3.803489346386905
5.094060301507538,51.969452261306536,3.7705623286957035
5.116713567839197,51.969452261306536,3.7522200875151235
5.139366834170854,51.969452261306536,3.748690736388351
5.162020100502513,51.969452261306536,3.7593707567703047
5.184673366834171,51.969452261306536,3.782838504383672
5.207326633165829,51.969452261306536,3.816943034647139
5.229979899497488,51.969452261306536,3.858961910068071
5.252633165829145,51.969452261306536,3.905812259975963
5.275286432160804,51.969452261306536,3.9542920557991312
5.2979396984924625,51.969452261306536,4.001324749079629
5.320592964824121,51.969452261306536,4.044180811088767
5.34324623115578,51.969452261306536,4.080654122571532
5.365899497487438,51.969452261306536,4.109178547388743
5.388552763819096,51.969452261306536,4.12887879635918
5.411206030150755,51.969452261306536,4.139558156212988
5.433859296482412,51.969452261306536,4.141632448953796
5.456512562814071,51.969452261306536,4.136023907099052
5.479165829145729,51.969452261306536,4.124030348759399
5.501819095477387,51.969452261306536,4.1071844822693135
5.524472361809046,51.969452261306536,4.087116034974129
5.547125628140703,51.969452261306536,4.065426433487963
5.569778894472362,51.969452261306536,4.043582616655448
5.59243216080402,51.969452261306536,4.022833703052757
5.6150854271356785,51.969452261306536,4.004151918987287
5.6377386934673375,51.969452261306536,3.9881974968932883
5.660391959798995,51.969452261306536,3.975306123837194
5.683045226130654,51.969452261306536,3.9654968254216465
5.705698492462312,51.969452261306536,3.9584977522570477
5.72835175879397,51.969452261306536,3.9537870432407525
5.751005025125629,51.969452261306536,3.950645657842561
5.773658291457287,51.969452261306536,3.9482187415912717
5.796311557788945,51.969452261306536,3.94558172636365
5.818964824120604,51.969452261306536,3.941807047347882
5.841618090452261,51.969452261306536,3.9360272059655173
5.86427135678392,51.969452261306536,3.927490057589928
5.886924623115578,51.969452261306536,3.915602753655835
5.909577889447236,51.969452261306536,3.899961739376488
5.932231155778895,51.969452261306536,3.8803675175461043
5.954884422110553,51.969452261306536,3.8568243584470796
5.977537688442212,51.969452261306536,3.829526535826358
6.00019095477387,51.969452261306536,3.7988337780545116
6.022844221105528,51.969452261306536,3.765239287785671
6.045497487437187,51.969452261306536,3.7293338505792355
6.068150753768844,51.969452261306536,3.6917692741311177
6.090804020100503,51.969452261306536,3.6532238012812837
6.113457286432161,51.969452261306536,3.614371379837375
6.136110552763819,51.969452261306536,3.575855898604919
6.158763819095478,51.969452261306536,3.53827082172183
6.181417085427136,51.969452261306536,3.502144133309128
6.204070351758794,51.969452261306536,3.4679281573745477
6.226723618090453,51.969452261306536,3.4359936272403275
6.2493768844221105,51.969452261306536,3.4066273103298323
6.2720301507537695,51.969452261306536,3.380032509150986
6.294683417085428,51.969452261306536,3.356331822907553
6.317336683417086,51.969452261306536,3.3355716398296176
6.339989949748745,51.969452261306536,3.3177279207025925
6.362643216080402,51.969452261306536,3.302712919643899
6.385296482412061,51.969452261306536,3.2903825648077576
6.407949748743719,51.969452261306536,3.2805442881201934
6.430603015075377,51.969452261306536,3.2729651487829794
6.453256281407036,51.969452261306536,3.2673801389006636
6.475909547738693,51.969452261306536,3.263500588758346
6.498562814070352,51.969452261306536,3.2610226009127605
6.52121608040201,51.969452261306536,3.25963543376271
6.543869346733668,51.969452261306536,3.259029726351088
6.566522613065327,51.969452261306536,3.258905410542047
6.5891758793969855,51.969452261306536,3.25897910320795
6.6118291457286436,51.969452261306536,3.2589907231545574
6.6344824120603025,51.969452261306536,3.2587090511888084
6.65713567839196,51.969452261306536,3.257935961503787
6.679788944723619,51.969452261306536,3.256509106819606
6.702442211055277,51.969452261306536,3.254302937030425
6.725095477386935,51.969452261306536,3.2512280589877265
6.747748743718594,51.969452261306536,3.2472290824085186
6.770402010050251,51.969452261306536,3.2422812193413946
6.79305527638191,51.969452261306536,3.236385991038052
3.9613969849246233,51.98587939698493,7.914656146110602
3.9840502512562814,51.98587939698493,7.888546791007951
4.00670351758794,51.98587939698493,7.835183279044165
4.0293567839195985,51.98587939698493,7.751469177592126
4.052010050251257,51.98587939698493,7.635105300862153
4.074663316582915,51.98587939698493,7.484915103017719
4.097316582914573,51.98587939698493,7.301128012238718
4.119969849246232,51.98587939698493,7.085583510535082
4.14262311557789,51.98587939698493,6.841823183927447
4.165276381909548,51.98587939698493,6.575047558957833
4.187929648241206,51.98587939698493,6.291928409817149
4.210582914572864,51.98587939698493,6.000283561390013
4.233236180904523,51.98587939698493,5.708637638786974
4.255889447236181,51.98587939698493,5.425706233916086
4.278542713567839,51.98587939698493,5.159850474095318
4.301195979899497,51.98587939698493,4.918552642730637
4.3238492462311555,51.98587939698493,4.707960911799471
4.3465025125628145,51.98587939698493,4.532542933656956
4.369155778894473,51.98587939698493,4.394875339209137
4.391809045226131,51.98587939698493,4.2955809941039025
4.41446231155779,51.98587939698493,4.233410316105381
4.437115577889448,51.98587939698493,4.205449099760351
4.459768844221106,51.98587939698493,4.207424748154425
4.482422110552764,51.98587939698493,4.23407652792271
4.505075376884422,51.98587939698493,4.279553629479063
4.527728643216081,51.98587939698493,4.337806925756911
4.550381909547739,51.98587939698493,4.4029454062059425
4.573035175879397,51.98587939698493,4.469535170630997
4.595688442211055,51.98587939698493,4.532826547235352
4.618341708542713,51.98587939698493,4.588902556585427
4.640994974874372,51.98587939698493,4.634749067883844
4.6636482412060305,51.98587939698493,4.668253279552414
4.686301507537689,51.98587939698493,4.68814238163964
4.708954773869347,51.98587939698493,4.693878196742066
4.731608040201005,51.98587939698493,4.685525992133609
4.754261306532664,51.98587939698493,4.663616259582746
4.776914572864322,51.98587939698493,4.629016908327484
4.79956783919598,51.98587939698493,4.5828300211211195
4.822221105527639,51.98587939698493,4.526322334333532
4.844874371859297,51.98587939698493,4.460892442101892
4.867527638190955,51.98587939698493,4.388071159804542
4.890180904522613,51.98587939698493,4.309545444605076
4.912834170854271,51.98587939698493,4.2271917112724795
4.93548743718593,51.98587939698493,4.143102092002444
4.958140703517588,51.98587939698493,4.059587630080724
4.9807939698492465,51.98587939698493,3.9791455853339004
5.0034472361809055,51.98587939698493,3.9043835238859015
5.026100502512563,51.98587939698493,3.837899861084984
5.048753768844222,51.98587939698493,3.7821280161050534
5.07140703517588,51.98587939698493,3.739158272584074
5.094060301507538,51.98587939698493,3.710556855435957
5.116713567839197,51.98587939698493,3.697204809603794
5.139366834170854,51.98587939698493,3.6991793761612444
5.162020100502513,51.98587939698493,3.715697355267037
5.184673366834171,51.98587939698493,3.7451334860701806
5.207326633165829,51.98587939698493,3.7851177792269284
5.229979899497488,51.98587939698493,3.832705243244737
5.252633165829145,51.98587939698493,3.8846012809480923
5.275286432160804,51.98587939698493,3.937418086864497
5.2979396984924625,51.98587939698493,3.987933226679604
5.320592964824121,51.98587939698493,4.033322037895836
5.34324623115578,51.98587939698493,4.071340353403196
5.365899497487438,51.98587939698493,4.100442157154747
5.388552763819096,51.98587939698493,4.119826365250672
5.411206030150755,51.98587939698493,4.129416111941741
5.433859296482412,51.98587939698493,4.1297812002842935
5.456512562814071,51.98587939698493,4.12201890364008
5.479165829145729,51.98587939698493,4.107609945446635
5.501819095477387,51.98587939698493,4.088265681551916
5.524472361809046,51.98587939698493,4.065780024996454
5.547125628140703,51.98587939698493,4.041896319150504
5.569778894472362,51.98587939698493,4.018195894104855
5.59243216080402,51.98587939698493,3.996011929961156
5.6150854271356785,51.98587939698493,3.976369764369803
5.6377386934673375,51.98587939698493,3.9599529897393024
5.660391959798995,51.98587939698493,3.947093519723394
5.683045226130654,51.98587939698493,3.9377831180517022
5.705698492462312,51.98587939698493,3.931703500065141
5.72835175879397,51.98587939698493,3.928271873046318
5.751005025125629,51.98587939698493,3.9266985496741555
5.773658291457287,51.98587939698493,3.926052984303704
5.796311557788945,51.98587939698493,3.9253342514577962
5.818964824120604,51.98587939698493,3.9235416880260714
5.841618090452261,51.98587939698493,3.919741284955659
5.86427135678392,51.98587939698493,3.9131235840649543
5.886924623115578,51.98587939698493,3.9030494184137
5.909577889447236,51.98587939698493,3.8890808544161852
5.932231155778895,51.98587939698493,3.8709960653670654
5.954884422110553,51.98587939698493,3.8487884031382817
5.977537688442212,51.98587939698493,3.822651394834006
6.00019095477387,51.98587939698493,3.7929525406250715
6.022844221105528,51.98587939698493,3.7601994660053357
6.045497487437187,51.98587939698493,3.725002133681939
6.068150753768844,51.98587939698493,3.688034504545784
6.090804020100503,51.98587939698493,3.64999839012321
6.113457286432161,51.98587939698493,3.6115914295103213
6.136110552763819,51.98587939698493,3.573480308579792
6.158763819095478,51.98587939698493,3.5362796328509907
6.181417085427136,51.98587939698493,3.500536329508634
6.204070351758794,51.98587939698493,3.466719102509921
6.226723618090453,51.98587939698493,3.4352122774159755
6.2493768844221105,51.98587939698493,3.4063133116480433
6.2720301507537695,51.98587939698493,3.380233269309075
6.294683417085428,51.98587939698493,3.3570996305321823
6.317336683417086,51.98587939698493,3.336960895918423
6.339989949748745,51.98587939698493,3.319792539489323
6.362643216080402,51.98587939698493,3.305503949657305
6.385296482412061,51.98587939698493,3.2939460737104342
6.407949748743719,51.98587939698493,3.2849195467928554
6.430603015075377,51.98587939698493,3.2781831414506075
6.453256281407036,51.98587939698493,3.273462417581104
6.475909547738693,51.98587939698493,3.2704584826054273
6.498562814070352,51.98587939698493,3.2688567843965934
6.52121608040201,51.98587939698493,3.268335851744528
6.543869346733668,51.98587939698493,3.2685758681022037
6.566522613065327,51.98587939698493,3.2692669174093454
6.5891758793969855,51.98587939698493,3.2701166849111067
6.6118291457286436,51.98587939698493,3.27085734522215
6.6344824120603025,51.98587939698493,3.2712513415343363
6.65713567839196,51.98587939698493,3.2710957695446483
6.679788944723619,51.98587939698493,3.2702251366803115
6.702442211055277,51.98587939698493,3.2685123702150887
6.725095477386935,51.98587939698493,3.2658680836577947
6.747748743718594,51.98587939698493,3.2622382567140207
6.770402010050251,51.98587939698493,3.2576006139253137
6.79305527638191,51.98587939698493,3.2519600781222495
3.9613969849246233,52.00230653266332,7.932317456364979
3.9840502512562814,52.00230653266332,7.904465682000896
4.00670351758794,52.00230653266332,7.848223815061158
4.0293567839195985,52.00230653266332,7.760577903012856
4.052010050251257,52.00230653266332,7.63933355842075
4.074663316582915,52.00230653266332,7.483430919012379
4.097316582914573,52.00230653266332,7.293218961788907
4.119969849246232,52.00230653266332,7.070653360639161
4.14262311557789,52.00230653266332,6.819386165346711
4.165276381909548,52.00230653266332,6.544724663492646
4.187929648241206,52.00230653266332,6.253449985188302
4.210582914572864,52.00230653266332,5.95350156025798
4.233236180904523,52.00230653266332,5.65354913248956
4.255889447236181,52.00230653266332,5.362487319660076
4.278542713567839,52.00230653266332,5.088896760060865
4.301195979899497,52.00230653266332,4.840519558489775
4.3238492462311555,52.00230653266332,4.623794790570188
4.3465025125628145,52.00230653266332,4.44349282939604
4.369155778894473,52.00230653266332,4.302476437320086
4.391809045226131,52.00230653266332,4.201603493891584
4.41446231155779,52.00230653266332,4.13977257248647
4.437115577889448,52.00230653266332,4.11409985076256
4.459768844221106,52.00230653266332,4.120205248805611
4.482422110552764,52.00230653266332,4.152578040491286
4.505075376884422,52.00230653266332,4.204987875000503
4.527728643216081,52.00230653266332,4.270906205370038
4.550381909547739,52.00230653266332,4.343905281871976
4.573035175879397,52.00230653266332,4.418006646551233
4.595688442211055,52.00230653266332,4.487957837900583
4.618341708542713,52.00230653266332,4.549424077685422
4.640994974874372,52.00230653266332,4.599090325040526
4.6636482412060305,52.00230653266332,4.634677501166616
4.686301507537689,52.00230653266332,4.654884193018622
4.708954773869347,52.00230653266332,4.659271085142665
4.731608040201005,52.00230653266332,4.648109211553464
4.754261306532664,52.00230653266332,4.622214504264648
4.776914572864322,52.00230653266332,4.582789907605488
4.79956783919598,52.00230653266332,4.531292659524487
4.822221105527639,52.00230653266332,4.469338629792587
4.844874371859297,52.00230653266332,4.3986485432129845
4.867527638190955,52.00230653266332,4.321033422359216
4.890180904522613,52.00230653266332,4.238409704946515
4.912834170854271,52.00230653266332,4.152829251559303
4.93548743718593,52.00230653266332,4.066506690128388
4.958140703517588,52.00230653266332,3.981826714018797
4.9807939698492465,52.00230653266332,3.9013170677771134
5.0034472361809055,52.00230653266332,3.8275785589681353
5.026100502512563,52.00230653266332,3.763170697794028
5.048753768844222,52.00230653266332,3.7104594507539046
5.07140703517588,52.00230653266332,3.671441013521091
5.094060301507538,52.00230653266332,3.6475614378306305
5.116713567839197,52.00230653266332,3.639555489337876
5.139366834170854,52.00230653266332,3.6473285492475203
5.162020100502513,52.00230653266332,3.6699022618186454
5.184673366834171,52.00230653266332,3.705437974058209
5.207326633165829,52.00230653266332,3.751342431098859
5.229979899497488,52.00230653266332,3.804448994442688
5.252633165829145,52.00230653266332,3.8612567223327736
5.275286432160804,52.00230653266332,3.9182010725635585
5.2979396984924625,52.00230653266332,3.971925506809751
5.320592964824121,52.00230653266332,4.01952379993289
5.34324623115578,52.00230653266332,4.058728170792076
5.365899497487438,52.00230653266332,4.0880271745190955
5.388552763819096,52.00230653266332,4.10670768078493
5.411206030150755,52.00230653266332,4.114825150748528
5.433859296482412,52.00230653266332,4.113114177679991
5.456512562814071,52.00230653266332,4.102855972336519
5.479165829145729,52.00230653266332,4.085721045930926
5.501819095477387,52.00230653266332,4.0636042852988306
5.524472361809046,52.00230653266332,4.038466780685217
5.547125628140703,52.00230653266332,4.012195069261505
5.569778894472362,52.00230653266332,3.986484665953768
5.59243216080402,52.00230653266332,3.9627513933617817
5.6150854271356785,52.00230653266332,3.942071366705458
5.6377386934673375,52.00230653266332,3.925148600505161
5.660391959798995,52.00230653266332,3.9123079994273087
5.683045226130654,52.00230653266332,3.9035108144717237
5.705698492462312,52.00230653266332,3.898389297372452
5.72835175879397,52.00230653266332,3.8962970923054736
5.751005025125629,52.00230653266332,3.896371727514525
5.773658291457287,52.00230653266332,3.8976053362706824
5.796311557788945,52.00230653266332,3.8989194486071597
5.818964824120604,52.00230653266332,3.899239429820071
5.841618090452261,52.00230653266332,3.8975640319641087
5.86427135678392,52.00230653266332,3.89302572045848
5.886924623115578,52.00230653266332,3.884938053536083
5.909577889447236,52.00230653266332,3.8728274556527227
5.932231155778895,52.00230653266332,3.856448150513831
5.954884422110553,52.00230653266332,3.8357806121390037
5.977537688442212,52.00230653266332,3.8110154005192265
6.00019095477387,52.00230653266332,3.7825254284515006
6.022844221105528,52.00230653266332,3.750830390407123
6.045497487437187,52.00230653266332,3.7165572201981423
6.068150753768844,52.00230653266332,3.680400094684306
6.090804020100503,52.00230653266332,3.643082811193667
6.113457286432161,52.00230653266332,3.6053255147702705
6.136110552763819,52.00230653266332,3.56781690143925
6.158763819095478,52.00230653266332,3.531192293656339
6.181417085427136,52.00230653266332,3.496017436071007
6.204070351758794,52.00230653266332,3.4627775055011494
6.226723618090453,52.00230653266332,3.4318706452269456
6.2493768844221105,52.00230653266332,3.4036052791406153
6.2720301507537695,52.00230653266332,3.3782004911500674
6.294683417085428,52.00230653266332,3.3557888307870427
6.317336683417086,52.00230653266332,3.336420998828512
6.339989949748745,52.00230653266332,3.3200719595298667
6.362643216080402,52.00230653266332,3.3066481104460643
6.385296482412061,52.00230653266332,3.2959952144579403
6.407949748743719,52.00230653266332,3.287906862065126
6.430603015075377,52.00230653266332,3.282133286047299
6.453256281407036,52.00230653266332,3.278390394609659
6.475909547738693,52.00230653266332,3.276368920505485
6.498562814070352,52.00230653266332,3.275743598386376
6.52121608040201,52.00230653266332,3.2761822768785223
6.543869346733668,52.00230653266332,3.277354844099029
6.566522613065327,52.00230653266332,3.2789417984745572
6.5891758793969855,52.00230653266332,3.2806422397704567
6.6118291457286436,52.00230653266332,3.282181002892918
6.6344824120603025,52.00230653266332,3.283314627336932
6.65713567839196,52.00230653266332,3.283835864954312
6.679788944723619,52.00230653266332,3.2835764881385607
6.702442211055277,52.00230653266332,3.282408268457934
6.725095477386935,52.00230653266332,3.280242138334165
6.747748743718594,52.00230653266332,3.277025701589489
6.770402010050251,52.00230653266332,3.2727393947182915
3.9613969849246233,52.01873366834171,7.9347197965733285
3.9840502512562814,52.01873366834171,7.905110793176513
4.00670351758794,52.01873366834171,7.846241308771621
4.0293567839195985,52.01873366834171,7.755187791743722
4.052010050251257,52.01873366834171,7.629862405642791
4.074663316582915,52.01873366834171,7.469317094181216
4.097316582914573,52.01873366834171,7.2740084244496686
4.119969849246232,52.01873366834171,7.045988932908427
4.14262311557789,52.01873366834171,6.788994476251098
4.165276381909548,52.01873366834171,6.508405635953307
4.187929648241206,52.01873366834171,6.211073679340431
4.210582914572864,52.01873366834171,5.905016236412431
4.233236180904523,52.01873366834171,5.599002511922268
4.255889447236181,52.01873366834171,5.302060318659809
4.278542713567839,52.01873366834171,5.022945766239616
4.301195979899497,52.01873366834171,4.769620126536528
4.3238492462311555,52.01873366834171,4.5487771338293275
4.3465025125628145,52.01873366834171,4.365458394729519
4.369155778894473,52.01873366834171,4.222785762728516
4.391809045226131,52.01873366834171,4.121828715107759
4.41446231155779,52.01873366834171,4.061613118498485
4.437115577889448,52.01873366834171,4.039266246380925
4.459768844221106,52.01873366834171,4.050282281545502
4.482422110552764,52.01873366834171,4.0888834462310015
4.505075376884422,52.01873366834171,4.148444966311176
4.527728643216081,52.01873366834171,4.221947887160917
4.550381909547739,52.01873366834171,4.302422805501723
4.573035175879397,52.01873366834171,4.383350096095067
4.595688442211055,52.01873366834171,4.45898803527185
4.618341708542713,52.01873366834171,4.524608750097629
4.640994974874372,52.01873366834171,4.576632162448865
4.6636482412060305,52.01873366834171,4.612658829249153
4.686301507537689,52.01873366834171,4.631412545065596
4.708954773869347,52.01873366834171,4.63261165868013
4.731608040201005,52.01873366834171,4.616793429544842
4.754261306532664,52.01873366834171,4.585117936897321
4.776914572864322,52.01873366834171,4.539176956604188
4.79956783919598,52.01873366834171,4.480829108499641
4.822221105527639,52.01873366834171,4.412076053301963
4.844874371859297,52.01873366834171,4.334986465968902
4.867527638190955,52.01873366834171,4.251666014745316
4.890180904522613,52.01873366834171,4.164263800387411
4.912834170854271,52.01873366834171,4.074999759710536
4.93548743718593,52.01873366834171,3.9861942751372226
4.958140703517588,52.01873366834171,3.900281129117802
4.9807939698492465,52.01873366834171,3.81978798991533
5.0034472361809055,52.01873366834171,3.7472743305996388
5.026100502512563,52.01873366834171,3.685224213224385
5.048753768844222,52.01873366834171,3.6358996498136924
5.07140703517588,52.01873366834171,3.6011681564112425
5.094060301507538,52.01873366834171,3.5823245668495503
5.116713567839197,52.01873366834171,3.579931193862972
5.139366834170854,52.01873366834171,3.5937012049150763
5.162020100502513,52.01873366834171,3.6224470875573824
5.184673366834171,52.01873366834171,3.664109254448938
5.207326633165829,52.01873366834171,3.7158697975625956
5.229979899497488,52.01873366834171,3.7743445341603357
5.252633165829145,52.01873366834171,3.8358348244672285
5.275286432160804,52.01873366834171,3.896611449807213
5.2979396984924625,52.01873366834171,3.953198037699378
5.320592964824121,52.01873366834171,4.00262210885058
5.34324623115578,52.01873366834171,4.042607569226315
5.365899497487438,52.01873366834171,4.071691983926761
5.388552763819096,52.01873366834171,4.089263122768351
5.411206030150755,52.01873366834171,4.09551982566671
5.433859296482412,52.01873366834171,4.091370433942029
5.456512562814071,52.01873366834171,4.078286922872859
5.479165829145729,52.01873366834171,4.058134367856042
5.501819095477387,52.01873366834171,4.032994067899326
5.524472361809046,52.01873366834171,4.004995477147432
5.547125628140703,52.01873366834171,3.9761680471296623
5.569778894472362,52.01873366834171,3.948319980638649
5.59243216080402,52.01873366834171,3.922947295191843
5.6150854271356785,52.01873366834171,3.9011737685928223
5.6377386934673375,52.01873366834171,3.883720348214811
5.660391959798995,52.01873366834171,3.8709013564688117
5.683045226130654,52.01873366834171,3.862644142828734
5.705698492462312,52.01873366834171,3.858528515396291
5.72835175879397,52.01873366834171,3.8578421420970628
5.751005025125629,52.01873366834171,3.8596479953743708
5.773658291457287,52.01873366834171,3.8628597415131596
5.796311557788945,52.01873366834171,3.8663207420317045
5.818964824120604,52.01873366834171,3.8688821142801784
5.841618090452261,52.01873366834171,3.8694752257550564
5.86427135678392,52.01873366834171,3.8671742255878963
5.886924623115578,52.01873366834171,3.8612448662592467
5.909577889447236,52.01873366834171,3.8511769701323653
5.932231155778895,52.01873366834171,3.8366993618922223
5.954884422110553,52.01873366834171,3.817777722034191
5.977537688442212,52.01873366834171,3.7945973582981614
6.00019095477387,52.01873366834171,3.767534091108731
6.022844221105528,52.01873366834171,3.73711713423771
6.045497487437187,52.01873366834171,3.703987971096521
6.068150753768844,52.01873366834171,3.668858848076172
6.090804020100503,52.01873366834171,3.632473781688176
6.113457286432161,52.01873366834171,3.5955740911342633
6.136110552763819,52.01873366834171,3.5588695912924
6.158763819095478,52.01873366834171,3.5230158337324378
6.181417085427136,52.01873366834171,3.488597227263984
6.204070351758794,52.01873366834171,3.4561155144675633
6.226723618090453,52.01873366834171,3.425982900423684
6.2493768844221105,52.01873366834171,3.398519080253673
6.2720301507537695,52.01873366834171,3.373951446089059
6.294683417085428,52.01873366834171,3.3524178315300337
6.317336683417086,52.01873366834171,3.33397124380068
6.339989949748745,52.01873366834171,3.3185861236780134
6.362643216080402,52.01873366834171,3.3061657534799824
6.385296482412061,52.01873366834171,3.2965505027701996
6.407949748743719,52.01873366834171,3.2895266615894743
6.430603015075377,52.01873366834171,3.2848356634453184
6.453256281407036,52.01873366834171,3.282183544620072
6.475909547738693,52.01873366834171,3.2812505197764725
6.498562814070352,52.01873366834171,3.2817005716914136
6.52121608040201,52.01873366834171,3.28319095058579
6.543869346733668,52.01873366834171,3.2853814535399275
6.566522613065327,52.01873366834171,3.287943309345769
6.5891758793969855,52.01873366834171,3.290567437650384
6.6118291457286436,52.01873366834171,3.2929717985002394
6.6344824120603025,52.01873366834171,3.29490751822381
6.65713567839196,52.01873366834171,3.29616348780725
6.679788944723619,52.01873366834171,3.2965691914031816
6.702442211055277,52.01873366834171,3.2959956345007138
6.725095477386935,52.01873366834171,3.2943543892345035
3.9613969849246233,52.0351608040201,7.922259073523491
3.9840502512562814,52.0351608040201,7.89088829445293
4.00670351758794,52.0351608040201,7.82965700841273
4.0293567839195985,52.0351608040201,7.735745168359035
4.052010050251257,52.0351608040201,7.607178921109844
4.074663316582915,52.0351608040201,7.443123141845229
4.097316582914573,52.0351608040201,7.244136158963317
4.119969849246232,52.0351608040201,7.012354058361908
4.14262311557789,52.0351608040201,6.75157543960389
4.165276381909548,52.0351608040201,6.46722548116016
4.187929648241206,52.0351608040201,6.166189820811531
4.210582914572864,52.0351608040201,5.8565224411514425
4.233236180904523,52.0351608040201,5.547045400964933
4.255889447236181,52.0351608040201,5.246869851628897
4.278542713567839,52.0351608040201,4.964875807209232
4.301195979899497,52.0351608040201,4.70919185781966
4.3238492462311555,52.0351608040201,4.4867154884341165
4.3465025125628145,52.0351608040201,4.302710551473247
4.369155778894473,52.0351608040201,4.160511680437239
4.391809045226131,52.0351608040201,4.061356920725343
4.41446231155779,52.0351608040201,4.004360247055924
4.437115577889448,52.0351608040201,3.986625335467431
4.459768844221106,52.0351608040201,4.003491277058664
4.482422110552764,52.0351608040201,4.048890341899759
4.505075376884422,52.0351608040201,4.115788257629501
4.527728643216081,52.0351608040201,4.19666993025326
4.550381909547739,52.0351608040201,4.284029371848125
4.573035175879397,52.0351608040201,4.370822788111134
4.595688442211055,52.0351608040201,4.450848644835051
4.618341708542713,52.0351608040201,4.519027578074508
4.640994974874372,52.0351608040201,4.571566988032234
4.6636482412060305,52.0351608040201,4.606008338425794
4.686301507537689,52.0351608040201,4.621167742164401
4.708954773869347,52.0351608040201,4.616990749722942
4.731608040201005,52.0351608040201,4.594349220864372
4.754261306532664,52.0351608040201,4.554811155119486
4.776914572864322,52.0351608040201,4.500413326825656
4.79956783919598,52.0351608040201,4.433461938635586
4.822221105527639,52.0351608040201,4.356379080162576
4.844874371859297,52.0351608040201,4.271603646315534
4.867527638190955,52.0351608040201,4.181545794126164
4.890180904522613,52.0351608040201,4.0885852961528055
4.912834170854271,52.0351608040201,3.995097461491627
4.93548743718593,52.0351608040201,3.9034865349342858
4.958140703517588,52.0351608040201,3.816206117264997
4.9807939698492465,52.0351608040201,3.7357491417479145
5.0034472361809055,52.0351608040201,3.664595781329081
5.026100502512563,52.0351608040201,3.605115466902901
5.048753768844222,52.0351608040201,3.559427875416814
5.07140703517588,52.0351608040201,3.529236136547123
5.094060301507538,52.0351608040201,3.5156524758010628
5.116713567839197,52.0351608040201,3.5190410110005335
5.139366834170854,52.0351608040201,3.5389035474310413
5.162020100502513,52.0351608040201,3.573831356583599
5.184673366834171,52.0351608040201,3.6215389562808147
5.207326633165829,52.0351608040201,3.6789854505900355
5.229979899497488,52.0351608040201,3.7425764980195315
5.252633165829145,52.0351608040201,3.8084276272971507
5.275286432160804,52.0351608040201,3.8726598551477416
5.2979396984924625,52.0351608040201,3.931693456319923
5.320592964824121,52.0351608040201,3.9825063829622067
5.34324623115578,52.0351608040201,4.022829984047792
5.365899497487438,52.0351608040201,4.051264831960749
5.388552763819096,52.0351608040201,4.067311331331738
5.411206030150755,52.0351608040201,4.07132096485447
5.433859296482412,52.0351608040201,4.064382640528765
5.456512562814071,52.0351608040201,4.048163652306445
5.479165829145729,52.0351608040201,4.024726192205878
5.501819095477387,52.0351608040201,3.9963388101884902
5.524472361809046,52.0351608040201,3.965298729727481
5.547125628140703,52.0351608040201,3.933776550586478
5.569778894472362,52.0351608040201,3.903690474157146
5.59243216080402,52.0351608040201,3.8766133473670927
5.6150854271356785,52.0351608040201,3.853712824308421
5.6377386934673375,52.0351608040201,3.835722844151809
5.660391959798995,52.0351608040201,3.8229433191382296
5.683045226130654,52.0351608040201,3.8152642337149065
5.705698492462312,52.0351608040201,3.8122100631823317
5.72835175879397,52.0351608040201,3.813000327402463
5.751005025125629,52.0351608040201,3.816622044101741
5.773658291457287,52.0351608040201,3.8219097442199494
5.796311557788945,52.0351608040201,3.8276285460051858
5.818964824120604,52.0351608040201,3.83255562424964
5.841618090452261,52.0351608040201,3.835555388533183
5.86427135678392,52.0351608040201,3.8356439546424235
5.886924623115578,52.0351608040201,3.8320391783107235
5.909577889447236,52.0351608040201,3.8241936538816814
5.932231155778895,52.0351608040201,3.811809576172152
5.954884422110553,52.0351608040201,3.794836022632621
5.977537688442212,52.0351608040201,3.77345077170225
6.00019095477387,52.0351608040201,3.74802997857011
6.022844221105528,52.0351608040201,3.719109708536845
6.045497487437187,52.0351608040201,3.6873434301923425
6.068150753768844,52.0351608040201,3.653459167288073
6.090804020100503,52.0351608040201,3.6182192570273513
6.113457286432161,52.0351608040201,3.5823847535875553
6.136110552763819,52.0351608040201,3.546685621282029
6.158763819095478,52.0351608040201,3.511797103976881
6.181417085427136,52.0351608040201,3.47832209760105
6.204070351758794,52.0351608040201,3.4467789987126802
6.226723618090453,52.0351608040201,3.4175943253549756
6.2493768844221105,52.0351608040201,3.3910993602900557
6.2720301507537695,52.0351608040201,3.367530102301454
6.294683417085428,52.0351608040201,3.347029887515526
6.317336683417086,52.0351608040201,3.3296541308638643
6.339989949748745,52.0351608040201,3.3153767216251246
6.362643216080402,52.0351608040201,3.304097680294098
6.385296482412061,52.0351608040201,3.295651747020785
6.407949748743719,52.0351608040201,3.289817627305975
6.430603015075377,52.0351608040201,3.286327670817105
6.453256281407036,52.0351608040201,3.284877803921619
6.475909547738693,52.0351608040201,3.285137572662705
6.498562814070352,52.0351608040201,3.286760175056795
6.52121608040201,52.0351608040201,3.2893923640991436
6.543869346733668,52.0351608040201,3.2926840824399335
6.566522613065327,52.0351608040201,3.2962976480444652
6.5891758793969855,52.0351608040201,3.2999162558422057
6.6118291457286436,52.0351608040201,3.30325150867212
6.6344824120603025,52.0351608040201,3.306049661182575
6.65713567839196,52.0351608040201,3.3080962713089357
3.9840502512562814,52.05158793969849,7.862398668560706
4.00670351758794,52.05158793969849,7.799098415155773
4.0293567839195985,52.05158793969849,7.702909992079363
4.052010050251257,52.05158793969849,7.571985653147895
4.074663316582915,52.05158793969849,7.405609516733643
4.097316582914573,52.05158793969849,7.204441401136418
4.119969849246232,52.05158793969849,6.970693376247021
4.14262311557789,52.05158793969849,6.7082113878035905
4.165276381909548,52.05158793969849,6.4224417145813
4.187929648241206,52.05158793969849,6.12027281878888
4.210582914572864,52.05158793969849,5.809755808860813
4.233236180904523,52.05158793969849,5.499719333385938
4.255889447236181,52.05158793969849,5.199305438513071
4.278542713567839,52.05158793969849,4.917460443702315
4.301195979899497,52.05158793969849,4.662418677107302
4.3238492462311555,52.05158793969849,4.441217154372822
4.3465025125628145,52.05158793969849,4.2592766590020625
4.369155778894473,52.05158793969849,4.120079974466831
4.391809045226131,52.05158793969849,4.024971782301404
4.41446231155779,52.05158793969849,3.973097133694002
4.437115577889448,52.05158793969849,3.961486277785584
4.459768844221106,52.05158793969849,3.9852828654704338
4.482422110552764,52.05158793969849,4.038100462268658
4.505075376884422,52.05158793969849,4.1124799461569115
4.527728643216081,52.05158793969849,4.200409481184024
4.550381909547739,52.05158793969849,4.293861390529955
4.573035175879397,52.05158793969849,4.385298128379298
4.595688442211055,52.05158793969849,4.468103489864023
4.618341708542713,52.05158793969849,4.536904816731819
4.640994974874372,52.05158793969849,4.587765743288893
4.6636482412060305,52.05158793969849,4.618244749096567
4.686301507537689,52.05158793969849,4.627330025747147
4.708954773869347,52.05158793969849,4.6152738171227945
4.731608040201005,52.05158793969849,4.583357977432831
4.754261306532664,52.05158793969849,4.533626282066873
4.776914572864322,52.05158793969849,4.4686180133345434
4.79956783919598,52.05158793969849,4.39113211143216
4.822221105527639,52.05158793969849,4.304042756783387
4.844874371859297,52.05158793969849,4.210176947827556
4.867527638190955,52.05158793969849,4.112253911575494
4.890180904522613,52.05158793969849,4.012876470337316
4.912834170854271,52.05158793969849,3.9145570449581495
4.93548743718593,52.05158793969849,3.81975672122538
4.958140703517588,52.05158793969849,3.7309151950840334
4.9807939698492465,52.05158793969849,3.6504523770288735
5.0034472361809055,52.05158793969849,3.580728426339177
5.026100502512563,52.05158793969849,3.5239570862160763
5.048753768844222,52.05158793969849,3.482076275996959
5.07140703517588,52.05158793969849,3.4565887687705157
5.094060301507538,52.05158793969849,3.448393259034055
5.116713567839197,52.05158793969849,3.45763108800359
5.139366834170854,52.05158793969849,3.4835753617511847
5.162020100502513,52.05158793969849,3.5245864734230903
5.184673366834171,52.05158793969849,3.578150955788858
5.207326633165829,52.05158793969849,3.6410097590636616
5.229979899497488,52.05158793969849,3.70936899975748
5.252633165829145,52.05158793969849,3.7791732585168245
5.275286432160804,52.05158793969849,3.846411221587653
5.2979396984924625,52.05158793969849,3.907418081577178
5.320592964824121,52.05158793969849,3.9591398085851353
5.34324623115578,52.05158793969849,3.9993309164280086
5.365899497487438,52.05158793969849,4.02666807863966
5.388552763819096,52.05158793969849,4.040774455919236
5.411206030150755,52.05158793969849,4.042161333258565
5.433859296482412,52.05158793969849,4.032102646104486
5.456512562814071,52.05158793969849,4.012463169434549
5.479165829145729,52.05158793969849,3.985502513184766
5.501819095477387,52.05158793969849,3.9536753236666318
5.524472361809046,52.05158793969849,3.91944432342636
5.547125628140703,52.05158793969849,3.8851181491557947
5.569778894472362,52.05158793969849,3.8527212774622823
5.59243216080402,52.05158793969849,3.8238992599810318
5.6150854271356785,52.05158793969849,3.7998593164636363
5.6377386934673375,52.05158793969849,3.781344111766758
5.660391959798995,52.05158793969849,3.7686351668759976
5.683045226130654,52.05158793969849,3.7615816369516337
5.705698492462312,52.05158793969849,3.759649912599236
5.72835175879397,52.05158793969849,3.76198945588302
5.751005025125629,52.05158793969849,3.7675103019876564
5.773658291457287,52.05158793969849,3.7749676373423933
5.796311557788945,52.05158793969849,3.783048782649575
5.818964824120604,52.05158793969849,3.7904578255758006
5.841618090452261,52.05158793969849,3.79599319000238
5.86427135678392,52.05158793969849,3.7986137496403374
5.886924623115578,52.05158793969849,3.7974898157638317
5.909577889447236,52.05158793969849,3.792036487341247
5.932231155778895,52.05158793969849,3.7819283626368208
5.954884422110553,52.05158793969849,3.7670962767736946
5.977537688442212,52.05158793969849,3.747708287481619
6.00019095477387,52.05158793969849,3.724138328559401
6.022844221105528,52.05158793969849,3.6969266158012397
6.045497487437187,52.05158793969849,3.6667359746362096
6.068150753768844,52.05158793969849,3.6343078367080848
6.090804020100503,52.05158793969849,3.6004208844224053
6.113457286432161,52.05158793969849,3.5658544003907604
6.136110552763819,52.05158793969849,3.531357476205879
6.158763819095478,52.05158793969849,3.4976244742118787
6.181417085427136,52.05158793969849,3.465276577227328
6.204070351758794,52.05158793969849,3.4348489106258877
6.226723618090453,52.05158793969849,3.406782547960269
6.2493768844221105,52.05158793969849,3.381420667044074
6.2720301507537695,52.05158793969849,3.3590081579307083
6.294683417085428,52.05158793969849,3.33969405603807
6.317336683417086,52.05158793969849,3.323536254325398
6.339989949748745,52.05158793969849,3.3105080228059105
6.362643216080402,52.05158793969849,3.3005059271024204
6.385296482412061,52.05158793969849,3.293358792020287
6.407949748743719,52.05158793969849,3.2888374053348524
6.430603015075377,52.05158793969849,3.2866647042189747
6.453256281407036,52.05158793969849,3.2865262319770645
6.475909547738693,52.05158793969849,3.2880806923827026
6.498562814070352,52.05158793969849,3.2909704566472318
6.52121608040201,52.05158793969849,3.2948318871010995
6.543869346733668,52.05158793969849,3.299305327647142
6.566522613065327,52.05158793969849,3.3040445748556024
6.5891758793969855,52.05158793969849,3.3087255932930826
6.6118291457286436,52.05158793969849,3.3130541896293426
6.6344824120603025,52.05158793969849,3.3167723320184885
6.65713567839196,52.05158793969849,3.3196628133523864
4.00670351758794,52.068015075376884,7.7553687527376445
4.0293567839195985,52.068015075376884,7.657520944963413
4.052010050251257,52.068015075376884,7.525160979272627
4.074663316582915,52.068015075376884,7.35770274251386
4.097316582914573,52.068015075376884,7.155912053991746
4.119969849246232,52.068015075376884,6.922074635899751
4.14262311557789,52.068015075376884,6.660073848038184
4.165276381909548,52.068015075376884,6.375358914909872
4.187929648241206,52.068015075376884,6.074794299640272
4.210582914572864,52.068015075376884,5.766392489318736
4.233236180904523,52.068015075376884,5.458943996896343
4.255889447236181,52.068015075376884,5.161568230422412
4.278542713567839,52.068015075376884,4.883215933806976
4.301195979899497,52.068015075376884,4.632157797925538
4.3238492462311555,52.068015075376884,4.415494876948148
4.3465025125628145,52.068015075376884,4.238725290470839
4.369155778894473,52.068015075376884,4.105398969952189
4.391809045226131,52.068015075376884,4.016888138524724
4.41446231155779,52.068015075376884,3.972295482168832
4.437115577889448,52.068015075376884,3.9685139174334374
4.459768844221106,52.068015075376884,4.000440955654318
4.482422110552764,52.068015075376884,4.061337077052823
4.505075376884422,52.068015075376884,4.143302517354991
4.527728643216081,52.068015075376884,4.237832730793192
4.550381909547739,52.068015075376884,4.336402323103388
4.573035175879397,52.068015075376884,4.4310229005076875
4.595688442211055,52.068015075376884,4.514723364900164
4.618341708542713,52.068015075376884,4.581911433511408
4.640994974874372,52.068015075376884,4.628590811310253
4.6636482412060305,52.068015075376884,4.652426756405542
4.686301507537689,52.068015075376884,4.6526707457543255
4.708954773869347,52.068015075376884,4.629969945757024
4.731608040201005,52.068015075376884,4.586097399425553
4.754261306532664,52.068015075376884,4.523643396472463
4.776914572864322,52.068015075376884,4.445707431632779
4.79956783919598,52.068015075376884,4.355624236563014
4.822221105527639,52.068015075376884,4.2567478516938175
4.844874371859297,52.068015075376884,4.152306140905729
4.867527638190955,52.068015075376884,4.045326202624248
4.890180904522613,52.068015075376884,3.9386203811311384
4.912834170854271,52.068015075376884,3.834814371370178
4.93548743718593,52.068015075376884,3.7363941798626397
4.958140703517588,52.068015075376884,3.6457478851826806
4.9807939698492465,52.068015075376884,3.5651811225122465
5.0034472361809055,52.068015075376884,3.4968913988491725
5.026100502512563,52.068015075376884,3.442894769892674
5.048753768844222,52.068015075376884,3.4049079139289313
5.07140703517588,52.068015075376884,3.384197986595398
5.094060301507538,52.068015075376884,3.381420603286994
5.116713567839197,52.068015075376884,3.3964716949874036
5.139366834170854,52.068015075376884,3.428380766943007
5.162020100502513,52.068015075376884,3.475270496248067
5.184673366834171,52.068015075376884,3.5344004237870763
5.207326633165829,52.068015075376884,3.602301346316601
5.229979899497488,52.068015075376884,3.6749934842845944
5.252633165829145,52.068015075376884,3.748268000399113
5.275286432160804,52.068015075376884,3.8180007125200244
5.2979396984924625,52.068015075376884,3.880461224272593
5.320592964824121,52.068015075376884,3.9325814257764913
5.34324623115578,52.068015075376884,3.9721541297134637
5.365899497487438,52.068015075376884,3.997943820811474
5.388552763819096,52.068015075376884,4.009704546362454
5.411206030150755,52.068015075376884,4.008112190357852
5.433859296482412,52.068015075376884,3.9946276816487334
5.456512562814071,52.068015075376884,3.9713130219199257
5.479165829145729,52.068015075376884,3.940623358521767
5.501819095477387,52.068015075376884,3.9051964267892783
5.524472361809046,52.068015075376884,3.8676566899846994
5.547125628140703,52.068015075376884,3.8304465766498437
5.569778894472362,52.068015075376884,3.7956922965996545
5.59243216080402,52.068015075376884,3.765107426408157
5.6150854271356785,52.068015075376884,3.7399340983408687
5.6377386934673375,52.068015075376884,3.720919264364013
5.660391959798995,52.068015075376884,3.7083220396636603
5.683045226130654,52.068015075376884,3.7019473707938246
5.705698492462312,52.068015075376884,3.7012010015411487
5.72835175879397,52.068015075376884,3.7051607102729367
5.751005025125629,52.068015075376884,3.7126588880015388
5.773658291457287,52.068015075376884,3.72237160090382
5.796311557788945,52.068015075376884,3.732909299076909
5.818964824120604,52.068015075376884,3.7429043444291477
5.841618090452261,52.068015075376884,3.751090653122187
5.86427135678392,52.068015075376884,3.756371129420779
5.886924623115578,52.068015075376884,3.7578693283683666
5.909577889447236,52.068015075376884,3.754962960999842
5.932231155778895,52.068015075376884,3.74729836681984
5.954884422110553,52.068015075376884,3.734786731120932
5.977537688442212,52.068015075376884,3.7175843623209794
6.00019095477387,52.068015075376884,3.696060518924299
6.022844221105528,52.068015075376884,3.670756919225111
6.045497487437187,52.068015075376884,3.6423431334392733
6.068150753768844,52.068015075376884,3.611571623176534
6.090804020100503,52.068015075376884,3.5792354177308887
6.113457286432161,52.068015075376884,3.5461304924246777
6.136110552763819,52.068015075376884,3.5130240137501807
6.158763819095478,52.068015075376884,3.4806288601064073
6.181417085427136,52.068015075376884,3.4495842743209324
6.204070351758794,52.068015075376884,3.4204421592739687
6.226723618090453,52.068015075376884,3.3936583584023383
6.2493768844221105,52.068015075376884,3.369588218915788
6.2720301507537695,52.068015075376884,3.3484857663316205
6.294683417085428,52.068015075376884,3.330505882846488
6.317336683417086,52.068015075376884,3.315708951504912
6.339989949748745,52.068015075376884,3.3040674893816164
6.362643216080402,52.068015075376884,3.2954743432975033
6.385296482412061,52.068015075376884,3.2897520645837552
6.407949748743719,52.068015075376884,3.2866631207279915
6.430603015075377,52.068015075376884,3.2859206452983387
6.453256281407036,52.068015075376884,3.287199473438144
6.475909547738693,52.068015075376884,3.2901472542329633
6.498562814070352,52.068015075376884,3.2943954659970993
6.52121608040201,52.068015075376884,3.299570177918748
6.543869346733668,52.068015075376884,3.305302395899014
6.566522613065327,52.068015075376884,3.31123780172896
6.5891758793969855,52.068015075376884,3.3170456504841916
6.6118291457286436,52.068015075376884,3.322426546261717
6.6344824120603025,52.068015075376884,3.3271187910771207
6.65713567839196,52.068015075376884,3.3309030153652692
6.679788944723619,52.068015075376884,3.333604863597419
6.702442211055277,52.068015075376884,3.335095625092417
4.0293567839195985,52.084442211055276,7.600555086218089
4.052010050251257,52.084442211055276,7.4677137413794075
4.074663316582915,52.084442211055276,7.300444674532539
4.097316582914573,52.084442211055276,7.099628059427072
4.119969849246232,52.084442211055276,6.867625441270526
4.14262311557789,52.084442211055276,6.608352662526015
4.165276381909548,52.084442211055276,6.327248937382888
4.187929648241206,52.084442211055276,6.031132851661507
4.210582914572864,52.084442211055276,5.727946631040286
4.255889447236181,52.084442211055276,5.135538195533673
4.278542713567839,52.084442211055276,4.86425058902322
4.301195979899497,52.084442211055276,4.620769936655263
4.3238492462311555,52.084442211055276,4.412177232336954
4.3465025125628145,52.084442211055276,4.243956917544314
4.369155778894473,52.084442211055276,4.119631589977791
4.391809045226131,52.084442211055276,4.040507489153617
4.41446231155779,52.084442211055276,4.0055574595948915
4.437115577889448,52.084442211055276,4.01146094912739
4.459768844221106,52.084442211055276,4.0528094713393745
4.482422110552764,52.084442211055276,4.122470893749502
4.505075376884422,52.084442211055276,4.212088364676938
4.527728643216081,52.084442211055276,4.3126724734252235
4.550381909547739,52.084442211055276,4.415231851111318
4.573035175879397,52.084442211055276,4.511381006668745
4.595688442211055,52.084442211055276,4.593866532416982
4.618341708542713,52.084442211055276,4.656963757698338
4.640994974874372,52.084442211055276,4.696713477945746
4.6636482412060305,52.084442211055276,4.710989308005363
4.686301507537689,52.084442211055276,4.699406910383086
4.708954773869347,52.084442211055276,4.663103685873022
4.731608040201005,52.084442211055276,4.604429315418971
4.754261306532664,52.084442211055276,4.5265928047582396
4.776914572864322,52.084442211055276,4.433310491547135
4.79956783919598,52.084442211055276,4.328492765497646
4.822221105527639,52.084442211055276,4.215996533137271
4.844874371859297,52.084442211055276,4.099457539804443
4.867527638190955,52.084442211055276,3.9822034202712344
4.890180904522613,52.084442211055276,3.867236527114139
4.912834170854271,52.084442211055276,3.75726660651299
4.93548743718593,52.084442211055276,3.654768212766352
4.958140703517588,52.084442211055276,3.562036776191177
4.9807939698492465,52.084442211055276,3.4812202958884795
5.0034472361809055,52.084442211055276,3.4143100579448373
5.026100502512563,52.084442211055276,3.3630825678448817
5.048753768844222,52.084442211055276,3.3289948262521714
5.07140703517588,52.084442211055276,3.3130448942289816
5.094060301507538,52.084442211055276,3.3156181142358943
5.116713567839197,52.084442211055276,3.336345148334416
5.139366834170854,52.084442211055276,3.374000058631566
5.162020100502513,52.084442211055276,3.4264641772047337
5.184673366834171,52.084442211055276,3.490774255850785
5.207326633165829,52.084442211055276,3.563261976885954
5.229979899497488,52.084442211055276,3.6397779850896406
5.252633165829145,52.084442211055276,3.7159796678596937
5.275286432160804,52.084442211055276,3.7876508132845568
5.2979396984924625,52.084442211055276,3.851015452212656
5.320592964824121,52.084442211055276,3.903008932233289
5.34324623115578,52.084442211055276,3.9414763078948347
5.365899497487438,52.084442211055276,3.9652797174121046
5.388552763819096,52.084442211055276,3.9743098940852075
5.411206030150755,52.084442211055276,3.9694095642983225
5.433859296482412,52.084442211055276,3.9522260718362903
5.456512562814071,52.084442211055276,3.9250160450248646
5.479165829145729,52.084442211055276,3.890426270719685
5.501819095477387,52.084442211055276,3.8512729416845115
5.524472361809046,52.084442211055276,3.810337279727617
5.547125628140703,52.084442211055276,3.7701904020130588
5.569778894472362,52.084442211055276,3.7330551583987654
5.59243216080402,52.084442211055276,3.700708160772042
5.6150854271356785,52.084442211055276,3.674421671992522
5.6377386934673375,52.084442211055276,3.654942497186521
5.660391959798995,52.084442211055276,3.6425034359727415
5.683045226130654,52.084442211055276,3.636862031198909
5.705698492462312,52.084442211055276,3.6373610692479326
5.72835175879397,52.084442211055276,3.643005329824791
5.751005025125629,52.084442211055276,3.6525492610928336
5.773658291457287,52.084442211055276,3.664590439110149
5.796311557788945,52.084442211055276,3.6776638074613586
5.818964824120604,52.084442211055276,3.69033181822687
5.841618090452261,52.084442211055276,3.701265814800025
5.86427135678392,52.084442211055276,3.7093144491615484
5.886924623115578,52.084442211055276,3.7135557269922628
5.909577889447236,52.084442211055276,3.713330460449501
5.932231155778895,52.084442211055276,3.708256404425476
5.954884422110553,52.084442211055276,3.698223972903379
5.977537688442212,52.084442211055276,3.6833759301328755
6.00019095477387,52.084442211055276,3.6640745878388117
6.022844221105528,52.084442211055276,3.6408606533272665
6.045497487437187,52.084442211055276,3.614407921452469
6.068150753768844,52.084442211055276,3.585477561676864
6.090804020100503,52.084442211055276,3.5548749785472866
6.113457286432161,52.084442211055276,3.5234113085815353
6.136110552763819,52.084442211055276,3.4918707282607024
6.158763819095478,52.084442211055276,3.4609840046945237
6.181417085427136,52.084442211055276,3.4314081792953592
6.204070351758794,52.084442211055276,3.4037119382614724
6.226723618090453,52.084442211055276,3.3783660582123205
6.2493768844221105,52.084442211055276,3.3557382703727874
6.2720301507537695,52.084442211055276,3.33609191108381
6.294683417085428,52.084442211055276,3.319587778979995
6.317336683417086,52.084442211055276,3.3062886734801786
6.339989949748745,52.084442211055276,3.296166133492247
6.362643216080402,52.084442211055276,3.2891089288965576
6.385296482412061,52.084442211055276,3.284932886345768
6.407949748743719,52.084442211055276,3.283391662539887
6.430603015075377,52.084442211055276,3.284188117269559
6.453256281407036,52.084442211055276,3.286985985294565
6.475909547738693,52.084442211055276,3.291421595516065
6.498562814070352,52.084442211055276,3.2971154292559
6.52121608040201,52.084442211055276,3.3036833371135095
6.543869346733668,52.084442211055276,3.31074723880181
6.566522613065327,52.084442211055276,3.3179451113136715
6.5891758793969855,52.084442211055276,3.3249400345012754
6.6118291457286436,52.084442211055276,3.3314280243701466
6.6344824120603025,52.084442211055276,3.3371443629393878
6.65713567839196,52.084442211055276,3.341868149021151
6.679788944723619,52.084442211055276,3.345424859520211
6.702442211055277,52.084442211055276,3.3476868262656176
6.725095477386935,52.084442211055276,3.348571684979448
4.097316582914573,52.10086934673367,7.036702474735144
4.119969849246232,52.10086934673367,6.808468488093739
4.14262311557789,52.10086934673367,6.554184688163358
4.278542713567839,52.10086934673367,4.86212648775752
4.301195979899497,52.10086934673367,4.629964642459891
4.3238492462311555,52.10086934673367,4.4331368215913765
4.3465025125628145,52.10086934673367,4.277014904084989
4.369155778894473,52.10086934673367,4.164989904281032
4.391809045226131,52.10086934673367,4.098197733361788
4.41446231155779,52.10086934673367,4.075383109881542
4.437115577889448,52.10086934673367,4.0929262239419595
4.459768844221106,52.10086934673367,4.1450453007510575
4.482422110552764,52.10086934673367,4.224171687241826
4.505075376884422,52.10086934673367,4.321474150707961
4.527728643216081,52.10086934673367,4.427489013308485
4.550381909547739,52.10086934673367,4.532796693930009
4.573035175879397,52.10086934673367,4.628676967359117
4.595688442211055,52.10086934673367,4.707676997252452
4.618341708542713,52.10086934673367,4.764037923696479
4.640994974874372,52.10086934673367,4.7939452676911065
4.6636482412060305,52.10086934673367,4.795591948888031
4.686301507537689,52.10086934673367,4.769066133285519
4.708954773869347,52.10086934673367,4.716095769171118
4.731608040201005,52.10086934673367,4.63969500741859
4.754261306532664,52.10086934673367,4.543763588991268
4.776914572864322,52.10086934673367,4.4326888530028015
4.79956783919598,52.10086934673367,4.310992401429055
4.822221105527639,52.10086934673367,4.1830514216372645
4.844874371859297,52.10086934673367,4.052910296051362
4.867527638190955,52.10086934673367,3.9241835287217848
4.890180904522613,52.10086934673367,3.8000380958684
4.912834170854271,52.10086934673367,3.6832335900028226
4.93548743718593,52.10086934673367,3.576192945451663
4.958140703517588,52.10086934673367,3.4810754657225735
4.9807939698492465,52.10086934673367,3.3998270807958333
5.0034472361809055,52.10086934673367,3.334189506947027
5.026100502512563,52.10086934673367,3.2856591826217145
5.048753768844222,52.10086934673367,3.255397250939049
5.07140703517588,52.10086934673367,3.2441021345206016
5.094060301507538,52.10086934673367,3.2518650897119263
5.116713567839197,52.10086934673367,3.2780352680563016
5.139366834170854,52.10086934673367,3.3211231098968397
5.162020100502513,52.10086934673367,3.378768509715431
5.184673366834171,52.10086934673367,3.4477928763283243
5.207326633165829,52.10086934673367,3.5243426044969004
5.229979899497488,52.10086934673367,3.6041172605752454
5.252633165829145,52.10086934673367,3.6826615294238176
5.275286432160804,52.10086934673367,3.7556885960790782
5.2979396984924625,52.10086934673367,3.819396647652799
5.320592964824121,52.10086934673367,3.870740908398078
5.34324623115578,52.10086934673367,3.9076307924595124
5.365899497487438,52.10086934673367,3.929033592456559
5.388552763819096,52.10086934673367,3.9349799008642155
5.411206030150755,52.10086934673367,3.926478856514765
5.433859296482412,52.10086934673367,3.9053611304697693
5.456512562814071,52.10086934673367,3.8740731920700036
5.479165829145729,52.10086934673367,3.835447802623309
5.501819095477387,52.10086934673367,3.7924736622345416
5.524472361809046,52.10086934673367,3.7480828758602764
5.547125628140703,52.10086934673367,3.7049696183547702
5.569778894472362,52.10086934673367,3.6654480471196433
5.59243216080402,52.10086934673367,3.631352790656416
5.6150854271356785,52.10086934673367,3.603981574150579
5.6377386934673375,52.10086934673367,3.584076827100845
5.660391959798995,52.10086934673367,3.57184138625464
5.683045226130654,52.10086934673367,3.566982495377095
5.705698492462312,52.10086934673367,3.5687779995344666
5.72835175879397,52.10086934673367,3.5761587133885513
5.751005025125629,52.10086934673367,3.58780121093171
5.773658291457287,52.10086934673367,3.6022255911722993
5.796311557788945,52.10086934673367,3.6178930498530226
5.818964824120604,52.10086934673367,3.633298346804064
5.841618090452261,52.10086934673367,3.6470525913826615
5.86427135678392,52.10086934673367,3.6579523012363193
5.886924623115578,52.10086934673367,3.665031531891116
5.909577889447236,52.10086934673367,3.6675950635363592
5.932231155778895,52.10086934673367,3.66523209721783
5.954884422110553,52.10086934673367,3.6578114822507297
5.977537688442212,52.10086934673367,3.6454609363412405
6.00019095477387,52.10086934673367,3.6285338036488266
6.022844221105528,52.10086934673367,3.607567471702697
6.045497487437187,52.10086934673367,3.58323759689688
6.068150753768844,52.10086934673367,3.556311844959625
6.090804020100503,52.10086934673367,3.5276060916432828
6.113457286432161,52.10086934673367,3.497945133125912
6.136110552763819,52.10086934673367,3.468129089479409
6.158763819095478,52.10086934673367,3.4389059622627047
6.181417085427136,52.10086934673367,3.410950282918523
6.204070351758794,52.10086934673367,3.384847463459485
6.226723618090453,52.10086934673367,3.361083300324571
6.2493768844221105,52.10086934673367,3.340038035308493
6.2720301507537695,52.10086934673367,3.321984393018399
6.294683417085428,52.10086934673367,3.3070890520676803
6.317336683417086,52.10086934673367,3.2954170423788076
6.339989949748745,52.10086934673367,3.2869385840889445
6.362643216080402,52.10086934673367,3.281537896836338
6.385296482412061,52.10086934673367,3.2790235201844857
6.407949748743719,52.10086934673367,3.279139705955056
6.430603015075377,52.10086934673367,3.2815784771872405
6.453256281407036,52.10086934673367,3.2859919963925384
6.475909547738693,52.10086934673367,3.2920049417141417
6.498562814070352,52.10086934673367,3.299226643291094
6.52121608040201,52.10086934673367,3.3072627721451
6.543869346733668,52.10086934673367,3.3157263915599295
6.566522613065327,52.10086934673367,3.3242481736744662
6.5891758793969855,52.10086934673367,3.3324855577100174
6.6118291457286436,52.10086934673367,3.34013059505861
6.6344824120603025,52.10086934673367,3.3469162099071186
6.65713567839196,52.10086934673367,3.3526206217607566
6.679788944723619,52.10086934673367,3.3570697410585995
6.702442211055277,52.10086934673367,3.3601374619458917
6.725095477386935,52.10086934673367,3.3617439238242532
4.278542713567839,52.11729648241206,4.877743540136447
4.301195979899497,52.11729648241206,4.660671935416201
4.3238492462311555,52.11729648241206,4.479348681805887
4.3465025125628145,52.11729648241206,4.338930391543849
4.369155778894473,52.11729648241206,4.2425668155715375
4.391809045226131,52.11729648241206,4.191112680326745
4.41446231155779,52.11729648241206,4.182979411936632
4.437115577889448,52.11729648241206,4.214155708918579
4.459768844221106,52.11729648241206,4.2784140061669325
4.482422110552764,52.11729648241206,4.3677019180463805
4.505075376884422,52.11729648241206,4.472695594523621
4.527728643216081,52.11729648241206,4.583469277180004
4.550381909547739,52.11729648241206,4.690216918455912
4.573035175879397,52.11729648241206,4.783951876995534
4.595688442211055,52.11729648241206,4.857112043761687
4.618341708542713,52.11729648241206,4.904010369172913
4.640994974874372,52.11729648241206,4.921092223902165
4.6636482412060305,52.11729648241206,4.906987176543242
4.686301507537689,52.11729648241206,4.862368882408925
4.708954773869347,52.11729648241206,4.789658666846984
4.731608040201005,52.11729648241206,4.692623172764864
4.754261306532664,52.11729648241206,4.575922835585597
4.776914572864322,52.11729648241206,4.444666144197836
4.79956783919598,52.11729648241206,4.304015978228641
4.822221105527639,52.11729648241206,4.158880830949955
4.844874371859297,52.11729648241206,4.013707801140411
4.867527638190955,52.11729648241206,3.872378218208373
4.890180904522613,52.11729648241206,3.7381927252739975
4.912834170854271,52.11729648241206,3.6139221758688773
4.93548743718593,52.11729648241206,3.501894775843403
4.958140703517588,52.11729648241206,3.404088827105456
4.9807939698492465,52.11729648241206,3.3222038777729113
5.0034472361809055,52.11729648241206,3.2576902230728506
5.026100502512563,52.11729648241206,3.2117263709888277
5.048753768844222,52.11729648241206,3.185144963694648
5.07140703517588,52.11729648241206,3.1783183670362676
5.094060301507538,52.11729648241206,3.191024361094687
5.116713567839197,52.11729648241206,3.222318793511906
5.139366834170854,52.11729648241206,3.270444533521104
5.162020100502513,52.11729648241206,3.3328037430933666
5.184673366834171,52.11729648241206,3.406013119607289
5.207326633165829,52.11729648241206,3.4860500232848275
5.229979899497488,52.11729648241206,3.568482997393507
5.252633165829145,52.11729648241206,3.6487657254551777
5.275286432160804,52.11729648241206,3.72256191095637
5.2979396984924625,52.11729648241206,3.786062449581844
5.320592964824121,52.11729648241206,3.8362569431609064
5.34324623115578,52.11729648241206,3.87112881267185
5.365899497487438,52.11729648241206,3.88975521288394
5.388552763819096,52.11729648241206,3.89230689529842
5.411206030150755,52.11729648241206,3.87995625340404
5.433859296482412,52.11729648241206,3.8547117977964893
5.456512562814071,52.11729648241206,3.819203102177789
5.479165829145729,52.11729648241206,3.776441789508308
5.501819095477387,52.11729648241206,3.729582165160056
5.524472361809046,52.11729648241206,3.6817008304417063
5.547125628140703,52.11729648241206,3.635609232050581
5.569778894472362,52.11729648241206,3.5937076098420104
5.59243216080402,52.11729648241206,3.557883871277757
5.6150854271356785,52.11729648241206,3.5294569171138743
5.6377386934673375,52.11729648241206,3.5091610009829934
5.660391959798995,52.11729648241206,3.497165790666269
5.683045226130654,52.11729648241206,3.4931257702996863
5.705698492462312,52.11729648241206,3.4962522795938136
5.72835175879397,52.11729648241206,3.5054016042414533
5.751005025125629,52.11729648241206,3.5191728984125437
5.773658291457287,52.11729648241206,3.536010168217661
5.796311557788945,52.11729648241206,3.554302980036688
5.818964824120604,52.11729648241206,3.572480971843766
5.841618090452261,52.11729648241206,3.5890977083850775
5.86427135678392,52.11729648241206,3.6029000439678756
5.886924623115578,52.11729648241206,3.6128800412301985
5.909577889447236,52.11729648241206,3.618307677816542
5.932231155778895,52.11729648241206,3.618743994031691
5.954884422110553,52.11729648241206,3.614035834745189
5.977537688442212,52.11729648241206,3.6042947021866807
6.00019095477387,52.11729648241206,3.589863253210549
6.022844221105528,52.11729648241206,3.571273504424574
6.045497487437187,52.11729648241206,3.549200816964253
6.068150753768844,52.11729648241206,3.524417292348554
6.090804020100503,52.11729648241206,3.4977474698322664
6.113457286432161,52.11729648241206,3.4700283493209465
6.136110552763819,52.11729648241206,3.442074929412066
6.158763819095478,52.11729648241206,3.414651756489923
6.181417085427136,52.11729648241206,3.388450478932633
6.204070351758794,52.11729648241206,3.3640730899809306
6.226723618090453,52.11729648241206,3.3420203883155106
6.2493768844221105,52.11729648241206,3.322685135760298
6.2720301507537695,52.11729648241206,3.306349396094168
6.294683417085428,52.11729648241206,3.2931855585572114
6.317336683417086,52.11729648241206,3.2832605615671886
6.339989949748745,52.11729648241206,3.2765428298383585
6.362643216080402,52.11729648241206,3.2729114270256034
6.385296482412061,52.11729648241206,3.2721669178343262
6.407949748743719,52.11729648241206,3.274043439939464
6.430603015075377,52.11729648241206,3.2782215140655495
6.453256281407036,52.11729648241206,3.2843411701167318
6.475909547738693,52.11729648241206,3.2920150310621192
6.498562814070352,52.11729648241206,3.3008410622173137
6.52121608040201,52.11729648241206,3.3104147481323007
6.543869346733668,52.11729648241206,3.3203404919286417
6.566522613065327,52.11729648241206,3.3302420386020675
6.5891758793969855,52.11729648241206,3.339771709370913
6.6118291457286436,52.11729648241206,3.348618212012257
6.6344824120603025,52.11729648241206,3.3565127814207525
6.65713567839196,52.11729648241206,3.3632334246818716
6.679788944723619,52.11729648241206,3.368607108782162
6.702442211055277,52.11729648241206,3.372509838025208
6.725095477386935,52.11729648241206,3.3748647098429583
6.747748743718594,52.11729648241206,3.3756381884449858
6.770402010050251,52.11729648241206,3.3748349674931664
6.79305527638191,52.11729648241206,3.3724918812765403
6.815708542713568,52.11729648241206,3.3686713546314255
6.838361809045226,52.11729648241206,3.3634548543936624
4.278542713567839,52.13372361809046,4.9112545034562745
4.301195979899497,52.13372361809046,4.712949808407426
4.3238492462311555,52.13372361809046,4.5507894479260145
4.3465025125628145,52.13372361809046,4.429612563011023
4.369155778894473,52.13372361809046,4.352217245778707
4.391809045226131,52.13372361809046,4.3190644358360615
4.41446231155779,52.13372361809046,4.328124642643062
4.437115577889448,52.13372361809046,4.374900091614809
4.459768844221106,52.13372361809046,4.452642366764007
4.482422110552764,52.13372361809046,4.5527662420535195
4.505075376884422,52.13372361809046,4.665436179793742
4.527728643216081,52.13372361809046,4.780277012861237
4.550381909547739,52.13372361809046,4.8871398413405975
4.573035175879397,52.13372361809046,4.976843020371045
4.595688442211055,52.13372361809046,5.041809275391244
4.618341708542713,52.13372361809046,5.07653363517787
4.640994974874372,52.13372361809046,5.077840395774524
4.6636482412060305,52.13372361809046,5.044916119359961
4.686301507537689,52.13372361809046,4.979134448596698
4.708954773869347,52.13372361809046,4.883712580960583
4.731608040201005,52.13372361809046,4.763255363820549
4.754261306532664,52.13372361809046,4.623249715896256
4.776914572864322,52.13372361809046,4.469569725519805
4.79956783919598,52.13372361809046,4.308042884610627
4.822221105527639,52.13372361809046,4.144112843202857
4.844874371859297,52.13372361809046,3.982616484671731
4.867527638190955,52.13372361809046,3.8276756301339083
4.890180904522613,52.13372361809046,3.6826885229724704
4.912834170854271,52.13372361809046,3.550395088828342
4.93548743718593,52.13372361809046,3.4329837797160128
4.958140703517588,52.13372361809046,3.3322068275866235
4.9807939698492465,52.13372361809046,3.249474522938315
5.0034472361809055,52.13372361809046,3.185906757219718
5.026100502512563,52.13372361809046,3.1423302668494344
5.048753768844222,52.13372361809046,3.1192213979443357
5.07140703517588,52.13372361809046,3.116605364488903
5.094060301507538,52.13372361809046,3.1339325276879677
5.116713567839197,52.13372361809046,3.1699588787475834
5.139366834170854,52.13372361809046,3.222660504683488
5.162020100502513,52.13372361809046,3.289209527002963
5.184673366834171,52.13372361809046,3.3660316072907035
5.207326633165829,52.13372361809046,3.4489532991243914
5.229979899497488,52.13372361809046,3.533433028862543
5.252633165829145,52.13372361809046,3.614854927002859
5.275286432160804,52.13372361809046,3.6888530753528466
5.2979396984924625,52.13372361809046,3.7516275234708973
5.320592964824121,52.13372361809046,3.8002140179279786
5.34324623115578,52.13372361809046,3.832676527311871
5.365899497487438,52.13372361809046,3.848203561515312
5.388552763819096,52.13372361809046,3.8471032556835913
5.411206030150755,52.13372361809046,3.8307053710815757
5.433859296482412,52.13372361809046,3.8011885341461378
5.456512562814071,52.13372361809046,3.7613570217463437
5.479165829145729,52.13372361809046,3.714393123312203
5.501819095477387,52.13372361809046,3.663609300901635
5.524472361809046,52.13372361809046,3.612220168330241
5.547125628140703,52.13372361809046,3.563148903658636
5.569778894472362,52.13372361809046,3.5188770825265516
5.59243216080402,52.13372361809046,3.4813417675602003
5.6150854271356785,52.13372361809046,3.451879420068729
5.6377386934673375,52.13372361809046,3.4312129922182373
5.660391959798995,52.13372361809046,3.4194764198773893
5.683045226130654,52.13372361809046,3.4162695603090625
5.705698492462312,52.13372361809046,3.4207362198705225
5.72835175879397,52.13372361809046,3.431658069495327
5.751005025125629,52.13372361809046,3.447557721687229
5.773658291457287,52.13372361809046,3.466804850071682
5.796311557788945,52.13372361809046,3.487719848588855
5.818964824120604,52.13372361809046,3.508670116771543
5.841618090452261,52.13372361809046,3.528154665787583
5.86427135678392,52.13372361809046,3.5448734614290647
5.886924623115578,52.13372361809046,3.557778847426503
5.909577889447236,52.13372361809046,3.5661075631169847
5.932231155778895,52.13372361809046,3.569393232313566
5.954884422110553,52.13372361809046,3.5674606143661673
5.977537688442212,52.13372361809046,3.560404179141169
6.00019095477387,52.13372361809046,3.5485545049131244
6.022844221105528,52.13372361809046,3.5324364746495704
6.045497487437187,52.13372361809046,3.5127232326097526
6.068150753768844,52.13372361809046,3.4901894294580202
6.090804020100503,52.13372361809046,3.4656665703145704
6.113457286432161,52.13372361809046,3.440002451947887
6.136110552763819,52.13372361809046,3.4140258811258244
6.158763819095478,52.13372361809046,3.388517208651431
6.181417085427136,52.13372361809046,3.364184739984559
6.204070351758794,52.13372361809046,3.3416467912486185
6.226723618090453,52.13372361809046,3.321419012786973
6.2493768844221105,52.13372361809046,3.3039065500320466
6.2720301507537695,52.13372361809046,3.2894006032473273
6.294683417085428,52.13372361809046,3.2780789459851927
6.317336683417086,52.13372361809046,3.270009946695417
6.339989949748745,52.13372361809046,3.265159605694314
6.362643216080402,52.13372361809046,3.2634010800910493
6.385296482412061,52.13372361809046,3.2645261376021892
6.407949748743719,52.13372361809046,3.2682579708778836
6.430603015075377,52.13372361809046,3.2742648253279896
6.453256281407036,52.13372361809046,3.282173945098306
6.475909547738693,52.13372361809046,3.2915854150284787
6.498562814070352,52.13372361809046,3.3020855566749976
6.52121608040201,52.13372361809046,3.3132596079043473
6.543869346733668,52.13372361809046,3.324703465420254
6.566522613065327,52.13372361809046,3.336034292263828
6.5891758793969855,52.13372361809046,3.346899791459074
6.6118291457286436,52.13372361809046,3.3569859352091145
6.6344824120603025,52.13372361809046,3.3660229349395743
6.65713567839196,52.13372361809046,3.37378926000366
6.679788944723619,52.13372361809046,3.3801135750775595
6.702442211055277,52.13372361809046,3.3848745700075606
6.725095477386935,52.13372361809046,3.3879987898152484
6.747748743718594,52.13372361809046,3.389456714696054
6.770402010050251,52.13372361809046,3.3892574636525348
6.79305527638191,52.13372361809046,3.3874425777494332
6.815708542713568,52.13372361809046,3.384079366466028
6.838361809045226,52.13372361809046,3.37925427248099
4.255889447236181,52.15015075376885,5.168528567596954
4.278542713567839,52.15015075376885,4.962017359861454
4.301195979899497,52.15015075376885,4.785934626110208
4.3238492462311555,52.15015075376885,4.646384945889144
4.3465025125628145,52.15015075376885,4.547792613377301
4.369155778894473,52.15015075376885,4.492497763446963
4.391809045226131,52.15015075376885,4.480458151425407
4.41446231155779,52.15015075376885,4.50909797358556
4.437115577889448,52.15015075376885,4.573339268849525
4.459768844221106,52.15015075376885,4.665838151790291
4.482422110552764,52.15015075376885,4.777427304771365
4.505075376884422,52.15015075376885,4.897740013305908
4.527728643216081,52.15015075376885,5.015963993690169
4.550381909547739,52.15015075376885,5.121651008147017
4.573035175879397,52.15015075376885,5.205496098153212
4.595688442211055,52.15015075376885,5.260001494515741
4.618341708542713,52.15015075376885,5.279955146857396
4.640994974874372,52.15015075376885,5.262679525277595
4.6636482412060305,52.15015075376885,5.20803783937982
4.686301507537689,52.15015075376885,5.1182162530231246
4.708954773869347,52.15015075376885,4.997326830222707
4.731608040201005,52.15015075376885,4.8508932445376605
4.754261306532664,52.15015075376885,4.685288181543588
4.776914572864322,52.15015075376885,4.507188239026776
4.79956783919598,52.15015075376885,4.323100808313259
4.822221105527639,52.15015075376885,4.139000587869512
4.844874371859297,52.15015075376885,3.960094030906896
4.867527638190955,52.15015075376885,3.790711023060574
4.890180904522613,52.15015075376885,3.6343068295244336
4.912834170854271,52.15015075376885,3.493545575727051
4.93548743718593,52.15015075376885,3.370430175618243
4.958140703517588,52.15015075376885,3.266442844153441
4.9807939698492465,52.15015075376885,3.1826645746172217
5.0034472361809055,52.15015075376885,3.11985016096066
5.026100502512563,52.15015075376885,3.0784461356026824
5.048753768844222,52.15015075376885,3.0585509021685904
5.07140703517588,52.15015075376885,3.059827913499553
5.094060301507538,52.15015075376885,3.0813925881577386
5.116713567839197,52.15015075376885,3.121700476504237
5.139366834170854,52.15015075376885,3.17846684763076
5.162020100502513,52.15015075376885,3.248645578037299
5.184673366834171,52.15015075376885,3.32848780311059
5.207326633165829,52.15015075376885,3.413688961187413
5.229979899497488,52.15015075376885,3.49961836400337
5.252633165829145,52.15015075376885,3.5816108713238224
5.275286432160804,52.15015075376885,3.6552885704414595
5.2979396984924625,52.15015075376885,3.7168740750642004
5.320592964824121,52.15015075376885,3.7634575116132556
5.34324623115578,52.15015075376885,3.7931862230887328
5.365899497487438,52.15015075376885,3.805357966287397
5.388552763819096,52.15015075376885,3.8004122446299244
5.411206030150755,52.15015075376885,3.7798276050206687
5.433859296482412,52.15015075376885,3.7459430243911713
5.456512562814071,52.15015075376885,3.7017277275247764
5.479165829145729,52.15015075376885,3.65052577623196
5.501819095477387,52.15015075376885,3.5958002133075375
5.524472361809046,52.15015075376885,3.5408975098151996
5.547125628140703,52.15015075376885,3.48884769148843
5.569778894472362,52.15015075376885,3.4422097853805225
5.59243216080402,52.15015075376885,3.40296684802217
5.6150854271356785,52.15015075376885,3.372470267611897
5.6377386934673375,52.15015075376885,3.3514295127331932
5.660391959798995,52.15015075376885,3.3399410948971635
5.683045226130654,52.15015075376885,3.3375491560529698
5.705698492462312,52.15015075376885,3.343329620855676
5.72835175879397,52.15015075376885,3.355990040145433
5.751005025125629,52.15015075376885,3.3739778495817463
5.773658291457287,52.15015075376885,3.395590553863699
5.796311557788945,52.15015075376885,3.4190821661896025
5.818964824120604,52.15015075376885,3.4427610170044094
5.841618090452261,52.15015075376885,3.4650748143296703
5.86427135678392,52.15015075376885,3.484679665282722
5.886924623115578,52.15015075376885,3.50049073769734
5.909577889447236,52.15015075376885,3.5117133911188647
5.932231155778895,52.15015075376885,3.5178548985649414
5.954884422110553,52.15015075376885,3.5187181937796317
5.977537688442212,52.15015075376885,3.514380242538523
6.00019095477387,52.15015075376885,3.505158482799487
6.022844221105528,52.15015075376885,3.491569194827024
6.045497487437187,52.15015075376885,3.474281625031333
6.068150753768844,52.15015075376885,3.454071262712569
6.090804020100503,52.15015075376885,3.4317749880367683
6.113457286432161,52.15015075376885,3.408250026841856
6.136110552763819,52.15015075376885,3.3843379016364765
6.158763819095478,52.15015075376885,3.360833953819249
6.181417085427136,52.15015075376885,3.338462572452132
6.204070351758794,52.15015075376885,3.31785799531861
6.226723618090453,52.15015075376885,3.299550411515724
6.2493768844221105,52.15015075376885,3.2839570401095424
6.2720301507537695,52.15015075376885,3.2713778370585174
6.294683417085428,52.15015075376885,3.261995456650165
6.317336683417086,52.15015075376885,3.255879046901467
6.339989949748745,52.15015075376885,3.252991391672799
6.362643216080402,52.15015075376885,3.2531988397512377
6.385296482412061,52.15015075376885,3.256283402537806
6.407949748743719,52.15015075376885,3.261956374823484
6.430603015075377,52.15015075376885,3.269872847198263
6.453256281407036,52.15015075376885,3.2796465331130804
6.475909547738693,52.15015075376885,3.290864417812234
6.498562814070352,52.15015075376885,3.303100833142107
6.52121608040201,52.15015075376885,3.315930652865427
6.543869346733668,52.15015075376885,3.32894137243771
6.566522613065327,52.15015075376885,3.341743877779659
6.5891758793969855,52.15015075376885,3.3539817218185464
6.6118291457286436,52.15015075376885,3.365338727246235
6.6344824120603025,52.15015075376885,3.3755447369656286
6.65713567839196,52.15015075376885,3.3843793586803406
6.679788944723619,52.15015075376885,3.3916736100318183
6.702442211055277,52.15015075376885,3.3973094680740052
6.725095477386935,52.15015075376885,3.4012174516089146
6.747748743718594,52.15015075376885,3.4033724967868615
6.770402010050251,52.15015075376885,3.403788500797514
6.79305527638191,52.15015075376885,3.402511983855794
6.815708542713568,52.15015075376885,3.3996153434241476
6.838361809045226,52.15015075376885,3.395190145857232
6.861015075376885,52.15015075376885,3.3893408291683635
4.255889447236181,52.16657788944724,5.21060774945915
4.278542713567839,52.16657788944724,5.028588727683278
4.301195979899497,52.16657788944724,4.877838324762633
4.3238492462311555,52.16657788944724,4.764010383108122
4.3465025125628145,52.16657788944724,4.691025880780115
4.369155778894473,52.16657788944724,4.660669416127073
4.391809045226131,52.16657788944724,4.672294216935516
4.41446231155779,52.16657788944724,4.722679693360727
4.437115577889448,52.16657788944724,4.806079400177338
4.459768844221106,52.16657788944724,4.914483054455043
4.482422110552764,52.16657788944724,5.038093946357591
4.505075376884422,52.16657788944724,5.165995089599281
4.527728643216081,52.16657788944724,5.286948538430796
4.550381909547739,52.16657788944724,5.390248532396974
4.573035175879397,52.16657788944724,5.466536235896807
4.595688442211055,52.16657788944724,5.508485408771273
4.618341708542713,52.16657788944724,5.511284698458933
4.640994974874372,52.16657788944724,5.472870329231114
4.6636482412060305,52.16657788944724,5.393897271152156
4.686301507537689,52.16657788944724,5.277471080156046
4.708954773869347,52.16657788944724,5.128690765503019
4.731608040201005,52.16657788944724,4.954071337560583
4.754261306532664,52.16657788944724,4.760921492138416
4.776914572864322,52.16657788944724,4.556747725179466
4.79956783919598,52.16657788944724,4.3487431776255105
4.822221105527639,52.16657788944724,4.143400737115417
4.844874371859297,52.16657788944724,3.9462687049748513
4.867527638190955,52.16657788944724,3.761846792838247
4.890180904522613,52.16657788944724,3.593602900467339
4.912834170854271,52.16657788944724,3.44407882300089
4.93548743718593,52.16657788944724,3.3150466419240683
4.958140703517588,52.16657788944724,3.2076771093303016
4.9807939698492465,52.16657788944724,3.122686150166804
5.0034472361809055,52.16657788944724,3.0604344762811233
5.026100502512563,52.16657788944724,3.0209667469158883
5.048753768844222,52.16657788944724,3.0039891677530823
5.07140703517588,52.16657788944724,3.0087963922516194
5.094060301507538,52.16657788944724,3.034168674535807
5.116713567839197,52.16657788944724,3.0782671449513774
5.139366834170854,52.16657788944724,3.1385577480416424
5.162020100502513,52.16657788944724,3.211792061475487
5.184673366834171,52.16657788944724,3.29406577887385
5.207326633165829,52.16657788944724,3.3809638414115395
5.229979899497488,52.16657788944724,3.4677867883236653
5.252633165829145,52.16657788944724,3.549838431618477
5.275286432160804,52.16657788944724,3.6227433237813735
5.2979396984924625,52.16657788944724,3.6827561362109065
5.320592964824121,52.16657788944724,3.727025329189308
5.34324623115578,52.16657788944724,3.7537801712391965
5.365899497487438,52.16657788944724,3.7624216075234442
5.388552763819096,52.16657788944724,3.7535111153887706
5.411206030150755,52.16657788944724,3.7286647971155675
5.433859296482412,52.16657788944724,3.6903703693553904
5.456512562814071,52.16657788944724,3.6417511991442586
5.479165829145729,52.16657788944724,3.586303899116487
5.501819095477387,52.16657788944724,3.527634795275964
5.524472361809046,52.16657788944724,3.469216803847254
5.547125628140703,52.16657788944724,3.4141829768590877
5.569778894472362,52.16657788944724,3.3651671556852065
5.59243216080402,52.16657788944724,3.3241965495286308
5.6150854271356785,52.16657788944724,3.2926361469961085
5.6377386934673375,52.16657788944724,3.2711809857853074
5.660391959798995,52.16657788944724,3.2598895855427963
5.683045226130654,52.16657788944724,3.258250278602209
5.705698492462312,52.16657788944724,3.2652716135614517
5.72835175879397,52.16657788944724,3.279588228628821
5.751005025125629,52.16657788944724,3.299574324847254
5.773658291457287,52.16657788944724,3.323457856135613
5.796311557788945,52.16657788944724,3.3494295978906115
5.818964824120604,52.16657788944724,3.3757422544029354
5.841618090452261,52.16657788944724,3.4007957065793737
5.86427135678392,52.16657788944724,3.423205440328297
5.886924623115578,52.16657788944724,3.4418522060843304
5.909577889447236,52.16657788944724,3.4559120829612837
5.932231155778895,52.16657788944724,3.464867331536563
5.954884422110553,52.16657788944724,3.4684996192745867
5.977537688442212,52.16657788944724,3.4668682475813073
6.00019095477387,52.16657788944724,3.4602767551425346
6.022844221105528,52.16657788944724,3.4492316223228534
6.045497487437187,52.16657788944724,3.434396738069027
6.068150753768844,52.16657788944724,3.4165468767576925
6.090804020100503,52.16657788944724,3.396522788624892
6.113457286432161,52.16657788944724,3.3751897759549427
6.136110552763819,52.16657788944724,3.3534009354106287
6.158763819095478,52.16657788944724,3.331965682026757
6.181417085427136,52.16657788944724,3.311623770190012
6.204070351758794,52.16657788944724,3.2930247841920566
6.226723618090453,52.16657788944724,3.2767129474165584
6.2493768844221105,52.16657788944724,3.2631170432163423
6.2720301507537695,52.16657788944724,3.252545203212337
6.294683417085428,52.16657788944724,3.245184265946271
6.317336683417086,52.16657788944724,3.241103326675592
6.339989949748745,52.16657788944724,3.2402609933372344
6.362643216080402,52.16657788944724,3.242515753876363
6.385296482412061,52.16657788944724,3.2476387710057084
6.407949748743719,52.16657788944724,3.2553283733285157
6.430603015075377,52.16657788944724,3.2652255179367446
6.453256281407036,52.16657788944724,3.276929557696527
6.475909547738693,52.16657788944724,3.2900137434860666
6.498562814070352,52.16657788944724,3.304040007263533
6.52121608040201,52.16657788944724,3.3185726840690735
6.543869346733668,52.16657788944724,3.3331909219784235
6.566522613065327,52.16657788944724,3.3474995892530233
6.5891758793969855,52.16657788944724,3.3611385185317975
6.6118291457286436,52.16657788944724,3.3737899398350675
6.6344824120603025,52.16657788944724,3.3851839646446984
6.65713567839196,52.16657788944724,3.3951020106218763
6.679788944723619,52.16657788944724,3.4033781136328796
6.702442211055277,52.16657788944724,3.40989816378246
6.725095477386935,52.16657788944724,3.414597216447543
6.747748743718594,52.16657788944724,3.4174551495953045
6.770402010050251,52.16657788944724,3.4184910425383954
6.79305527638191,52.16657788944724,3.417756718820937
6.815708542713568,52.16657788944724,3.4153299154644223
6.838361809045226,52.16657788944724,3.411307511404076
6.861015075376885,52.16657788944724,3.405799178503627
6.8836683417085425,52.16657788944724,3.398921724164915
6.9063216080402015,52.16657788944724,3.390794292013309
4.255889447236181,52.18300502512563,5.263702774648612
4.278542713567839,52.18300502512563,5.108758987173716
4.301195979899497,52.18300502512563,4.985992926202198
4.3238492462311555,52.18300502512563,4.900543517532667
4.3465025125628145,52.18300502512563,4.855752443592685
4.369155778894473,52.18300502512563,4.852764068638591
4.391809045226131,52.18300502512563,4.890238281085661
4.41446231155779,52.18300502512563,4.9642226173169774
4.437115577889448,52.18300502512563,5.068223355923953
4.459768844221106,52.18300502512563,5.19349996277303
4.482422110552764,52.18300502512563,5.3295833972661235
4.505075376884422,52.18300502512563,5.464988974417194
4.527728643216081,52.18300502512563,5.5880637900599694
4.550381909547739,52.18300502512563,5.687883634755293
4.573035175879397,52.18300502512563,5.755100951299038
4.595688442211055,52.18300502512563,5.782647588199456
4.618341708542713,52.18300502512563,5.766214216726972
4.640994974874372,52.18300502512563,5.704458994484242
4.6636482412060305,52.18300502512563,5.598935355096263
4.686301507537689,52.18300502512563,5.453765642073204
4.708954773869347,52.18300502512563,5.275117391669309
4.731608040201005,52.18300502512563,5.070558153029261
4.754261306532664,52.18300502512563,4.848371146751381
4.776914572864322,52.18300502512563,4.616908544916825
4.79956783919598,52.18300502512563,4.384044209719848
4.822221105527639,52.18300502512563,4.156766816700057
4.844874371859297,52.18300502512563,3.9409311047878024
4.867527638190955,52.18300502512563,3.7411629109181583
4.890180904522613,52.18300502512563,3.5608953501005938
4.912834170854271,52.18300502512563,3.402500789156607
4.93548743718593,52.18300502512563,3.2674769630927107
4.958140703517588,52.18300502512563,3.156645607829705
4.9807939698492465,52.18300502512563,3.0703274873255353
5.0034472361809055,52.18300502512563,3.0084673205045354
5.026100502512563,52.18300502512563,2.9706942577086313
5.048753768844222,52.18300502512563,2.9563165781450045
5.07140703517588,52.18300502512563,2.9642616347753186
5.094060301507538,52.18300502512563,2.9929823593606733
5.116713567839197,52.18300502512563,3.040358613579964
5.139366834170854,52.18300502512563,3.1036243021532464
5.162020100502513,52.18300502512563,3.1793487863973464
5.184673366834171,52.18300502512563,3.2634936922670246
5.207326633165829,52.18300502512563,3.3515544828551858
5.229979899497488,52.18300502512563,3.4387818955848783
5.252633165829145,52.18300502512563,3.5204640360210036
5.275286432160804,52.18300502512563,3.5922383650804726
5.2979396984924625,52.18300502512563,3.650396395098719
5.320592964824121,52.18300502512563,3.692143923131013
5.34324623115578,52.18300502512563,3.7157859179263006
5.365899497487438,52.18300502512563,3.720816192801672
5.388552763819096,52.18300502512563,3.7079052999874333
5.411206030150755,52.18300502512563,3.6787930569309566
5.433859296482412,52.18300502512563,3.636102633686698
5.456512562814071,52.18300502512563,3.5830999497054985
5.479165829145729,52.18300502512563,3.5234249490898026
5.501819095477387,52.18300502512563,3.4608205877831466
5.524472361809046,52.18300502512563,3.3988819397144527
5.547125628140703,52.18300502512563,3.3408427068122117
5.569778894472362,52.18300502512563,3.2894105290900955
5.59243216080402,52.18300502512563,3.2466566060247573
5.6150854271356785,52.18300502512563,3.213959845427989
5.6377386934673375,52.18300502512563,3.192001454049544
5.660391959798995,52.18300502512563,3.180802798886135
5.683045226130654,52.18300502512563,3.1797975487284695
5.705698492462312,52.18300502512563,3.187928442154815
5.72835175879397,52.18300502512563,3.2037592885198047
5.751005025125629,52.18300502512563,3.225593693356938
5.773658291457287,52.18300502512563,3.251593209046203
5.796311557788945,52.18300502512563,3.279888904230577
5.818964824120604,52.18300502512563,3.3086815760392696
5.841618090452261,52.18300502512563,3.336326954609092
5.86427135678392,52.18300502512563,3.361403303940455
5.886924623115578,52.18300502512563,3.382759871955192
5.909577889447236,52.18300502512563,3.399545731650686
5.932231155778895,52.18300502512563,3.411219674858758
5.954884422110553,52.18300502512563,3.417542896693321
5.977537688442212,52.18300502512563,3.4185571254874696
6.00019095477387,52.18300502512563,3.4145514905280017
6.022844221105528,52.18300502512563,3.4060216987440803
6.045497487437187,52.18300502512563,3.393624999894096
6.068150753768844,52.18300502512563,3.3781340167006486
6.090804020100503,52.18300502512563,3.36039191216455
6.113457286432161,52.18300502512563,3.341270690302731
6.136110552763819,52.18300502512563,3.32163379435743
6.158763819095478,52.18300502512563,3.302303656662906
6.181417085427136,52.18300502512563,3.2840344989517716
6.204070351758794,52.18300502512563,3.2674904705459804
6.226723618090453,52.18300502512563,3.253229104569866
6.2493768844221105,52.18300502512563,3.2416900166091738
6.2720301507537695,52.18300502512563,3.233188717563282
6.294683417085428,52.18300502512563,3.227915330529086
6.317336683417086,52.18300502512563,3.2259378803197687
6.339989949748745,52.18300502512563,3.227209674834872
6.362643216080402,52.18300502512563,3.231580145859544
6.385296482412061,52.18300502512563,3.2388083936664915
6.407949748743719,52.18300502512563,3.2485786105658465
6.430603015075377,52.18300502512563,3.260516556367677
6.453256281407036,52.18300502512563,3.2742063214242205
6.475909547738693,52.18300502512563,3.2892067247290067
6.498562814070352,52.18300502512563,3.30506683138888
6.52121608040201,52.18300502512563,3.321340209917318
6.543869346733668,52.18300502512563,3.3375976643065206
6.566522613065327,52.18300502512563,3.3534382571773977
6.5891758793969855,52.18300502512563,3.368498488276158
6.6118291457286436,52.18300502512563,3.382459517258229
6.6344824120603025,52.18300502512563,3.39505233779705
6.65713567839196,52.18300502512563,3.4060608394186955
6.679788944723619,52.18300502512563,3.4153227472034096
6.702442211055277,52.18300502512563,3.422728511377043
6.725095477386935,52.18300502512563,3.4282183217269298
6.747748743718594,52.18300502512563,3.4317775295032473
6.770402010050251,52.18300502512563,3.4334308518731564
6.79305527638191,52.18300502512563,3.433235793014728
6.815708542713568,52.18300502512563,3.431275730849274
6.838361809045226,52.18300502512563,3.427653088228192
6.861015075376885,52.18300502512563,3.4224829401132086
6.8836683417085425,52.18300502512563,3.415887317685793
6.9063216080402015,52.18300502512563,3.407990371856583
6.9289748743718595,52.18300502512563,3.3989144658447206
4.278542713567839,52.19943216080402,5.199626877217311
4.301195979899497,52.19943216080402,5.106939590748905
4.3238492462311555,52.19943216080402,5.051967538511144
4.3465025125628145,52.19943216080402,5.037412506545205
4.369155778894473,52.19943216080402,5.063710283965448
4.391809045226131,52.19943216080402,5.128755008632566
4.41446231155779,52.19943216080402,5.227790648554407
4.437115577889448,52.19943216080402,5.3535107718535855
4.459768844221106,52.19943216080402,5.496391212069109
4.482422110552764,52.19943216080402,5.645254699803521
4.505075376884422,52.19943216080402,5.788034849264507
4.527728643216081,52.19943216080402,5.912674467481637
4.550381909547739,52.19943216080402,6.008066877530208
4.573035175879397,52.19943216080402,6.064935312542798
4.595688442211055,52.19943216080402,6.076548555436064
4.618341708542713,52.19943216080402,6.039191213253767
4.640994974874372,52.19943216080402,5.9523406850927465
4.6636482412060305,52.19943216080402,5.818543407796642
4.686301507537689,52.19943216080402,5.643022622936985
4.708954773869347,52.19943216080402,5.433081831342729
4.731608040201005,52.19943216080402,5.197387725777238
4.754261306532664,52.19943216080402,4.945222067929402
4.776914572864322,52.19943216080402,4.6857847351706985
4.79956783919598,52.19943216080402,4.4276129533718525
4.822221105527639,52.19943216080402,4.178158477879957
4.844874371859297,52.19943216080402,3.943539252962988
4.867527638190955,52.19943216080402,3.728458482168815
4.890180904522613,52.19943216080402,3.536264866152384
4.912834170854271,52.19943216080402,3.369114789134312
4.93548743718593,52.19943216080402,3.228191186599008
4.958140703517588,52.19943216080402,3.113934463022617
4.9807939698492465,52.19943216080402,3.026247135662178
5.0034472361809055,52.19943216080402,2.9646443448191677
5.026100502512563,52.19943216080402,2.928335261450259
5.048753768844222,52.19943216080402,2.916234018279939
5.07140703517588,52.19943216080402,2.926911510766424
5.094060301507538,52.19943216080402,2.9585098649992654
5.116713567839197,52.19943216080402,3.008648351250449
5.139366834170854,52.19943216080402,3.0743520767472043
5.162020100502513,52.19943216080402,3.152032338657266
5.184673366834171,52.19943216080402,3.237540071072155
5.207326633165829,52.19943216080402,3.3263021995048843
5.229979899497488,52.19943216080402,3.4135366355128207
5.252633165829145,52.19943216080402,3.4945275325991094
5.275286432160804,52.19943216080402,3.564930967632426
5.2979396984924625,52.19943216080402,3.6210746983884587
5.320592964824121,52.19943216080402,3.660215345710838
5.34324623115578,52.19943216080402,3.6807221505692964
5.365899497487438,52.19943216080402,3.6821669395170176
5.388552763819096,52.19943216080402,3.6653128127443835
5.411206030150755,52.19943216080402,3.632006862586093
5.433859296482412,52.19943216080402,3.5849928694105504
5.456512562814071,52.19943216080402,3.5276671328728937
5.479165829145729,52.19943216080402,3.463803972672476
5.501819095477387,52.19943216080402,3.397277267387843
5.524472361809046,52.19943216080402,3.3318014136645955
5.547125628140703,52.19943216080402,3.270710175465514
5.569778894472362,52.19943216080402,3.2167859483785435
5.59243216080402,52.19943216080402,3.172145790287958
5.6150854271356785,52.19943216080402,3.1381848371765435
5.6377386934673375,52.19943216080402,3.1155729421546505
5.660391959798995,52.19943216080402,3.1042968724612305
5.683045226130654,52.19943216080402,3.1037382953283963
5.705698492462312,52.19943216080402,3.1127770026570545
5.72835175879397,52.19943216080402,3.1299091280199063
5.751005025125629,52.19943216080402,3.1533711636891057
5.773658291457287,52.19943216080402,3.1812620403114664
5.796311557788945,52.19943216080402,3.2116570941417883
5.818964824120604,52.19943216080402,3.242709225760094
5.841618090452261,52.19943216080402,3.2727338731800018
5.86427135678392,52.19943216080402,3.300275594903165
5.886924623115578,52.19943216080402,3.3241551432307084
5.909577889447236,52.19943216080402,3.3434969570344
5.932231155778895,52.19943216080402,3.357738024368487
5.954884422110553,52.19943216080402,3.366620010807606
5.977537688442212,52.19943216080402,3.37016733108361
6.00019095477387,52.19943216080402,3.3686543654044105
6.022844221105528,52.19943216080402,3.362565225443505
6.045497487437187,52.19943216080402,3.352549352766526
6.068150753768844,52.19943216080402,3.3393758396606614
6.090804020100503,52.19943216080402,3.323888798767163
6.113457286432161,52.19943216080402,3.3069654899800565
6.136110552763819,52.19943216080402,3.2894783442761812
6.158763819095478,52.19943216080402,3.2722615738769845
6.181417085427136,52.19943216080402,3.256082752421929
6.204070351758794,52.19943216080402,3.2416195734469473
6.226723618090453,52.19943216080402,3.2294419079951675
6.2493768844221105,52.19943216080402,3.2199992288220884
6.2720301507537695,52.19943216080402,3.2136134007721586
6.294683417085428,52.19943216080402,3.2104767240455105
6.317336683417086,52.19943216080402,3.2106549532421096
6.339989949748745,52.19943216080402,3.2140948176649973
6.362643216080402,52.19943216080402,3.220635370523365
6.385296482412061,52.19943216080402,3.2300223338977014
6.407949748743719,52.19943216080402,3.2419245129823606
6.430603015075377,52.19943216080402,3.25595134224089
6.453256281407036,52.19943216080402,3.271670694460288
6.475909547738693,52.19943216080402,3.288626212275961
6.498562814070352,52.19943216080402,3.3063535821337444
6.52121608040201,52.19943216080402,3.324395332913806
6.543869346733668,52.19943216080402,3.342313881298186
6.566522613065327,52.19943216080402,3.3597026496338405
6.5891758793969855,52.19943216080402,3.376195148045116
6.6118291457286436,52.19943216080402,3.3914719502071415
6.6344824120603025,52.19943216080402,3.405265517817552
6.65713567839196,52.19943216080402,3.417362859937039
6.679788944723619,52.19943216080402,3.4276060632776746
6.702442211055277,52.19943216080402,3.435890802732828
6.725095477386935,52.19943216080402,3.4421630323242307
6.747748743718594,52.19943216080402,3.446414151302278
6.770402010050251,52.19943216080402,3.4486750204656533
6.79305527638191,52.19943216080402,3.4490092537429966
6.815708542713568,52.19943216080402,3.4475062199729014
6.838361809045226,52.19943216080402,3.4442741586173873
6.861015075376885,52.19943216080402,3.43943374794803
6.8836683417085425,52.19943216080402,3.4331123774824577
6.9063216080402015,52.19943216080402,3.4254392822057746
6.9289748743718595,52.19943216080402,3.416541606916931
6.951628140703518,52.19943216080402,3.406541393791593
4.278542713567839,52.215859296482414,5.2977087474534805
4.301195979899497,52.215859296482414,5.236556568818137
4.3238492462311555,52.215859296482414,5.213517241111307
4.3465025125628145,52.215859296482414,5.230609482755216
4.369155778894473,52.215859296482414,5.2875111404223825
4.391809045226131,52.215859296482414,5.381297668829491
4.41446231155779,52.215859296482414,5.5063565392360765
4.437115577889448,52.215859296482414,5.654519985932046
4.459768844221106,52.215859296482414,5.815440587767187
4.482422110552764,52.215859296482414,5.9772068539550345
4.505075376884422,52.215859296482414,6.127162330115045
4.527728643216081,52.215859296482414,6.2528575361827565
4.550381909547739,52.215859296482414,6.343036618470695
4.573035175879397,52.215859296482414,6.388546863481455
4.595688442211055,52.215859296482414,6.383063548789875
4.618341708542713,52.215859296482414,6.323545295658903
4.640994974874372,52.215859296482414,6.210372098992215
4.6636482412060305,52.215859296482414,6.047162261600801
4.686301507537689,52.215859296482414,5.840307063862226
4.708954773869347,52.215859296482414,5.598295669731917
4.731608040201005,52.215859296482414,5.3309226560386636
4.754261306532664,52.215859296482414,5.048475095836634
4.776914572864322,52.215859296482414,4.760986753300721
4.79956783919598,52.215859296482414,4.477627140430288
4.822221105527639,52.215859296482414,4.206267384952429
4.844874371859297,52.215859296482414,3.9532375197047442
4.867527638190955,52.215859296482414,3.7232647547147617
4.890180904522613,52.215859296482414,3.51956237928268
4.912834170854271,52.215859296482414,3.3440258772786375
4.93548743718593,52.215859296482414,3.1974872107302503
4.958140703517588,52.215859296482414,3.079979616203604
4.9807939698492465,52.215859296482414,2.9909724718989894
5.0034472361809055,52.215859296482414,2.929547158543346
5.026100502512563,52.215859296482414,2.8944985025869996
5.048753768844222,52.215859296482414,2.8843605601647413
5.07140703517588,52.215859296482414,2.897368567482368
5.094060301507538,52.215859296482414,2.93137946964837
5.116713567839197,52.215859296482414,2.983780399621466
5.139366834170854,52.215859296482414,3.051416934916365
5.162020100502513,52.215859296482414,3.1305704214733048
5.184673366834171,52.215859296482414,3.217006209057007
5.207326633165829,52.215859296482414,3.3061031437538473
5.229979899497488,52.215859296482414,3.393060792675538
5.252633165829145,52.215859296482414,3.4731669741648585
5.275286432160804,52.215859296482414,3.5420967990623238
5.2979396984924625,52.215859296482414,3.5962077832244135
5.320592964824121,52.215859296482414,3.6327949048209986
5.34324623115578,52.215859296482414,3.6502747067912202
5.365899497487438,52.215859296482414,3.648277407131722
5.388552763819096,52.215859296482414,3.62763837229687
5.411206030150755,52.215859296482414,3.5902928975007598
5.433859296482412,52.215859296482414,3.5390890232606305
5.456512562814071,52.215859296482414,3.477540791715217
5.479165829145729,52.215859296482414,3.4095483776885596
5.501819095477387,52.215859296482414,3.339112038698146
5.524472361809046,52.215859296482414,3.270064367995229
5.547125628140703,52.215859296482414,3.2058406815177247
5.569778894472362,52.215859296482414,3.1493013758681347
5.59243216080402,52.215859296482414,3.1026136007484943
5.6150854271356785,52.215859296482414,3.0671933632673842
5.6377386934673375,52.215859296482414,3.0437038589554466
5.660391959798995,52.215859296482414,3.0321018483835944
5.683045226130654,52.215859296482414,3.0317214747259866
5.705698492462312,52.215859296482414,3.04138400614437
5.72835175879397,52.215859296482414,3.0595223401118132
5.751005025125629,52.215859296482414,3.0843103489945802
5.773658291457287,52.215859296482414,3.1137888697276317
5.796311557788945,52.215859296482414,3.1459819931582733
5.818964824120604,52.215859296482414,3.17899905078789
5.841618090452261,52.215859296482414,3.2111192164229343
5.86427135678392,52.215859296482414,3.2408569319560407
5.886924623115578,52.215859296482414,3.267007483738639
5.909577889447236,52.215859296482414,3.288673059345798
5.932231155778895,52.215859296482414,3.3052705314897777
5.954884422110553,52.215859296482414,3.316523025200922
5.977537688442212,52.215859296482414,3.322437966828717
6.00019095477387,52.215859296482414,3.323274720142834
6.022844221105528,52.215859296482414,3.319505040357361
6.045497487437187,52.215859296482414,3.3117694219074707
6.068150753768844,52.215859296482414,3.300832031901609
6.090804020100503,52.215859296482414,3.2875363980232186
6.113457286432161,52.215859296482414,3.272763460794364
6.136110552763819,52.215859296482414,3.257393097151223
6.158763819095478,52.215859296482414,3.2422698351832113
6.181417085427136,52.215859296482414,3.228173228165957
6.204070351758794,52.215859296482414,3.215793221007764
6.226723618090453,52.215859296482414,3.205710778401217
6.2493768844221105,52.215859296482414,3.19838399542696
6.2720301507537695,52.215859296482414,3.1941398288704077
6.294683417085428,52.215859296482414,3.193171442299828
6.317336683417086,52.215859296482414,3.195540948404704
6.339989949748745,52.215859296482414,3.201187082536032
6.362643216080402,52.215859296482414,3.2099370931682585
6.385296482412061,52.215859296482414,3.22152193331887
6.407949748743719,52.215859296482414,3.2355937176444227
6.430603015075377,52.215859296482414,3.251744390108598
6.453256281407036,52.215859296482414,3.2695246222659495
6.475909547738693,52.215859296482414,3.288462109542583
6.498562814070352,52.215859296482414,3.30807861907197
6.52121608040201,52.215859296482414,3.327905333028107
6.543869346733668,52.215859296482414,3.347496198058462
6.566522613065327,52.215859296482414,3.3664391183100033
6.5891758793969855,52.215859296482414,3.3843649139090464
6.6118291457286436,52.215859296482414,3.400954017400709
6.6344824120603025,52.215859296482414,3.4159409135541225
6.65713567839196,52.215859296482414,3.4291163605457586
6.679788944723619,52.215859296482414,3.440327476292334
6.702442211055277,52.215859296482414,3.4494758379468284
6.725095477386935,52.215859296482414,3.4565138211815003
6.747748743718594,52.215859296482414,3.461439486966993
6.770402010050251,52.215859296482414,3.4642903915131136
6.79305527638191,52.215859296482414,3.465136735607114
6.815708542713568,52.215859296482414,3.4640742740885266
6.838361809045226,52.215859296482414,3.4612173736390215
6.861015075376885,52.215859296482414,3.456692543685714
6.8836683417085425,52.215859296482414,3.4506326821322713
6.9063216080402015,52.215859296482414,3.4431721875838077
6.9289748743718595,52.215859296482414,3.4344430041944243
6.951628140703518,52.215859296482414,3.4245715925756475
6.974281407035177,52.215859296482414,3.4136767648995563
4.301195979899497,52.232286432160805,5.370218209658851
4.3238492462311555,52.232286432160805,5.379859682092299
4.3465025125628145,52.232286432160805,5.429311107040313
4.369155778894473,52.232286432160805,5.517463653394776
4.391809045226131,52.232286432160805,5.640542804451998
4.41446231155779,52.232286432160805,5.792047977797909
4.437115577889448,52.232286432160805,5.962921179100395
4.459768844221106,52.232286432160805,6.141968913658021
4.482422110552764,52.232286432160805,6.31653232134412
4.505075376884422,52.232286432160805,6.473364721410391
4.527728643216081,52.232286432160805,6.599639640152068
4.550381909547739,52.232286432160805,6.68398377816566
4.573035175879397,52.232286432160805,6.717415651364674
4.595688442211055,52.232286432160805,6.6940764539643585
4.618341708542713,52.232286432160805,6.611665258315904
4.640994974874372,52.232286432160805,6.471531451155788
4.6636482412060305,52.232286432160805,6.278425224806744
4.686301507537689,52.232286432160805,6.039952636135804
4.708954773869347,52.232286432160805,5.765817065253957
4.731608040201005,52.232286432160805,5.466948741208372
4.754261306532664,52.232286432160805,5.1546269781939005
4.776914572864322,52.232286432160805,4.8396878180412095
4.79956783919598,52.232286432160805,4.5318870242239235
4.822221105527639,52.232286432160805,4.2394598356339905
4.844874371859297,52.232286432160805,3.968889415653226
4.867527638190955,52.232286432160805,3.7248695349719645
4.890180904522613,52.232286432160805,3.510426552926348
4.912834170854271,52.232286432160805,3.327152808067021
4.93548743718593,52.232286432160805,3.1754984991617152
4.958140703517588,52.232286432160805,3.0550714156748993
4.9807939698492465,52.232286432160805,2.964902083042733
5.0034472361809055,52.232286432160805,2.9036441978370626
5.026100502512563,52.232286432160805,2.869694680337859
5.048753768844222,52.232286432160805,2.861232408797207
5.07140703517588,52.232286432160805,2.8761880962423
5.094060301507538,52.232286432160805,2.912168473070799
5.116713567839197,52.232286432160805,2.9663648603991906
5.139366834170854,52.232286432160805,3.03547856703201
5.162020100502513,52.232286432160805,3.115692917570321
5.184673366834171,52.232286432160805,3.2027142803755178
5.207326633165829,52.232286432160805,3.291893091624674
5.229979899497488,52.232286432160805,3.3784222100467907
5.252633165829145,52.232286432160805,3.4575962291457003
5.275286432160804,52.232286432160805,3.5251040596667873
5.2979396984924625,52.232286432160805,3.577320261151529
5.320592964824121,52.232286432160805,3.6115594567702516
5.34324623115578,52.232286432160805,3.6262627385210546
5.365899497487438,52.232286432160805,3.62109414227456
5.388552763819096,52.232286432160805,3.5969371343208945
5.411206030150755,52.232286432160805,3.555793431388484
5.433859296482412,52.232286432160805,3.50059744894657
5.456512562814071,52.232286432160805,3.434967888788102
5.479165829145729,52.232286432160805,3.3629227649084137
5.501819095477387,52.232286432160805,3.2885854529901257
5.524472361809046,52.232286432160805,3.215907496342922
5.547125628140703,52.232286432160805,3.148429551910895
5.569778894472362,52.232286432160805,3.089095818977399
5.59243216080402,52.232286432160805,3.0401304435959204
5.6150854271356785,52.232286432160805,3.0029776126221197
5.6377386934673375,52.232286432160805,2.9783011210143995
5.660391959798995,52.232286432160805,2.966034692073775
5.683045226130654,52.232286432160805,2.965471551965776
5.705698492462312,52.232286432160805,2.9753807060170683
5.72835175879397,52.232286432160805,2.9941377746610938
5.751005025125629,52.232286432160805,3.019859696282556
5.773658291457287,52.232286432160805,3.0505346188272866
5.796311557788945,52.232286432160805,3.0841404646129433
5.818964824120604,52.232286432160805,3.118747670661352
5.841618090452261,52.232286432160805,3.1526033328125567
5.86427135678392,52.232286432160805,3.1841953921620902
5.886924623115578,52.232286432160805,3.2122966483863715
5.909577889447236,52.232286432160805,3.2359893376995075
5.932231155778895,52.232286432160805,3.2546718220579094
5.954884422110553,52.232286432160805,3.268049606806448
5.977537688442212,52.232286432160805,3.276113405488072
6.00019095477387,52.232286432160805,3.279107258839657
6.022844221105528,52.232286432160805,3.2774897609315268
6.045497487437187,52.232286432160805,3.2718912557478887
6.068150753768844,52.232286432160805,3.2630694905976254
6.090804020100503,52.232286432160805,3.2518657285873696
6.113457286432161,52.232286432160805,3.239162822294745
6.136110552763819,52.232286432160805,3.225846314692353
6.158763819095478,52.232286432160805,3.212769311943801
6.181417085427136,52.232286432160805,3.200721678550692
6.204070351758794,52.232286432160805,3.190404014786542
6.226723618090453,52.232286432160805,3.1824068399795156
6.2493768844221105,52.232286432160805,3.1771953642086084
6.2720301507537695,52.232286432160805,3.175100134935575
6.294683417085428,52.232286432160805,3.1763136665836433
6.317336683417086,52.232286432160805,3.1808929031706845
6.339989949748745,52.232286432160805,3.188767058681133
6.362643216080402,52.232286432160805,3.1997500774451835
6.385296482412061,52.232286432160805,3.2135567111803267
6.407949748743719,52.232286432160805,3.2298210624183348
6.430603015075377,52.232286432160805,3.248116415170654
6.453256281407036,52.232286432160805,3.2679752567731146
6.475909547738693,52.232286432160805,3.2889085628099286
6.498562814070352,52.232286432160805,3.3104236309676445
6.52121608040201,52.232286432160805,3.3320399698346512
6.543869346733668,52.232286432160805,3.3533029432541577
6.566522613065327,52.232286432160805,3.373795021433585
6.5891758793969855,52.232286432160805,3.393144592806425
6.6118291457286436,52.232286432160805,3.4110323540309246
6.6344824120603025,52.232286432160805,3.427195335356454
6.65713567839196,52.232286432160805,3.4414286523985735
6.679788944723619,52.232286432160805,3.45358511683419
6.702442211055277,52.232286432160805,3.463572893791282
6.725095477386935,52.232286432160805,3.4713514601148336
6.747748743718594,52.232286432160805,3.476926185361391
6.770402010050251,52.232286432160805,3.480341912894201
6.79305527638191,52.232286432160805,3.481675949414224
6.815708542713568,52.232286432160805,3.481030870016032
6.838361809045226,52.232286432160805,3.47852751149327
6.861015075376885,52.232286432160805,3.4742984646053094
6.8836683417085425,52.232286432160805,3.4684822962472337
6.9063216080402015,52.232286432160805,3.4612186463702708
6.9289748743718595,52.232286432160805,3.4526442625384797
6.951628140703518,52.232286432160805,3.442889964909984
6.974281407035177,52.232286432160805,3.4320784805738405
6.996934673366835,52.232286432160805,3.42032304977549
7.019587939698493,52.232286432160805,3.40772668644327
4.3238492462311555,52.2487135678392,5.545299004294611
4.3465025125628145,52.2487135678392,5.62707732637731
4.369155778894473,52.2487135678392,5.746407798914676
4.391809045226131,52.2487135678392,5.8986574869657336
4.41446231155779,52.2487135678392,6.076429322484268
4.437115577889448,52.2487135678392,6.269768188682871
4.459768844221106,52.2487135678392,6.466631174667418
4.482422110552764,52.2487135678392,6.653614618553412
4.505075376884422,52.2487135678392,6.816892464366358
4.527728643216081,52.2487135678392,6.943282252543191
4.550381909547739,52.2487135678392,7.021325163764636
4.573035175879397,52.2487135678392,7.042252889462748
4.595688442211055,52.2487135678392,7.000721659049963
4.618341708542713,52.2487135678392,6.895222607692078
4.640994974874372,52.2487135678392,6.728122682905017
4.6636482412060305,52.2487135678392,6.505342437099099
4.686301507537689,52.2487135678392,6.235725986345771
4.708954773869347,52.2487135678392,5.930195268367051
4.731608040201005,52.2487135678392,5.600800173148728
4.754261306532664,52.2487135678392,5.259777061423546
4.776914572864322,52.2487135678392,4.91871320632921
4.79956783919598,52.2487135678392,4.587888661807274
4.822221105527639,52.2487135678392,4.275835628294292
4.844874371859297,52.2487135678392,3.98912379704832
4.867527638190955,52.2487135678392,3.7323525579105237
4.890180904522613,52.2487135678392,3.5083101363027547
4.912834170854271,52.2487135678392,3.3182470998061793
4.93548743718593,52.2487135678392,3.1622074233825774
4.958140703517588,52.2487135678392,3.0393635900291684
4.9807939698492465,52.2487135678392,2.948311466721039
5.0034472361809055,52.2487135678392,2.887293969630983
5.026100502512563,52.2487135678392,2.85433776529028
5.048753768844222,52.2487135678392,2.8473025407158072
5.07140703517588,52.2487135678392,2.86385608538738
5.094060301507538,52.2487135678392,2.9013992375891515
5.116713567839197,52.2487135678392,2.9569716312687957
5.139366834170854,52.2487135678392,3.0271714257909217
5.162020100502513,52.2487135678392,3.108119496434307
5.184673366834171,52.2487135678392,3.195491134190199
5.207326633165829,52.2487135678392,3.2846270491281118
5.229979899497488,52.2487135678392,3.370721994196462
5.252633165829145,52.2487135678392,3.449075769055376
5.275286432160804,52.2487135678392,3.5153800421042494
5.2979396984924625,52.2487135678392,3.5660073331193374
5.320592964824121,52.2487135678392,3.598266819501342
5.34324623115578,52.2487135678392,3.610595478885605
5.365899497487438,52.2487135678392,3.6026615136504443
5.388552763819096,52.2487135678392,3.5753683148565814
5.411206030150755,52.2487135678392,3.53075941246005
5.433859296482412,52.2487135678392,3.4718360736062754
5.456512562814071,52.2487135678392,3.4023080546367184
5.479165829145729,52.2487135678392,3.3263036590455175
5.501819095477387,52.2487135678392,3.248067416159213
5.524472361809046,52.2487135678392,3.1716725271103705
5.547125628140703,52.2487135678392,3.100771219079797
5.569778894472362,52.2487135678392,3.0384000578916814
5.59243216080402,52.2487135678392,2.9868500240986706
5.6150854271356785,52.2487135678392,2.947603763124809
5.6377386934673375,52.2487135678392,2.921335815174057
5.660391959798995,52.2487135678392,2.9079665426713524
5.683045226130654,52.2487135678392,2.9067573052817455
5.705698492462312,52.2487135678392,2.916433225038742
5.72835175879397,52.2487135678392,2.9353203593564716
5.751005025125629,52.2487135678392,2.9614857748646424
5.773658291457287,52.2487135678392,2.9928713418270623
5.796311557788945,52.2487135678392,3.0274145585763943
5.818964824120604,52.2487135678392,3.063152019415019
5.841618090452261,52.2487135678392,3.0983030749301084
5.86427135678392,52.2487135678392,3.1313327610241752
5.886924623115578,52.2487135678392,3.160994244033979
5.909577889447236,52.2487135678392,3.186351928866846
5.932231155778895,52.2487135678392,3.2067870759250763
5.954884422110553,52.2487135678392,3.2219883041974904
5.977537688442212,52.2487135678392,3.231929719274752
6.00019095477387,52.2487135678392,3.2368395755613646
6.022844221105528,52.2487135678392,3.2371623480209424
6.045497487437187,52.2487135678392,3.2335168630122766
6.068150753768844,52.2487135678392,3.2266527656291117
6.090804020100503,52.2487135678392,3.217407153484502
6.113457286432161,52.2487135678392,3.206662763998307
6.136110552763819,52.2487135678392,3.195308732817006
6.158763819095478,52.2487135678392,3.1842046865670826
6.181417085427136,52.2487135678392,3.1741487992969613
6.204070351758794,52.2487135678392,3.1658503994424043
6.226723618090453,52.2487135678392,3.1599077088468626
6.2493768844221105,52.2487135678392,3.1567912647697236
6.2720301507537695,52.2487135678392,3.156833467589499
6.294683417085428,52.2487135678392,3.1602244846937038
6.317336683417086,52.2487135678392,3.1670144327158205
6.339989949748745,52.2487135678392,3.177121395895637
6.362643216080402,52.2487135678392,3.1903444784511175
6.385296482412061,52.2487135678392,3.2063807967201594
6.407949748743719,52.2487135678392,3.2248451409405554
6.430603015075377,52.2487135678392,3.2452909986067007
6.453256281407036,52.2487135678392,3.2672317234687087
6.475909547738693,52.2487135678392,3.2901608244119194
6.498562814070352,52.2487135678392,3.3135705918149654
6.52121608040201,52.2487135678392,3.3369685301683027
6.543869346733668,52.2487135678392,3.359891288894848
6.566522613065327,52.2487135678392,3.3819159577678244
6.5891758793969855,52.2487135678392,3.402668714274605
6.6118291457286436,52.2487135678392,3.421830886009413
6.6344824120603025,52.2487135678392,3.439142537627823
6.65713567839196,52.2487135678392,3.4544037267374175
6.679788944723619,52.2487135678392,3.4674736103718296
6.702442211055277,52.2487135678392,3.4782676302761075
6.725095477386935,52.2487135678392,3.4867530598421803
6.747748743718594,52.2487135678392,3.4929432501373303
6.770402010050251,52.2487135678392,3.496890955745237
6.79305527638191,52.2487135678392,3.498681142396022
6.815708542713568,52.2487135678392,3.4984236710223806
6.838361809045226,52.2487135678392,3.4962462161579753
6.861015075376885,52.2487135678392,3.492287715341065
6.8836683417085425,52.2487135678392,3.4866925691591915
6.9063216080402015,52.2487135678392,3.479605729017354
6.9289748743718595,52.2487135678392,3.4711687310959594
6.951628140703518,52.2487135678392,3.461516667412381
6.974281407035177,52.2487135678392,3.4507760325848604
6.996934673366835,52.2487135678392,3.439063349110591
4.3465025125628145,52.26514070351759,5.817303094974264
4.369155778894473,52.26514070351759,5.966992494215113
4.391809045226131,52.26514070351759,6.147585981499594
4.41446231155779,52.26514070351759,6.350805561193328
4.437115577889448,52.26514070351759,6.56581564472582
4.459768844221106,52.26514070351759,6.779742209325405
4.482422110552764,52.26514070351759,6.978457708447342
4.505075376884422,52.26514070351759,7.1475814001924585
4.527728643216081,52.26514070351759,7.273604248728721
4.550381909547739,52.26514070351759,7.34501623100084
4.573035175879397,52.26514070351759,7.3533003355514115
4.595688442211055,52.26514070351759,7.293667068728143
4.618341708542713,52.26514070351759,7.165435820422154
4.640994974874372,52.26514070351759,6.972019134801734
4.6636482412060305,52.26514070351759,6.72052266202821
4.686301507537689,52.26514070351759,6.421025867317153
4.708954773869347,52.26514070351759,6.085646815011265
4.731608040201005,52.26514070351759,5.727513017926863
4.754261306532664,52.26514070351759,5.3597587665914075
4.776914572864322,52.26514070351759,4.9946508885944745
4.79956783919598,52.26514070351759,4.642915266475927
4.822221105527639,52.26514070351759,4.313302000303134
4.844874371859297,52.26514070351759,4.012393465808414
4.867527638190955,52.26514070351759,3.744630919099443
4.890180904522613,52.26514070351759,3.512514381495549
4.912834170854271,52.26514070351759,3.316918472040601
4.93548743718593,52.26514070351759,3.1574635549463657
4.958140703517588,52.26514070351759,3.0328859668198604
4.9807939698492465,52.26514070351759,2.9413614441643525
5.0034472361809055,52.26514070351759,2.880750102693757
5.026100502512563,52.26514070351759,2.848747306284909
5.048753768844222,52.26514070351759,2.8429405733917354
5.07140703517588,52.26514070351759,2.860786678532344
5.094060301507538,52.26514070351759,2.89953402652455
5.116713567839197,52.26514070351759,2.9561222392485713
5.139366834170854,52.26514070351759,3.027093061392521
5.162020100502513,52.26514070351759,3.1085439252932683
5.184673366834171,52.26514070351759,3.1961480975346013
5.207326633165829,52.26514070351759,3.2852541734116
5.229979899497488,52.26514070351759,3.3710643459045495
5.252633165829145,52.26514070351759,3.4488773995270634
5.275286432160804,52.26514070351759,3.5143709659732156
5.2979396984924625,52.26514070351759,3.5638901326296644
5.320592964824121,52.26514070351759,3.5947072013198316
5.34324623115578,52.26514070351759,3.605220461472615
5.365899497487438,52.26514070351759,3.5950675032383144
5.388552763819096,52.26514070351759,3.565139359108254
5.411206030150755,52.26514070351759,3.5174937965983815
5.433859296482412,52.26514070351759,3.4551776091816104
5.456512562814071,52.26514070351759,3.3819773155164263
5.479165829145729,52.26514070351759,3.3021242843644343
5.501819095477387,52.26514070351759,3.219983437073914
5.524472361809046,52.26514070351759,3.1397542675707117
5.547125628140703,52.26514070351759,3.0652092930448838
5.569778894472362,52.26514070351759,2.9994889017186517
5.59243216080402,52.26514070351759,2.9449638821785715
5.6150854271356785,52.26514070351759,2.903168845575374
5.6377386934673375,52.26514070351759,2.8748024052611423
5.660391959798995,52.26514070351759,2.859784251119869
5.683045226130654,52.26514070351759,2.8573556644881544
5.705698492462312,52.26514070351759,2.8662086471326225
5.72835175879397,52.26514070351759,2.884629384700793
5.751005025125629,52.26514070351759,2.910643682928008
5.773658291457287,52.26514070351759,2.9421546725545857
5.796311557788945,52.26514070351759,2.9770659102648542
5.818964824120604,52.26514070351759,3.013385601047226
5.841618090452261,52.26514070351759,3.0493098141665116
5.86427135678392,52.26514070351759,3.0832842071426496
5.886924623115578,52.26514070351759,3.1140449649999598
5.909577889447236,52.26514070351759,3.140640505846789
5.932231155778895,52.26514070351759,3.1624360928396706
5.954884422110553,52.26514070351759,3.179103887353584
5.977537688442212,52.26514070351759,3.1906012024570485
6.00019095477387,52.26514070351759,3.197139771058331
6.022844221105528,52.26514070351759,3.199148730254545
6.045497487437187,52.26514070351759,3.1972337606407053
6.068150753768844,52.26514070351759,3.1921344495795054
6.090804020100503,52.26514070351759,3.1846815336858616
6.113457286432161,52.26514070351759,3.17575528750356
6.136110552763819,52.26514070351759,3.1662460211856005
6.158763819095478,52.26514070351759,3.1570174627061456
6.181417085427136,52.26514070351759,3.1488737283031427
6.204070351758794,52.26514070351759,3.1425305931579084
6.226723618090453,52.26514070351759,3.138591803295207
6.2493768844221105,52.26514070351759,3.137531152274586
6.2720301507537695,52.26514070351759,3.139680927478131
6.294683417085428,52.26514070351759,3.145227085006688
6.317336683417086,52.26514070351759,3.1542111520887977
6.339989949748745,52.26514070351759,3.1665384302488553
6.362643216080402,52.26514070351759,3.181991652591997
6.385296482412061,52.26514070351759,3.200248907920891
6.407949748743719,52.26514070351759,3.220904438548902
6.430603015075377,52.26514070351759,3.2434908717956903
6.453256281407036,52.26514070351759,3.2675015471886577
6.475909547738693,52.26514070351759,3.2924118150300545
6.498562814070352,52.26514070351759,3.317698455851609
6.52121608040201,52.26514070351759,3.3428566531450707
6.543869346733668,52.26514070351759,3.3674142036545054
6.566522613065327,52.26514070351759,3.3909428475285894
6.5891758793969855,52.26514070351759,3.41306673926851
6.6118291457286436,52.26514070351759,3.43346816798015
6.6344824120603025,52.26514070351759,3.4518906881989517
6.65713567839196,52.26514070351759,3.468139858461041
6.679788944723619,52.26514070351759,3.4820818182136652
6.702442211055277,52.26514070351759,3.4936399721880145
6.725095477386935,52.26514070351759,3.5027900948766066
6.747748743718594,52.26514070351759,3.509554209945836
6.770402010050251,52.26514070351759,3.513993630800429
6.79305527638191,52.26514070351759,3.5162015600827887
6.815708542713568,52.26514070351759,3.516295632081575
6.838361809045226,52.26514070351759,3.514410742309606
6.861015075376885,52.26514070351759,3.5106924472378074
6.8836683417085425,52.26514070351759,3.5052911421529265
6.9063216080402015,52.26514070351759,3.498357145508128
6.9289748743718595,52.26514070351759,3.4900367425053034
6.951628140703518,52.26514070351759,3.4804691755162183
6.974281407035177,52.26514070351759,3.4697845182315934
6.996934673366835,52.26514070351759,3.4581023354466263
4.459768844221106,52.28156783919598,7.071617852392276
4.482422110552764,52.28156783919598,7.281034543515499
4.505075376884422,52.28156783919598,7.455203889430284
4.527728643216081,52.28156783919598,7.5803307907051
4.550381909547739,52.28156783919598,7.644893121520488
4.573035175879397,52.28156783919598,7.640661212469397
4.595688442211055,52.28156783919598,7.5634300832607355
4.618341708542713,52.28156783919598,7.413368071416947
4.640994974874372,52.28156783919598,7.194940281586449
4.6636482412060305,52.28156783919598,6.916426896495885
4.686301507537689,52.28156783919598,6.589112137884093
4.708954773869347,52.28156783919598,6.226259109383733
4.731608040201005,52.28156783919598,5.842003261744965
4.754261306532664,52.28156783919598,5.450292647516602
4.776914572864322,52.28156783919598,5.063980762385444
4.79956783919598,52.28156783919598,4.694144303287225
4.822221105527639,52.28156783919598,4.349660673168319
4.844874371859297,52.28156783919598,4.037044512767344
4.867527638190955,52.28156783919598,3.76051317979967
4.890180904522613,52.28156783919598,3.5222303522491507
4.912834170854271,52.28156783919598,3.3226656595363346
4.93548743718593,52.28156783919598,3.161006052046118
4.958140703517588,52.28156783919598,3.035560198266386
4.9807939698492465,52.28156783919598,2.944108649973212
5.0034472361809055,52.28156783919598,2.8841676674445385
5.026100502512563,52.28156783919598,2.853151290377457
5.048753768844222,52.28156783919598,2.8484325402913284
5.07140703517588,52.28156783919598,2.867318940849367
5.094060301507538,52.28156783919598,2.9069685890971257
5.116713567839197,52.28156783919598,2.964279884699188
5.139366834170854,52.28156783919598,3.035790148913172
5.162020100502513,52.28156783919598,3.117615563169338
5.184673366834171,52.28156783919598,3.2054574529864563
5.207326633165829,52.28156783919598,3.294688852332546
5.229979899497488,52.28156783919598,3.3805220160813816
5.252633165829145,52.28156783919598,3.4582440603242324
5.275286432160804,52.28156783919598,3.523496299520115
5.2979396984924625,52.28156783919598,3.572564952329071
5.320592964824121,52.28156783919598,3.602647898313004
5.34324623115578,52.28156783919598,3.6120644001724327
5.365899497487438,52.28156783919598,3.6003815799922494
5.388552763819096,52.28156783919598,3.5684416714860347
5.411206030150755,52.28156783919598,3.5182860006916523
5.433859296482412,52.28156783919598,3.4529835601022594
5.456512562814071,52.28156783919598,3.3763824190880554
5.479165829145729,52.28156783919598,3.292809883108461
5.501819095477387,52.28156783919598,3.2067515128699045
5.524472361809046,52.28156783919598,3.1225395265950113
5.547125628140703,52.28156783919598,3.0440778923848133
5.569778894472362,52.28156783919598,2.9746252070565085
5.59243216080402,52.28156783919598,2.9166482970634218
5.6150854271356785,52.28156783919598,2.8717506630154404
5.6377386934673375,52.28156783919598,2.84067173489942
5.660391959798995,52.28156783919598,2.8233464841606657
5.683045226130654,52.28156783919598,2.819010889957096
5.705698492462312,52.28156783919598,2.826337207377953
5.72835175879397,52.28156783919598,2.843583608851562
5.751005025125629,52.28156783919598,2.8687449442340007
5.773658291457287,52.28156783919598,2.899694368696881
5.796311557788945,52.28156783919598,2.9343087717821277
5.818964824120604,52.28156783919598,2.970573838510555
5.841618090452261,52.28156783919598,3.0066669317793444
5.86427135678392,52.28156783919598,3.0410177399586558
5.886924623115578,52.28156783919598,3.072347845861808
5.909577889447236,52.28156783919598,3.09969116093548
5.932231155778895,52.28156783919598,3.1223976499781414
5.954884422110553,52.28156783919598,3.1401230340913155
5.977537688442212,52.28156783919598,3.1528072519048806
6.00019095477387,52.28156783919598,3.1606444034016636
6.022844221105528,52.28156783919598,3.164046711139978
6.045497487437187,52.28156783919598,3.1636047336355775
6.068150753768844,52.28156783919598,3.1600456959818617
6.090804020100503,52.28156783919598,3.154191419339842
6.113457286432161,52.28156783919598,3.1469169938444965
6.136110552763819,52.28156783919598,3.139111098047354
6.158763819095478,52.28156783919598,3.1316387468918667
6.181417085427136,52.28156783919598,3.125307240957617
6.204070351758794,52.28156783919598,3.1208361507470714
6.226723618090453,52.28156783919598,3.1188322356133837
6.2493768844221105,52.28156783919598,3.119770195238663
6.2720301507537695,52.28156783919598,3.1239800240968116
6.294683417085428,52.28156783919598,3.131641460644836
6.317336683417086,52.28156783919598,3.142785610608823
6.339989949748745,52.28156783919598,3.157303335475617
6.362643216080402,52.28156783919598,3.174959515834086
6.385296482412061,52.28156783919598,3.195411908797341
6.407949748743719,52.28156783919598,3.2182330823640735
6.430603015075377,52.28156783919598,3.242933853879288
6.453256281407036,52.28156783919598,3.268986772312311
6.475909547738693,52.28156783919598,3.295848421842387
6.498562814070352,52.28156783919598,3.32297962904015
6.52121608040201,52.28156783919598,3.349862970470417
6.543869346733668,52.28156783919598,3.376017257758472
6.566522613065327,52.28156783919598,3.4010088980595095
6.5891758793969855,52.28156783919598,3.4244601834747947
6.6118291457286436,52.28156783919598,3.44605466187591
6.6344824120603025,52.28156783919598,3.4655398005140876
6.65713567839196,52.28156783919598,3.4827271910313673
6.679788944723619,52.28156783919598,3.4974905747495626
6.702442211055277,52.28156783919598,3.509761998533069
6.725095477386935,52.28156783919598,3.5195264449766075
6.747748743718594,52.28156783919598,3.526815311303412
6.770402010050251,52.28156783919598,3.5316991313738257
6.79305527638191,52.28156783919598,3.5342799371304925
6.815708542713568,52.28156783919598,3.5346836351324273
6.838361809045226,52.28156783919598,3.533052730367676
6.861015075376885,52.28156783919598,3.529539667326889
6.8836683417085425,52.28156783919598,3.5243009844088546
6.9063216080402015,52.28156783919598,3.517492400362025
6.9289748743718595,52.28156783919598,3.5092648783415665
6.951628140703518,52.28156783919598,3.4997616502553077
6.974281407035177,52.28156783919598,3.489116134979298
6.996934673366835,52.28156783919598,3.477450650044134
4.482422110552764,52.29799497487437,7.5516421545447034
4.505075376884422,52.29799497487437,7.72983055108053
4.527728643216081,52.29799497487437,7.853456802615961
4.550381909547739,52.29799497487437,7.91103287847948
4.573035175879397,52.29799497487437,7.894652265804974
4.595688442211055,52.29799497487437,7.800716865863054
4.618341708542713,52.29799497487437,7.6302494969854635
4.640994974874372,52.29799497487437,7.388753334375202
4.6636482412060305,52.29799497487437,7.0856463352690335
4.686301507537689,52.29799497487437,6.733357893061108
4.708954773869347,52.29799497487437,6.346215370781885
4.731608040201005,52.29799497487437,5.9392640972392075
4.754261306532664,52.29799497487437,5.5271563840078155
4.776914572864322,52.29799497487437,5.123218485117866
4.79956783919598,52.29799497487437,4.738766933337976
4.822221105527639,52.29799497487437,4.382705161023175
4.844874371859297,52.29799497487437,4.061394048812421
4.867527638190955,52.29799497487437,3.778760211204664
4.890180904522613,52.29799497487437,3.5365855460119064
4.912834170854271,52.29799497487437,3.334911319273958
4.93548743718593,52.29799497487437,3.1724891003650484
4.958140703517588,52.29799497487437,3.0472176575907124
4.9807939698492465,52.29799497487437,2.95651743842759
5.0034472361809055,52.29799497487437,2.8976102649945537
5.026100502512563,52.29799497487437,2.867689212189539
5.048753768844222,52.29799497487437,2.8639803871883194
5.07140703517588,52.29799497487437,2.883712917223164
5.094060301507538,52.29799497487437,2.924024655371673
5.116713567839197,52.29799497487437,2.981838050272597
5.139366834170854,52.29799497487437,3.053742760374268
5.162020100502513,52.29799497487437,3.1359187903960266
5.184673366834171,52.29799497487437,3.224126537507901
5.207326633165829,52.29799497487437,3.313779068290185
5.229979899497488,52.29799497487437,3.400098669296483
5.252633165829145,52.29799497487437,3.4783461024394
5.275286432160804,52.29799497487437,3.5440990658259537
5.2979396984924625,52.29799497487437,3.593547900581787
5.320592964824121,52.29799497487437,3.6237728153801476
5.34324623115578,52.29799497487437,3.6329682542670136
5.365899497487438,52.29799497487437,3.620586116623329
5.388552763819096,52.29799497487437,3.5873792765243677
5.411206030150755,52.29799497487437,3.5353387403916376
5.433859296482412,52.29799497487437,3.4675301688243767
5.456512562814071,52.29799497487437,3.3878467803388257
5.479165829145729,52.29799497487437,3.300704486886914
5.501819095477387,52.29799497487437,3.2107104623930685
5.524472361809046,52.29799497487437,3.1223376453237313
5.547125628140703,52.29799497487437,3.039634900108484
5.569778894472362,52.29799497487437,2.9659962797179786
5.59243216080402,52.29799497487437,2.9040041521016717
5.6150854271356785,52.29799497487437,2.8553513389020715
5.6377386934673375,52.29799497487437,2.8208383901613883
5.660391959798995,52.29799497487437,2.800434951969386
5.683045226130654,52.29799497487437,2.793389644035623
5.705698492462312,52.29799497487437,2.798371123576138
5.72835175879397,52.29799497487437,2.813623712885546
5.751005025125629,52.29799497487437,2.8371234077253793
5.773658291457287,52.29799497487437,2.8667234435260136
5.796311557788945,52.29799497487437,2.900282140757974
5.818964824120604,52.29799497487437,2.9357689504351323
5.841618090452261,52.29799497487437,2.971347189797124
5.86427135678392,52.29799497487437,3.005433823262586
5.886924623115578,52.29799497487437,3.0367378744254734
5.909577889447236,52.29799497487437,3.064279788109083
5.932231155778895,52.29799497487437,3.0873944400410567
5.954884422110553,52.29799497487437,3.1057206284474805
5.977537688442212,52.29799497487437,3.119179849373402
6.00019095477387,52.29799497487437,3.1279469967046256
6.022844221105528,52.29799497487437,3.1324153649457864
6.045497487437187,52.29799497487437,3.1331579959273195
6.068150753768844,52.29799497487437,3.1308870388699734
6.090804020100503,52.29799497487437,3.126412436407674
6.113457286432161,52.29799497487437,3.120600959196383
6.136110552763819,52.29799497487437,3.11433642958891
6.158763819095478,52.29799497487437,3.1084819177157077
6.181417085427136,52.29799497487437,3.103844746003911
6.204070351758794,52.29799497487437,3.101145252689539
6.226723618090453,52.29799497487437,3.1009903693077563
6.2493768844221105,52.29799497487437,3.1038530832919466
6.2720301507537695,52.29799497487437,3.11005872252949
6.294683417085428,52.29799497487437,3.1197786883964396
6.317336683417086,52.29799497487437,3.1330317996430015
6.339989949748745,52.29799497487437,3.149692858501862
6.362643216080402,52.29799497487437,3.169507506934019
6.385296482412061,52.29799497487437,3.1921120003842898
6.407949748743719,52.29799497487437,3.2170562594213266
6.430603015075377,52.29799497487437,3.2438284952700736
6.453256281407036,52.29799497487437,3.271879828487581
6.475909547738693,52.29799497487437,3.3006475819276764
6.498562814070352,52.29799497487437,3.3295762644532223
6.52121608040201,52.29799497487437,3.358135607288291
6.543869346733668,52.29799497487437,3.3858353223800166
6.566522613065327,52.29799497487437,3.4122364948575665
6.5891758793969855,52.29799497487437,3.436959693396056
6.6118291457286436,52.29799497487437,3.4596899921007553
6.6344824120603025,52.29799497487437,3.480179162694028
6.65713567839196,52.29799497487437,3.498245334965382
6.679788944723619,52.29799497487437,3.5137704515943695
6.702442211055277,52.29799497487437,3.5266958690540977
6.725095477386935,52.29799497487437,3.537016481005927
6.747748743718594,52.29799497487437,3.544773760728572
6.770402010050251,52.29799497487437,3.5500481283836463
6.79305527638191,52.29799497487437,3.5529510412693015
6.815708542713568,52.29799497487437,3.553617177213545
6.838361809045226,52.29799497487437,3.5521970331853803
6.861015075376885,52.29799497487437,3.5488501970123445
6.8836683417085425,52.29799497487437,3.543739476247534
6.9063216080402015,52.29799497487437,3.5370259922429965
6.9289748743718595,52.29799497487437,3.5288652763061408
6.951628140703518,52.29799497487437,3.519404343869664
6.974281407035177,52.29799497487437,3.508779675145482
6.996934673366835,52.29799497487437,3.49711599795762
4.505075376884422,52.31442211055276,7.962190176357627
4.527728643216081,52.31442211055276,8.083612711271245
4.550381909547739,52.31442211055276,8.13411975353083
4.573035175879397,52.31442211055276,8.106165217632222
4.595688442211055,52.31442211055276,7.996773598251396
4.618341708542713,52.31442211055276,7.8078132205619255
4.640994974874372,52.31442211055276,7.5457895469377645
4.6636482412060305,52.31442211055276,7.221195213034222
4.686301507537689,52.31442211055276,6.847516001835433
4.708954773869347,52.31442211055276,6.440033033146891
4.731608040201005,52.31442211055276,6.014575388611965
4.754261306532664,52.31442211055276,5.586365513336519
4.776914572864322,52.31442211055276,5.169068562066382
4.79956783919598,52.31442211055276,4.774115277983539
4.822221105527639,52.31442211055276,4.410324568093321
4.844874371859297,52.31442211055276,4.083813226809123
4.867527638190955,52.31442211055276,3.7981502718994364
4.890180904522613,52.31442211055276,3.554693827072042
4.912834170854271,52.31442211055276,3.3530394502068823
4.93548743718593,52.31442211055276,3.1915091785806213
4.958140703517588,52.31442211055276,3.067618569340517
4.9807939698492465,52.31442211055276,2.978472519828027
5.0034472361809055,52.31442211055276,2.9210574204181388
5.026100502512563,52.31442211055276,2.892415093002592
5.048753768844222,52.31442211055276,2.8897011289474515
5.07140703517588,52.31442211055276,2.910145120389579
5.094060301507538,52.31442211055276,2.9509416814880263
5.116713567839197,52.31442211055276,3.00910822047818
5.139366834170854,52.31442211055276,3.081347633397168
5.162020100502513,52.31442211055276,3.163951327951139
5.184673366834171,52.31442211055276,3.252770609770783
5.207326633165829,52.31442211055276,3.3432733709430007
5.229979899497488,52.31442211055276,3.4306896352522114
5.252633165829145,52.31442211055276,3.510235651665146
5.275286432160804,52.31442211055276,3.577393841478309
5.2979396984924625,52.31442211055276,3.628216761994627
5.320592964824121,52.31442211055276,3.659618617679155
5.34324623115578,52.31442211055276,3.6696182865273737
5.365899497487438,52.31442211055276,3.6575031292500677
5.388552763819096,52.31442211055276,3.6238921379701887
5.411206030150755,52.31442211055276,3.5706889081250472
5.433859296482412,52.31442211055276,3.5009278708038396
5.456512562814071,52.31442211055276,3.418529528611008
5.479165829145729,52.31442211055276,3.327990530554499
5.501819095477387,52.31442211055276,3.234041010053466
5.524472361809046,52.31442211055276,3.14130385813914
5.547125628140703,52.31442211055276,3.053988295831133
5.569778894472362,52.31442211055276,2.9756437489701515
5.59243216080402,52.31442211055276,2.9089907945722566
5.6150854271356785,52.31442211055276,2.855835479644257
5.6377386934673375,52.31442211055276,2.8170633608173494
5.660391959798995,52.31442211055276,2.7927016514499594
5.683045226130654,52.31442211055276,2.782032798270259
5.705698492462312,52.31442211055276,2.783740861025887
5.72835175879397,52.31442211055276,2.796072843048142
5.751005025125629,52.31442211055276,2.8169998287115394
5.773658291457287,52.31442211055276,2.844366504241811
5.796311557788945,52.31442211055276,2.876021545369467
5.818964824120604,52.31442211055276,2.909924856992822
5.841618090452261,52.31442211055276,2.944230428235805
5.86427135678392,52.31442211055276,2.977345540444002
5.886924623115578,52.31442211055276,3.0079683156870805
5.909577889447236,52.31442211055276,3.035106276203938
5.932231155778895,52.31442211055276,3.058078867912061
5.954884422110553,52.31442211055276,3.0765069210297966
5.977537688442212,52.31442211055276,3.090291872477393
6.00019095477387,52.31442211055276,3.099587315977932
6.022844221105528,52.31442211055276,3.104765113841077
6.045497487437187,52.31442211055276,3.1063779317113287
6.068150753768844,52.31442211055276,3.105119681924725
6.090804020100503,52.31442211055276,3.1017850271293517
6.113457286432161,52.31442211055276,3.097228848398997
6.136110552763819,52.31442211055276,3.0923264549198173
6.158763819095478,52.31442211055276,3.0879353158774365
6.181417085427136,52.31442211055276,3.0848592079353354
6.204070351758794,52.31442211055276,3.08381583923181
6.226723618090453,52.31442211055276,3.085409154583917
6.2493768844221105,52.31442211055276,3.0901075621020415
6.2720301507537695,52.31442211055276,3.098229182207119
6.294683417085428,52.31442211055276,3.1099348799510733
6.317336683417086,52.31442211055276,3.1252293271844422
6.339989949748745,52.31442211055276,3.14396972862868
6.362643216080402,52.31442211055276,3.165881241359124
6.385296482412061,52.31442211055276,3.1905776272315065
6.407949748743719,52.31442211055276,3.2175853805637633
6.430603015075377,52.31442211055276,3.246369500440928
6.453256281407036,52.31442211055276,3.2763592105715755
6.475909547738693,52.31442211055276,3.3069722147421885
6.498562814070352,52.31442211055276,3.337636440381627
6.52121608040201,52.31442211055276,3.3678085973995655
6.543869346733668,52.31442211055276,3.3969892125061656
6.566522613065327,52.31442211055276,3.424734062304652
6.5891758793969855,52.31442211055276,3.4506621153397834
6.6118291457286436,52.31442211055276,3.4744602137000564
6.6344824120603025,52.31442211055276,3.4958847965659543
6.65713567839196,52.31442211055276,3.514761010244691
6.679788944723619,52.31442211055276,3.530979576703249
6.702442211055277,52.31442211055276,3.544491814054225
6.725095477386935,52.31442211055276,3.5553032199449714
6.747748743718594,52.31442211055276,3.563466039652611
6.770402010050251,52.31442211055276,3.569071239847132
6.79305527638191,52.31442211055276,3.572240291795727
6.815708542713568,52.31442211055276,3.5731171318932233
6.838361809045226,52.31442211055276,3.571860613751491
6.861015075376885,52.31442211055276,3.568637698711476
6.8836683417085425,52.31442211055276,3.563617556719349
6.9063216080402015,52.31442211055276,3.5569666739384953
6.9289748743718595,52.31442211055276,3.548844993603259
6.951628140703518,52.31442211055276,3.5394030573253645
6.974281407035177,52.31442211055276,3.528780068233567
6.996934673366835,52.31442211055276,3.5171027659598315
7.019587939698493,52.31442211055276,3.5044849858939466
4.505075376884422,52.33084924623115,8.144015091975911
4.527728643216081,52.33084924623115,8.262419418067028
4.550381909547739,52.33084924623115,8.30580440588882
4.573035175879397,52.33084924623115,8.267024406333446
4.595688442211055,52.33084924623115,8.143736668523399
4.618341708542713,52.33084924623115,7.9386324103565125
4.640994974874372,52.33084924623115,7.659162992513215
4.6636482412060305,52.33084924623115,7.316806952741569
4.686301507537689,52.33084924623115,6.925989292460512
4.708954773869347,52.33084924623115,6.502805770600861
4.731608040201005,52.33084924623115,6.063716509090731
4.754261306532664,52.33084924623115,5.624357159117253
4.776914572864322,52.33084924623115,5.1985800168249074
4.79956783919598,52.33084924623115,4.797791860750745
4.822221105527639,52.33084924623115,4.430609192792561
4.844874371859297,52.33084924623115,4.102811737839605
4.867527638190955,52.33084924623115,3.817545261032649
4.890180904522613,52.33084924623115,3.5757062626912415
4.912834170854271,52.33084924623115,3.376433463266935
4.93548743718593,52.33084924623115,3.2176327396398436
4.958140703517588,52.33084924623115,3.096471342035005
4.9807939698492465,52.33084924623115,3.0097916128525055
5.0034472361809055,52.33084924623115,2.9544118405860367
5.026100502512563,52.33084924623115,2.927300255147557
5.048753768844222,52.33084924623115,2.925625699740035
5.07140703517588,52.33084924623115,2.946703699560417
5.094060301507538,52.33084924623115,2.98786830794312
5.116713567839197,52.33084924623115,3.0463073832717296
5.139366834170854,52.33084924623115,3.118901312132257
5.162020100502513,52.33084924623115,3.2021025198991735
5.184673366834171,52.33084924623115,3.2918857470033824
5.207326633165829,52.33084924623115,3.3837878943448554
5.229979899497488,52.33084924623115,3.473042641889938
5.252633165829145,52.33084924623115,3.5548007915463615
5.275286432160804,52.33084924623115,3.6244142988978254
5.2979396984924625,52.33084924623115,3.677752008936426
5.320592964824121,52.33084924623115,3.711509532112544
5.34324623115578,52.33084924623115,3.7234751829105734
5.365899497487438,52.33084924623115,3.7127184341864385
5.388552763819096,52.33084924623115,3.679676233765662
5.411206030150755,52.33084924623115,3.626124572175918
5.433859296482412,52.33084924623115,3.555036305059591
5.456512562814071,52.33084924623115,3.4703396525680126
5.479165829145729,52.33084924623115,3.3766032446868657
5.501819095477387,52.33084924623115,3.2786814871968675
5.524472361809046,52.33084924623115,3.181357276271305
5.547125628140703,52.33084924623115,3.0890172777990585
5.569778894472362,52.33084924623115,3.005388545865511
5.59243216080402,52.33084924623115,2.933355437071157
5.6150854271356785,52.33084924623115,2.8748644097650717
5.6377386934673375,52.33084924623115,2.8309133663775197
5.660391959798995,52.33084924623115,2.801613395429328
5.683045226130654,52.33084924623115,2.786305147111042
5.705698492462312,52.33084924623115,2.7837098989036004
5.72835175879397,52.33084924623115,2.792096204844012
5.751005025125629,52.33084924623115,2.8094459935608533
5.773658291457287,52.33084924623115,2.8336080586375534
5.796311557788945,52.33084924623115,2.862431152066181
5.818964824120604,52.33084924623115,2.893872692570331
5.841618090452261,52.33084924623115,2.9260820859280767
5.86427135678392,52.33084924623115,2.9574597377737066
5.886924623115578,52.33084924623115,2.986694111988746
5.909577889447236,52.33084924623115,3.0127798269533335
5.932231155778895,52.33084924623115,3.0350199783040335
5.954884422110553,52.33084924623115,3.0530157908616995
5.977537688442212,52.33084924623115,3.066646448635802
6.00019095477387,52.33084924623115,3.076041603601635
6.022844221105528,52.33084924623115,3.081548668194125
6.045497487437187,52.33084924623115,3.083696589609169
6.068150753768844,52.33084924623115,3.0831574229687364
6.090804020100503,52.33084924623115,3.0807067055107975
6.113457286432161,52.33084924623115,3.077183424202924
6.136110552763819,52.33084924623115,3.073450292027788
6.158763819095478,52.33084924623115,3.070355108124822
6.181417085427136,52.33084924623115,3.0686941466157904
6.204070351758794,52.33084924623115,3.069178737715231
6.226723618090453,52.33084924623115,3.072406387382081
6.2493768844221105,52.33084924623115,3.0788378374627965
6.2720301507537695,52.33084924623115,3.0887813259301655
6.294683417085428,52.33084924623115,3.1023849393968352
6.317336683417086,52.33084924623115,3.119637388304939
6.339989949748745,52.33084924623115,3.1403768639560434
6.362643216080402,52.33084924623115,3.164306973337734
6.385296482412061,52.33084924623115,3.1910182100842235
6.407949748743719,52.33084924623115,3.220013093445341
6.430603015075377,52.33084924623115,3.250733025572348
6.453256281407036,52.33084924623115,3.282585060293332
6.475909547738693,52.33084924623115,3.3149670829906253
6.498562814070352,52.33084924623115,3.3472902923779824
6.52121608040201,52.33084924623115,3.3789982762203437
6.543869346733668,52.33084924623115,3.409582329264204
6.566522613065327,52.33084924623115,3.4385929433099456
6.5891758793969855,52.33084924623115,3.465647600441368
6.6118291457286436,52.33084924623115,3.4904351313666684
6.6344824120603025,52.33084924623115,3.512716980048792
6.65713567839196,52.33084924623115,3.532325762366367
6.679788944723619,52.33084924623115,3.549161535254548
6.702442211055277,52.33084924623115,3.5631862120438353
6.725095477386935,52.33084924623115,3.5744165718218266
6.747748743718594,52.33084924623115,3.582916313522685
6.770402010050251,52.33084924623115,3.5887875951816395
6.79305527638191,52.33084924623115,3.592162472014812
6.815708542713568,52.33084924623115,3.5931946025337953
6.838361809045226,52.33084924623115,3.592051531561167
6.861015075376885,52.33084924623115,3.5889077871607835
6.8836683417085425,52.33084924623115,3.5839389512259707
6.9063216080402015,52.33084924623115,3.577316787294523
6.9289748743718595,52.33084924623115,3.5692054399213387
6.951628140703518,52.33084924623115,3.559758661958396
6.974281407035177,52.33084924623115,3.54911798189896
6.996934673366835,52.33084924623115,3.537411693696992
7.019587939698493,52.33084924623115,3.524754535368427
4.527728643216081,52.34727638190955,8.382818697298749
4.550381909547739,52.34727638190955,8.41904163446908
4.573035175879397,52.34727638190955,8.370325912081197
4.595688442211055,52.34727638190955,8.234966991314183
4.618341708542713,52.34727638190955,8.016443728816217
4.640994974874372,52.34727638190955,7.7230775941058525
4.6636482412060305,52.34727638190955,7.367220076965794
4.686301507537689,52.34727638190955,6.964091737658737
4.708954773869347,52.34727638190955,6.530437575741653
4.731608040201005,52.34727638190955,6.083172176756535
4.754261306532664,52.34727638190955,5.638167648929115
4.776914572864322,52.34727638190955,5.209296809107599
4.79956783919598,52.34727638190955,4.807794622050013
4.822221105527639,52.34727638190955,4.441952479679093
4.844874371859297,52.34727638190955,4.11711935683108
4.867527638190955,52.34727638190955,3.835954628864515
4.890180904522613,52.34727638190955,3.598860119997438
4.912834170854271,52.34727638190955,3.4045128113264127
4.93548743718593,52.34727638190955,3.250422758343721
4.958140703517588,52.34727638190955,3.1334510003501554
4.9807939698492465,52.34727638190955,3.0502373810591443
5.0034472361809055,52.34727638190955,2.9975061176302282
5.026100502512563,52.34727638190955,2.972235703590547
5.048753768844222,52.34727638190955,2.9716975902695446
5.07140703517588,52.34727638190955,2.9933836054076384
5.094060301507538,52.34727638190955,3.034854056391885
5.116713567839197,52.34727638190955,3.0935460399512547
5.139366834170854,52.34727638190955,3.1665840806882968
5.162020100502513,52.34727638190955,3.250632686741168
5.184673366834171,52.34727638190955,3.341823060176307
5.207326633165829,52.34727638190955,3.4357748813348197
5.229979899497488,52.34727638190955,3.5277201594726435
5.252633165829145,52.34727638190955,3.6127213534463287
5.275286432160804,52.34727638190955,3.685962229460828
5.2979396984924625,52.34727638190955,3.7430790402330576
5.320592964824121,52.34727638190955,3.780493001715035
5.34324623115578,52.34727638190955,3.7957035484838135
5.365899497487438,52.34727638190955,3.7875056304765
5.388552763819096,52.34727638190955,3.756102868924819
5.411206030150755,52.34727638190955,3.703100629311005
5.433859296482412,52.34727638190955,3.631377438801092
5.456512562814071,52.34727638190955,3.5448478025269865
5.479165829145729,52.34727638190955,3.4481423624243637
5.501819095477387,52.34727638190955,3.346240639617169
5.524472361809046,52.34727638190955,3.244095913780047
5.547125628140703,52.34727638190955,3.1462905058629
5.569778894472362,52.34727638190955,3.05675321058054
5.59243216080402,52.34727638190955,2.97856020389602
5.6150854271356785,52.34727638190955,2.913828448651083
5.6377386934673375,52.34727638190955,2.863698671040382
5.660391959798995,52.34727638190955,2.8283952994161696
5.683045226130654,52.34727638190955,2.807344542799515
5.705698492462312,52.34727638190955,2.7993293547392595
5.72835175879397,52.34727638190955,2.8026609093279746
5.751005025125629,52.34727638190955,2.815349437418085
5.773658291457287,52.34727638190955,2.83526169697925
5.796311557788945,52.34727638190955,2.8602569709293384
5.818964824120604,52.34727638190955,2.888297580797998
5.841618090452261,52.34727638190955,2.9175330949765375
5.86427135678392,52.34727638190955,2.946359604670134
5.886924623115578,52.34727638190955,2.97345674174741
5.909577889447236,52.34727638190955,2.997805717654985
5.932231155778895,52.34727638190955,3.018691784582959
5.954884422110553,52.34727638190955,3.0356943410189645
5.977537688442212,52.34727638190955,3.0486675566071177
6.00019095477387,52.34727638190955,3.0577139629698666
6.022844221105528,52.34727638190955,3.0631530035311205
6.045497487437187,52.34727638190955,3.065486096581043
6.068150753768844,52.34727638190955,3.065359378249831
6.090804020100503,52.34727638190955,3.0635249926412156
6.113457286432161,52.34727638190955,3.060801619199944
6.136110552763819,52.34727638190955,3.058034894697199
6.158763819095478,52.34727638190955,3.056058498267674
6.181417085427136,52.34727638190955,3.055656890062151
6.204070351758794,52.34727638190955,3.057530960920653
6.226723618090453,52.34727638190955,3.0622680703700653
6.2493768844221105,52.34727638190955,3.0703180261090393
6.2720301507537695,52.34727638190955,3.0819764142657493
6.294683417085428,52.34727638190955,3.0973762979930815
6.317336683417086,52.34727638190955,3.1164886967589496
6.339989949748745,52.34727638190955,3.1391315330561604
6.362643216080402,52.34727638190955,3.164986015419469
6.385296482412061,52.34727638190955,3.193618844354913
6.407949748743719,52.34727638190955,3.224508273608004
6.430603015075377,52.34727638190955,3.257071968808205
6.453256281407036,52.34727638190955,3.2906947559236306
6.475909547738693,52.34727638190955,3.3247546767603096
6.498562814070352,52.34727638190955,3.3586461830355625
6.52121608040201,52.34727638190955,3.3917997248002356
6.543869346733668,52.34727638190955,3.4236973653317886
6.566522613065327,52.34727638190955,3.45388435274802
6.5891758793969855,52.34727638190955,3.4819767929115226
6.6118291457286436,52.34727638190955,3.5076657098695856
6.6344824120603025,52.34727638190955,3.5307178679525686
6.65713567839196,52.34727638190955,3.5509737826046632
6.679788944723619,52.34727638190955,3.5683433793147534
6.702442211055277,52.34727638190955,3.582799779477527
6.725095477386935,52.34727638190955,3.5943717007400373
6.747748743718594,52.34727638190955,3.6031349556917815
6.770402010050251,52.34727638190955,3.6092035136800726
6.79305527638191,52.34727638190955,3.6127205539958096
6.815708542713568,52.34727638190955,3.613849884847395
6.838361809045226,52.34727638190955,3.612768034231836
6.861015075376885,52.34727638190955,3.6096572410533185
6.8836683417085425,52.34727638190955,3.604699493864529
6.9063216080402015,52.34727638190955,3.5980716867535474
6.9289748743718595,52.34727638190955,3.589941892559947
6.951628140703518,52.34727638190955,3.5804666966344003
6.974281407035177,52.34727638190955,3.569789491779829
6.996934673366835,52.34727638190955,3.5580396071550133
7.019587939698493,52.34727638190955,3.5453321296939713
7.042241206030151,52.34727638190955,3.531768273943684
4.459768844221106,52.36370351758794,7.915680621151659
4.482422110552764,52.36370351758794,8.150612609652384
4.505075376884422,52.36370351758794,8.329873226777272
4.527728643216081,52.36370351758794,8.439364571755359
4.550381909547739,52.36370351758794,8.468391304206863
4.573035175879397,52.36370351758794,8.410742213022518
4.595688442211055,52.36370351758794,8.26535220819712
4.618341708542713,52.36370351758794,8.03644096887271
4.640994974874372,52.36370351758794,7.73310659622512
4.6636482412060305,52.36370351758794,7.368438786992749
4.686301507537689,52.36370351758794,6.95828654101297
4.708954773869347,52.36370351758794,6.519856007312905
4.731608040201005,52.36370351758794,6.070319768120317
4.754261306532664,52.36370351758794,5.62559393637209
4.776914572864322,52.36370351758794,5.199394356034333
4.79956783919598,52.36370351758794,4.802630248594394
4.822221105527639,52.36370351758794,4.443143347184885
4.844874371859297,52.36370351758794,4.12575972206915
4.867527638190955,52.36370351758794,3.852593141233284
4.890180904522613,52.36370351758794,3.6235230851785096
4.912834170854271,52.36370351758794,3.436765965786609
4.93548743718593,52.36370351758794,3.289462531048458
4.958140703517588,52.36370351758794,3.1782155935039693
4.9807939698492465,52.36370351758794,3.0995279318722524
5.0034472361809055,52.36370351758794,3.05010848762201
5.026100502512563,52.36370351758794,3.0270340020808466
5.048753768844222,52.36370351758794,3.027771398275925
5.07140703517588,52.36370351758794,3.050082089493445
5.094060301507538,52.36370351758794,3.091841796865791
5.116713567839197,52.36370351758794,3.1508174379012748
5.139366834170854,52.36370351758794,3.224445580025831
5.162020100502513,52.36370351758794,3.3096546145884993
5.184673366834171,52.36370351758794,3.4027654668114695
5.207326633165829,52.36370351758794,3.4994941315142722
5.229979899497488,52.36370351758794,3.5950649533167924
5.252633165829145,52.36370351758794,3.684428097753335
5.275286432160804,52.36370351758794,3.7625600222590436
5.2979396984924625,52.36370351758794,3.824813815074849
5.320592964824121,52.36370351758794,3.8672785527780915
5.34324623115578,52.36370351758794,3.887104324490828
5.365899497487438,52.36370351758794,3.882752625003563
5.388552763819096,52.36370351758794,3.854140094947881
5.411206030150755,52.36370351758794,3.8026561045645733
5.433859296482412,52.36370351758794,3.731049892037172
5.456512562814071,52.36370351758794,3.6431988913159743
5.479165829145729,52.36370351758794,3.543784297318746
5.501819095477387,52.36370351758794,3.4379106728044357
5.524472361809046,52.36370351758794,3.3307118228820425
5.547125628140703,52.36370351758794,3.226984430748435
5.569778894472362,52.36370351758794,3.130884359277445
5.59243216080402,52.36370351758794,3.0457094897459394
5.6150854271356785,52.36370351758794,2.9737797102464287
5.6377386934673375,52.36370351758794,2.9164116662029893
5.660391959798995,52.36370351758794,2.873975291371995
5.683045226130654,52.36370351758794,2.84601229931756
5.705698492462312,52.36370351758794,2.8313940987254265
5.72835175879397,52.36370351758794,2.8284974938206933
5.751005025125629,52.36370351758794,2.8353799787065173
5.773658291457287,52.36370351758794,2.8499411889583603
5.796311557788945,52.36370351758794,2.870062031755151
5.818964824120604,52.36370351758794,2.8937173969933907
5.841618090452261,52.36370351758794,2.919061745351451
5.86427135678392,52.36370351758794,2.9444891783854574
5.886924623115578,52.36370351758794,2.9686709339095456
5.909577889447236,52.36370351758794,2.9905738329675
5.932231155778895,52.36370351758794,3.0094632666795342
5.954884422110553,52.36370351758794,3.0248940536989903
5.977537688442212,52.36370351758794,3.0366920713775603
6.00019095477387,52.36370351758794,3.044929065644843
6.022844221105528,52.36370351758794,3.0498925396355285
6.045497487437187,52.36370351758794,3.0520521530064304
6.068150753768844,52.36370351758794,3.05202366901874
6.090804020100503,52.36370351758794,3.0505311990812376
6.113457286432161,52.36370351758794,3.048368344744515
6.136110552763819,52.36370351758794,3.0463588429093886
6.158763819095478,52.36370351758794,3.0453174761094335
6.181417085427136,52.36370351758794,3.046012278785041
6.204070351758794,52.36370351758794,3.0491293808829925
6.226723618090453,52.36370351758794,3.0552420843524546
6.2493768844221105,52.36370351758794,3.06478586325192
6.2720301507537695,52.36370351758794,3.0780408341642103
6.294683417085428,52.36370351758794,3.0951228311596646
6.317336683417086,52.36370351758794,3.1159835761392434
6.339989949748745,52.36370351758794,3.140419661350558
6.362643216080402,52.36370351758794,3.168089294011912
6.385296482412061,52.36370351758794,3.1985351302678464
6.407949748743719,52.36370351758794,3.231211145816954
6.430603015075377,52.36370351758794,3.2655113909815108
6.453256281407036,52.36370351758794,3.3007986333377652
6.475909547738693,52.36370351758794,3.3364312301000725
6.498562814070352,52.36370351758794,3.3717870050944225
6.52121608040201,52.36370351758794,3.406283347812794
6.543869346733668,52.36370351758794,3.4393931447875588
6.566522613065327,52.36370351758794,3.4706564657356562
6.5891758793969855,52.36370351758794,3.499688153565673
6.6118291457286436,52.36370351758794,3.5261816203039023
6.6344824120603025,52.36370351758794,3.5499092492259345
6.65713567839196,52.36370351758794,3.5707198653331895
6.679788944723619,52.36370351758794,3.5885337750121846
6.702442211055277,52.36370351758794,3.6033358980886083
6.725095477386935,52.36370351758794,3.615167523030829
6.747748743718594,52.36370351758794,3.624117207209949
6.770402010050251,52.36370351758794,3.630311316764028
6.79305527638191,52.36370351758794,3.6339046539940805
6.815708542713568,52.36370351758794,3.635071556000966
6.838361809045226,52.36370351758794,3.6339977705832522
6.861015075376885,52.36370351758794,3.6308733301866134
6.8836683417085425,52.36370351758794,3.625886558607846
6.9063216080402015,52.36370351758794,3.619219264495344
6.9289748743718595,52.36370351758794,3.611043105559927
6.951628140703518,52.36370351758794,3.6015170511223493
6.974281407035177,52.36370351758794,3.590785829724891
6.996934673366835,52.36370351758794,3.5789792228340906
7.019587939698493,52.36370351758794,3.566212053739813
7.042241206030151,52.36370351758794,3.5525847202989773
4.41446231155779,52.380130653266335,7.345706516586055
4.437115577889448,52.380130653266335,7.644186598923753
4.459768844221106,52.380130653266335,7.917969093126016
4.482422110552764,52.380130653266335,8.150257954770167
4.505075376884422,52.380130653266335,8.325030288492037
4.527728643216081,52.380130653266335,8.428461017544508
4.550381909547739,52.380130653266335,8.450266678216881
4.573035175879397,52.380130653266335,8.384775773109373
4.595688442211055,52.380130653266335,8.23155974444965
4.618341708542713,52.380130653266335,7.995521841760979
4.640994974874372,52.380130653266335,7.686427840859005
4.6636482412060305,52.380130653266335,7.317952345192921
4.686301507537689,52.380130653266335,6.906386347465976
4.708954773869347,52.380130653266335,6.469191154429041
4.731608040201005,52.380130653266335,6.0235861321082185
4.754261306532664,52.380130653266335,5.585328392464005
4.776914572864322,52.380130653266335,5.167793255541802
4.79956783919598,52.380130653266335,4.78140838012194
4.822221105527639,52.380130653266335,4.433442803505663
4.844874371859297,52.380130653266335,4.128111468785563
4.867527638190955,52.380130653266335,3.866928671026686
4.890180904522613,52.380130653266335,3.6492297752264715
4.912834170854271,52.380130653266335,3.472777559602436
4.93548743718593,52.380130653266335,3.3343751633246805
4.958140703517588,52.380130653266335,3.2304195155968567
4.9807939698492465,52.380130653266335,3.1573452164412275
5.0034472361809055,52.380130653266335,3.1119273067923254
5.026100502512563,52.380130653266335,3.0914305689380943
5.048753768844222,52.380130653266335,3.093611434608741
5.07140703517588,52.380130653266335,3.1165948657644353
5.094060301507538,52.380130653266335,3.158661478152106
5.116713567839197,52.380130653266335,3.2179886736106207
5.139366834170854,52.380130653266335,3.2923929082938668
5.162020100502513,52.380130653266335,3.3791181374880432
5.184673366834171,52.380130653266335,3.474708146648624
5.207326633165829,52.380130653266335,3.574988681052798
5.229979899497488,52.380130653266335,3.6751703545804926
5.252633165829145,52.380130653266335,3.770067016157408
5.275286432160804,52.380130653266335,3.854408567284753
5.2979396984924625,52.380130653266335,3.9232141045425992
5.320592964824121,52.380130653266335,3.9721823593688272
5.34324623115578,52.380130653266335,3.998052873681436
5.365899497487438,52.380130653266335,3.9988936998229274
5.388552763819096,52.380130653266335,3.974279466934659
5.411206030150755,52.380130653266335,3.925336528868839
5.433859296482412,52.380130653266335,3.8546480504430636
5.456512562814071,52.380130653266335,3.7660291895134477
5.479165829145729,52.380130653266335,3.664198540117444
5.501819095477387,52.380130653266335,3.5543842768178155
5.524472361809046,52.380130653266335,3.4419100168006955
5.547125628140703,52.380130653266335,3.331805269675681
5.569778894472362,52.380130653266335,3.2284787038270553
5.59243216080402,52.380130653266335,3.135480816541514
5.6150854271356785,52.380130653266335,3.055368372214883
5.6377386934673375,52.380130653266335,2.9896689058008565
5.660391959798995,52.380130653266335,2.9389320563220283
5.683045226130654,52.380130653266335,2.9028470008246097
5.705698492462312,52.380130653266335,2.8804022221326
5.72835175879397,52.380130653266335,2.8700647222745737
5.751005025125629,52.380130653266335,2.869959434054419
5.773658291457287,52.380130653266335,2.878034639047124
5.796311557788945,52.380130653266335,2.8922044775140616
5.818964824120604,52.380130653266335,2.910464292723581
5.841618090452261,52.380130653266335,2.9309781471154794
5.86427135678392,52.380130653266335,2.952140277308403
5.886924623115578,52.380130653266335,2.9726136415259674
5.909577889447236,52.380130653266335,2.991349289049893
5.932231155778895,52.380130653266335,3.0075902996510284
5.954884422110553,52.380130653266335,3.020863720902257
5.977537688442212,52.380130653266335,3.0309634372218532
6.00019095477387,52.380130653266335,3.0379263473175637
6.022844221105528,52.380130653266335,3.0420036773113392
6.045497487437187,52.380130653266335,3.0436287624841944
6.068150753768844,52.380130653266335,3.0433822279733196
6.090804020100503,52.380130653266335,3.0419552202704128
6.113457286432161,52.380130653266335,3.0401112140026303
6.136110552763819,52.380130653266335,3.0386469564695755
6.158763819095478,52.380130653266335,3.0383533067917794
6.181417085427136,52.380130653266335,3.039977035949061
6.204070351758794,52.380130653266335,3.044185002242246
6.226723618090453,52.380130653266335,3.0515324012061886
6.2493768844221105,52.380130653266335,3.0624369016825495
6.2720301507537695,52.380130653266335,3.0771603367490306
6.294683417085428,52.380130653266335,3.0957991890493894
6.317336683417086,52.380130653266335,3.1182844348488965
6.339989949748745,52.380130653266335,3.1443904962257565
6.362643216080402,52.380130653266335,3.1737522421141144
6.385296482412061,52.380130653266335,3.2058883211275573
6.407949748743719,52.380130653266335,3.2402287060509174
6.430603015075377,52.380130653266335,3.2761442205366356
6.453256281407036,52.380130653266335,3.3129759754941475
6.475909547738693,52.380130653266335,3.3500629908358803
6.498562814070352,52.380130653266335,3.386766723324503
6.52121608040201,52.380130653266335,3.4224916767981233
6.543869346733668,52.380130653266335,3.456701675881851
6.566522613065327,52.380130653266335,3.4889317079143254
6.5891758793969855,52.380130653266335,3.5187954759962254
6.6118291457286436,52.380130653266335,3.5459889711935286
6.6344824120603025,52.380130653266335,3.5702904827304964
6.65713567839196,52.380130653266335,3.5915575387989263
6.679788944723619,52.380130653266335,3.6097213190252906
6.702442211055277,52.380130653266335,3.624779107972129
6.725095477386935,52.380130653266335,3.63678536777264
6.747748743718594,52.380130653266335,3.645841995424109
6.770402010050251,52.380130653266335,3.6520882950119864
6.79305527638191,52.380130653266335,3.655691137912462
6.815708542713568,52.380130653266335,3.656835708192324
6.838361809045226,52.380130653266335,3.6557171417496637
6.861015075376885,52.380130653266335,3.652533273383853
6.8836683417085425,52.380130653266335,3.647478613283376
6.9063216080402015,52.380130653266335,3.640739589859376
6.9289748743718595,52.380130653266335,3.6324910242281665
6.951628140703518,52.380130653266335,3.62289374580455
6.974281407035177,52.380130653266335,3.612093219316903
6.996934673366835,52.380130653266335,3.60021903035103
7.019587939698493,52.380130653266335,3.587385067367907
4.391809045226131,52.396557788944726,6.986921573692649
4.41446231155779,52.396557788944726,7.292517580519321
4.437115577889448,52.396557788944726,7.588087568898139
4.459768844221106,52.396557788944726,7.857489911182265
4.482422110552764,52.396557788944726,8.084126802807866
4.505075376884422,52.396557788944726,8.252278699173404
4.527728643216081,52.396557788944726,8.34853197693948
4.550381909547739,52.396557788944726,8.36311485759051
4.573035175879397,52.396557788944726,8.29094535443896
4.595688442211055,52.396557788944726,8.132224035612571
4.618341708542713,52.396557788944726,7.892471205127155
4.640994974874372,52.396557788944726,7.581998553428212
4.6636482412060305,52.396557788944726,7.21489777746632
4.686301507537689,52.396557788944726,6.807701225405853
4.708954773869347,52.396557788944726,6.377907325212349
4.731608040201005,52.396557788944726,5.9425624083045205
4.754261306532664,52.396557788944726,5.5170570139299375
4.776914572864322,52.396557788944726,5.114241776271286
4.79956783919598,52.396557788944726,4.743909690608296
4.822221105527639,52.396557788944726,4.41263915755778
4.844874371859297,52.396557788944726,4.123952187858944
4.867527638190955,52.396557788944726,3.8787164974210135
4.890180904522613,52.396557788944726,3.6757078798207057
4.912834170854271,52.396557788944726,3.512247746957383
4.93548743718593,52.396557788944726,3.3848373774671376
4.958140703517588,52.396557788944726,3.2897228364637687
4.9807939698492465,52.396557788944726,3.223340797558829
5.0034472361809055,52.396557788944726,3.1826140003846604
5.026100502512563,52.396557788944726,3.165084371532637
5.048753768844222,52.396557788944726,3.1688905400128533
5.07140703517588,52.396557788944726,3.1926132324938745
5.094060301507538,52.396557788944726,3.2350255439363407
5.116713567839197,52.396557788944726,3.294794206429759
5.139366834170854,52.396557788944726,3.3701818678411857
5.162020100502513,52.396557788944726,3.4587986136727356
5.184673366834171,52.396557788944726,3.5574436414622648
5.207326633165829,52.396557788944726,3.662065865256544
5.229979899497488,52.396557788944726,3.7678566225535515
5.252633165829145,52.396557788944726,3.8694703847315273
5.275286432160804,52.396557788944726,3.9613525005144226
5.2979396984924625,52.396557788944726,4.03813859178053
5.320592964824121,52.396557788944726,4.095080066760915
5.34324623115578,52.396557788944726,4.128445631160675
5.365899497487438,52.396557788944726,4.135850346226359
5.388552763819096,52.396557788944726,4.116471666893915
5.411206030150755,52.396557788944726,4.071125189008998
5.433859296482412,52.396557788944726,4.002189975444633
5.456512562814071,52.396557788944726,3.9133920758814407
5.479165829145729,52.396557788944726,3.809472516675924
5.501819095477387,52.396557788944726,3.6957798799233474
5.524472361809046,52.396557788944726,3.577835362023772
5.547125628140703,52.396557788944726,3.4609186730996244
5.569778894472362,52.396557788944726,3.3497164700863635
5.59243216080402,52.396557788944726,3.2480627837356195
5.6150854271356785,52.396557788944726,3.158785720945563
5.6377386934673375,52.396557788944726,3.083659586512213
5.660391959798995,52.396557788944726,3.023449081212504
5.683045226130654,52.396557788944726,2.9780240530232795
5.705698492462312,52.396557788944726,2.9465198811720623
5.72835175879397,52.396557788944726,2.9275193875045504
5.751005025125629,52.396557788944726,2.9192359605868554
5.773658291457287,52.396557788944726,2.9196828995344766
5.796311557788945,52.396557788944726,2.9268195563124686
5.818964824120604,52.396557788944726,2.9386697753212467
5.841618090452261,52.396557788944726,2.9534119238774794
5.86427135678392,52.396557788944726,2.9694423646189296
5.886924623115578,52.396557788944726,2.985415669485576
5.909577889447236,52.396557788944726,3.0002654610625514
5.932231155778895,52.396557788944726,3.013209759923872
5.954884422110553,52.396557788944726,3.0237443512100515
5.977537688442212,52.396557788944726,3.0316271378143793
6.00019095477387,52.396557788944726,3.036855842421942
6.022844221105528,52.396557788944726,3.039640834031056
6.045497487437187,52.396557788944726,3.040374337325432
6.068150753768844,52.396557788944726,3.0395968728309053
6.090804020100503,52.396557788944726,3.037961503292183
6.113457286432161,52.396557788944726,3.0361963517218546
6.136110552763819,52.396557788944726,3.0350659203550103
6.158763819095478,52.396557788944726,3.0353319651685515
6.181417085427136,52.396557788944726,3.0377150229844587
6.204070351758794,52.396557788944726,3.0428580675120562
6.226723618090453,52.396557788944726,3.051294080265091
6.2493768844221105,52.396557788944726,3.0634194499989538
6.2720301507537695,52.396557788944726,3.0794749731754387
6.294683417085428,52.396557788944726,3.099535786586572
6.317336683417086,52.396557788944726,3.1235108636261213
6.339989949748745,52.396557788944726,3.1511518588465353
6.362643216080402,52.396557788944726,3.1820702434649855
6.385296482412061,52.396557788944726,3.215760988025763
6.407949748743719,52.396557788944726,3.251630625213468
6.430603015075377,52.396557788944726,3.289027405871876
6.453256281407036,52.396557788944726,3.327271415803402
6.475909547738693,52.396557788944726,3.3656828719908045
6.498562814070352,52.396557788944726,3.403607267487856
6.52121608040201,52.396557788944726,3.440436496239378
6.543869346733668,52.396557788944726,3.4756255010982064
6.566522613065327,52.396557788944726,3.508704320475479
6.5891758793969855,52.396557788944726,3.539285658059066
6.6118291457286436,52.396557788944726,3.5670682785502774
6.6344824120603025,52.396557788944726,3.591836658458272
6.65713567839196,52.396557788944726,3.613457410293783
6.679788944723619,52.396557788944726,3.631873060407995
6.702442211055277,52.396557788944726,3.6470937983842058
6.725095477386935,52.396557788944726,3.659187828293173
6.747748743718594,52.396557788944726,3.668270937193838
6.770402010050251,52.396557788944726,3.6744958533553627
6.79305527638191,52.396557788944726,3.6780418980674914
6.815708542713568,52.396557788944726,3.679105346028449
6.838361809045226,52.396557788944726,3.6778908078576045
6.861015075376885,52.396557788944726,3.6746038430067065
6.8836683417085425,52.396557788944726,3.669444910536603
6.9063216080402015,52.396557788944726,3.662604675651586
6.9289748743718595,52.396557788944726,3.654260616154041
6.951628140703518,52.396557788944726,3.644574817388493
6.974281407035177,52.396557788944726,3.6336928070033974
6.996934673366835,52.396557788944726,3.6217432605288993
7.019587939698493,52.396557788944726,3.60883840287815
4.369155778894473,52.41298492462312,6.58889342228461
4.391809045226131,52.41298492462312,6.885376246135049
4.41446231155779,52.41298492462312,7.185019378399716
4.437115577889448,52.41298492462312,7.473421949605835
4.459768844221106,52.41298492462312,7.734723823521847
4.482422110552764,52.41298492462312,7.952706196701536
4.505075376884422,52.41298492462312,8.112121975286215
4.527728643216081,52.41298492462312,8.200111464039876
4.550381909547739,52.41298492462312,8.207515834793721
4.573035175879397,52.41298492462312,8.129890657620114
4.595688442211055,52.41298492462312,7.968053061103989
4.618341708542713,52.41298492462312,7.72806585737102
4.640994974874372,52.41298492462312,7.420655185601783
4.6636482412060305,52.41298492462312,7.060152237518821
4.686301507537689,52.41298492462312,6.663121847984917
4.708954773869347,52.41298492462312,6.246876169788036
4.731608040201005,52.41298492462312,5.828066944578401
4.754261306532664,52.41298492462312,5.42151254891118
4.776914572864322,52.41298492462312,5.03935997440464
4.79956783919598,52.41298492462312,4.6906219719717654
4.822221105527639,52.41298492462312,4.381077099073753
4.844874371859297,52.41298492462312,4.113481493795065
4.867527638190955,52.41298492462312,3.8880172676417954
4.890180904522613,52.41298492462312,3.7028918229842467
4.912834170854271,52.41298492462312,3.5550022768272482
4.93548743718593,52.41298492462312,3.4405866285928517
4.958140703517588,52.41298492462312,3.355796019786962
4.9807939698492465,52.41298492462312,3.297138660618728
5.0034472361809055,52.41298492462312,3.2617643818886615
5.026100502512563,52.41298492462312,3.2475780794685924
5.048753768844222,52.41298492462312,3.253189289679698
5.07140703517588,52.41298492462312,3.2777224190328873
5.094060301507538,52.41298492462312,3.3205263719919444
5.116713567839197,52.41298492462312,3.380832193695934
5.139366834170854,52.41298492462312,3.4574118570807415
5.162020100502513,52.41298492462312,3.548289907831494
5.184673366834171,52.41298492462312,3.6505523612854383
5.207326633165829,52.41298492462312,3.7602847196813234
5.229979899497488,52.41298492462312,3.8726545947866615
5.252633165829145,52.41298492462312,3.982136051577605
5.275286432160804,52.41298492462312,4.0828546048195085
5.2979396984924625,52.41298492462312,4.169015999498331
5.320592964824121,52.41298492462312,4.235370440028499
5.34324623115578,52.41298492462312,4.27765828262935
5.365899497487438,52.41298492462312,4.292984214216949
5.388552763819096,52.41298492462312,4.280074702052848
5.411206030150755,52.41298492462312,4.239387274550148
5.433859296482412,52.41298492462312,4.173058391702555
5.456512562814071,52.41298492462312,4.084696905201545
5.479165829145729,52.41298492462312,3.9790494683939235
5.501819095477387,52.41298492462312,3.8615797041724504
5.524472361809046,52.41298492462312,3.7380119380427637
5.547125628140703,52.41298492462312,3.6138914241779743
5.569778894472362,52.41298492462312,3.4942063284984646
5.59243216080402,52.41298492462312,3.3831039400707534
5.6150854271356785,52.41298492462312,3.2837174720840308
5.6377386934673375,52.41298492462312,3.1981036179770115
5.660391959798995,52.41298492462312,3.127277579978275
5.683045226130654,52.41298492462312,3.0713233954856234
5.705698492462312,52.41298492462312,3.02955358714933
5.72835175879397,52.41298492462312,3.0006928623932456
5.751005025125629,52.41298492462312,2.983064478322905
5.773658291457287,52.41298492462312,2.974763432343734
5.796311557788945,52.41298492462312,2.9738064752543534
5.818964824120604,52.41298492462312,2.9782541115069634
5.841618090452261,52.41298492462312,2.9863037441510674
5.86427135678392,52.41298492462312,2.996355815834341
5.886924623115578,52.41298492462312,3.007056323275884
5.909577889447236,52.41298492462312,3.0173196976475056
5.932231155778895,52.41298492462312,3.0263360300358766
5.954884422110553,52.41298492462312,3.033566228278101
5.977537688442212,52.41298492462312,3.0387281087771476
6.00019095477387,52.41298492462312,3.041775785136746
6.022844221105528,52.41298492462312,3.0428740989411156
6.045497487437187,52.41298492462312,3.0423693013987037
6.068150753768844,52.41298492462312,3.040756776489676
6.090804020100503,52.41298492462312,3.0386463271916178
6.113457286432161,52.41298492462312,3.0367254489701576
6.136110552763819,52.41298492462312,3.0357210978641636
6.158763819095478,52.41298492462312,3.0363607094033482
6.181417085427136,52.41298492462312,3.0393335918590267
6.204070351758794,52.41298492462312,3.045254220138716
6.226723618090453,52.41298492462312,3.054629285303857
6.2493768844221105,52.41298492462312,3.067830494239207
6.2720301507537695,52.41298492462312,3.085074975399433
6.294683417085428,52.41298492462312,3.1064146977140203
6.317336683417086,52.41298492462312,3.131735593893246
6.339989949748745,52.41298492462312,3.1607662106349546
6.362643216080402,52.41298492462312,3.1930948427092227
6.385296482412061,52.41298492462312,3.228193400012261
6.407949748743719,52.41298492462312,3.265445816663993
6.430603015075377,52.41298492462312,3.304178679749924
6.453256281407036,52.41298492462312,3.343691902738385
6.475909547738693,52.41298492462312,3.383287615558077
6.498562814070352,52.41298492462312,3.4222958916371122
6.52121608040201,52.41298492462312,3.460096393581904
6.543869346733668,52.41298492462312,3.4961354329473338
6.566522613065327,52.41298492462312,3.5299382772158854
6.5891758793969855,52.41298492462312,3.561116796278923
6.6118291457286436,52.41298492462312,3.589372734172584
6.6344824120603025,52.41298492462312,3.614497036380463
6.65713567839196,52.41298492462312,3.6363657718889177
6.679788944723619,52.41298492462312,3.6549332687991027
6.702442211055277,52.41298492462312,3.670223132929357
6.725095477386935,52.41298492462312,3.682317837530254
6.747748743718594,52.41298492462312,3.6913475562564906
6.770402010050251,52.41298492462312,3.6974788609847757
6.79305527638191,52.41298492462312,3.7009038250704958
6.815708542713568,52.41298492462312,3.70182996899669
6.838361809045226,52.41298492462312,3.7004713691982323
6.861015075376885,52.41298492462312,3.697041132783294
6.8836683417085425,52.41298492462312,3.6917453304205354
6.9063216080402015,52.41298492462312,3.684778384039965
6.9289748743718595,52.41298492462312,3.6763198296143096
6.951628140703518,52.41298492462312,3.6665323198550746
6.974281407035177,52.41298492462312,3.6555606965570986
6.996934673366835,52.41298492462312,3.6435319453327617
4.369155778894473,52.42941206030151,6.44874137042084
4.391809045226131,52.42941206030151,6.736025634835643
4.41446231155779,52.42941206030151,7.025254880180818
4.437115577889448,52.42941206030151,7.302377632364326
4.459768844221106,52.42941206030151,7.551992602653193
4.482422110552764,52.42941206030151,7.758439638971711
4.505075376884422,52.42941206030151,7.907112062579041
4.527728643216081,52.42941206030151,7.985844759699918
4.550381909547739,52.42941206030151,7.986190020932269
4.573035175879397,52.42941206030151,7.904384358010504
4.595688442211055,52.42941206030151,7.74184285491455
4.618341708542713,52.42941206030151,7.505089574643435
4.640994974874372,52.42941206030151,7.205127371282694
4.6636482412060305,52.42941206030151,6.856344779841523
4.686301507537689,52.42941206030151,6.475128539176875
4.708954773869347,52.42941206030151,6.07838296148295
4.731608040201005,52.42941206030151,5.6821491539407685
4.754261306532664,52.42941206030151,5.300476486218613
4.776914572864322,52.42941206030151,4.944640431104925
4.79956783919598,52.42941206030151,4.622740171932192
4.822221105527639,52.42941206030151,4.339657452233762
4.844874371859297,52.42941206030151,4.097320749105658
4.867527638190955,52.42941206030151,3.895196802939384
4.890180904522613,52.42941206030151,3.730922658088317
4.912834170854271,52.42941206030151,3.6009924300011913
4.93548743718593,52.42941206030151,3.501421026295218
4.958140703517588,52.42941206030151,3.4283197920887165
4.9807939698492465,52.42941206030151,3.3783350257114506
5.0034472361809055,52.42941206030151,3.348918432941909
5.026100502512563,52.42941206030151,3.3384178481644895
5.048753768844222,52.42941206030151,3.345995801147395
5.07140703517588,52.42941206030151,3.371401394101385
5.094060301507538,52.42941206030151,3.414635987389399
5.116713567839197,52.42941206030151,3.475563921527341
5.139366834170854,52.42941206030151,3.553524729270027
5.162020100502513,52.42941206030151,3.647002287190889
5.184673366834171,52.42941206030151,3.753399039413094
5.207326633165829,52.42941206030151,3.868950452771422
5.229979899497488,52.42941206030151,3.98879760765423
5.252633165829145,52.42941206030151,4.107216248624323
5.275286432160804,52.42941206030151,4.217981014278356
5.2979396984924625,52.42941206030151,4.314826290676727
5.320592964824121,52.42941206030151,4.391952307810527
5.34324623115578,52.42941206030151,4.444518372605536
5.365899497487438,52.42941206030151,4.469065501786038
5.388552763819096,52.42941206030151,4.463818393697189
5.411206030150755,52.42941206030151,4.428830978546754
5.433859296482412,52.42941206030151,4.3659590829933625
5.456512562814071,52.42941206030151,4.278665517621096
5.479165829145729,52.42941206030151,4.171683981777676
5.501819095477387,52.42941206030151,4.050585257070406
5.524472361809046,52.42941206030151,3.9212994126565386
5.547125628140703,52.42941206030151,3.7896495462661823
5.569778894472362,52.42941206030151,3.660945964499309
5.59243216080402,52.42941206030151,3.5396763967771987
5.6150854271356785,52.42941206030151,3.4293108368635847
5.6377386934673375,52.42941206030151,3.3322223792936736
5.660391959798995,52.42941206030151,3.2497110136957628
5.683045226130654,52.42941206030151,3.1821077157675095
5.705698492462312,52.42941206030151,3.128931928812165
5.72835175879397,52.42941206030151,3.089076058722019
5.751005025125629,52.42941206030151,3.0609945371626206
5.773658291457287,52.42941206030151,3.0428807256609733
5.796311557788945,52.42941206030151,3.0328209998601934
5.818964824120604,52.42941206030151,3.0289207512031537
5.841618090452261,52.42941206030151,3.029401231531129
5.86427135678392,52.42941206030151,3.0326690053209893
5.886924623115578,52.42941206030151,3.0373613940178386
5.909577889447236,52.42941206030151,3.042371960508582
5.932231155778895,52.42941206030151,3.0468600823966434
5.954884422110553,52.42941206030151,3.0502482605906707
5.977537688442212,52.42941206030151,3.0522102052716287
6.00019095477387,52.42941206030151,3.0526520741741554
6.022844221105528,52.42941206030151,3.051688599136091
6.045497487437187,52.42941206030151,3.0496152846153866
6.068150753768844,52.42941206030151,3.0468774366722076
6.090804020100503,52.42941206030151,3.044036513019756
6.113457286432161,52.42941206030151,3.041734195488834
6.136110552763819,52.42941206030151,3.040654682416444
6.158763819095478,52.42941206030151,3.0414859631941242
6.181417085427136,52.42941206030151,3.044881220971668
6.204070351758794,52.42941206030151,3.0514219276670227
6.226723618090453,52.42941206030151,3.061584536558508
6.2493768844221105,52.42941206030151,3.0757128255019435
6.2720301507537695,52.42941206030151,3.093997808182741
6.294683417085428,52.42941206030151,3.116466679461398
6.317336683417086,52.42941206030151,3.142981537621788
6.339989949748745,52.42941206030151,3.173247746534938
6.362643216080402,52.42941206030151,3.2068309222103317
6.385296482412061,52.42941206030151,3.2431808067843813
6.407949748743719,52.42941206030151,3.281659839817375
6.430603015075377,52.42941206030151,3.3215740927298523
6.453256281407036,52.42941206030151,3.3622043674968793
6.475909547738693,52.42941206030151,3.4028355959384773
6.498562814070352,52.42941206030151,3.442783113520367
6.52121608040201,52.42941206030151,3.481414834595902
6.543869346733668,52.42941206030151,3.5181687657838214
6.566522613065327,52.42941206030151,3.5525656340603438
6.5891758793969855,52.42941206030151,3.584216674944445
6.6118291457286436,52.42941206030151,3.612826836375823
6.6344824120603025,52.42941206030151,3.638193820486525
6.65713567839196,52.42941206030151,3.660203518457063
6.679788944723619,52.42941206030151,3.678822495561694
6.702442211055277,52.42941206030151,3.694088251020074
6.725095477386935,52.42941206030151,3.7060980049025165
6.747748743718594,52.42941206030151,3.7149967484900532
6.770402010050251,52.42941206030151,3.72096523608092
6.79305527638191,52.42941206030151,3.724208501542498
6.815708542713568,52.42941206030151,3.72494536255205
6.838361809045226,52.42941206030151,3.7233992424351436
6.861015075376885,52.42941206030151,3.7197905067034878
6.8836683417085425,52.42941206030151,3.714330389793212
6.9063216080402015,52.42941206030151,3.7072164848609823
6.9289748743718595,52.42941206030151,3.6986296900550633
6.951628140703518,52.42941206030151,3.688732449414208
6.974281407035177,52.42941206030151,3.6776680939398156
4.3465025125628145,52.4458391959799,6.00704043687528
4.369155778894473,52.4458391959799,6.26833483448255
4.391809045226131,52.4458391959799,6.542080977554587
4.41446231155779,52.4458391959799,6.816735423772467
4.437115577889448,52.4458391959799,7.078752944056763
4.459768844221106,52.4458391959799,7.313361012168694
4.482422110552764,52.4458391959799,7.505630225532526
4.505075376884422,52.4458391959799,7.64175458461615
4.527728643216081,52.4458391959799,7.7103963222541365
4.550381909547739,52.4458391959799,7.703909018161752
4.573035175879397,52.4458391959799,7.619245717722307
4.595688442211055,52.4458391959799,7.45839388151931
4.618341708542713,52.4458391959799,7.22825228556912
4.640994974874372,52.4458391959799,6.939960162096891
4.6636482412060305,52.4458391959799,6.607782184493925
4.686301507537689,52.4458391959799,6.247721439396109
4.708954773869347,52.4458391959799,5.876061968074195
4.731608040201005,52.4458391959799,5.508030925909932
4.754261306532664,52.4458391959799,5.156727170674393
4.776914572864322,52.4458391959799,4.832403458979925
4.79956783919598,52.4458391959799,4.542128748400097
4.822221105527639,52.4458391959799,4.289806406985086
4.844874371859297,52.4458391959799,4.0764886239429545
4.867527638190955,52.4458391959799,3.9009072419649717
4.890180904522613,52.4458391959799,3.760133948877277
4.912834170854271,52.4458391959799,3.6502847805540832
4.93548743718593,52.4458391959799,3.567192182004007
4.958140703517588,52.4458391959799,3.5069803940136834
4.9807939698492465,52.4458391959799,3.466495457644629
5.0034472361809055,52.4458391959799,3.443558864167383
5.026100502512563,52.4458391959799,3.4370330413823895
5.048753768844222,52.4458391959799,3.446706417051051
5.07140703517588,52.4458391959799,3.473024357506436
5.094060301507538,52.4458391959799,3.516708224298138
5.116713567839197,52.4458391959799,3.578316476868591
5.139366834170854,52.4458391959799,3.6578077687250823
5.162020100502513,52.4458391959799,3.7541654347689417
5.184673366834171,52.4458391959799,3.8651354510944986
5.207326633165829,52.4458391959799,3.9871164818953813
5.229979899497488,52.4458391959799,4.1152224233727175
5.252633165829145,52.4458391959799,4.243516971473245
5.275286432160804,52.4458391959799,4.365398628982843
5.2979396984924625,52.4458391959799,4.474095755118187
5.320592964824121,52.4458391959799,4.563217045213366
5.34324623115578,52.4458391959799,4.627295024555859
5.365899497487438,52.4458391959799,4.662259890045139
5.388552763819096,52.4458391959799,4.665788652385467
5.411206030150755,52.4458391959799,4.637489384012496
5.433859296482412,52.4458391959799,4.578900794131777
5.456512562814071,52.4458391959799,4.493310669218935
5.479165829145729,52.4458391959799,4.385419536838283
5.501819095477387,52.4458391959799,4.260894623926474
5.524472361809046,52.4458391959799,4.125870699853125
5.547125628140703,52.4458391959799,3.986456903502238
5.569778894472362,52.4458391959799,3.848302120297102
5.59243216080402,52.4458391959799,3.716257704869007
5.6150854271356785,52.4458391959799,3.5941585105175147
5.6377386934673375,52.4458391959799,3.484724972265241
5.660391959798995,52.4458391959799,3.389573647658211
5.683045226130654,52.4458391959799,3.309313249797013
5.705698492462312,52.4458391959799,3.2436984762338694
5.72835175879397,52.4458391959799,3.1918142375651053
5.751005025125629,52.4458391959799,3.15226680111667
5.773658291457287,52.4458391959799,3.1233642025131547
5.796311557788945,52.4458391959799,3.1032745359804266
5.818964824120604,52.4458391959799,3.0901563416262894
5.841618090452261,52.4458391959799,3.0822596873772787
5.86427135678392,52.4458391959799,3.0779995361650725
5.886924623115578,52.4458391959799,3.076004718507786
5.909577889447236,52.4458391959799,3.07514656244155
5.932231155778895,52.4458391959799,3.0745512672418878
5.954884422110553,52.4458391959799,3.0735997139675053
5.977537688442212,52.4458391959799,3.0719177945421956
6.00019095477387,52.4458391959799,3.0693596597318082
6.022844221105528,52.4458391959799,3.065985632297614
6.045497487437187,52.4458391959799,3.062035967598701
6.068150753768844,52.4458391959799,3.057901212346838
6.090804020100503,52.4458391959799,3.0540896436578557
6.113457286432161,52.4458391959799,3.0511921852306676
6.136110552763819,52.4458391959799,3.049845300644039
6.158763819095478,52.4458391959799,3.0506926366714655
6.181417085427136,52.4458391959799,3.0543465813240007
6.204070351758794,52.4458391959799,3.0613513264255263
6.226723618090453,52.4458391959799,3.072149371234532
6.2493768844221105,52.4458391959799,3.0870535556691125
6.2720301507537695,52.4458391959799,3.1062265793662505
6.294683417085428,52.4458391959799,3.1296695139676265
6.317336683417086,52.4458391959799,3.157220094378216
6.339989949748745,52.4458391959799,3.188560695152363
6.362643216080402,52.4458391959799,3.22323501755613
6.385296482412061,52.4458391959799,3.2606717861402315
6.407949748743719,52.4458391959799,3.3002132911755946
6.430603015075377,52.4458391959799,3.3411464556525883
6.453256281407036,52.4458391959799,3.3827342234634674
6.475909547738693,52.4458391959799,3.424245380923306
6.498562814070352,52.4458391959799,3.4649813417720505
6.52121608040201,52.4458391959799,3.504298862359886
6.543869346733668,52.4458391959799,3.54162805335247
6.566522613065327,52.4458391959799,3.576485392991172
6.5891758793969855,52.4458391959799,3.6084817248045242
6.6118291457286436,52.4458391959799,3.6373254516667792
6.6344824120603025,52.4458391959799,3.6628213306564272
6.65713567839196,52.4458391959799,3.684865435172743
6.679788944723619,52.4458391959799,3.7034369799148203
6.702442211055277,52.4458391959799,3.718587792809032
6.725095477386935,52.4458391959799,3.7304302572211125
6.747748743718594,52.4458391959799,3.739124533118241
6.770402010050251,52.4458391959799,3.7448657991056833
6.79305527638191,52.4458391959799,3.747872147274955
6.815708542713568,52.4458391959799,3.7483736235351226
6.974281407035177,52.4458391959799,3.699981568828143
4.3465025125628145,52.46226633165829,5.806410664052888
4.369155778894473,52.46226633165829,6.051627743507764
4.391809045226131,52.46226633165829,6.307934723401223
4.41446231155779,52.46226633165829,6.56428840088631
4.437115577889448,52.46226633165829,6.807794743664358
4.459768844221106,52.46226633165829,7.024466840690257
4.482422110552764,52.46226633165829,7.200264273441494
4.505075376884422,52.46226633165829,7.322327793224704
4.527728643216081,52.46226633165829,7.380265836318591
4.550381909547739,52.46226633165829,7.367310597844667
4.573035175879397,52.46226633165829,7.2811564112226055
4.595688442211055,52.46226633165829,7.124329746129998
4.618341708542713,52.46226633165829,6.904013827603668
4.640994974874372,52.46226633165829,6.631345072486811
4.6636482412060305,52.46226633165829,6.320289516777082
4.686301507537689,52.46226633165829,5.986272647090321
4.708954773869347,52.46226633165829,5.644761924230345
4.731608040201005,52.46226633165829,5.3099867143976835
4.754261306532664,52.46226633165829,4.993935223620693
4.776914572864322,52.46226633165829,4.705707963107326
4.79956783919598,52.46226633165829,4.451247493686017
4.822221105527639,52.46226633165829,4.233415325721986
4.844874371859297,52.46226633165829,4.0523535238035056
4.867527638190955,52.46226633165829,3.9060504900116264
4.890180904522613,52.46226633165829,3.791024545411556
4.912834170854271,52.46226633165829,3.7030416348386748
4.93548743718593,52.46226633165829,3.6377917782955267
4.958140703517588,52.46226633165829,3.5914609461375098
4.9807939698492465,52.46226633165829,3.5611499293782054
5.0034472361809055,52.46226633165829,3.545109019893621
5.026100502512563,52.46226633165829,3.5427763481650634
5.048753768844222,52.46226633165829,3.554627600892369
5.07140703517588,52.46226633165829,3.5818641356112346
5.094060301507538,52.46226633165829,3.6259834508921243
5.116713567839197,52.46226633165829,3.6882886958969294
5.139366834170854,52.46226633165829,3.7694007812626005
5.162020100502513,52.46226633165829,3.868836592362024
5.184673366834171,52.46226633165829,3.9847094882601364
5.207326633165829,52.46226633165829,4.113594274420052
5.229979899497488,52.46226633165829,4.250579624253134
5.252633165829145,52.46226633165829,4.389508672090821
5.275286432160804,52.46226633165829,4.523385823918424
5.2979396984924625,52.46226633165829,4.644907444586603
5.320592964824121,52.46226633165829,4.747058460502645
5.34324623115578,52.46226633165829,4.8237080426646335
5.365899497487438,52.46226633165829,4.870136681966358
5.388552763819096,52.46226633165829,4.8834345486847806
5.411206030150755,52.46226633165829,4.862726442409603
5.433859296482412,52.46226633165829,4.809200173368572
5.456512562814071,52.46226633165829,4.72594006676108
5.479165829145729,52.46226633165829,4.617591820135696
5.501819095477387,52.46226633165829,4.4899052829301125
5.524472361809046,52.46226633165829,4.349214516199288
5.547125628140703,52.46226633165829,4.201917731008342
5.569778894472362,52.46226633165829,4.054013304706816
5.59243216080402,52.46226633165829,3.910733908475426
5.6150854271356785,52.46226633165829,3.7763021816654962
5.6377386934673375,52.46226633165829,3.653812245134092
5.660391959798995,52.46226633165829,3.5452250964139447
5.683045226130654,52.46226633165829,3.451454811242374
5.705698492462312,52.46226633165829,3.372517223807161
5.72835175879397,52.46226633165829,3.3077127726609774
5.751005025125629,52.46226633165829,3.2558190268657974
5.773658291457287,52.46226633165829,3.2152743064513665
5.796311557788945,52.46226633165829,3.184340218623154
5.818964824120604,52.46226633165829,3.161236724155442
5.841618090452261,52.46226633165829,3.144247912363018
5.86427135678392,52.46226633165829,3.131799816121864
5.886924623115578,52.46226633165829,3.122513452581643
5.909577889447236,52.46226633165829,3.115237093954254
5.932231155778895,52.46226633165829,3.1090618602840014
5.954884422110553,52.46226633165829,3.103324358874212
5.977537688442212,52.46226633165829,3.0975994912438525
6.00019095477387,52.46226633165829,3.091685863781987
6.022844221105528,52.46226633165829,3.0855855764009665
6.045497487437187,52.46226633165829,3.079479591726507
6.068150753768844,52.46226633165829,3.0736994505329607
6.090804020100503,52.46226633165829,3.0686958283941403
6.113457286432161,52.46226633165829,3.0650043434634595
6.136110552763819,52.46226633165829,3.0632091297073796
6.158763819095478,52.46226633165829,3.0639049637556535
6.181417085427136,52.46226633165829,3.06765912506017
6.204070351758794,52.46226633165829,3.074974592843251
6.226723618090453,52.46226633165829,3.0862565287000687
6.2493768844221105,52.46226633165829,3.1017841461058904
6.2720301507537695,52.46226633165829,3.1216899393075686
6.294683417085428,52.46226633165829,3.145947802678649
6.317336683417086,52.46226633165829,3.1743708605507495
6.339989949748745,52.46226633165829,3.206618959341794
6.362643216080402,52.46226633165829,3.2422149021205784
6.385296482412061,52.46226633165829,3.280567782047556
6.407949748743719,52.46226633165829,3.3210013032986754
6.430603015075377,52.46226633165829,3.362784805899575
6.453256281407036,52.46226633165829,3.4051648062674125
6.475909547738693,52.46226633165829,3.4473951531608953
6.498562814070352,52.46226633165829,3.488764288169798
6.52121608040201,52.46226633165829,3.528618511713485
6.543869346733668,52.46226633165829,3.5663805387096676
6.566522613065327,52.46226633165829,3.601562962016697
6.5891758793969855,52.46226633165829,3.6337765280995002
6.6118291457286436,52.46226633165829,3.662733379256798
6.6344824120603025,52.46226633165829,3.688245639405385
6.65713567839196,52.46226633165829,3.7102199166251686
6.679788944723619,52.46226633165829,3.728648457217644
6.702442211055277,52.46226633165829,3.7435977996971173
4.3465025125628145,52.47869346733668,5.577727872901443
4.369155778894473,52.47869346733668,5.8034578537473545
4.391809045226131,52.47869346733668,6.038977304278439
4.41446231155779,52.47869346733668,6.2738559753422845
4.437115577889448,52.47869346733668,6.495979964016964
4.459768844221106,52.47869346733668,6.692286660966142
4.482422110552764,52.47869346733668,6.849763221226084
4.505075376884422,52.47869346733668,6.956623063021699
4.527728643216081,52.47869346733668,7.003520266630595
4.550381909547739,52.47869346733668,6.984625751266993
4.573035175879397,52.47869346733668,6.898386410436817
4.595688442211055,52.47869346733668,6.747826035779831
4.618341708542713,52.47869346733668,6.540319985470534
4.640994974874372,52.47869346733668,6.286867469003604
4.6636482412060305,52.47869346733668,6.000972699678061
4.686301507537689,52.47869346733668,5.697307254372694
4.708954773869347,52.47869346733668,5.390348061495414
4.731608040201005,52.47869346733668,5.093168210088152
4.754261306532664,52.47869346733668,4.816511568242361
4.776914572864322,52.47869346733668,4.568222621311217
4.79956783919598,52.47869346733668,4.353044865596547
4.822221105527639,52.47869346733668,4.172754571425249
4.844874371859297,52.47869346733668,4.026565798157258
4.867527638190955,52.47869346733668,3.9117264225637323
4.890180904522613,52.47869346733668,3.8242203091433056
4.912834170854271,52.47869346733668,3.759493871600812
4.93548743718593,52.47869346733668,3.713133304964554
4.958140703517588,52.47869346733668,3.681430133025962
4.9807939698492465,52.47869346733668,3.661786825817267
5.0034472361809055,52.47869346733668,3.6529309108490526
5.026100502512563,52.47869346733668,3.65492488349794
5.048753768844222,52.47869346733668,3.66897944786602
5.07140703517588,52.47869346733668,3.6970977073665883
5.094060301507538,52.47869346733668,3.7415959295934216
5.116713567839197,52.47869346733668,3.8045603383604334
5.139366834170854,52.47869346733668,3.887307169657726
5.162020100502513,52.47869346733668,3.989913680080906
5.184673366834171,52.47869346733668,4.1108804759446835
5.207326633165829,52.47869346733668,4.2469709850429
5.229979899497488,52.47869346733668,4.39325363669917
5.252633165829145,52.47869346733668,4.54334865775728
5.275286432160804,52.47869346733668,4.689857125125906
5.2979396984924625,52.47869346733668,4.824927943913533
5.320592964824121,52.47869346733668,4.94090140441917
5.34324623115578,52.47869346733668,5.030958044453749
5.365899497487438,52.47869346733668,5.089700105039875
5.388552763819096,52.47869346733668,5.113600414759675
5.411206030150755,52.47869346733668,5.101269504190718
5.433859296482412,52.47869346733668,5.0535143787857475
5.456512562814071,52.47869346733668,4.9731887255215215
5.479165829145729,52.47869346733668,4.864860546039321
5.501819095477387,52.47869346733668,4.734345142339521
5.524472361809046,52.47869346733668,4.588165427884309
5.547125628140703,52.47869346733668,4.433005525788484
5.569778894472362,52.47869346733668,4.275217399054561
5.59243216080402,52.47869346733668,4.120425770301183
5.6150854271356785,52.47869346733668,3.9732573113491227
5.6377386934673375,52.47869346733668,3.8372000850468684
5.660391959798995,52.47869346733668,3.714582112158336
5.683045226130654,52.47869346733668,3.6066460782998453
5.705698492462312,52.47869346733668,3.513691395478751
5.72835175879397,52.47869346733668,3.4352545094340017
5.751005025125629,52.47869346733668,3.370302024876262
5.773658291457287,52.47869346733668,3.3174171235590575
5.796311557788945,52.47869346733668,3.2749662616094364
5.818964824120604,52.47869346733668,3.241239083847512
5.841618090452261,52.47869346733668,3.2145592312092433
5.86427135678392,52.47869346733668,3.1933670340725073
5.886924623115578,52.47869346733668,3.176277075380588
5.909577889447236,52.47869346733668,3.1621145298629085
5.932231155778895,52.47869346733668,3.1499343438843144
5.954884422110553,52.47869346733668,3.1390269957525323
5.977537688442212,52.47869346733668,3.128913993705646
6.00019095477387,52.47869346733668,3.1193355912290386
6.022844221105528,52.47869346733668,3.1102325369054684
6.045497487437187,52.47869346733668,3.101723100638964
6.068150753768844,52.47869346733668,3.0940761773816003
6.090804020100503,52.47869346733668,3.0876809955456324
6.113457286432161,52.47869346733668,3.083013869207539
6.136110552763819,52.47869346733668,3.0806025336953953
6.158763819095478,52.47869346733668,3.0809888720712473
6.181417085427136,52.47869346733668,3.084691223470882
6.204070351758794,52.47869346733668,3.0921678788574147
6.226723618090453,52.47869346733668,3.103783707261373
6.2493768844221105,52.47869346733668,3.1197820045437243
6.2720301507537695,52.47869346733668,3.1402635317284826
6.294683417085428,52.47869346733668,3.1651742807232948
6.317336683417086,52.47869346733668,3.194302813312349
6.339989949748745,52.47869346733668,3.227287173280199
6.362643216080402,52.47869346733668,3.26363051932646
6.385296482412061,52.47869346733668,3.3027239138700275
6.407949748743719,52.47869346733668,3.3438742335959706
6.430603015075377,52.47869346733668,3.3863349801963345
6.453256281407036,52.47869346733668,3.429337837714278
6.475909547738693,52.47869346733668,3.4721230755237027
6.498562814070352,52.47869346733668,3.5139672480978574
6.52121608040201,52.47869346733668,3.55420702160266
6.543869346733668,52.47869346733668,3.5922583177141867
6.566522613065327,52.47869346733668,3.627630290571762
6.5891758793969855,52.47869346733668,3.6599339469119685
6.6118291457286436,52.47869346733668,3.6888854923498977
6.6344824120603025,52.47869346733668,3.714304743770646
6.65713567839196,52.47869346733668,3.7361091835557216
6.679788944723619,52.47869346733668,3.7543044306332685
4.3465025125628145,52.495120603015074,5.3258961854033045
4.369155778894473,52.495120603015074,5.529354771890736
4.391809045226131,52.495120603015074,5.741381204310126
4.41446231155779,52.495120603015074,5.952254935717959
4.437115577889448,52.495120603015074,6.150751664862834
4.459768844221106,52.495120603015074,6.324849305063844
4.482422110552764,52.495120603015074,6.462676650465748
4.505075376884422,52.495120603015074,6.553620539544257
4.527728643216081,52.495120603015074,6.589456158478395
4.550381909547739,52.495120603015074,6.5653325241691025
4.573035175879397,52.495120603015074,6.480444914319399
4.595688442211055,52.495120603015074,6.338264323743999
4.618341708542713,52.495120603015074,6.146265643586816
4.640994974874372,52.495120603015074,5.915184678349876
4.6636482412060305,52.495120603015074,5.657916768377574
4.686301507537689,52.495120603015074,5.388226020813063
4.708954773869347,52.495120603015074,5.119452339877605
4.731608040201005,52.495120603015074,4.8633840239304975
4.754261306532664,52.495120603015074,4.6294172145533965
4.776914572864322,52.495120603015074,4.424065273589988
4.79956783919598,52.495120603015074,4.2508255101605315
4.822221105527639,52.495120603015074,4.110366936990206
4.844874371859297,52.495120603015074,4.000974330319889
4.867527638190955,52.495120603015074,3.9191696004259744
4.890180904522613,52.495120603015074,3.8604278355256865
4.912834170854271,52.495120603015074,3.81990864482511
4.93548743718593,52.495120603015074,3.7931309402695472
4.958140703517588,52.495120603015074,3.776529783276481
4.9807939698492465,52.495120603015074,3.767847126951211
5.0034472361809055,52.495120603015074,3.766324319578274
5.026100502512563,52.495120603015074,3.772682955134656
5.048753768844222,52.495120603015074,3.788901255899742
5.07140703517588,52.495120603015074,3.817814092339324
5.094060301507538,52.495120603015074,3.8625838571980324
5.116713567839197,52.495120603015074,3.9261043787351824
5.139366834170854,52.495120603015074,4.010408772439077
5.162020100502513,52.495120603015074,4.116153106623964
5.184673366834171,52.495120603015074,4.242240434241334
5.207326633165829,52.495120603015074,4.385634638629368
5.229979899497488,52.495120603015074,4.541392233319826
5.252633165829145,52.495120603015074,4.702915191307417
5.275286432160804,52.495120603015074,4.862402032434005
5.2979396984924625,52.495120603015074,5.011450866376571
5.320592964824121,52.495120603015074,5.141749709592581
5.34324623115578,52.495120603015074,5.245778446025884
5.365899497487438,52.495120603015074,5.317444794851932
5.388552763819096,52.495120603015074,5.352584157832551
5.411206030150755,52.495120603015074,5.349269705884306
5.433859296482412,52.495120603015074,5.307902730313699
5.456512562814071,52.495120603015074,5.231081060504966
5.479165829145729,52.495120603015074,5.123271178195591
5.501819095477387,52.495120603015074,4.990333130867472
5.524472361809046,52.495120603015074,4.838962622965424
5.547125628140703,52.495120603015074,4.6761194092232286
5.569778894472362,52.495120603015074,4.508505128496605
5.59243216080402,52.495120603015074,4.34213898824521
5.6150854271356785,52.495120603015074,4.1820598500143715
5.6377386934673375,52.495120603015074,4.032162503335395
5.660391959798995,52.495120603015074,3.895158008218325
5.683045226130654,52.495120603015074,3.7726354126373374
5.705698492462312,52.495120603015074,3.6651957871115624
5.72835175879397,52.495120603015074,3.572628812256512
5.751005025125629,52.495120603015074,3.4941056301253917
5.773658291457287,52.495120603015074,3.4283675175461847
5.796311557788945,52.495120603015074,3.373896507786969
5.818964824120604,52.495120603015074,3.3290601653959615
5.841618090452261,52.495120603015074,3.2922276174357914
5.86427135678392,52.495120603015074,3.261857423908774
5.886924623115578,52.495120603015074,3.2365600068714184
5.909577889447236,52.495120603015074,3.2151383976090693
5.932231155778895,52.495120603015074,3.1966113057076826
5.954884422110553,52.495120603015074,3.1802222465106533
5.977537688442212,52.495120603015074,3.1654379147760445
6.00019095477387,52.495120603015074,3.1519383319168544
6.022844221105528,52.495120603015074,3.1396006382697728
6.045497487437187,52.495120603015074,3.1284778271657863
6.068150753768844,52.495120603015074,3.1187732747275687
6.090804020100503,52.495120603015074,3.1108116415495406
6.113457286432161,52.495120603015074,3.1050066286304894
6.136110552763819,52.495120603015074,3.1018261618679386
6.158763819095478,52.495120603015074,3.101755835293861
6.181417085427136,52.495120603015074,3.1052618114586297
6.204070351758794,52.495120603015074,3.112754775623416
6.226723618090453,52.495120603015074,3.124556864116391
6.2493768844221105,52.495120603015074,3.140873629345924
6.2720301507537695,52.495120603015074,3.1617729830646497
6.294683417085428,52.495120603015074,3.1871726467520998
6.317336683417086,52.495120603015074,3.216836973085704
6.339989949748745,52.495120603015074,3.25038318848898
6.362643216080402,52.495120603015074,3.2872962838618798
6.385296482412061,52.495120603015074,3.3269510867468264
6.407949748743719,52.495120603015074,3.3686395814440804
6.430603015075377,52.495120603015074,3.411601340543022
6.453256281407036,52.495120603015074,3.45505496759108
6.475909547738693,52.495120603015074,3.498228660933175
6.498562814070352,52.495120603015074,3.540388315303333
6.52121608040201,52.495120603015074,3.580861915725066
6.543869346733668,52.495120603015074,3.61905930950708
6.566522613065327,52.495120603015074,3.6544867554004896
6.5891758793969855,52.495120603015074,3.686755950115004
6.6118291457286436,52.495120603015074,3.7155875303498473
6.6344824120603025,52.495120603015074,3.740809344061466
6.65713567839196,52.495120603015074,3.7623500653670656
6.679788944723619,52.495120603015074,3.78022896977633
4.369155778894473,52.511547738693466,5.235330304124499
4.391809045226131,52.511547738693466,5.421863273170975
4.41446231155779,52.511547738693466,5.606910155022623
4.437115577889448,52.511547738693466,5.780223652948017
4.459768844221106,52.511547738693466,5.9309126990529775
4.482422110552764,52.511547738693466,6.048333599637835
4.505075376884422,52.511547738693466,6.123118504314114
4.527728643216081,52.511547738693466,6.148211924583953
4.550381909547739,52.511547738693466,6.119757257026704
4.573035175879397,52.511547738693466,6.037677464537197
4.595688442211055,52.511547738693466,5.905832587641446
4.618341708542713,52.511547738693466,5.7317059786886215
4.640994974874372,52.511547738693466,5.525654992866742
4.6636482412060305,52.511547738693466,5.299838855298038
4.686301507537689,52.511547738693466,5.066987288473667
4.708954773869347,52.511547738693466,4.83918781009308
4.731608040201005,52.511547738693466,4.626848503265469
4.754261306532664,52.511547738693466,4.437947078075065
4.776914572864322,52.511547738693466,4.277620990557903
4.79956783919598,52.511547738693466,4.148100751832587
4.822221105527639,52.511547738693466,4.048947914976951
4.844874371859297,52.511547738693466,3.9775333960557995
4.867527638190955,52.511547738693466,3.929679226351067
4.890180904522613,52.511547738693466,3.900383935188782
4.912834170854271,52.511547738693466,3.8845549137066495
4.93548743718593,52.511547738693466,3.877677894107924
4.958140703517588,52.511547738693466,3.876363137298974
4.9807939698492465,52.511547738693466,3.878720133678836
5.0034472361809055,52.511547738693466,3.8845279868024294
5.026100502512563,52.511547738693466,3.8951872041951274
5.048753768844222,52.511547738693466,3.9134596049051154
5.07140703517588,52.511547738693466,3.943024822029507
5.094060301507538,52.511547738693466,3.9879021088804465
5.116713567839197,52.511547738693466,4.051802270397909
5.139366834170854,52.511547738693466,4.137484186002384
5.162020100502513,52.511547738693466,4.246191888352351
5.184673366834171,52.511547738693466,4.37724083805693
5.207326633165829,52.511547738693466,4.527806381175058
5.229979899497488,52.511547738693466,4.692945039815587
5.252633165829145,52.511547738693466,4.865852851996737
5.275286432160804,52.511547738693466,5.0383376020659645
5.2979396984924625,52.511547738693466,5.201456752899441
5.320592964824121,52.511547738693466,5.346253208389552
5.34324623115578,52.511547738693466,5.464509110148457
5.365899497487438,52.511547738693466,5.549435316680074
5.388552763819096,52.511547738693466,5.596221668555819
5.411206030150755,52.511547738693466,5.602390098798725
5.433859296482412,52.511547738693466,5.56791727060126
5.456512562814071,52.511547738693466,5.495122531468725
5.479165829145729,52.511547738693466,5.388346312987386
5.501819095477387,52.511547738693466,5.253469035233084
5.524472361809046,52.511547738693466,5.097337032718264
5.547125628140703,52.511547738693466,4.927167519214007
5.569778894472362,52.511547738693466,4.749998900443947
5.59243216080402,52.511547738693466,4.5722378616277215
5.6150854271356785,52.511547738693466,4.399334322654956
5.6377386934673375,52.511547738693466,4.2355939309256385
5.660391959798995,52.511547738693466,4.084119136347244
5.683045226130654,52.511547738693466,3.9468566430486423
5.705698492462312,52.511547738693466,3.8247221023608775
5.72835175879397,52.511547738693466,3.7177717875394376
5.751005025125629,52.511547738693466,3.6253942060823556
5.773658291457287,52.511547738693466,3.5465003401895787
5.796311557788945,52.511547738693466,3.479697781322221
5.818964824120604,52.511547738693466,3.423440195450795
5.841618090452261,52.511547738693466,3.376148594461003
5.86427135678392,52.511547738693466,3.336304525822154
5.886924623115578,52.511547738693466,3.3025175790135197
5.909577889447236,52.511547738693466,3.2735707746497167
5.932231155778895,52.511547738693466,3.2484477456970002
5.954884422110553,52.511547738693466,3.226345423109241
5.977537688442212,52.511547738693466,3.206675435087109
6.00019095477387,52.511547738693466,3.189056795295821
6.022844221105528,52.511547738693466,3.173301812899501
6.045497487437187,52.511547738693466,3.1593965877444514
6.068150753768844,52.511547738693466,3.147477011123545
6.090804020100503,52.511547738693466,3.137800910855158
6.113457286432161,52.511547738693466,3.130716877800721
6.136110552763819,52.511547738693466,3.1266303904455746
6.158763819095478,52.511547738693466,3.1259680926426303
6.181417085427136,52.511547738693466,3.1291414264263353
6.204070351758794,52.511547738693466,3.136511197483494
6.226723618090453,52.511547738693466,3.1483549556192294
6.2493768844221105,52.511547738693466,3.1648392050301166
6.2720301507537695,52.511547738693466,3.185998342710682
6.294683417085428,52.511547738693466,3.211721831002383
6.317336683417086,52.511547738693466,3.241750479364711
6.339989949748745,52.511547738693466,3.2756819372313286
6.362643216080402,52.511547738693466,3.312984714941842
6.385296482412061,52.511547738693466,3.3530193815004616
6.407949748743719,52.511547738693466,3.3950651274010744
6.430603015075377,52.511547738693466,3.4383496620339526
6.453256281407036,52.511547738693466,3.482080416231698
6.475909547738693,52.511547738693466,3.525475182356137
6.498562814070352,52.511547738693466,3.5677905778243555
6.52121608040201,52.511547738693466,3.6083470076174144
6.543869346733668,52.511547738693466,3.6465490972863184
6.566522613065327,52.511547738693466,3.6819008652157494
6.5891758793969855,52.511547738693466,3.7140152100268606
6.6118291457286436,52.511547738693466,3.7426176138194736
6.6344824120603025,52.511547738693466,3.7675443001135736
6.65713567839196,52.511547738693466,3.7887354161649167
6.679788944723619,52.511547738693466,3.806224099816351
4.391809045226131,52.52797487437186,5.087437342525645
4.41446231155779,52.52797487437186,5.24557565288003
4.437115577889448,52.52797487437186,5.3928697138030275
4.459768844221106,52.52797487437186,5.519622191318676
4.482422110552764,52.52797487437186,5.6164723386367355
4.505075376884422,52.52797487437186,5.675338491728329
4.527728643216081,52.52797487437186,5.690353732175704
4.550381909547739,52.52797487437186,5.658648022135052
4.573035175879397,52.52797487437186,5.580834720484814
4.595688442211055,52.52797487437186,5.461097641525912
4.618341708542713,52.52797487437186,5.306840847472509
4.640994974874372,52.52797487437186,5.127941737803425
4.6636482412060305,52.52797487437186,4.935718603423536
4.686301507537689,52.52797487437186,4.741768993438174
4.708954773869347,52.52797487437186,4.556845861667587
4.731608040201005,52.52797487437186,4.389916200557873
4.754261306532664,52.52797487437186,4.247502095787593
4.776914572864322,52.52797487437186,4.1333509033973685
4.79956783919598,52.52797487437186,4.048432101805485
4.822221105527639,52.52797487437186,3.9912210256366283
4.844874371859297,52.52797487437186,3.9582064022507604
4.867527638190955,52.52797487437186,3.9445475821111446
4.890180904522613,52.52797487437186,3.944804966849059
4.912834170854271,52.52797487437186,3.953669955318355
4.93548743718593,52.52797487437186,3.9666266139018216
4.958140703517588,52.52797487437186,3.9804856030107763
4.9807939698492465,52.52797487437186,3.9937420609638967
5.0034472361809055,52.52797487437186,4.006723825663996
5.026100502512563,52.52797487437186,4.021514762693163
5.048753768844222,52.52797487437186,4.041659337832571
5.07140703517588,52.52797487437186,4.071677177442707
5.094060301507538,52.52797487437186,4.116437686280349
5.116713567839197,52.52797487437186,4.180462020537259
5.139366834170854,52.52797487437186,4.267230260742203
5.162020100502513,52.52797487437186,4.3785736332087595
5.184673366834171,52.52797487437186,4.514224306302114
5.207326633165829,52.52797487437186,4.671579114478891
5.229979899497488,52.52797487437186,4.84571025248022
5.252633165829145,52.52797487437186,5.029628256927097
5.275286432160804,52.52797487437186,5.214773784161025
5.2979396984924625,52.52797487437186,5.391688263355148
5.320592964824121,52.52797487437186,5.5507926063364685
5.34324623115578,52.52797487437186,5.683190317165689
5.365899497487438,52.52797487437186,5.781408261770317
5.388552763819096,52.52797487437186,5.839995733331642
5.411206030150755,52.52797487437186,5.85591980037346
5.433859296482412,52.52797487437186,5.828720393418628
5.456512562814071,52.52797487437186,5.7604188912016445
5.479165829145729,52.52797487437186,5.6552046863437875
5.501819095477387,52.52797487437186,5.5189504865950685
5.524472361809046,52.52797487437186,5.358624678230131
5.547125628140703,52.52797487437186,5.181675319579277
5.569778894472362,52.52797487437186,4.995454946167325
5.59243216080402,52.52797487437186,4.806740425653118
5.6150854271356785,52.52797487437186,4.621381412094506
5.6377386934673375,52.52797487437186,4.44408898714794
5.660391959798995,52.52797487437186,4.278356828862966
5.683045226130654,52.52797487437186,4.126493379740955
5.705698492462312,52.52797487437186,3.9897360035025082
5.72835175879397,52.52797487437186,3.868416554887416
5.751005025125629,52.52797487437186,3.762150696247149
5.773658291457287,52.52797487437186,3.6700288620724013
5.796311557788945,52.52797487437186,3.59079330469834
5.818964824120604,52.52797487437186,3.522991877997138
5.841618090452261,52.52797487437186,3.465104370309822
5.86427135678392,52.52797487437186,3.4156409798982983
5.886924623115578,52.52797487437186,3.3732149610973092
5.909577889447236,52.52797487437186,3.3365927701185623
5.932231155778895,52.52797487437186,3.3047254914062316
5.954884422110553,52.52797487437186,3.276765209419997
5.977537688442212,52.52797487437186,3.252069543414896
6.00019095477387,52.52797487437186,3.230196964267702
6.022844221105528,52.52797487437186,3.210894890166538
6.045497487437187,52.52797487437186,3.1940819982065727
6.068150753768844,52.52797487437186,3.179825748431329
6.090804020100503,52.52797487437186,3.1683158316458453
6.113457286432161,52.52797487437186,3.1598341414190223
6.136110552763819,52.52797487437186,3.1547219346470072
6.158763819095478,52.52797487437186,3.153345061730474
6.181417085427136,52.52797487437186,3.1560584676661483
6.204070351758794,52.52797487437186,3.163171513366773
6.226723618090453,52.52797487437186,3.1749159481796
6.2493768844221105,52.52797487437186,3.191418485173058
6.2720301507537695,52.52797487437186,3.2126798191232924
6.294683417085428,52.52797487437186,3.2385615585247667
6.317336683417086,52.52797487437186,3.268781951802948
6.339989949748745,52.52797487437186,3.3029205627317015
6.362643216080402,52.52797487437186,3.3404313105694263
6.385296482412061,52.52797487437186,3.3806626537828186
6.407949748743719,52.52797487437186,3.4228832454463447
6.430603015075377,52.52797487437186,3.4663111544114735
6.453256281407036,52.52797487437186,3.51014470958261
6.475909547738693,52.52797487437186,3.5535931329715766
6.498562814070352,52.52797487437186,3.5959053212252146
6.52121608040201,52.52797487437186,3.6363953699310443
6.543869346733668,52.52797487437186,3.6744636899856578
6.566522613065327,52.52797487437186,3.7096128427349995
6.5891758793969855,52.52797487437186,3.74145753251041
6.6118291457286436,52.52797487437186,3.769728548352024
6.6344824120603025,52.52797487437186,3.794270831145915
6.65713567839196,52.52797487437186,3.8150362282192156
6.679788944723619,52.52797487437186,3.832071840952511
4.41446231155779,52.54440201005025,4.876057722278333
4.437115577889448,52.54440201005025,4.997214214662387
4.459768844221106,52.54440201005025,5.1001694924518315
4.482422110552764,52.54440201005025,5.1768700263255925
4.505075376884422,52.54440201005025,5.220529694458012
4.527728643216081,52.54440201005025,5.226460307522242
4.550381909547739,52.54440201005025,5.192746887725454
4.573035175879397,52.54440201005025,5.120640263428569
4.595688442211055,52.54440201005025,5.014577055380685
4.618341708542713,52.54440201005025,4.881799300206442
4.640994974874372,52.54440201005025,4.731618185712352
4.6636482412060305,52.54440201005025,4.574430132804463
4.686301507537689,52.54440201005025,4.420632843748117
4.708954773869347,52.54440201005025,4.279596112720932
4.731608040201005,52.54440201005025,4.158819312122548
4.754261306532664,52.54440201005025,4.063364515055258
4.776914572864322,52.54440201005025,3.9956043253521503
4.79956783919598,52.54440201005025,3.955278138416656
4.822221105527639,52.54440201005025,3.9398165990166456
4.844874371859297,52.54440201005025,3.9448731866715496
4.867527638190955,52.54440201005025,3.9649921624869116
4.890180904522613,52.54440201005025,3.9943400168769365
4.912834170854271,52.54440201005025,4.027429858891269
4.93548743718593,52.54440201005025,4.059773057735301
4.958140703517588,52.54440201005025,4.088399583550016
4.9807939698492465,52.54440201005025,4.112198606898611
5.0034472361809055,52.54440201005025,4.132044912952082
5.026100502512563,52.54440201005025,4.1506949062705445
5.048753768844222,52.54440201005025,4.172457714552
5.07140703517588,52.54440201005025,4.20267029794397
5.094060301507538,52.54440201005025,4.247027830787878
5.116713567839197,52.54440201005025,4.310838899190712
5.139366834170854,52.54440201005025,4.398286450380414
5.162020100502513,52.54440201005025,4.511777908518945
5.184673366834171,52.54440201005025,4.651460557130692
5.207326633165829,52.54440201005025,4.814961642937562
5.229979899497488,52.54440201005025,4.99738845988644
5.252633165829145,52.54440201005025,5.191594776612766
5.275286432160804,52.54440201005025,5.3886898672228085
5.2979396984924625,52.54440201005025,5.578738714137131
5.320592964824121,52.54440201005025,5.751579957912588
5.34324623115578,52.54440201005025,5.89767449675668
5.365899497487438,52.54440201005025,6.008894055427377
5.388552763819096,52.54440201005025,6.07916630502368
5.411206030150755,52.54440201005025,6.104910769311497
5.433859296482412,52.54440201005025,6.0852259281801775
5.456512562814071,52.54440201005025,6.021819264741975
5.479165829145729,52.54440201005025,5.918703931463911
5.501819095477387,52.54440201005025,5.78171319047847
5.524472361809046,52.54440201005025,5.617902373544969
5.547125628140703,52.54440201005025,5.434915062459784
5.569778894472362,52.54440201005025,5.240385167279439
5.59243216080402,52.54440201005025,5.04143167328776
5.6150854271356785,52.54440201005025,4.844281916088499
5.6377386934673375,52.54440201005025,4.654036879495024
5.660391959798995,52.54440201005025,4.474572256979999
5.683045226130654,52.54440201005025,4.308554604276398
5.705698492462312,52.54440201005025,4.157543905802147
5.72835175879397,52.54440201005025,4.022151860899628
5.751005025125629,52.54440201005025,3.9022277612270355
5.773658291457287,52.54440201005025,3.797049179618762
5.796311557788945,52.54440201005025,3.7055011281008694
5.818964824120604,52.54440201005025,3.626233576279205
5.841618090452261,52.54440201005025,3.5577924607128018
5.86427135678392,52.54440201005025,3.4987232255577494
5.886924623115578,52.54440201005025,3.4476485112668858
5.909577889447236,52.54440201005025,3.4033230432816706
5.932231155778895,52.54440201005025,3.3646693390339864
5.954884422110553,52.54440201005025,3.3307978249198302
5.977537688442212,52.54440201005025,3.3010145722200632
6.00019095477387,52.54440201005025,3.2748193058189803
6.022844221105528,52.54440201005025,3.25189574414719
6.045497487437187,52.54440201005025,3.2320957835055126
6.068150753768844,52.54440201005025,3.215418604620458
6.090804020100503,52.54440201005025,3.201985491507126
6.113457286432161,52.54440201005025,3.1920110316962793
6.136110552763819,52.54440201005025,3.1857714130430512
6.158763819095478,52.54440201005025,3.183570723834979
6.181417085427136,52.54440201005025,3.1857064526573513
6.204070351758794,52.54440201005025,3.1924357009372337
6.226723618090453,52.54440201005025,3.2039438765836055
6.2493768844221105,52.54440201005025,3.2203177443458335
6.2720301507537695,52.54440201005025,3.241524602194004
6.294683417085428,52.54440201005025,3.267399010820753
6.317336683417086,52.54440201005025,3.297637956518085
6.339989949748745,52.54440201005025,3.331804656262744
6.362643216080402,52.54440201005025,3.369340525587699
6.385296482412061,52.54440201005025,3.4095842297481784
6.407949748743719,52.54440201005025,3.4517963008319885
6.430603015075377,52.54440201005025,3.4951875550919893
6.453256281407036,52.54440201005025,3.5389494686299976
6.475909547738693,52.54440201005025,3.582284720697826
6.498562814070352,52.54440201005025,3.6244362432154724
6.52121608040201,52.54440201005025,3.664713288961086
6.543869346733668,52.54440201005025,3.7025132396819607
6.566522613065327,52.54440201005025,3.7373381293084447
6.5891758793969855,52.54440201005025,3.7688051727637255
6.6118291457286436,52.54440201005025,3.796650973440104
6.6344824120603025,52.54440201005025,3.8207295162560104
6.65713567839196,52.54440201005025,3.8410044983380587
6.679788944723619,52.54440201005025,3.8575369501976953
4.437115577889448,52.56082914572865,4.601540170509635
4.459768844221106,52.56082914572865,4.6814706781267255
4.482422110552764,52.56082914572865,4.738993005091771
4.505075376884422,52.56082914572865,4.768595514729923
4.527728643216081,52.56082914572865,4.766731271384183
4.550381909547739,52.56082914572865,4.7323868961101025
4.573035175879397,52.56082914572865,4.66738400454497
4.595688442211055,52.56082914572865,4.576337182962915
4.618341708542713,52.56082914572865,4.466250244803265
4.640994974874372,52.56082914572865,4.345798155804061
4.6636482412060305,52.56082914572865,4.224398717335891
4.686301507537689,52.56082914572865,4.111211770163275
4.708954773869347,52.56082914572865,4.014207762431643
4.731608040201005,52.56082914572865,3.939424518123955
4.754261306532664,52.56082914572865,3.890490406978497
4.776914572864322,52.56082914572865,3.8684459375102125
4.79956783919598,52.56082914572865,3.8718544212234134
4.822221105527639,52.56082914572865,3.8971617719482627
4.844874371859297,52.56082914572865,3.939246972192894
4.867527638190955,52.56082914572865,3.992096172628841
4.890180904522613,52.56082914572865,4.0495314007776555
4.912834170854271,52.56082914572865,4.105926508409146
4.93548743718593,52.56082914572865,4.156846776411827
4.958140703517588,52.56082914572865,4.199554534032774
4.9807939698492465,52.56082914572865,4.233332224389
5.0034472361809055,52.56082914572865,4.259587680208008
5.026100502512563,52.56082914572865,4.281724418772493
5.048753768844222,52.56082914572865,4.30478181726707
5.07140703517588,52.56082914572865,4.334874141952287
5.094060301507538,52.56082914572865,4.378480697209742
5.116713567839197,52.56082914572865,4.441658580656554
5.139366834170854,52.56082914572865,4.529261683644521
5.162020100502513,52.56082914572865,4.644252484687927
5.184673366834171,52.56082914572865,4.78718588550872
5.207326633165829,52.56082914572865,4.955927289751833
5.229979899497488,52.56082914572865,5.145642164911948
5.252633165829145,52.56082914572865,5.349064424141879
5.275286432160804,52.56082914572865,5.5570197478799095
5.2979396984924625,52.56082914572865,5.759151189822322
5.320592964824121,52.56082914572865,5.944771469993934
5.34324623115578,52.56082914572865,6.10375195020842
5.365899497487438,52.56082914572865,6.227354237344903
5.388552763819096,52.56082914572865,6.308917468650758
5.411206030150755,52.56082914572865,6.344332180417965
5.433859296482412,52.56082914572865,6.3322583746824055
5.456512562814071,52.56082914572865,6.274077563124189
5.479165829145729,52.56082914572865,6.173601500331452
5.501819095477387,52.56082914572865,6.036588825482782
5.524472361809046,52.56082914572865,5.870140323978648
5.547125628140703,52.56082914572865,5.6820511487189425
5.569778894472362,52.56082914572865,5.480193718564346
5.59243216080402,52.56082914572865,5.2719902458271
5.6150854271356785,52.56082914572865,5.064012853716096
5.6377386934673375,52.56082914572865,4.861726629022613
5.660391959798995,52.56082914572865,4.669370826146234
5.683045226130654,52.56082914572865,4.489958573368347
5.705698492462312,52.56082914572865,4.3253669499384
5.72835175879397,52.56082914572865,4.176486836519259
5.751005025125629,52.56082914572865,4.043404133304557
5.773658291457287,52.56082914572865,3.925589023553979
5.796311557788945,52.56082914572865,3.8220762514302513
5.818964824120604,52.56082914572865,3.7316255800214644
5.841618090452261,52.56082914572865,3.6528568838834
5.86427135678392,52.56082914572865,3.5843583439027027
5.886924623115578,52.56082914572865,3.5247689177571226
5.909577889447236,52.56082914572865,3.47283782492714
5.932231155778895,52.56082914572865,3.427464468273169
5.954884422110553,52.56082914572865,3.387722282630127
5.977537688442212,52.56082914572865,3.352869690023085
6.00019095477387,52.56082914572865,3.322350836594741
6.022844221105528,52.56082914572865,3.2957882240117446
6.045497487437187,52.56082914572865,3.2729688221802262
6.068150753768844,52.56082914572865,3.253824823164374
6.090804020100503,52.56082914572865,3.2384099072994825
6.113457286432161,52.56082914572865,3.2268717612957434
6.136110552763819,52.56082914572865,3.2194216150789083
6.158763819095478,52.56082914572865,3.216301728154264
6.181417085427136,52.56082914572865,3.217752012776917
6.204070351758794,52.56082914572865,3.223977263495847
6.226723618090453,52.56082914572865,3.2351166900286947
6.2493768844221105,52.56082914572865,3.25121754334623
6.2720301507537695,52.56082914572865,3.272214524407349
6.294683417085428,52.56082914572865,3.2979163511374843
6.317336683417086,52.56082914572865,3.328000359927602
6.339989949748745,52.56082914572865,3.362015404302955
6.362643216080402,52.56082914572865,3.3993926806728942
6.385296482412061,52.56082914572865,3.439463551476532
6.407949748743719,52.56082914572865,3.4814830139436115
6.430603015075377,52.56082914572865,3.524657201292026
6.453256281407036,52.56082914572865,3.568173187143249
6.475909547738693,52.56082914572865,3.6112293555912665
6.498562814070352,52.56082914572865,3.65306466023722
6.52121608040201,52.56082914572865,3.6929852040379565
6.543869346733668,52.56082914572865,3.730386729944672
6.566522613065327,52.56082914572865,3.7647718393401006
6.5891758793969855,52.56082914572865,3.7957610723787907
6.6118291457286436,52.56082914572865,3.8230973968560207
6.6344824120603025,52.56082914572865,3.8466441378970653
6.65713567839196,52.56082914572865,3.8663768886849397
6.679788944723619,52.56082914572865,3.8823704040768834
6.702442211055277,52.56082914572865,3.8947818262280998
6.725095477386935,52.56082914572865,3.9038317754695075
4.482422110552764,52.57725628140704,4.3116859896320765
4.505075376884422,52.57725628140704,4.328762363148652
4.527728643216081,52.57725628140704,4.320640624903122
4.550381909547739,52.57725628140704,4.2871364481063
4.573035175879397,52.57725628140704,4.230564430334901
4.595688442211055,52.57725628140704,4.155640499488447
4.618341708542713,52.57725628140704,4.069061865972703
4.640994974874372,52.57725628140704,3.978813795955026
4.6636482412060305,52.57725628140704,3.8933021433195334
4.686301507537689,52.57725628140704,3.8204387880054798
4.708954773869347,52.57725628140704,3.766808521991507
4.731608040201005,52.57725628140704,3.737023238627304
4.754261306532664,52.57725628140704,3.7333313338342777
4.776914572864322,52.57725628140704,3.7555079734579873
4.79956783919598,52.57725628140704,3.8010145215984994
4.822221105527639,52.57725628140704,3.8653881092562425
4.844874371859297,52.57725628140704,3.9428059093123515
4.867527638190955,52.57725628140704,4.02676105349741
4.890180904522613,52.57725628140704,4.110785088651959
4.912834170854271,52.57725628140704,4.189152793118316
4.93548743718593,52.57725628140704,4.257507870447243
4.958140703517588,52.57725628140704,4.31335281275568
4.9807939698492465,52.57725628140704,4.356354312994623
5.0034472361809055,52.57725628140704,4.388428302572964
5.026100502512563,52.57725628140704,4.41358654664147
5.048753768844222,52.57725628140704,4.437549033784557
5.07140703517588,52.57725628140704,4.467151108853281
5.094060301507538,52.57725628140704,4.509598381300647
5.116713567839197,52.57725628140704,4.571642464070653
5.139366834170854,52.57725628140704,4.658763399772949
5.162020100502513,52.57725628140704,4.774447910529238
5.184673366834171,52.57725628140704,4.919645338644018
5.207326633165829,52.57725628140704,5.09246577799944
5.229979899497488,52.57725628140704,5.288159326248717
5.252633165829145,52.57725628140704,5.499384676563965
5.275286432160804,52.57725628140704,5.716743159253468
5.2979396984924625,52.57725628140704,5.929524696975257
5.320592964824121,52.57725628140704,6.126588424186662
5.34324623115578,52.57725628140704,6.29728569594745
5.365899497487438,52.57725628140704,6.432328735991588
5.388552763819096,52.57725628140704,6.524515087523013
5.411206030150755,52.57725628140704,6.569235946055326
5.433859296482412,52.57725628140704,6.564723512462368
5.456512562814071,52.57725628140704,6.512025261985304
5.479165829145729,52.57725628140704,6.414726719343936
5.501819095477387,52.57725628140704,6.278473653916203
5.524472361809046,52.57725628140704,6.1103648602285086
5.547125628140703,52.57725628140704,5.918294934728894
5.569778894472362,52.57725628140704,5.7103222742247475
5.59243216080402,52.57725628140704,5.494123006220439
5.6150854271356785,52.57725628140704,5.276570646453178
5.6377386934673375,52.57725628140704,5.063458579072872
5.660391959798995,52.57725628140704,4.859362098261229
5.683045226130654,52.57725628140704,4.66762154092336
5.705698492462312,52.57725628140704,4.490419140231205
5.72835175879397,52.57725628140704,4.328919328698915
5.751005025125629,52.57725628140704,4.18344401657328
5.773658291457287,52.57725628140704,4.053659146507974
5.796311557788945,52.57725628140704,3.9387549192141407
5.818964824120604,52.57725628140704,3.8376081961413977
5.841618090452261,52.57725628140704,3.748920882024521
5.86427135678392,52.57725628140704,3.6713321780160295
5.886924623115578,52.57725628140704,3.60350541240159
5.909577889447236,52.57725628140704,3.544191843540836
5.932231155778895,52.57725628140704,3.492274627895193
5.954884422110553,52.57725628140704,3.446796312645322
5.977537688442212,52.57725628140704,3.4069729789078096
6.00019095477387,52.57725628140704,3.3721977139586192
6.022844221105528,52.57725628140704,3.3420355675770357
6.045497487437187,52.57725628140704,3.316211645885917
6.068150753768844,52.57725628140704,3.2945935809406084
6.090804020100503,52.57725628140704,3.2771693262600405
6.113457286432161,52.57725628140704,3.264021087700985
6.136110552763819,52.57725628140704,3.2552962063226856
6.158763819095478,52.57725628140704,3.251175945242036
6.181417085427136,52.57725628140704,3.251843354217075
6.204070351758794,52.57725628140704,3.2574516324197997
6.226723618090453,52.57725628140704,3.2680946082134636
6.2493768844221105,52.57725628140704,3.2837810331617363
6.2720301507537695,52.57725628140704,3.3044142934593204
6.294683417085428,52.57725628140704,3.3297788577470104
6.317336683417086,52.57725628140704,3.359534330386988
6.339989949748745,52.57725628140704,3.393217425845437
6.362643216080402,52.57725628140704,3.4302516053293126
6.385296482412061,52.57725628140704,3.4699636004766847
6.407949748743719,52.57725628140704,3.5116056450710023
6.430603015075377,52.57725628140704,3.5543819630491535
6.453256281407036,52.57725628140704,3.597477905770861
6.475909547738693,52.57725628140704,3.6400900628642825
6.498562814070352,52.57725628140704,3.68145566119445
6.52121608040201,52.57725628140704,3.7208796064879337
6.543869346733668,52.57725628140704,3.7577576260503114
6.566522613065327,52.57725628140704,3.7915941681041314
6.5891758793969855,52.57725628140704,3.822014030377395
6.6118291457286436,52.57725628140704,3.848767132959931
6.6344824120603025,52.57725628140704,3.8717263893995773
6.65713567839196,52.57725628140704,3.890879203149766
6.679788944723619,52.57725628140704,3.906313641364376
6.702442211055277,52.57725628140704,3.918200733936595
4.505075376884422,52.59368341708543,3.9093063707259397
4.527728643216081,52.59368341708543,3.89665216452202
4.550381909547739,52.59368341708543,3.8655086230119013
4.573035175879397,52.59368341708543,3.8185975438802195
4.595688442211055,52.59368341708543,3.7606599928280233
4.618341708542713,52.59368341708543,3.6980270003768467
4.640994974874372,52.59368341708543,3.637956827701876
4.6636482412060305,52.59368341708543,3.587831806178998
4.686301507537689,52.59368341708543,3.554330885667305
4.708954773869347,52.59368341708543,3.542693169342415
4.731608040201005,52.59368341708543,3.5561657302745617
4.754261306532664,52.59368341708543,3.5956939895979945
4.776914572864322,52.59368341708543,3.6598746817870382
4.79956783919598,52.59368341708543,3.745158010773655
4.822221105527639,52.59368341708543,3.846261378869124
4.844874371859297,52.59368341708543,3.9567425685755904
4.867527638190955,52.59368341708543,4.069673382452806
4.890180904522613,52.59368341708543,4.1783525466085045
4.912834170854271,52.59368341708543,4.276996844408497
4.93548743718593,52.59368341708543,4.3613510865501945
4.958140703517588,52.59368341708543,4.429161210281541
4.9807939698492465,52.59368341708543,4.480461973342655
5.0034472361809055,52.59368341708543,4.517642807635239
5.026100502512563,52.59368341708543,4.545273040162731
5.048753768844222,52.59368341708543,4.569690153480408
5.07140703517588,52.59368341708543,4.598379921541727
5.094060301507538,52.59368341708543,4.639201953541039
5.116713567839197,52.59368341708543,4.699534829486445
5.139366834170854,52.59368341708543,4.785428325794227
5.162020100502513,52.59368341708543,4.90085381120879
5.184673366834171,52.59368341708543,5.047136668055329
5.207326633165829,52.59368341708543,5.222637012439698
5.229979899497488,52.59368341708543,5.422718987832632
5.252633165829145,52.59368341708543,5.640017622369626
5.275286432160804,52.59368341708543,5.8649794968697275
5.2979396984924625,52.59368341708543,6.086623197648956
5.320592964824121,52.59368341708543,6.293441246002387
5.34324623115578,52.59368341708543,6.474349687755881
5.365899497487438,52.59368341708543,6.619586676687588
5.388552763819096,52.59368341708543,6.721468061698768
5.411206030150755,52.59368341708543,6.7749258373081815
5.433859296482412,52.59368341708543,6.777782507189883
5.456512562814071,52.59368341708543,6.7307474952188
5.479165829145729,52.59368341708543,6.637155917047891
5.501819095477387,52.59368341708543,6.502499923177738
5.524472361809046,52.59368341708543,6.333823666438587
5.547125628140703,52.59368341708543,6.13906174100935
5.569778894472362,52.59368341708543,5.92639722353448
5.59243216080402,52.59368341708543,5.703701297918256
5.6150854271356785,52.59368341708543,5.478095772705916
5.6377386934673375,52.59368341708543,5.255657196116845
5.660391959798995,52.59368341708543,5.04126085155002
5.683045226130654,52.59368341708543,4.838547485186766
5.705698492462312,52.59368341708543,4.649986372492728
5.72835175879397,52.59368341708543,4.477005019256951
5.751005025125629,52.59368341708543,4.32015718207756
5.773658291457287,52.59368341708543,4.179305321942733
5.796311557788945,52.59368341708543,4.053799450860669
5.818964824120604,52.59368341708543,3.942640306273391
5.841618090452261,52.59368341708543,3.844620048648586
5.86427135678392,52.59368341708543,3.7584378057294687
5.886924623115578,52.59368341708543,3.6827902909620445
5.909577889447236,52.59368341708543,3.616439520202736
5.932231155778895,52.59368341708543,3.5582605591410843
5.954884422110553,52.59368341708543,3.5072724991803046
5.977537688442212,52.59368341708543,3.462655707155717
6.00019095477387,52.59368341708543,3.423758008865912
6.022844221105528,52.59368341708543,3.3900919875882165
6.045497487437187,52.59368341708543,3.3613251060187825
6.068150753768844,52.59368341708543,3.337263960433174
6.090804020100503,52.59368341708543,3.317833691072382
6.113457286432161,52.59368341708543,3.3030534236156477
6.136110552763819,52.59368341708543,3.293008604489873
6.158763819095478,52.59368341708543,3.2878211992616366
6.181417085427136,52.59368341708543,3.287618909961472
6.204070351758794,52.59368341708543,3.292504778126834
6.226723618090453,52.59368341708543,3.3025287096927487
6.2493768844221105,52.59368341708543,3.317662522056099
6.2720301507537695,52.59368341708543,3.3377800264796744
6.294683417085428,52.59368341708543,3.3626434049487566
6.317336683417086,52.59368341708543,3.3918967407876117
6.339989949748745,52.59368341708543,3.425067069949344
6.362643216080402,52.59368341708543,3.461572804871249
6.385296482412061,52.59368341708543,3.500738911400278
6.407949748743719,52.59368341708543,3.5418178358009498
6.430603015075377,52.59368341708543,3.584014896982189
6.453256281407036,52.59368341708543,3.626516666159274
6.475909547738693,52.59368341708543,3.668520727901762
6.498562814070352,52.59368341708543,3.709265135566757
6.52121608040201,52.59368341708543,3.748055843835507
6.543869346733668,52.59368341708543,3.7842904482925657
6.566522613065327,52.59368341708543,3.8174767266092475
6.5891758793969855,52.59368341708543,3.8472447911166734
6.6118291457286436,52.59368341708543,3.87335213401974
6.6344824120603025,52.59368341708543,3.895681439075478
6.65713567839196,52.59368341708543,3.9142316729828717
6.679788944723619,52.59368341708543,3.9291035589701764
6.702442211055277,52.59368341708543,3.940480980182903
4.550381909547739,52.61011055276382,3.4747465671708913
4.573035175879397,52.61011055276382,3.438603724689745
4.595688442211055,52.61011055276382,3.3982716440516443
4.618341708542713,52.61011055276382,3.3596650614402046
4.640994974874372,52.61011055276382,3.3292931899820797
4.6636482412060305,52.61011055276382,3.313522657607484
4.686301507537689,52.61011055276382,3.3178361159159393
4.708954773869347,52.61011055276382,3.3461889039968806
4.731608040201005,52.61011055276382,3.4005451775266726
4.754261306532664,52.61011055276382,3.4806429546345496
4.776914572864322,52.61011055276382,3.584003228013745
4.79956783919598,52.61011055276382,3.706168638351552
4.822221105527639,52.61011055276382,3.841135850383848
4.844874371859297,52.61011055276382,3.9819329665029346
4.867527638190955,52.61011055276382,4.121287036205166
4.890180904522613,52.61011055276382,4.252324286214678
4.912834170854271,52.61011055276382,4.369245107757719
4.93548743718593,52.61011055276382,4.467916498157063
4.958140703517588,52.61011055276382,4.546327358626012
4.9807939698492465,52.61011055276382,4.604858401337706
5.0034472361809055,52.61011055276382,4.646329961098222
5.026100502512563,52.61011055276382,4.6758084009198475
5.048753768844222,52.61011055276382,4.700174310836472
5.07140703517588,52.61011055276382,4.72748113654366
5.094060301507538,52.61011055276382,4.766157974729278
5.116713567839197,52.61011055276382,4.824131350113822
5.139366834170854,52.61011055276382,4.907954461622479
5.162020100502513,52.61011055276382,5.022036192055964
5.184673366834171,52.61011055276382,5.168055012770742
5.207326633165829,52.61011055276382,5.3446252368420675
5.229979899497488,52.61011055276382,5.54725684886772
5.252633165829145,52.61011055276382,5.768618544552863
5.275286432160804,52.61011055276382,5.999080519799012
5.2979396984924625,52.61011055276382,6.227482920421208
5.320592964824121,52.61011055276382,6.4420512360051445
5.34324623115578,52.61011055276382,6.631364081343856
5.365899497487438,52.61011055276382,6.785273646061099
5.388552763819096,52.61011055276382,6.895685492093324
5.411206030150755,52.61011055276382,6.957122020933064
5.433859296482412,52.61011055276382,6.967021023151368
5.456512562814071,52.61011055276382,6.925753843249259
5.479165829145729,52.61011055276382,6.836382048219589
5.501819095477387,52.61011055276382,6.704201688258042
5.524472361809046,52.61011055276382,6.536145480018696
5.547125628140703,52.61011055276382,6.340122503712428
5.569778894472362,52.61011055276382,6.124371787405929
5.59243216080402,52.61011055276382,5.896892489466101
5.6150854271356785,52.61011055276382,5.66499313512573
5.6377386934673375,52.61011055276382,5.43498004649121
5.660391959798995,52.61011055276382,5.211984790646481
5.683045226130654,52.61011055276382,4.999914950135804
5.705698492462312,52.61011055276382,4.801503013149131
5.72835175879397,52.61011055276382,4.618424493548835
5.751005025125629,52.61011055276382,4.451457366324894
5.773658291457287,52.61011055276382,4.300658952819056
5.796311557788945,52.61011055276382,4.165541940852901
5.818964824120604,52.61011055276382,4.045237011545047
5.841618090452261,52.61011055276382,3.9386347221116846
5.86427135678392,52.61011055276382,3.8445034243236975
5.886924623115578,52.61011055276382,3.7615829629328905
5.909577889447236,52.61011055276382,3.6886557870273515
5.932231155778895,52.61011055276382,3.6245981173728072
5.954884422110553,52.61011055276382,3.568414174710098
5.977537688442212,52.61011055276382,3.51925640476062
6.00019095477387,52.61011055276382,3.476434316652151
6.022844221105528,52.61011055276382,3.4394141220598704
6.045497487437187,52.61011055276382,3.407810923244175
6.068150753768844,52.61011055276382,3.3813748178405767
6.090804020100503,52.61011055276382,3.359972009505831
6.113457286432161,52.61011055276382,3.343561857888117
6.136110552763819,52.61011055276382,3.3321707710856883
6.158763819095478,52.61011055276382,3.3258639221401403
6.181417085427136,52.61011055276382,3.3247159233178283
6.204070351758794,52.61011055276382,3.328781767833577
6.226723618090453,52.61011055276382,3.338069489851909
6.2493768844221105,52.61011055276382,3.3525160443090423
6.2720301507537695,52.61011055276382,3.3719678281829206
6.294683417085428,52.61011055276382,3.3961670408426468
6.317336683417086,52.61011055276382,3.4247447308666956
6.339989949748745,52.61011055276382,3.457220944805485
6.362643216080402,52.61011055276382,3.4930119376790953
6.385296482412061,52.61011055276382,3.5314439792658323
6.407949748743719,52.61011055276382,3.571772928755593
6.430603015075377,52.61011055276382,3.6132084617032865
6.453256281407036,52.61011055276382,3.654941605284826
6.475909547738693,52.61011055276382,3.696174052164098
6.498562814070352,52.61011055276382,3.73614757230327
6.52121608040201,52.61011055276382,3.7741717414282228
6.543869346733668,52.61011055276382,3.809648194225691
6.566522613065327,52.61011055276382,3.8420897406332655
6.5891758793969855,52.61011055276382,3.8711329950154525
6.6118291457286436,52.61011055276382,3.8965436669657874
6.6344824120603025,52.61011055276382,3.9182143076976574
6.65713567839196,52.61011055276382,3.9361550111032413
6.679788944723619,52.61011055276382,3.9504782217017347
6.702442211055277,52.61011055276382,3.9613792953061506
4.640994974874372,52.62653768844221,3.0575543863842585
4.6636482412060305,52.62653768844221,3.0746549236386658
4.686301507537689,52.62653768844221,3.1147464171064168
4.708954773869347,52.62653768844221,3.1805796360149277
4.731608040201005,52.62653768844221,3.2729335228650074
4.754261306532664,52.62653768844221,3.3904479215019974
4.776914572864322,52.62653768844221,3.5296820053061513
4.79956783919598,52.62653768844221,3.6853832824800308
4.822221105527639,52.62653768844221,3.850933312622355
4.844874371859297,52.62653768844221,4.018924945534871
4.867527638190955,52.62653768844221,4.1818200849266685
4.890180904522613,52.62653768844221,4.332634278451422
4.912834170854271,52.62653768844221,4.46559315036277
4.93548743718593,52.62653768844221,4.576705486713692
4.958140703517588,52.62653768844221,4.664199636022051
4.9807939698492465,52.62653768844221,4.728775522569029
5.0034472361809055,52.62653768844221,4.773635594814928
5.026100502512563,52.62653768844221,4.80427513031185
5.048753768844222,52.62653768844221,4.828034739253481
5.07140703517588,52.62653768844221,4.853443417349947
5.094060301507538,52.62653768844221,4.889405768868848
5.116713567839197,52.62653768844221,4.944308304020076
5.139366834170854,52.62653768844221,5.025133576568337
5.162020100502513,52.62653768844221,5.1366748765727115
5.184673366834171,52.62653768844221,5.280937114103866
5.207326633165829,52.62653768844221,5.456791882778173
5.229979899497488,52.62653768844221,5.659928459340071
5.252633165829145,52.62653768844221,5.883110870108451
5.275286432160804,52.62653768844221,6.116718015845849
5.2979396984924625,52.62653768844221,6.349513151283728
5.320592964824121,52.62653768844221,6.569564282478103
5.34324623115578,52.62653768844221,6.765221038513593
5.365899497487438,52.62653768844221,6.926048169338169
5.388552763819096,52.62653768844221,7.043621909190092
5.411206030150755,52.62653768844221,7.112112736440212
5.433859296482412,52.62653768844221,7.128604810216551
5.456512562814071,52.62653768844221,7.09313521048357
5.479165829145729,52.62653768844221,7.008470309324306
5.501819095477387,52.62653768844221,6.879666807878063
5.524472361809046,52.62653768844221,6.713486406009491
5.547125628140703,52.62653768844221,6.517742706536033
5.569778894472362,52.62653768844221,6.300656263028557
5.59243216080402,52.62653768844221,6.070280627449785
5.6150854271356785,52.62653768844221,5.834042598208536
5.6377386934673375,52.62653768844221,5.598418038200607
5.660391959798995,52.62653768844221,5.3687446060643005
5.683045226130654,52.62653768844221,5.149157274703717
5.705698492462312,52.62653768844221,4.942622832401505
5.72835175879397,52.62653768844221,4.75104553990516
5.751005025125629,52.62653768844221,4.575416678882695
5.773658291457287,52.62653768844221,4.415984367195984
5.796311557788945,52.62653768844221,4.272425226446082
5.818964824120604,52.62653768844221,4.144005034902069
5.841618090452261,52.62653768844221,4.029720545094109
5.86427135678392,52.62653768844221,3.92841873768659
5.886924623115578,52.62653768844221,3.8388927782374824
5.909577889447236,52.62653768844221,3.7599559040956123
5.932231155778895,52.62653768844221,3.690495569314824
5.954884422110553,52.62653768844221,3.6295106295768718
5.977537688442212,52.62653768844221,3.576134363281934
6.00019095477387,52.62653768844221,3.5296458752826245
6.022844221105528,52.62653768844221,3.4894720538935666
6.045497487437187,52.62653768844221,3.4551818506575636
6.068150753768844,52.62653768844221,3.42647429516169
6.090804020100503,52.62653768844221,3.403161387589319
6.113457286432161,52.62653768844221,3.3851468519261805
6.136110552763819,52.62653768844221,3.3724016860926533
6.158763819095478,52.62653768844221,3.364937497195466
6.181417085427136,52.62653768844221,3.3627787294895954
6.204070351758794,52.62653768844221,3.3659350351602457
6.226723618090453,52.62653768844221,3.374375152545157
6.2493768844221105,52.62653768844221,3.388003694667074
6.2720301507537695,52.62653768844221,3.406642178490712
6.294683417085428,52.62653768844221,3.4300154306424533
6.317336683417086,52.62653768844221,3.457744203112646
6.339989949748745,52.62653768844221,3.48934445922117
6.362643216080402,52.62653768844221,3.5242333924256104
6.385296482412061,52.62653768844221,3.5617418602438002
6.407949748743719,52.62653768844221,3.6011325773391145
6.430603015075377,52.62653768844221,3.6416231190405566
6.453256281407036,52.62653768844221,3.6824125271203147
6.475909547738693,52.62653768844221,3.7227100700949536
6.498562814070352,52.62653768844221,3.7617644922117375
6.52121608040201,52.62653768844221,3.798891916007781
6.543869346733668,52.62653768844221,3.8335004950666223
6.566522613065327,52.62653768844221,3.8651100085421635
6.5891758793969855,52.62653768844221,3.8933648947030437
6.6118291457286436,52.62653768844221,3.91803974481423
6.6344824120603025,52.62653768844221,3.939036974013539
6.65713567839196,52.62653768844221,3.956377154222239
6.679788944723619,52.62653768844221,3.9701832088476183
6.702442211055277,52.62653768844221,3.980660208993536
4.640994974874372,52.642964824120604,2.8261027092829294
4.6636482412060305,52.642964824120604,2.874224802414916
4.686301507537689,52.642964824120604,2.9476734901846897
4.708954773869347,52.642964824120604,3.048086708269757
4.731608040201005,52.642964824120604,3.175166734242145
4.754261306532664,52.642964824120604,3.3265732855189363
4.776914572864322,52.642964824120604,3.498024414542173
4.79956783919598,52.642964824120604,3.6835898539926584
4.822221105527639,52.642964824120604,3.8761450624090257
4.844874371859297,52.642964824120604,4.06794418132759
4.867527638190955,52.642964824120604,4.251264674819286
4.890180904522613,52.642964824120604,4.419073454076481
4.912834170854271,52.642964824120604,4.565662392614021
4.93548743718593,52.642964824120604,4.687200200305338
4.958140703517588,52.642964824120604,4.782148771159455
4.9807939698492465,52.642964824120604,4.851497146697275
5.0034472361809055,52.642964824120604,4.898776782094738
5.026100502512563,52.642964824120604,4.929838548936107
5.048753768844222,52.642964824120604,4.952394090292853
5.07140703517588,52.642964824120604,4.975349504693395
5.094060301507538,52.642964824120604,5.007984526496809
5.116713567839197,52.642964824120604,5.059051624921191
5.139366834170854,52.642964824120604,5.135883319388828
5.162020100502513,52.642964824120604,5.243600014859518
5.184673366834171,52.642964824120604,5.38450368931337
5.207326633165829,52.642964824120604,5.557725282862694
5.229979899497488,52.642964824120604,5.759167624812455
5.252633165829145,52.642964824120604,5.981754368815651
5.275286432160804,52.642964824120604,6.215962534910012
5.2979396984924625,52.642964824120604,6.450585793885066
5.320592964824121,52.642964824120604,6.673651040840548
5.34324623115578,52.642964824120604,6.873394806617183
5.365899497487438,52.642964824120604,7.039200489901422
5.388552763819096,52.642964824120604,7.1624031416381335
5.411206030150755,52.642964824120604,7.236885332821174
5.433859296482412,52.642964824120604,7.259413799651137
5.456512562814071,52.642964824120604,7.229698811735054
5.479165829145729,52.642964824120604,7.15019191004826
5.501819095477387,52.642964824120604,7.025667563558674
5.524472361809046,52.642964824120604,6.862655694059545
5.547125628140703,52.642964824120604,6.6688019258385145
5.569778894472362,52.642964824120604,6.45223027170698
5.59243216080402,52.642964824120604,6.2209706466712404
5.6150854271356785,52.642964824120604,5.982494727361624
5.6377386934673375,52.642964824120604,5.743382531012225
5.660391959798995,52.642964824120604,5.50912253350591
5.683045226130654,52.642964824120604,5.284032872141939
5.705698492462312,52.642964824120604,5.071281423289363
5.72835175879397,52.642964824120604,4.872978235133239
5.751005025125629,52.642964824120604,4.690313950348347
5.773658291457287,52.642964824120604,4.523721061289592
5.796311557788945,52.642964824120604,4.373039668003138
5.818964824120604,52.642964824120604,4.237674669228992
5.841618090452261,52.642964824120604,4.116736183590517
5.86427135678392,52.642964824120604,4.009159011032675
5.886924623115578,52.642964824120604,3.9137999377104338
5.909577889447236,52.642964824120604,3.829513697693621
5.932231155778895,52.642964824120604,3.7552095823870393
5.954884422110553,52.642964824120604,3.689891228323922
5.977537688442212,52.642964824120604,3.632682210093028
6.00019095477387,52.642964824120604,3.582839886561135
6.022844221105528,52.642964824120604,3.5397596296753036
6.045497487437187,52.642964824120604,3.5029712058408995
6.068150753768844,52.642964824120604,3.472128749570702
6.090804020100503,52.642964824120604,3.446995511900343
6.113457286432161,52.642964824120604,3.427424404946608
6.136110552763819,52.642964824120604,3.4133353034503964
6.158763819095478,52.642964824120604,3.404690091952544
6.181417085427136,52.642964824120604,3.4014665352074243
6.204070351758794,52.642964824120604,3.4036321608910187
6.226723618090453,52.642964824120604,3.4111194334963004
6.2493768844221105,52.642964824120604,3.423803525297381
6.2720301507537695,52.642964824120604,3.4414839253271556
6.294683417085428,52.642964824120604,3.4638709606265756
6.317336683417086,52.642964824120604,3.490578047441095
6.339989949748745,52.642964824120604,3.521120172591476
6.362643216080402,52.642964824120604,3.554918763159735
6.385296482412061,52.642964824120604,3.5913127666823055
6.407949748743719,52.642964824120604,3.6295754499226933
6.430603015075377,52.642964824120604,3.66893613015631
6.453256281407036,52.642964824120604,3.7086057661707192
6.475909547738693,52.642964824120604,3.7478050476532614
6.498562814070352,52.642964824120604,3.785793341011905
6.52121608040201,52.642964824120604,3.821896615218165
6.543869346733668,52.642964824120604,3.8555323471899863
6.566522613065327,52.642964824120604,3.8862294657489675
6.5891758793969855,52.642964824120604,3.913641691287053
6.6118291457286436,52.642964824120604,3.93755317419711
6.6344824120603025,52.642964824120604,3.9578760764255385
6.65713567839196,52.642964824120604,3.9746405676117695
6.679788944723619,52.642964824120604,3.987978479206274
6.702442211055277,52.642964824120604,3.9981024425400085
6.725095477386935,52.642964824120604,4.005282639172097
6.747748743718594,52.642964824120604,4.009823287786314
6.770402010050251,52.642964824120604,4.012040720006216
6.79305527638191,52.642964824120604,4.0122444425172175
6.815708542713568,52.642964824120604,4.01072204791892
6.838361809045226,52.642964824120604,4.007728316616204
6.861015075376885,52.642964824120604,4.003478415502998
6.8836683417085425,52.642964824120604,3.9981447822967544
6.9063216080402015,52.642964824120604,3.991857093596006
6.9289748743718595,52.642964824120604,3.984704635245996
6.951628140703518,52.642964824120604,3.976740399333171
6.974281407035177,52.642964824120604,3.967986294099323
6.996934673366835,52.642964824120604,3.9584389452449984
7.019587939698493,52.642964824120604,3.9480756692969514
4.640994974874372,52.659391959798995,2.636962495596425
4.6636482412060305,52.659391959798995,2.7139766856180327
4.686301507537689,52.659391959798995,2.818080815697819
4.708954773869347,52.659391959798995,2.9498997755391168
4.731608040201005,52.659391959798995,3.108173917017334
4.754261306532664,52.659391959798995,3.289705184732358
4.776914572864322,52.659391959798995,3.489493828010346
4.79956783919598,52.659391959798995,3.7010504218685014
4.822221105527639,52.659391959798995,3.916853592957171
4.844874371859297,52.659391959798995,4.128914912486063
4.867527638190955,52.659391959798995,4.329407275109976
4.890180904522613,52.659391959798995,4.511309878154761
4.912834170854271,52.659391959798995,4.669020514995195
4.93548743718593,52.659391959798995,4.798884379254373
4.958140703517588,52.659391959798995,4.8995891682688635
4.9807939698492465,52.659391959798995,4.972380802610156
5.0034472361809055,52.659391959798995,5.021064174360027
5.026100502512563,52.659391959798995,5.051769665515421
5.048753768844222,52.659391959798995,5.072487961882237
5.07140703517588,52.659391959798995,5.0924006741224455
5.094060301507538,52.659391959798995,5.121059134573174
5.116713567839197,52.659391959798995,5.167484728236648
5.139366834170854,52.659391959798995,5.239277829406248
5.162020100502513,52.659391959798995,5.341826394661634
5.184673366834171,52.659391959798995,5.477698424113323
5.207326633165829,52.659391959798995,5.6462853185758295
5.229979899497488,52.659391959798995,5.8437375930717685
5.252633165829145,52.659391959798995,6.0632035886509135
5.275286432160804,52.659391959798995,6.295349533911031
5.2979396984924625,52.659391959798995,6.529109375407442
5.320592964824121,52.659391959798995,6.752588604863265
5.34324623115578,52.659391959798995,6.954030502102738
5.365899497487438,52.659391959798995,7.122747574012344
5.388552763819096,52.659391959798995,7.249926360487883
5.411206030150755,52.659391959798995,7.32922995124675
5.433859296482412,52.659391959798995,7.35714789137929
5.456512562814071,52.659391959798995,7.333074489347661
5.479165829145729,52.659391959798995,7.259129392284254
5.501819095477387,52.659391959798995,7.139763573686731
5.524472361809046,52.659391959798995,6.981215018092743
5.547125628140703,52.659391959798995,6.790888459278317
5.569778894472362,52.659391959798995,6.576731948708599
5.59243216080402,52.659391959798995,6.346671561816361
5.6150854271356785,52.659391959798995,6.108147638488396
5.6377386934673375,52.659391959798995,5.867775694287061
5.660391959798995,52.659391959798995,5.631136238409604
5.683045226130654,52.659391959798995,5.402682799633386
5.705698492462312,52.659391959798995,5.185747726108814
5.72835175879397,52.659391959798995,4.982620777484624
5.751005025125629,52.659391959798995,4.7946752863078075
5.773658291457287,52.659391959798995,4.622519422973787
5.796311557788945,52.659391959798995,4.466154507256959
5.818964824120604,52.659391959798995,4.325127236214859
5.841618090452261,52.659391959798995,4.198667340181316
5.86427135678392,52.659391959798995,4.0858060709215644
5.886924623115578,52.659391959798995,3.9854738842400463
5.909577889447236,52.659391959798995,3.896577715005213
5.932231155778895,52.659391959798995,3.8180594814734707
5.954884422110553,52.659391959798995,3.7489380728082424
5.977537688442212,52.659391959798995,3.68833724864138
6.00019095477387,52.659391959798995,3.6355017724641616
6.022844221105528,52.659391959798995,3.5898038411947657
6.045497487437187,52.659391959798995,3.550741559208505
6.068150753768844,52.659391959798995,3.5179309052177556
6.090804020100503,52.659391959798995,3.4910923989209217
6.113457286432161,52.659391959798995,3.470033514933318
6.136110552763819,52.659391959798995,3.4546278200103253
6.158763819095478,52.659391959798995,3.444791816173504
6.181417085427136,52.659391959798995,3.4404605338090666
6.204070351758794,52.659391959798995,3.441563002018924
6.226723618090453,52.659391959798995,3.447998790962928
6.2493768844221105,52.659391959798995,3.4596168379714
6.2720301507537695,52.659391959798995,3.4761977115897746
6.294683417085428,52.659391959798995,3.4974403272511227
6.317336683417086,52.659391959798995,3.5229539141546837
6.339989949748745,52.659391959798995,3.5522557675922384
6.362643216080402,52.659391959798995,3.584775031207469
6.385296482412061,52.659391959798995,3.6198624603340255
6.407949748743719,52.659391959798995,3.6568058279922373
6.430603015075377,52.659391959798995,3.694850342452896
6.453256281407036,52.659391959798995,3.733223136151256
6.475909547738693,52.659391959798995,3.7711605543185973
6.498562814070352,52.659391959798995,3.807936634784081
6.52121608040201,52.659391959798995,3.842890876064832
6.543869346733668,52.659391959798995,3.8754532144277913
6.566522613065327,52.659391959798995,3.9051641556583236
6.5891758793969855,52.659391959798995,3.9316882961049715
6.6118291457286436,52.659391959798995,3.9548200312148967
6.6344824120603025,52.659391959798995,3.974481031132676
6.65713567839196,52.659391959798995,3.990709942001301
6.679788944723619,52.659391959798995,4.003645594163885
6.702442211055277,52.659391959798995,4.0135056182695665
6.725095477386935,52.659391959798995,4.020562689036673
6.747748743718594,52.659391959798995,4.025120606934139
6.770402010050251,52.659391959798995,4.027492133592604
6.79305527638191,52.659391959798995,4.027980010253015
6.815708542713568,52.659391959798995,4.026862021630169
6.838361809045226,52.659391959798995,4.024380421632814
6.861015075376885,52.659391959798995,4.020735584598631
6.8836683417085425,52.659391959798995,4.01608342262029
6.9063216080402015,52.659391959798995,4.010535920799169
6.9289748743718595,52.659391959798995,4.004164070263203
6.951628140703518,52.659391959798995,3.9970024944958937
6.974281407035177,52.659391959798995,3.9890551365937696
6.996934673366835,52.659391959798995,3.9803014759137767
7.019587939698493,52.659391959798995,3.970702851210283
4.640994974874372,52.67581909547739,2.4909060353758345
4.6636482412060305,52.67581909547739,2.594486173053307
4.686301507537689,52.67581909547739,2.7263619232079153
4.708954773869347,52.67581909547739,2.886248922745848
4.731608040201005,52.67581909547739,3.072042380773822
4.754261306532664,52.67581909547739,3.279809123170697
4.776914572864322,52.67581909547739,3.503953838242923
4.79956783919598,52.67581909547739,3.7375445361916455
4.822221105527639,52.67581909547739,3.972769717903134
4.844874371859297,52.67581909547739,4.201491765771048
4.867527638190955,52.67581909547739,4.41585618052618
4.890180904522613,52.67581909547739,4.608912901331441
4.912834170854271,52.67581909547739,4.7752031661100744
4.93548743718593,52.67581909547739,4.911263429140717
4.958140703517588,52.67581909547739,5.015998039138556
4.9807939698492465,52.67581909547739,5.090876512643301
5.0034472361809055,52.67581909547739,5.139920906740088
5.026100502512563,52.67581909547739,5.169464633608967
5.048753768844222,52.67581909547739,5.18768528387836
5.07140703517588,52.67581909547739,5.203938411735494
5.094060301507538,52.67581909547739,5.227943507728987
5.116713567839197,52.67581909547739,5.268893880002231
5.139366834170854,52.67581909547739,5.334575545990363
5.162020100502513,52.67581909547739,5.430584109661695
5.184673366834171,52.67581909547739,5.559721918922839
5.207326633165829,52.67581909547739,5.7216410420596535
5.229979899497488,52.67581909547739,5.912772698676425
5.252633165829145,52.67581909547739,6.12655378730701
5.275286432160804,52.67581909547739,6.353929743476906
5.2979396984924625,52.67581909547739,6.584083851236483
5.320592964824121,52.67581909547739,6.80531958540772
5.34324623115578,52.67581909547739,7.006007123246849
5.365899497487438,52.67581909547739,7.17549954640252
5.388552763819096,52.67581909547739,7.304929275706267
5.411206030150755,52.67581909547739,7.387810703476193
5.433859296482412,52.67581909547739,7.420399261318429
5.456512562814071,52.67581909547739,7.401787269840172
5.479165829145729,52.67581909547739,7.333748575486641
5.501819095477387,52.67581909547739,7.220372325227434
5.524472361809046,52.67581909547739,7.067546879932527
5.547125628140703,52.67581909547739,6.882364993832991
5.569778894472362,52.67581909547739,6.672520384224503
5.59243216080402,52.67581909547739,6.445755307164103
5.6150854271356785,52.67581909547739,6.209401975064014
5.6377386934673375,52.67581909547739,5.970041464911559
5.660391959798995,52.67581909547739,5.733285693166042
5.683045226130654,52.67581909547739,5.503673577175905
5.705698492462312,52.67581909547739,5.284662883724569
5.72835175879397,52.67581909547739,5.078694533609449
5.751005025125629,52.67581909547739,4.88730550951421
5.773658291457287,52.67581909547739,4.711268809183389
5.796311557788945,52.67581909547739,4.550742844896209
5.818964824120604,52.67581909547739,4.405417243431298
5.841618090452261,52.67581909547739,4.274646374895519
5.86427135678392,52.67581909547739,4.157565671257683
5.886924623115578,52.67581909547739,4.053188685983467
5.909577889447236,52.67581909547739,3.960484882575539
5.932231155778895,52.67581909547739,3.8784394233202906
5.954884422110553,52.67581909547739,3.8060969138483935
5.977537688442212,52.67581909547739,3.742591308339672
6.00019095477387,52.67581909547739,3.6871641438408096
6.022844221105528,52.67581909547739,3.639173073654928
6.045497487437187,52.67581909547739,3.598092403612503
6.068150753768844,52.67581909547739,3.563507068713254
6.090804020100503,52.67581909547739,3.5351012651425204
6.113457286432161,52.67581909547739,3.512642798184747
6.136110552763819,52.67581909547739,3.495964127330209
6.158763819095478,52.67581909547739,3.4849410785617794
6.181417085427136,52.67581909547739,3.4794702311330026
6.204070351758794,52.67581909547739,3.479446044241119
6.226723618090453,52.67581909547739,3.4847388365790346
6.2493768844221105,52.67581909547739,3.4951747401032116
6.2720301507537695,52.67581909547739,3.510518698668764
6.294683417085428,52.67581909547739,3.530461465706217
6.317336683417086,52.67581909547739,3.55461137977469
6.339989949748745,52.67581909547739,3.5824914791947187
6.362643216080402,52.67581909547739,3.6135422756027618
6.385296482412061,52.67581909547739,3.6471302531900287
6.407949748743719,52.67581909547739,3.6825618954345622
6.430603015075377,52.67581909547739,3.719102752818789
6.453256281407036,52.67581909547739,3.756000738877363
6.475909547738693,52.67581909547739,3.7925124747820735
6.498562814070352,52.67581909547739,3.8279311172496446
6.52121608040201,52.67581909547739,3.8616137574222553
6.543869346733668,52.67581909547739,3.893006254654245
6.566522613065327,52.67581909547739,3.9216633618235797
6.5891758793969855,52.67581909547739,3.9472622768392567
6.6118291457286436,52.67581909547739,3.9696083314326196
6.6344824120603025,52.67581909547739,3.988632342049314
6.65713567839196,52.67581909547739,4.004380069612271
6.679788944723619,52.67581909547739,4.0169950992920995
6.702442211055277,52.67581909547739,4.026697101327581
6.725095477386935,52.67581909547739,4.033757764781438
6.747748743718594,52.67581909547739,4.0384766800623755
6.770402010050251,52.67581909547739,4.0411591308754
6.79305527638191,52.67581909547739,4.042097242215244
6.815708542713568,52.67581909547739,4.041555337249351
6.838361809045226,52.67581909547739,4.039759789417976
6.861015075376885,52.67581909547739,4.036893191685688
6.8836683417085425,52.67581909547739,4.033092339075314
6.9063216080402015,52.67581909547739,4.028449336118711
6.9289748743718595,52.67581909547739,4.023015077317647
6.951628140703518,52.67581909547739,4.016804374368327
6.974281407035177,52.67581909547739,4.009802085346716
6.996934673366835,52.67581909547739,4.001969709361243
7.019587939698493,52.67581909547739,3.993252023900869
7.042241206030151,52.67581909547739,3.9835834476213132
4.640994974874372,52.69224623115578,2.3875808231183533
4.6636482412060305,52.69224623115578,2.515281372802467
4.686301507537689,52.69224623115578,2.671953420555827
4.708954773869347,52.69224623115578,2.8565076846543667
4.731608040201005,52.69224623115578,3.0661095451384615
4.754261306532664,52.69224623115578,3.2962102841520124
4.776914572864322,52.69224623115578,3.5407370676243506
4.79956783919598,52.69224623115578,3.7924270987206286
4.822221105527639,52.69224623115578,4.043280434756547
4.844874371859297,52.69224623115578,4.285098800294183
4.867527638190955,52.69224623115578,4.510073076415148
4.890180904522613,52.69224623115578,4.711378648908396
4.912834170854271,52.69224623115578,4.883734769020195
4.93548743718593,52.69224623115578,5.023881872075101
4.958140703517588,52.69224623115578,5.130930720133463
4.9807939698492465,52.69224623115578,5.206541060152782
5.0034472361809055,52.69224623115578,5.254896745310201
5.026100502512563,52.69224623115578,5.282459540034261
5.048753768844222,52.69224623115578,5.2975043364679495
5.07140703517588,52.69224623115578,5.309462080386549
5.094060301507538,52.69224623115578,5.3281201579103925
5.116713567839197,52.69224623115578,5.362749779549027
5.139366834170854,52.69224623115578,5.421242790821063
5.162020100502513,52.69224623115578,5.509344033263477
5.184673366834171,52.69224623115578,5.630058882821638
5.207326633165829,52.69224623115578,5.783299386530398
5.229979899497488,52.69224623115578,5.965808380822402
5.252633165829145,52.69224623115578,6.171372063465548
5.275286432160804,52.69224623115578,6.391301245350068
5.2979396984924625,52.69224623115578,6.615133491213746
5.320592964824121,52.69224623115578,6.83148569426171
5.34324623115578,52.69224623115578,7.028971737644074
5.365899497487438,52.69224623115578,7.197094394226982
5.388552763819096,52.69224623115578,7.3270252661624165
5.411206030150755,52.69224623115578,7.412201126487932
5.433859296482412,52.69224623115578,7.448688023661675
5.456512562814071,52.69224623115578,7.435293099416959
5.479165829145729,52.69224623115578,7.373434213921225
5.501819095477387,52.69224623115578,7.266804585908341
5.524472361809046,52.69224623115578,7.120889596862848
5.547125628140703,52.69224623115578,6.94240297965804
5.569778894472362,52.69224623115578,6.73870918896381
5.59243216080402,52.69224623115578,6.517289298999121
5.6150854271356785,52.69224623115578,6.285292278445447
5.6377386934673375,52.69224623115578,6.049195549883822
5.660391959798995,52.69224623115578,5.81458165735326
5.683045226130654,52.69224623115578,5.586024019005221
5.705698492462312,52.69224623115578,5.367065331634874
5.72835175879397,52.69224623115578,5.160267332236285
5.751005025125629,52.69224623115578,4.967309640749899
5.773658291457287,52.69224623115578,4.789117234679511
5.796311557788945,52.69224623115578,4.625999591515827
5.818964824120604,52.69224623115578,4.477788680158962
5.841618090452261,52.69224623115578,4.343967050937214
5.86427135678392,52.69224623115578,4.223780809950956
5.886924623115578,52.69224623115578,4.116335054923176
5.909577889447236,52.69224623115578,4.020671362219803
5.932231155778895,52.69224623115578,3.9358282251620826
5.954884422110553,52.69224623115578,3.860886084210273
5.977537688442212,52.69224623115578,3.7949989071485035
6.00019095477387,52.69224623115578,3.7374143096440493
6.022844221105528,52.69224623115578,3.687484069420106
6.045497487437187,52.69224623115578,3.6446666709850852
6.068150753768844,52.69224623115578,3.6085232878159315
6.090804020100503,52.69224623115578,3.5787084084413374
6.113457286432161,52.69224623115578,3.5549561665610385
6.136110552763819,52.69224623115578,3.5370633517608328
6.158763819095478,52.69224623115578,3.5248700517395113
6.181417085427136,52.69224623115578,3.5182388937014144
6.204070351758794,52.69224623115578,3.517033888870076
6.226723618090453,52.69224623115578,3.52109991427284
6.2493768844221105,52.69224623115578,3.530243866806347
6.2720301507537695,52.69224623115578,3.5442184802022725
6.294683417085428,52.69224623115578,3.5627097004703545
6.317336683417086,52.69224623115578,3.5853283746846594
6.339989949748745,52.69224623115578,3.611606833182586
6.362643216080402,52.69224623115578,3.6410007478075017
6.385296482412061,52.69224623115578,3.672896433163639
6.407949748743719,52.69224623115578,3.706623517286691
6.430603015075377,52.69224623115578,3.741472626977576
6.453256281407036,52.69224623115578,3.7767173957018616
6.475909547738693,52.69224623115578,3.811639707164026
6.498562814070352,52.69224623115578,3.845556662912358
6.52121608040201,52.69224623115578,3.8778473711470096
6.543869346733668,52.69224623115578,3.907977389596253
6.566522613065327,52.69224623115578,3.9355186188182794
6.5891758793969855,52.69224623115578,3.9601627083186473
6.6118291457286436,52.69224623115578,3.981726621290419
6.6344824120603025,52.69224623115578,4.000149840480977
6.65713567839196,52.69224623115578,4.015483651225551
6.679788944723619,52.69224623115578,4.02787383278111
6.702442211055277,52.69224623115578,4.037538760330952
6.725095477386935,52.69224623115578,4.044745257863285
6.747748743718594,52.69224623115578,4.049784518574327
6.770402010050251,52.69224623115578,4.052950076300848
6.79305527638191,52.69224623115578,4.054519275221751
6.815708542713568,52.69224623115578,4.054739070952089
6.838361809045226,52.69224623115578,4.053816415476945
6.861015075376885,52.69224623115578,4.051913007743728
6.8836683417085425,52.69224623115578,4.049143867087315
6.9063216080402015,52.69224623115578,4.04557900866421
6.9289748743718595,52.69224623115578,4.041247445795364
6.951628140703518,52.69224623115578,4.036142779414515
6.974281407035177,52.69224623115578,4.030229724542487
6.996934673366835,52.69224623115578,4.023451037976304
7.019587939698493,52.69224623115578,4.015734428499242
7.042241206030151,52.69224623115578,4.006999137539761
4.6636482412060305,52.70867336683417,2.474989600420065
4.686301507537689,52.70867336683417,2.653470962377672
4.708954773869347,52.70867336683417,2.859316351544439
4.731608040201005,52.70867336683417,3.0890723449465605
4.754261306532664,52.70867336683417,3.3376884782646923
4.776914572864322,52.70867336683417,3.5987257239093875
4.79956783919598,52.70867336683417,3.864695122517508
4.822221105527639,52.70867336683417,4.127502912942534
4.844874371859297,52.70867336683417,4.378972069434406
4.867527638190955,52.70867336683417,4.611405740355907
4.890180904522613,52.70867336683417,4.818154557308284
4.912834170854271,52.70867336683417,4.994146636349954
4.93548743718593,52.70867336683417,5.1363367611083355
4.958140703517588,52.70867336683417,5.244031018428293
4.9807939698492465,52.70867336683417,5.319046752101035
5.0034472361809055,52.70867336683417,5.365676547981275
5.026100502512563,52.70867336683417,5.3904395959129126
5.048753768844222,52.70867336683417,5.401623416227639
5.07140703517588,52.70867336683417,5.408641496502676
5.094060301507538,52.70867336683417,5.421254805394355
5.116713567839197,52.70867336683417,5.448724034151422
5.139366834170854,52.70867336683417,5.498971681820246
5.162020100502513,52.70867336683417,5.57783655342138
5.184673366834171,52.70867336683417,5.688496951006241
5.207326633165829,52.70867336683417,5.831123289504266
5.229979899497488,52.70867336683417,6.0027978769557375
5.252633165829145,52.70867336683417,6.197711997732324
5.275286432160804,52.70867336683417,6.407621604822227
5.2979396984924625,52.70867336683417,6.622516249788345
5.320592964824121,52.70867336683417,6.831434313209994
5.34324623115578,52.70867336683417,7.0233434182936385
5.365899497487438,52.70867336683417,7.1879996188194735
5.388552763819096,52.70867336683417,7.316703235919565
5.411206030150755,52.70867336683417,7.402882823200601
5.433859296482412,52.70867336683417,7.442460274267701
5.456512562814071,52.70867336683417,7.433976895721273
5.479165829145729,52.70867336683417,7.378488605291184
5.501819095477387,52.70867336683417,7.279264025997906
5.524472361809046,52.70867336683417,7.141338277185258
5.547125628140703,52.70867336683417,6.970985173194278
5.569778894472362,52.70867336683417,6.7751706921394605
5.59243216080402,52.70867336683417,6.561042259752765
5.6150854271356785,52.70867336683417,6.335494311465748
5.6377386934673375,52.70867336683417,6.104834047770854
5.660391959798995,52.70867336683417,5.874555345836538
5.683045226130654,52.70867336683417,5.649215672386071
5.705698492462312,52.70867336683417,5.4324017291188404
5.72835175879397,52.70867336683417,5.226764625246165
5.751005025125629,52.70867336683417,5.034104056728747
5.773658291457287,52.70867336683417,4.855482331426285
5.796311557788945,52.70867336683417,4.691352074677358
5.818964824120604,52.70867336683417,4.541685159909705
5.841618090452261,52.70867336683417,4.406094139189549
5.86427135678392,52.70867336683417,4.283940755966427
5.886924623115578,52.70867336683417,4.174428785417708
5.909577889447236,52.70867336683417,4.076680412484436
5.932231155778895,52.70867336683417,3.989796677293456
5.954884422110553,52.70867336683417,3.912903302224091
5.977537688442212,52.70867336683417,3.845183593653853
6.00019095477387,52.70867336683417,3.78590020899059
6.022844221105528,52.70867336683417,3.7344075032092086
6.045497487437187,52.70867336683417,3.690156003793583
6.068150753768844,52.70867336683417,3.6526903713464867
6.090804020100503,52.70867336683417,3.6216420274396888
6.113457286432161,52.70867336683417,3.5967174962556396
6.136110552763819,52.70867336683417,3.5776834220704044
6.158763819095478,52.70867336683417,3.5643491882555667
6.181417085427136,52.70867336683417,3.556548063296148
6.204070351758794,52.70867336683417,3.5541178171155634
6.226723618090453,52.70867336683417,3.5568817662761836
6.2493768844221105,52.70867336683417,3.5646312009873866
6.2720301507537695,52.70867336683417,3.5771101079098226
6.294683417085428,52.70867336683417,3.5940030263069205
6.317336683417086,52.70867336683417,3.6149267645723637
6.339989949748745,52.70867336683417,3.6394265669657795
6.362643216080402,52.70867336683417,3.6669771620530134
6.385296482412061,52.70867336683417,3.696988942894143
6.407949748743719,52.70867336683417,3.728819312327814
6.430603015075377,52.70867336683417,3.7617889554950477
6.453256281407036,52.70867336683417,3.7952024592977383
6.475909547738693,52.70867336683417,3.828372284887639
6.498562814070352,52.70867336683417,3.8606446455977963
6.52121608040201,52.70867336683417,3.891425417730288
6.543869346733668,52.70867336683417,3.920203914894653
6.566522613065327,52.70867336683417,3.946572295108263
6.5891758793969855,52.70867336683417,3.970238622899163
6.6118291457286436,52.70867336683417,3.991032192603501
6.6344824120603025,52.70867336683417,4.008900567719697
6.65713567839196,52.70867336683417,4.0238987629066125
6.679788944723619,52.70867336683417,4.036171907879949
6.702442211055277,52.70867336683417,4.045933414686654
6.725095477386935,52.70867336683417,4.053441008845553
6.747748743718594,52.70867336683417,4.058972953028036
6.770402010050251,52.70867336683417,4.062806444459763
6.79305527638191,52.70867336683417,4.065199615321299
6.815708542713568,52.70867336683417,4.0663779387754815
6.838361809045226,52.70867336683417,4.066525255897524
6.861015075376885,52.70867336683417,4.065779168056659
6.8836683417085425,52.70867336683417,4.064230220034092
6.9063216080402015,52.70867336683417,4.061924129983944
6.9289748743718595,52.70867336683417,4.0588662779627365
6.951628140703518,52.70867336683417,4.0550277090910445
6.974281407035177,52.70867336683417,4.050352003993945
6.996934673366835,52.70867336683417,4.044762487547812
7.019587939698493,52.70867336683417,4.038169365508638
7.042241206030151,52.70867336683417,4.030476484442866
4.6636482412060305,52.72510050251256,2.471497361598479
4.686301507537689,52.72510050251256,2.668857060501793
4.708954773869347,52.72510050251256,2.8927156094455615
4.731608040201005,52.72510050251256,3.1391053989306923
4.754261306532664,52.72510050251256,3.4025802221838086
4.776914572864322,52.72510050251256,3.676437600436451
4.79956783919598,52.72510050251256,3.953058215702367
4.822221105527639,52.72510050251256,4.224340483009856
4.844874371859297,52.72510050251256,4.482202503318827
4.867527638190955,52.72510050251256,4.719119480400377
4.890180904522613,52.72510050251256,4.92866121823648
4.912834170854271,52.72510050251256,5.105991174377392
4.93548743718593,52.72510050251256,5.248286218945304
4.958140703517588,52.72510050251256,5.355035996289619
4.9807939698492465,52.72510050251256,5.428184210194118
5.0034472361809055,52.72510050251256,5.472082589270185
5.026100502512563,52.72510050251256,5.4932422088369375
5.048753768844222,52.72510050251256,5.4998854916217965
5.07140703517588,52.72510050251256,5.501323584027637
5.094060301507538,52.72510050251256,5.507205011422503
5.116713567839197,52.72510050251256,5.526699335430482
5.139366834170854,52.72510050251256,5.567691057776417
5.162020100502513,52.72510050251256,5.636062175526876
5.184673366834171,52.72510050251256,5.735135732185842
5.207326633165829,52.72510050251256,5.865337911569339
5.229979899497488,52.72510050251256,6.024114426266132
5.252633165829145,52.72510050251256,6.206110855434844
5.275286432160804,52.72510050251256,6.403599381457885
5.2979396984924625,52.72510050251256,6.607109250006285
5.320592964824121,52.72510050251256,6.806198001346572
5.34324623115578,52.72510050251256,6.990287201384065
5.365899497487438,52.72510050251256,7.14948140756964
5.388552763819096,52.72510050251256,7.275293032345438
5.411206030150755,52.72510050251256,7.361208340368736
5.433859296482412,52.72510050251256,7.403049726830794
5.456512562814071,52.72510050251256,7.399114229983349
5.479165829145729,52.72510050251256,7.350094510104292
5.501819095477387,52.72510050251256,7.258812401284081
5.524472361809046,52.72510050251256,7.129813081592756
5.547125628140703,52.72510050251256,6.968877556296202
5.569778894472362,52.72510050251256,6.78251186000927
5.59243216080402,52.72510050251256,6.577464255735603
5.6150854271356785,52.72510050251256,6.360309142557007
5.6377386934673375,52.72510050251256,6.137121351564672
5.660391959798995,52.72510050251256,5.913249809246734
5.683045226130654,52.72510050251256,5.69318726202272
5.705698492462312,52.72510050251256,5.48052401852099
5.72835175879397,52.72510050251256,5.277968708755501
5.751005025125629,52.72510050251256,5.087417440253742
5.773658291457287,52.72510050251256,4.910053632630504
5.796311557788945,52.72510050251256,4.746463309652891
5.818964824120604,52.72510050251256,4.596753883452636
5.841618090452261,52.72510050251256,4.460667832099398
5.86427135678392,52.72510050251256,4.337685722642268
5.886924623115578,52.72510050251256,4.227115540439914
5.909577889447236,52.72510050251256,4.128167180063137
5.932231155778895,52.72510050251256,4.040012264235714
5.954884422110553,52.72510050251256,3.9618302733862825
5.977537688442212,52.72510050251256,3.8928424003301254
6.00019095477387,52.72510050251256,3.8323347031064947
6.022844221105528,52.72510050251256,3.7796721117215726
6.045497487437187,52.72510050251256,3.7343047304370836
6.068150753768844,52.72510050251256,3.6957677255116774
6.090804020100503,52.72510050251256,3.6636759396903966
6.113457286432161,52.72510050251256,3.6377142538687277
6.136110552763819,52.72510050251256,3.6176246342292395
6.158763819095478,52.72510050251256,3.603190759608099
6.181417085427136,52.72510050251256,3.594221110320568
6.204070351758794,52.72510050251256,3.5905314021545425
6.226723618090453,52.72510050251256,3.5919272518697074
6.2493768844221105,52.72510050251256,3.5981879492247826
6.2720301507537695,52.72510050251256,3.609052175987502
6.294683417085428,52.72510050251256,3.624206451506585
6.317336683417086,52.72510050251256,3.6432769994659404
6.339989949748745,52.72510050251256,3.6658256254176895
6.362643216080402,52.72510050251256,3.691350070386113
6.385296482412061,52.72510050251256,3.7192891551528184
6.407949748743719,52.72510050251256,3.7490328362748557
6.430603015075377,52.72510050251256,3.779937036339325
6.453256281407036,52.72510050251256,3.811342769738954
6.475909547738693,52.72510050251256,3.8425986623026236
6.498562814070352,52.72510050251256,3.8730854918715294
6.52121608040201,52.72510050251256,3.902240929645737
6.543869346733668,52.72510050251256,3.9295823424148666
6.566522613065327,52.72510050251256,3.954725434499145
6.5891758793969855,52.72510050251256,3.9773967475230356
6.6118291457286436,52.72510050251256,3.9974386135638955
6.6344824120603025,52.72510050251256,4.014806005539709
6.65713567839196,52.72510050251256,4.029555703370704
6.679788944723619,52.72510050251256,4.04182910972409
6.702442211055277,52.72510050251256,4.051830730647521
6.725095477386935,52.72510050251256,4.059804670124308
6.747748743718594,52.72510050251256,4.066011446880417
6.770402010050251,52.72510050251256,4.07070708435622
6.79305527638191,52.72510050251256,4.074125864906563
6.815708542713568,52.72510050251256,4.076467509067836
6.838361809045226,52.72510050251256,4.077888955180342
6.861015075376885,52.72510050251256,4.078500450592715
6.8836683417085425,52.72510050251256,4.078365356370886
6.9063216080402015,52.72510050251256,4.077502909425718
6.9289748743718595,52.72510050251256,4.075893151989754
6.951628140703518,52.72510050251256,4.073483290889011
6.974281407035177,52.72510050251256,4.070194850766644
6.996934673366835,52.72510050251256,4.065931105774904
7.019587939698493,52.72510050251256,4.060584391962547
7.042241206030151,52.72510050251256,4.054043005561451
4.6636482412060305,52.74152763819096,2.5021130946814583
4.686301507537689,52.74152763819096,2.7155311130524233
4.708954773869347,52.74152763819096,2.954281901204151
4.731608040201005,52.74152763819096,3.2139804019417086
4.754261306532664,52.74152763819096,3.4888815048901285
4.776914572864322,52.74152763819096,3.7721121602980143
4.79956783919598,52.74152763819096,4.056008465855585
4.822221105527639,52.74152763819096,4.332537268955884
4.844874371859297,52.74152763819096,4.5937766255489905
4.867527638190955,52.74152763819096,4.832425583890514
4.890180904522613,52.74152763819096,5.042310439482238
4.912834170854271,52.74152763819096,5.218851584925465
4.93548743718593,52.74152763819096,5.3594528694277574
4.958140703517588,52.74152763819096,5.463775181798092
4.9807939698492465,52.74152763819096,5.533859266250979
5.0034472361809055,52.74152763819096,5.574070793649095
5.026100502512563,52.74152763819096,5.59085385332885
5.048753768844222,52.74152763819096,5.592296569454407
5.07140703517588,52.74152763819096,5.5875325965413785
5.094060301507538,52.74152763819096,5.58602209415552
5.116713567839197,52.74152763819096,5.596772406428166
5.139366834170854,52.74152763819096,5.62756935811363
5.162020100502513,52.74152763819096,5.684292906780899
5.184673366834171,52.74152763819096,5.770385077852293
5.207326633165829,52.74152763819096,5.8865241363925005
5.229979899497488,52.74152763819096,6.030538472696392
5.252633165829145,52.74152763819096,6.1975692401145555
5.275286432160804,52.74152763819096,6.380465378166217
5.2979396984924625,52.74152763819096,6.5703712556640355
5.320592964824121,52.74152763819096,6.757448340262395
5.34324623115578,52.74152763819096,6.9316599697118395
5.365899497487438,52.74152763819096,7.083543683777886
5.388552763819096,52.74152763819096,7.20489916315116
5.411206030150755,52.74152763819096,7.289331307974219
5.433859296482412,52.74152763819096,7.332606151690537
5.456512562814071,52.74152763819096,7.332799931557087
5.479165829145729,52.74152763819096,7.290245657944663
5.501819095477387,52.74152763819096,7.207303470733146
5.524472361809046,52.74152763819096,7.087997769368846
5.547125628140703,52.74152763819096,6.93757340131414
5.569778894472362,52.74152763819096,6.762024438830992
5.59243216080402,52.74152763819096,6.5676431659248795
5.6150854271356785,52.74152763819096,6.360625915892942
5.6377386934673375,52.74152763819096,6.146758973173505
5.660391959798995,52.74152763819096,5.931194397986712
5.683045226130654,52.74152763819096,5.718314265050086
5.705698492462312,52.74152763819096,5.511673518436937
5.72835175879397,52.74152763819096,5.314006719595661
5.751005025125629,52.74152763819096,5.127282076456104
5.773658291457287,52.74152763819096,4.9527866011283805
5.796311557788945,52.74152763819096,4.791228244449245
5.818964824120604,52.74152763819096,4.642843646021617
5.841618090452261,52.74152763819096,4.507503122748232
5.86427135678392,52.74152763819096,4.384807291155572
5.886924623115578,52.74152763819096,4.27417205055296
5.909577889447236,52.74152763819096,4.1749004579144895
5.932231155778895,52.74152763819096,4.08624131126394
5.954884422110553,52.74152763819096,4.0074350932302165
5.977537688442212,52.74152763819096,3.937748402782734
6.00019095477387,52.74152763819096,3.8764982172490545
6.022844221105528,52.74152763819096,3.823067365904483
6.045497487437187,52.74152763819096,3.7769125329214255
6.068150753768844,52.74152763819096,3.7375659964193617
6.090804020100503,52.74152763819096,3.70463219063108
6.113457286432161,52.74152763819096,3.6777800740152093
6.136110552763819,52.74152763819096,3.656732209434212
6.158763819095478,52.74152763819096,3.641251415175452
6.181417085427136,52.74152763819096,3.631125822093014
6.204070351758794,52.74152763819096,3.626153162281889
6.226723618090453,52.74152763819096,3.626125106723752
6.2493768844221105,52.74152763819096,3.630812452902998
6.2720301507537695,52.74152763819096,3.6399519319435556
6.294683417085428,52.74152763819096,3.6532353563261553
6.317336683417086,52.74152763819096,3.670301765110277
6.339989949748745,52.74152763819096,3.6907331452337457
6.362643216080402,52.74152763819096,3.714054212024375
6.385296482412061,52.74152763819096,3.739736608547484
6.407949748743719,52.74152763819096,3.7672077121166168
6.430603015075377,52.74152763819096,3.7958639930567375
6.453256281407036,52.74152763819096,3.8250885372709917
6.475909547738693,52.74152763819096,3.8542719217431216
6.498562814070352,52.74152763819096,3.8828351554576375
6.52121608040201,52.74152763819096,3.910252941197748
6.543869346733668,52.74152763819096,3.936075181438772
6.566522613065327,52.74152763819096,3.9599445563867453
6.5891758793969855,52.74152763819096,3.9816082272861726
6.6118291457286436,52.74152763819096,4.000922281527967
6.6344824120603025,52.74152763819096,4.01784837065294
6.65713567839196,52.74152763819096,4.03244295329442
6.679788944723619,52.74152763819096,4.044840456535866
6.702442211055277,52.74152763819096,4.055232337081003
6.725095477386935,52.74152763819096,4.063844345070731
6.747748743718594,52.74152763819096,4.0709142432698515
6.770402010050251,52.74152763819096,4.076671872017298
6.79305527638191,52.74152763819096,4.0813228911431185
6.815708542713568,52.74152763819096,4.085036906176893
6.838361809045226,52.74152763819096,4.087940111695188
6.861015075376885,52.74152763819096,4.090112134608555
6.8836683417085425,52.74152763819096,4.091586465710573
6.9063216080402015,52.74152763819096,4.092353723384603
6.9289748743718595,52.74152763819096,4.092366970174194
6.951628140703518,52.74152763819096,4.091548362517863
6.974281407035177,52.74152763819096,4.089796518820869
6.996934673366835,52.74152763819096,4.086994110931501
7.019587939698493,52.74152763819096,4.08301529848001
7.042241206030151,52.74152763819096,4.077732723297077
4.6636482412060305,52.75795477386935,2.5637242164710305
4.686301507537689,52.75795477386935,2.7905339374597857
4.708954773869347,52.75795477386935,3.041257621320836
4.731608040201005,52.75795477386935,3.3111807369431023
4.754261306532664,52.75795477386935,3.594346147530481
4.776914572864322,52.75795477386935,3.8837925204700623
4.79956783919598,52.75795477386935,4.171886425827112
4.822221105527639,52.75795477386935,4.4507290010996
4.844874371859297,52.75795477386935,4.712613408738405
4.867527638190955,52.75795477386935,4.950505759268383
4.890180904522613,52.75795477386935,5.158519075737576
4.912834170854271,52.75795477386935,5.332347068133725
4.93548743718593,52.75795477386935,5.469622483481259
4.958140703517588,52.75795477386935,5.570164711719712
4.9807939698492465,52.75795477386935,5.636084521165287
5.0034472361809055,52.75795477386935,5.671721373271591
5.026100502512563,52.75795477386935,5.683401076852083
5.048753768844222,52.75795477386935,5.679017886539821
5.07140703517588,52.75795477386935,5.667463771217274
5.094060301507538,52.75795477386935,5.657945953568778
5.116713567839197,52.75795477386935,5.659249159397105
5.139366834170854,52.75795477386935,5.6790088005519115
5.162020100502513,52.75795477386935,5.723063783860999
5.184673366834171,52.75795477386935,5.794952088206172
5.207326633165829,52.75795477386935,5.89559915882217
5.229979899497488,52.75795477386935,6.0232300978574145
5.252633165829145,52.75795477386935,6.1735139633931215
5.275286432160804,52.75795477386935,6.339925011605422
5.2979396984924625,52.75795477386935,6.514284176983487
5.320592964824121,52.75795477386935,6.6874268291921055
5.34324623115578,52.75795477386935,6.849931604135199
5.365899497487438,52.75795477386935,6.992840933672336
5.388552763819096,52.75795477386935,7.108307164381034
5.411206030150755,52.75795477386935,7.190108519708791
5.433859296482412,52.75795477386935,7.233995488293895
5.456512562814071,52.75795477386935,7.237848540670225
5.479165829145729,52.75795477386935,7.201649693526721
5.501819095477387,52.75795477386935,7.127290317276629
5.524472361809046,52.75795477386935,7.0182529230892445
5.547125628140703,52.75795477386935,6.879213534113447
5.569778894472362,52.75795477386935,6.715612989077951
5.59243216080402,52.75795477386935,6.533240841783498
5.6150854271356785,52.75795477386935,6.337866157713092
5.6377386934673375,52.75795477386935,6.134937742140564
5.660391959798995,52.75795477386935,5.929364388509566
5.683045226130654,52.75795477386935,5.725375353034265
5.705698492462312,52.75795477386935,5.526453481100805
5.72835175879397,52.75795477386935,5.335328569459716
5.751005025125629,52.75795477386935,5.154016427215883
5.773658291457287,52.75795477386935,4.983889140058279
5.796311557788945,52.75795477386935,4.825763556002832
5.818964824120604,52.75795477386935,4.679997334080703
5.841618090452261,52.75795477386935,4.546584488707509
5.86427135678392,52.75795477386935,4.425244839907249
5.886924623115578,52.75795477386935,4.315503915930016
5.909577889447236,52.75795477386935,4.216761550061455
5.932231155778895,52.75795477386935,4.12834865825562
5.954884422110553,52.75795477386935,4.04957252527445
5.977537688442212,52.75795477386935,3.979751438483786
6.00019095477387,52.75795477386935,3.9182397719749718
6.022844221105528,52.75795477386935,3.8644447158332915
6.045497487437187,52.75795477386935,3.8178358309736797
6.068150753768844,52.75795477386935,3.7779485397268555
6.090804020100503,52.75795477386935,3.7443825727325777
6.113457286432161,52.75795477386935,3.716796307301314
6.136110552763819,52.75795477386935,3.6948978638108887
6.158763819095478,52.75795477386935,3.6784337786282864
6.181417085427136,52.75795477386935,3.6671760416548516
6.204070351758794,52.75795477386935,3.6609082670629274
6.226723618090453,52.75795477386935,3.659411748939572
6.2493768844221105,52.75795477386935,3.662452132333784
6.2720301507537695,52.75795477386935,3.669767400403543
6.294683417085428,52.75795477386935,3.681057839002677
6.317336683417086,52.75795477386935,3.6959785919731085
6.339989949748745,52.75795477386935,3.714135363266208
6.362643216080402,52.75795477386935,3.7350837502569463
6.385296482412061,52.75795477386935,3.758332592660556
6.407949748743719,52.75795477386935,3.7833515714510755
6.430603015075377,52.75795477386935,3.8095830668551303
6.453256281407036,52.75795477386935,3.8364579651440804
6.475909547738693,52.75795477386935,3.8634146922078476
6.498562814070352,52.75795477386935,3.8899202824740686
6.52121608040201,52.75795477386935,3.9154918381452033
6.543869346733668,52.75795477386935,3.9397164001419505
6.566522613065327,52.75795477386935,3.962267149568142
6.5891758793969855,52.75795477386935,3.9829140690983937
6.6118291457286436,52.75795477386935,4.001527735334952
6.6344824120603025,52.75795477386935,4.018075719885859
6.65713567839196,52.75795477386935,4.032612006458064
6.679788944723619,52.75795477386935,4.04526070137472
6.702442211055277,52.75795477386935,4.056195955570236
6.725095477386935,52.75795477386935,4.0656203178316614
6.747748743718594,52.75795477386935,4.073743679015717
6.770402010050251,52.75795477386935,4.080764605146342
6.79305527638191,52.75795477386935,4.0868553080094765
6.815708542713568,52.75795477386935,4.0921508949517245
6.838361809045226,52.75795477386935,4.096742986090873
6.861015075376885,52.75795477386935,4.100677358923146
6.8836683417085425,52.75795477386935,4.103955005783132
6.9063216080402015,52.75795477386935,4.10653586125938
6.9289748743718595,52.75795477386935,4.1083444445888615
6.951628140703518,52.75795477386935,4.109276727493726
6.974281407035177,52.75795477386935,4.1092076437374665
6.996934673366835,52.75795477386935,4.107998773472613
7.019587939698493,52.75795477386935,4.105505843786828
7.042241206030151,52.75795477386935,4.101585776851082
4.6636482412060305,52.77438190954774,2.6529422437784667
4.686301507537689,52.77438190954774,2.8906611469012855
4.708954773869347,52.77438190954774,3.1506711129799085
4.731608040201005,52.77438190954774,3.4280069485664164
4.754261306532664,52.77438190954774,3.7165760994145836
4.776914572864322,52.77438190954774,4.009400389239247
4.79956783919598,52.77438190954774,4.298940957315071
4.822221105527639,52.77438190954774,4.577488442412346
4.844874371859297,52.77438190954774,4.837596332414025
4.867527638190955,52.77438190954774,5.072532199485124
4.890180904522613,52.77438190954774,5.276718738629975
4.912834170854271,52.77438190954774,5.446134014886591
4.93548743718593,52.77438190954774,5.578638594615786
4.958140703517588,52.77438190954774,5.674197308636136
4.9807939698492465,52.77438190954774,5.734966499474008
5.0034472361809055,52.77438190954774,5.765224726389711
5.026100502512563,52.77438190954774,5.771136337558589
5.048753768844222,52.77438190954774,5.760352408111244
5.07140703517588,52.77438190954774,5.7414706635388635
5.094060301507538,52.77438190954774,5.723392843875555
5.116713567839197,52.77438190954774,5.714631954828477
5.139366834170854,52.77438190954774,5.72263069715834
5.162020100502513,52.77438190954774,5.753154460258727
5.184673366834171,52.77438190954774,5.809816989785512
5.207326633165829,52.77438190954774,5.893784661610274
5.229979899497488,52.77438190954774,6.003687687247596
5.252633165829145,52.77438190954774,6.135745752704794
5.275286432160804,52.77438190954774,6.2840941258168295
5.2979396984924625,52.77438190954774,6.441276673706549
5.320592964824121,52.77438190954774,6.5988566329086
5.34324623115578,52.77438190954774,6.7480858969172
5.365899497487438,52.77438190954774,6.880569906940388
5.388552763819096,52.77438190954774,6.988868196505994
5.411206030150755,52.77438190954774,7.066979867856398
5.433859296482412,52.77438190954774,7.110677724816591
5.456512562814071,52.77438190954774,7.11767272754048
5.479165829145729,52.77438190954774,7.087609560720906
5.501819095477387,52.77438190954774,7.021911824463703
5.524472361809046,52.77438190954774,6.923509258159504
5.547125628140703,52.77438190954774,6.796487781050254
5.569778894472362,52.77438190954774,6.645705329556292
5.59243216080402,52.77438190954774,6.476412986989798
5.6150854271356785,52.77438190954774,6.293913156734533
5.6377386934673375,52.77438190954774,6.103276441276524
5.660391959798995,52.77438190954774,5.9091283877273915
5.683045226130654,52.77438190954774,5.7155079070151515
5.705698492462312,52.77438190954774,5.525791952137297
5.72835175879397,52.77438190954774,5.3426763309927745
5.751005025125629,52.77438190954774,5.168200217809298
5.773658291457287,52.77438190954774,5.003801581258956
5.796311557788945,52.77438190954774,4.850391792786217
5.818964824120604,52.77438190954774,4.708439541241452
5.841618090452261,52.77438190954774,4.578056374983949
5.86427135678392,52.77438190954774,4.459078365018784
5.886924623115578,52.77438190954774,4.351140309698412
5.909577889447236,52.77438190954774,4.253740472978596
5.932231155778895,52.77438190954774,4.1662950376877435
5.954884422110553,52.77438190954774,4.088182290288856
5.977537688442212,52.77438190954774,4.018777090702523
6.00019095477387,52.77438190954774,3.9574764869583907
6.022844221105528,52.77438190954774,3.903717475232338
6.045497487437187,52.77438190954774,3.8569879383142696
6.068150753768844,52.77438190954774,3.81683176547006
6.090804020100503,52.77438190954774,3.782849097801999
6.113457286432161,52.77438190954774,3.754692578186497
6.136110552763819,52.77438190954774,3.732060426679922
6.158763819095478,52.77438190954774,3.714687116146237
6.181417085427136,52.77438190954774,3.7023323882927532
6.204070351758794,52.77438190954774,3.694769323408758
6.226723618090453,52.77438190954774,3.6917721528038085
6.2493768844221105,52.77438190954774,3.6931044769863046
6.2720301507537695,52.77438190954774,3.6985085228816734
6.294683417085428,52.77438190954774,3.7076960398458856
6.317336683417086,52.77438190954774,3.720341397547794
6.339989949748745,52.77438190954774,3.7360774074556717
6.362643216080402,52.77438190954774,3.754494336547617
6.385296482412061,52.77438190954774,3.775142501849354
6.407949748743719,52.77438190954774,3.797538704722951
6.430603015075377,52.77438190954774,3.8211765589338604
6.453256281407036,52.77438190954774,3.845540467879689
6.475909547738693,52.77438190954774,3.8701226155022583
6.498562814070352,52.77438190954774,3.8944418860937073
6.52121608040201,52.77438190954774,3.918063191567401
6.543869346733668,52.77438190954774,3.9406153614232946
6.566522613065327,52.77438190954774,3.9618056474851797
6.5891758793969855,52.77438190954774,3.981429091488813
6.6118291457286436,52.77438190954774,3.9993715156789658
6.6344824120603025,52.77438190954774,4.01560566099498
6.65713567839196,52.77438190954774,4.030180877379483
6.679788944723619,52.77438190954774,4.043207591470645
6.702442211055277,52.77438190954774,4.0548383761220315
6.725095477386935,52.77438190954774,4.06524772040949
6.747748743718594,52.77438190954774,4.074612528231588
6.770402010050251,52.77438190954774,4.083095017870048
6.79305527638191,52.77438190954774,4.090829165079971
6.815708542713568,52.77438190954774,4.097911253390448
6.838361809045226,52.77438190954774,4.10439457310014
6.861015075376885,52.77438190954774,4.110287912208919
6.8836683417085425,52.77438190954774,4.115557233276903
6.9063216080402015,52.77438190954774,4.1201298205165715
6.9289748743718595,52.77438190954774,4.123900180748513
6.951628140703518,52.77438190954774,4.126737051780899
6.974281407035177,52.77438190954774,4.128490976188778
6.996934673366835,52.77438190954774,4.129002009312722
7.019587939698493,52.77438190954774,4.128107229671875
7.042241206030151,52.77438190954774,4.125647799487716
4.686301507537689,52.79080904522613,3.012581679815742
4.708954773869347,52.79080904522613,3.2794432110563494
4.731608040201005,52.79080904522613,3.5616702884870985
4.754261306532664,52.79080904522613,3.8531013720517695
4.776914572864322,52.79080904522613,4.146802166703529
4.79956783919598,52.79080904522613,4.435381654991933
4.822221105527639,52.79080904522613,4.711364655356775
4.844874371859297,52.79080904522613,4.9676003497271
4.867527638190955,52.79080904522613,5.197683410283085
4.890180904522613,52.79080904522613,5.396361905646607
4.912834170854271,52.79080904522613,5.559904008283995
4.93548743718593,52.79080904522613,5.686394113795529
4.958140703517588,52.79080904522613,5.775929236576301
4.9807939698492465,52.79080904522613,5.830689563040049
5.0034472361809055,52.79080904522613,5.854863693724296
5.026100502512563,52.79080904522613,5.854419637947443
5.048753768844222,52.79080904522613,5.8367264241005
5.07140703517588,52.79080904522613,5.81004677397012
5.094060301507538,52.79080904522613,5.782936554180707
5.116713567839197,52.79080904522613,5.76359933747841
5.139366834170854,52.79080904522613,5.759252297328518
5.162020100502513,52.79080904522613,5.775561377045068
5.184673366834171,52.79080904522613,5.816198680667556
5.207326633165829,52.79080904522613,5.882563788036346
5.229979899497488,52.79080904522613,5.973694577396592
5.252633165829145,52.79080904522613,6.086374191330629
5.275286432160804,52.79080904522613,6.215421364021954
5.2979396984924625,52.79080904522613,6.354133724505929
5.320592964824121,52.79080904522613,6.494839794485076
5.34324623115578,52.79080904522613,6.629506527434728
5.365899497487438,52.79080904522613,6.750346084657736
5.388552763819096,52.79080904522613,6.850368228318877
5.411206030150755,52.79080904522613,6.9238328080625475
5.433859296482412,52.79080904522613,6.966569375373965
5.456512562814071,52.79080904522613,6.976146503279708
5.479165829145729,52.79080904522613,6.951889996433589
5.501819095477387,52.79080904522613,6.894764698565869
5.524472361809046,52.79080904522613,6.807147020985669
5.547125628140703,52.79080904522613,6.692523142206379
5.569778894472362,52.79080904522613,6.555150424218202
5.59243216080402,52.79080904522613,6.399717257852579
5.6150854271356785,52.79080904522613,6.231030386744933
5.6377386934673375,52.79080904522613,6.053750331541812
5.660391959798995,52.79080904522613,5.872186482142872
5.683045226130654,52.79080904522613,5.690155125320382
5.705698492462312,52.79080904522613,5.510897049674322
5.72835175879397,52.79080904522613,5.337046836364921
5.751005025125629,52.79080904522613,5.170643485923071
5.773658291457287,52.79080904522613,5.013171335223039
5.796311557788945,52.79080904522613,4.865620822280999
5.818964824120604,52.79080904522613,4.728560073455001
5.841618090452261,52.79080904522613,4.60221009067453
5.86427135678392,52.79080904522613,4.486518179622415
5.886924623115578,52.79080904522613,4.381225967810042
5.909577889447236,52.79080904522613,4.28592979696028
5.932231155778895,52.79080904522613,4.20013239560897
5.954884422110553,52.79080904522613,4.123285555346246
5.977537688442212,52.79080904522613,4.054824087371127
6.00019095477387,52.79080904522613,3.9941916777253623
6.022844221105528,52.79080904522613,3.9408594440932756
6.045497487437187,52.79080904522613,3.894338073477636
6.068150753768844,52.79080904522613,3.854184428861358
6.090804020100503,52.79080904522613,3.8200034849032742
6.113457286432161,52.79080904522613,3.7914464091287683
6.136110552763819,52.79080904522613,3.76820555910388
6.158763819095478,52.79080904522613,3.750007124102924
6.181417085427136,52.79080904522613,3.736602103336721
6.204070351758794,52.79080904522613,3.727756280472972
6.226723618090453,52.79080904522613,3.723239823494179
6.2493768844221105,52.79080904522613,3.7228171080755272
6.2720301507537695,52.79080904522613,3.7262373312338894
6.294683417085428,52.79080904522613,3.733226450964163
6.317336683417086,52.79080904522613,3.743480957719112
6.339989949748745,52.79080904522613,3.7566639528573527
6.362643216080402,52.79080904522613,3.7724039698188117
6.385296482412061,52.79080904522613,3.7902969102447406
6.407949748743719,52.79080904522613,3.809911356954322
6.430603015075377,52.79080904522613,3.8307973437185874
6.453256281407036,52.79080904522613,3.852498390227656
6.475909547738693,52.79080904522613,3.8745662507920593
6.498562814070352,52.79080904522613,3.896577408910602
6.52121608040201,52.79080904522613,3.9181499437132348
6.543869346733668,52.79080904522613,3.9389590928192337
6.566522613065327,52.79080904522613,3.9587497394054383
6.5891758793969855,52.79080904522613,3.9773442327313653
6.6118291457286436,52.79080904522613,3.9946444262142125
6.6344824120603025,52.79080904522613,4.010627524947399
6.65713567839196,52.79080904522613,4.0253361467211235
6.679788944723619,52.79080904522613,4.038863753787583
6.702442211055277,52.79080904522613,4.05133715595406
6.725095477386935,52.79080904522613,4.062898024341497
6.747748743718594,52.79080904522613,4.07368527332633
6.770402010050251,52.79080904522613,4.083819824040612
6.79305527638191,52.79080904522613,4.0933927621303425
6.815708542713568,52.79080904522613,4.102457362812743
6.838361809045226,52.79080904522613,4.111024975905685
6.861015075376885,52.79080904522613,4.119064403589433
6.8836683417085425,52.79080904522613,4.126504185204649
6.9063216080402015,52.79080904522613,4.133237115046373
6.9289748743718595,52.79080904522613,4.139126330161688
6.951628140703518,52.79080904522613,4.144012378196643
6.974281407035177,52.79080904522613,4.1477207758920525
6.996934673366835,52.79080904522613,4.150069670780097
7.019587939698493,52.79080904522613,4.15087730596385
7.042241206030151,52.79080904522613,4.149969053997605
4.686301507537689,52.807236180904525,3.152939518612648
4.708954773869347,52.807236180904525,3.4244786251085797
4.731608040201005,52.807236180904525,3.7093729046409605
4.754261306532664,52.807236180904525,4.001448482006244
4.776914572864322,52.807236180904525,4.293865396709617
4.79956783919598,52.807236180904525,4.579423370539266
4.822221105527639,52.807236180904525,4.850915964215298
4.844874371859297,52.807236180904525,5.101513946151612
4.867527638190955,52.807236180904525,5.325156293085668
4.890180904522613,52.807236180904525,5.516925187547764
4.912834170854271,52.807236180904525,5.673379612919085
4.93548743718593,52.807236180904525,5.792821079869217
4.958140703517588,52.807236180904525,5.8754654608508075
4.9807939698492465,52.807236180904525,5.923497831423634
5.0034472361809055,52.807236180904525,5.94099338226205
5.026100502512563,52.807236180904525,5.933697081042421
5.048753768844222,52.807236180904525,5.908667264169605
5.07140703517588,52.807236180904525,5.8738023858381165
5.094060301507538,52.807236180904525,5.837283848675726
5.116713567839197,52.807236180904525,5.806979095666193
5.139366834170854,52.807236180904525,5.78985608762326
5.162020100502513,52.807236180904525,5.7914616387766955
5.184673366834171,52.807236180904525,5.81551137564283
5.207326633165829,52.807236180904525,5.863628772864527
5.229979899497488,52.807236180904525,5.935256085329549
5.252633165829145,52.807236180904525,6.027742919153142
5.275286432160804,52.807236180904525,6.136600812278656
5.2979396984924625,52.807236180904525,6.255896583557819
5.320592964824121,52.807236180904525,6.378745023033561
5.34324623115578,52.807236180904525,6.497853842052681
5.365899497487438,52.807236180904525,6.606071194442561
5.388552763819096,52.807236180904525,6.696888503593987
5.411206030150755,52.807236180904525,6.764858321085916
5.433859296482412,52.807236180904525,6.80589764145228
5.456512562814071,52.807236180904525,6.8174602772428425
5.479165829145729,52.807236180904525,6.798576016213349
5.501819095477387,52.807236180904525,6.749767622812762
5.524472361809046,52.807236180904525,6.672867668472732
5.547125628140703,52.807236180904525,6.570764416957411
5.569778894472362,52.807236180904525,6.447108924718336
5.59243216080402,52.807236180904525,6.306014262290378
5.6150854271356785,52.807236180904525,6.151773113002753
5.6377386934673375,52.807236180904525,5.988613187441046
5.660391959798995,52.807236180904525,5.820502261313541
5.683045226130654,52.807236180904525,5.651007399653927
5.705698492462312,52.807236180904525,5.483206927019061
5.72835175879397,52.807236180904525,5.3196493864081145
5.751005025125629,52.807236180904525,5.162351170238601
5.773658291457287,52.807236180904525,5.0128235025019885
5.796311557788945,52.807236180904525,4.872119646641969
5.818964824120604,52.807236180904525,4.740894207387682
5.841618090452261,52.807236180904525,4.619467817035801
5.86427135678392,52.807236180904525,4.507892052598001
5.886924623115578,52.807236180904525,4.406010914253471
5.909577889447236,52.807236180904525,4.313516485951338
5.932231155778895,52.807236180904525,4.229997441854476
5.954884422110553,52.807236180904525,4.15497985183203
5.977537688442212,52.807236180904525,4.087960299392791
6.00019095477387,52.807236180904525,4.0284316953138175
6.022844221105528,52.807236180904525,3.9759023930675057
6.045497487437187,52.807236180904525,3.9299093290079776
6.068150753768844,52.807236180904525,3.890025956065386
6.090804020100503,52.807236180904525,3.8558657418864013
6.113457286432161,52.807236180904525,3.82708198074091
6.136110552763819,52.807236180904525,3.8033646360390723
6.158763819095478,52.807236180904525,3.784434894244655
6.181417085427136,52.807236180904525,3.77003807448097
6.204070351758794,52.807236180904525,3.759935501834739
6.226723618090453,52.807236180904525,3.753895916042344
6.2493768844221105,52.807236180904525,3.7516869510140003
6.2720301507537695,52.807236180904525,3.753067185707341
6.294683417085428,52.807236180904525,3.7577792350775048
6.317336683417086,52.807236180904525,3.765544322368473
6.339989949748745,52.807236180904525,3.7760587489450517
6.362643216080402,52.807236180904525,3.788992647588188
6.385296482412061,52.807236180904525,3.8039913548240127
6.407949748743719,52.807236180904525,3.820679646038757
6.430603015075377,52.807236180904525,3.838668920516711
6.453256281407036,52.807236180904525,3.857567185299211
6.475909547738693,52.807236180904525,3.8769913677724412
6.498562814070352,52.807236180904525,3.8965811158702617
6.52121608040201,52.807236180904525,3.916012882409155
6.543869346733668,52.807236180904525,3.9350128219400498
6.566522613065327,52.807236180904525,3.9533669450388476
6.5891758793969855,52.807236180904525,3.9709271420570356
6.6118291457286436,52.807236180904525,3.987612118637391
6.6344824120603025,52.807236180904525,4.0034029225584975
6.65713567839196,52.807236180904525,4.018333468159067
6.679788944723619,52.807236180904525,4.032477132390882
6.702442211055277,52.807236180904525,4.045930969835333
6.725095477386935,52.807236180904525,4.0587992892710965
6.747748743718594,52.807236180904525,4.071178240303989
6.770402010050251,52.807236180904525,4.083142731272787
6.79305527638191,52.807236180904525,4.094736537491165
6.815708542713568,52.807236180904525,4.105965969523849
6.838361809045226,52.807236180904525,4.116797043180207
6.861015075376885,52.807236180904525,4.127155779738865
6.8836683417085425,52.807236180904525,4.136931082854735
6.9063216080402015,52.807236180904525,4.1459795743657395
6.9289748743718595,52.807236180904525,4.15413179436929
6.951628140703518,52.807236180904525,4.16119924569251
6.974281407035177,52.807236180904525,4.166981857115407
6.996934673366835,52.807236180904525,4.171275529718557
7.019587939698493,52.807236180904525,4.1738795028659155
7.042241206030151,52.807236180904525,4.174603326076367
4.708954773869347,52.823663316582916,3.58274170044676
4.731608040201005,52.823663316582916,3.8683743294502246
4.754261306532664,52.823663316582916,4.159197189962348
4.776914572864322,52.823663316582916,4.448505508208762
4.79956783919598,52.823663316582916,4.729322943203386
4.822221105527639,52.823663316582916,4.994736901953749
4.844874371859297,52.823663316582916,5.23825676794973
4.867527638190955,52.823663316582916,5.454175145314975
4.890180904522613,52.823663316582916,5.6379105874468465
4.912834170854271,52.823663316582916,5.786308930303048
4.93548743718593,52.823663316582916,5.897879635561642
4.958140703517588,52.823663316582916,5.972944175574396
4.9807939698492465,52.823663316582916,6.013676307896888
5.0034472361809055,52.823663316582916,6.024019758490308
5.026100502512563,52.823663316582916,6.009477532785903
5.048753768844222,52.823663316582916,5.976778291380663
5.07140703517588,52.823663316582916,5.933437764355247
5.094060301507538,52.823663316582916,5.887245341234919
5.116713567839197,52.823663316582916,5.8457158990667315
5.139366834170854,52.823663316582916,5.8155529573076725
5.162020100502513,52.823663316582916,5.802170243273837
5.184673366834171,52.823663316582916,5.809314332591859
5.207326633165829,52.823663316582916,5.838821636552385
5.229979899497488,52.823663316582916,5.890529830356362
5.252633165829145,52.823663316582916,5.962348572744725
5.275286432160804,52.823663316582916,6.050479000873692
5.2979396984924625,52.823663316582916,6.149757826068498
5.320592964824121,52.823663316582916,6.254091350069797
5.34324623115578,52.823663316582916,6.356938267066684
5.365899497487438,52.823663316582916,6.451798050876792
5.388552763819096,52.823663316582916,6.532663907595517
5.411206030150755,52.823663316582916,6.594405201181184
5.433859296482412,52.823663316582916,6.633053165553791
5.456512562814071,52.823663316582916,6.6459746139894005
5.479165829145729,52.823663316582916,6.631930065911438
5.501819095477387,52.823663316582916,6.591023930938001
5.524472361809046,52.823663316582916,6.524563840828512
5.547125628140703,52.823663316582916,6.434852853211502
5.569778894472362,52.823663316582916,6.324941456876694
5.59243216080402,52.823663316582916,6.198366041343557
5.6150854271356785,52.823663316582916,6.0588972599940885
5.6377386934673375,52.823663316582916,5.910316427334997
5.660391959798995,52.823663316582916,5.756231832000694
5.683045226130654,52.823663316582916,5.599940641179585
5.705698492462312,52.823663316582916,5.44433670462019
5.72835175879397,52.823663316582916,5.291860501220491
5.751005025125629,52.823663316582916,5.144484856266783
5.773658291457287,52.823663316582916,5.003728791479127
5.796311557788945,52.823663316582916,4.870691696855976
5.818964824120604,52.823663316582916,4.74610061280895
5.841618090452261,52.823663316582916,4.630364470012643
5.86427135678392,52.823663316582916,4.523630390135152
5.886924623115578,52.823663316582916,4.425838409875512
5.909577889447236,52.823663316582916,4.336772130151308
5.932231155778895,52.823663316582916,4.256103747882786
5.954884422110553,52.823663316582916,4.183432680010902
5.977537688442212,52.823663316582916,4.118317547852364
6.00019095477387,52.823663316582916,4.060301680563883
6.022844221105528,52.823663316582916,4.008932552045073
6.045497487437187,52.823663316582916,3.9637757189295026
6.068150753768844,52.823663316582916,3.9244239076877827
6.090804020100503,52.823663316582916,3.8905019302313777
6.113457286432161,52.823663316582916,3.8616681077302584
6.136110552763819,52.823663316582916,3.83761286417246
6.158763819095478,52.823663316582916,3.818055122297899
6.181417085427136,52.823663316582916,3.8027370993629894
6.204070351758794,52.823663316582916,3.791418061041021
6.226723618090453,52.823663316582916,3.783867550179342
6.2493768844221105,52.823663316582916,3.7798585649070437
6.2720301507537695,52.823663316582916,3.7791611202077795
6.294683417085428,52.823663316582916,3.7815365913629546
6.317336683417086,52.823663316582916,3.7867332084086978
6.339989949748745,52.823663316582916,3.7944830466688906
6.362643216080402,52.823663316582916,3.804500832893365
6.385296482412061,52.823663316582916,3.8164848462821537
6.407949748743719,52.823663316582916,3.8301201195552306
6.430603015075377,52.823663316582916,3.8450840162995368
6.453256281407036,52.823663316582916,3.8610540618292832
6.475909547738693,52.823663316582916,3.87771763606981
6.498562814070352,52.823663316582916,3.89478282327979
6.52121608040201,52.823663316582916,3.9119894074792163
6.543869346733668,52.823663316582916,3.929118778643771
6.566522613065327,52.823663316582916,3.9460014512149635
6.5891758793969855,52.823663316582916,3.9625210495724237
6.6118291457286436,52.823663316582916,3.978613993970746
6.6344824120603025,52.823663316582916,3.9942646740900547
6.65713567839196,52.823663316582916,4.009496521699859
6.679788944723619,52.823663316582916,4.024359959281724
6.702442211055277,52.823663316582916,4.038918590906798
6.725095477386935,52.823663316582916,4.053235145419187
6.747748743718594,52.823663316582916,4.067358574416619
6.770402010050251,52.823663316582916,4.081313401848246
6.79305527638191,52.823663316582916,4.0950920073562544
6.815708542713568,52.823663316582916,4.108650097123315
6.838361809045226,52.823663316582916,4.121905250605355
6.861015075376885,52.823663316582916,4.13473817343245
6.8836683417085425,52.823663316582916,4.146996146694846
6.9063216080402015,52.823663316582916,4.158498125550044
6.9289748743718595,52.823663316582916,4.16904097576923
6.951628140703518,52.823663316582916,4.178406412021098
6.974281407035177,52.823663316582916,4.186368287137848
6.996934673366835,52.823663316582916,4.192699956664299
7.019587939698493,52.823663316582916,4.197181496720464
7.042241206030151,52.823663316582916,4.199606583470591
4.708954773869347,52.84009045226131,3.751317008719439
4.731608040201005,52.84009045226131,4.036044705987014
4.754261306532664,52.84009045226131,4.324025971773001
4.776914572864322,52.84009045226131,4.608723294911231
4.79956783919598,52.84009045226131,4.8834086185737755
4.822221105527639,52.84009045226131,5.141479675834605
4.844874371859297,52.84009045226131,5.376793423598318
4.867527638190955,52.84009045226131,5.583998261373035
4.890180904522613,52.84009045226131,5.758845519300067
4.912834170854271,52.84009045226131,5.8984597707245
4.93548743718593,52.84009045226131,6.001547154763393
4.958140703517588,52.84009045226131,6.068521690212083
4.9807939698492465,52.84009045226131,6.101532258396062
5.0034472361809055,52.84009045226131,6.104378108218383
5.026100502512563,52.84009045226131,6.08230853829343
5.048753768844222,52.84009045226131,6.041712382689723
5.07140703517588,52.84009045226131,5.9897140068171915
5.094060301507538,52.84009045226131,5.933703209534103
5.116713567839197,52.84009045226131,5.880835079849744
5.139366834170854,52.84009045226131,5.837541008287218
5.162020100502513,52.84009045226131,5.809092718178071
5.184673366834171,52.84009045226131,5.799257049583725
5.207326633165829,52.84009045226131,5.810070728113379
5.229979899497488,52.84009045226131,5.841752580118263
5.252633165829145,52.84009045226131,5.89275717988958
5.275286432160804,52.84009045226131,5.959960479561208
5.2979396984924625,52.84009045226131,6.038956195378789
5.320592964824121,52.84009045226131,6.124432834996166
5.34324623115578,52.84009045226131,6.210595950437427
5.365899497487438,52.84009045226131,6.291598657796745
5.388552763819096,52.84009045226131,6.361945419041852
5.411206030150755,52.84009045226131,6.416839001864377
5.433859296482412,52.84009045226131,6.452447743577396
5.456512562814071,52.84009045226131,6.466078983864891
5.479165829145729,52.84009045226131,6.456253959774723
5.501819095477387,52.84009045226131,6.4226886579195615
5.524472361809046,52.84009045226131,6.366193150064333
5.547125628140703,52.84009045226131,6.288507952159759
5.569778894472362,52.84009045226131,6.192099355682975
5.59243216080402,52.84009045226131,6.079936291521369
5.6150854271356785,52.84009045226131,5.9552693490557855
5.6377386934673375,52.84009045226131,5.821428706985932
5.660391959798995,52.84009045226131,5.681652771028278
5.683045226130654,52.84009045226131,5.53895411170486
5.705698492462312,52.84009045226131,5.396024565768049
5.72835175879397,52.84009045226131,5.255177580964316
5.751005025125629,52.84009045226131,5.118323258232274
5.773658291457287,52.84009045226131,4.986970066598079
5.796311557788945,52.84009045226131,4.8622467084198355
5.818964824120604,52.84009045226131,4.744937852292561
5.841618090452261,52.84009045226131,4.635528169430792
5.86427135678392,52.84009045226131,4.534250076900204
5.886924623115578,52.84009045226131,4.441131628852484
5.909577889447236,52.84009045226131,4.356041982489415
5.932231155778895,52.84009045226131,4.27873272740324
5.954884422110553,52.84009045226131,4.208874073895571
5.977537688442212,52.84009045226131,4.146085444637921
6.00019095477387,52.84009045226131,4.089960418462477
6.022844221105528,52.84009045226131,4.040086257597276
6.045497487437187,52.84009045226131,3.9960584351910646
6.068150753768844,52.84009045226131,3.957490692123992
6.090804020100503,52.84009045226131,3.9240212110601114
6.113457286432161,52.84009045226131,3.895315517483524
6.136110552763819,52.84009045226131,3.871066713811407
6.158763819095478,52.84009045226131,3.8509936317142155
6.181417085427136,52.84009045226131,3.834837454814772
6.204070351758794,52.84009045226131,3.822357322587142
6.226723618090453,52.84009045226131,3.8133253795095907
6.2493768844221105,52.84009045226131,3.807521684454805
6.2720301507537695,52.84009045226131,3.804729347543115
6.294683417085428,52.84009045226131,3.8047302189685714
6.317336683417086,52.84009045226131,3.8073014193125285
6.339989949748745,52.84009045226131,3.8122129734031716
6.362643216080402,52.84009045226131,3.8192267849590325
6.385296482412061,52.84009045226131,3.82809715627863
6.407949748743719,52.84009045226131,3.838573000103448
6.430603015075377,52.84009045226131,3.8504017917317146
6.453256281407036,52.84009045226131,3.86333515527309
6.475909547738693,52.84009045226131,3.8771357682598673
6.498562814070352,52.84009045226131,3.8915850236226732
6.52121608040201,52.84009045226131,3.9064906504016697
6.543869346733668,52.84009045226131,3.921693325378868
6.566522613065327,52.84009045226131,3.93707127065592
6.5891758793969855,52.84009045226131,3.9525419717501467
6.6118291457286436,52.84009045226131,3.9680604720636046
6.6344824120603025,52.84009045226131,3.9836141575826227
6.65713567839196,52.84009045226131,3.999214452051414
6.679788944723619,52.84009045226131,4.014886289777714
6.702442211055277,52.84009045226131,4.030656525734433
6.725095477386935,52.84009045226131,4.046542527095657
6.747748743718594,52.84009045226131,4.062542067799726
6.770402010050251,52.84009045226131,4.078625367918846
6.79305527638191,52.84009045226131,4.094729760664373
6.815708542713568,52.84009045226131,4.11075711259349
6.838361809045226,52.84009045226131,4.126573829681889
6.861015075376885,52.84009045226131,4.142013086975845
6.8836683417085425,52.84009045226131,4.156878826973063
6.9063216080402015,52.84009045226131,4.170951064389101
6.9289748743718595,52.84009045226131,4.183992083708749
6.951628140703518,52.84009045226131,4.1957531902883805
6.974281407035177,52.84009045226131,4.20598175009121
6.996934673366835,52.84009045226131,4.21442831025957
7.019587939698493,52.84009045226131,4.220853624856479
7.042241206030151,52.84009045226131,4.225035417760808
7.06489447236181,52.84009045226131,4.226774704642603
4.708954773869347,52.8565175879397,3.927455820733975
4.731608040201005,52.8565175879397,4.209905694461398
4.754261306532664,52.8565175879397,4.49374705763376
4.776914572864322,52.8565175879397,4.772633876489232
4.79956783919598,52.8565175879397,5.0401028256324985
4.822221105527639,52.8565175879397,5.2898707716156315
4.844874371859297,52.8565175879397,5.516144051503245
4.867527638190955,52.8565175879397,5.713922723520469
4.890180904522613,52.8565175879397,5.879282191041738
4.912834170854271,52.8565175879397,6.009614080336629
4.93548743718593,52.8565175879397,6.103808209028313
4.958140703517588,52.8565175879397,6.162358426716805
4.9807939698492465,52.8565175879397,6.187377673479191
5.0034472361809055,52.8565175879397,6.182512287926017
5.026100502512563,52.8565175879397,6.152752530719402
5.048753768844222,52.8565175879397,6.104145071051867
5.07140703517588,52.8565175879397,6.043422880591357
5.094060301507538,52.8565175879397,5.977577276389341
5.116713567839197,52.8565175879397,5.913404307973936
5.139366834170854,52.8565175879397,5.857062017113457
5.162020100502513,52.8565175879397,5.813675462750947
5.184673366834171,52.8565175879397,5.787022553948951
5.207326633165829,52.8565175879397,5.779326088370671
5.229979899497488,52.8565175879397,5.7911669637865995
5.252633165829145,52.8565175879397,5.821521733387543
5.275286432160804,52.8565175879397,5.867916071839401
5.2979396984924625,52.8565175879397,5.926675721240777
5.320592964824121,52.8565175879397,5.993249122409315
5.34324623115578,52.8565175879397,6.062571721748764
5.365899497487438,52.8565175879397,6.1294408886199925
5.388552763819096,52.8565175879397,6.188872119486752
5.411206030150755,52.8565175879397,6.236411188593328
5.433859296482412,52.8565175879397,6.268382541650103
5.456512562814071,52.8565175879397,6.282060968839045
5.479165829145729,52.8565175879397,6.275760907436455
5.501819095477387,52.8565175879397,6.2488450446752175
5.524472361809046,52.8565175879397,6.201660579896812
5.547125628140703,52.8565175879397,6.135416900542312
5.569778894472362,52.8565175879397,6.052021967807528
5.59243216080402,52.8565175879397,5.953896077507047
5.6150854271356785,52.8565175879397,5.843780881342499
5.6377386934673375,52.8565175879397,5.72455898338655
5.660391959798995,52.8565175879397,5.599095669342506
5.683045226130654,52.8565175879397,5.470110078051058
5.705698492462312,52.8565175879397,5.34007902423379
5.72835175879397,52.8565175879397,5.2111732023922075
5.751005025125629,52.8565175879397,5.08522290831247
5.773658291457287,52.8565175879397,4.963708772658292
5.796311557788945,52.8565175879397,4.847772226150117
5.818964824120604,52.8565175879397,4.738240334089164
5.841618090452261,52.8565175879397,4.635660043280972
5.86427135678392,52.8565175879397,4.540337579969892
5.886924623115578,52.8565175879397,4.45237956058291
5.909577889447236,52.8565175879397,4.3717332088919205
5.932231155778895,52.8565175879397,4.298223837207292
5.954884422110553,52.8565175879397,4.231588404517016
5.977537688442212,52.8565175879397,4.171504496507493
6.00019095477387,52.8565175879397,4.117614483975153
6.022844221105528,52.8565175879397,4.069544919990656
6.045497487437187,52.8565175879397,4.026921449552466
6.068150753768844,52.8565175879397,3.989379646241294
6.090804020100503,52.8565175879397,3.9565722750200565
6.113457286432161,52.8565175879397,3.928173522574074
6.136110552763819,52.8565175879397,3.903880747298398
6.158763819095478,52.8565175879397,3.8834142882858305
6.181417085427136,52.8565175879397,3.866515842375737
6.204070351758794,52.8565175879397,3.852945875072665
6.226723618090453,52.8565175879397,3.842480478967949
6.2493768844221105,52.8565175879397,3.834908036380259
6.2720301507537695,52.8565175879397,3.8300259858360746
6.294683417085428,52.8565175879397,3.8276379393800815
6.317336683417086,52.8565175879397,3.827551353289909
6.339989949748745,52.8565175879397,3.829575919955986
6.362643216080402,52.8565175879397,3.833522820890583
6.385296482412061,52.8565175879397,3.8392049525461758
6.407949748743719,52.8565175879397,3.8464381958331106
6.430603015075377,52.8565175879397,3.8550437330495364
6.453256281407036,52.8565175879397,3.86485131162938
6.475909547738693,52.8565175879397,3.8757032115281373
6.498562814070352,52.8565175879397,3.887458506549115
6.52121608040201,52.8565175879397,3.89999705147531
6.543869346733668,52.8565175879397,3.9132225218530894
6.566522613065327,52.8565175879397,3.927063828420383
6.5891758793969855,52.8565175879397,3.9414743548672573
6.6118291457286436,52.8565175879397,3.9564287259673563
6.6344824120603025,52.8565175879397,3.9719171647253715
6.65713567839196,52.8565175879397,3.987937871472577
6.679788944723619,52.8565175879397,4.004488171679124
6.702442211055277,52.8565175879397,4.0215553625997265
6.725095477386935,52.8565175879397,4.039108206627263
6.747748743718594,52.8565175879397,4.057089879951588
6.770402010050251,52.8565175879397,4.075412934812391
6.79305527638191,52.8565175879397,4.0939565378968785
6.815708542713568,52.8565175879397,4.112565970620575
6.838361809045226,52.8565175879397,4.131054165827182
6.861015075376885,52.8565175879397,4.149204931268206
6.8836683417085425,52.8565175879397,4.166777470466884
6.9063216080402015,52.8565175879397,4.18351183661123
6.9289748743718595,52.8565175879397,4.199135017514898
6.951628140703518,52.8565175879397,4.213367422126548
6.974281407035177,52.8565175879397,4.225929600043709
6.996934673366835,52.8565175879397,4.23654906183187
7.019587939698493,52.8565175879397,4.2449670753694795
7.042241206030151,52.8565175879397,4.250945295370128
7.06489447236181,52.8565175879397,4.254272048923605
4.731608040201005,52.87294472361809,4.387660270114603
4.754261306532664,52.87294472361809,4.666332071992625
4.776914572864322,52.87294472361809,4.938488005877824
4.79956783919598,52.87294472361809,5.197939027193057
4.822221105527639,52.87294472361809,5.438723286529315
4.844874371859297,52.87294472361809,5.655392147568046
4.867527638190955,52.87294472361809,5.843287810128157
4.890180904522613,52.87294472361809,5.998796745537795
4.912834170854271,52.87294472361809,6.119563014854733
4.93548743718593,52.87294472361809,6.204645795901896
4.958140703517588,52.87294472361809,6.254606514604377
4.9807939698492465,52.87294472361809,6.271513398964009
5.0034472361809055,52.87294472361809,6.25885548490445
5.026100502512563,52.87294472361809,6.2213642137549705
5.048753768844222,52.87294472361809,6.164748424056813
5.07140703517588,52.87294472361809,6.0953569448872695
5.094060301507538,52.87294472361809,6.019790998744002
5.116713567839197,52.87294472361809,5.944494964524421
5.139366834170854,52.87294472361809,5.875357630709896
5.162020100502513,52.87294472361809,5.817356163778765
5.184673366834171,52.87294472361809,5.774271443994274
5.207326633165829,52.87294472361809,5.748496585673533
5.229979899497488,52.87294472361809,5.740951290184384
5.252633165829145,52.87294472361809,5.751104456200851
5.275286432160804,52.87294472361809,5.7770975769152155
5.2979396984924625,52.87294472361809,5.815953109964978
5.320592964824121,52.87294472361809,5.863846052401757
5.34324623115578,52.87294472361809,5.916413733617309
5.365899497487438,52.87294472361809,5.969078225525056
5.388552763819096,52.87294472361809,6.017357309373205
5.411206030150755,52.87294472361809,6.057143063942535
5.433859296482412,52.87294472361809,6.084931346296143
5.456512562814071,52.87294472361809,6.097990364005997
5.479165829145729,52.87294472361809,6.094461933193903
5.501819095477387,52.87294472361809,6.073394619651254
5.524472361809046,52.87294472361809,6.0347134026029785
5.547125628140703,52.87294472361809,5.979135289245086
5.569778894472362,52.87294472361809,5.908043912436041
5.59243216080402,52.87294472361809,5.823338144915952
5.6150854271356785,52.87294472361809,5.727269989359101
5.6377386934673375,52.87294472361809,5.622285587249211
5.660391959798995,52.87294472361809,5.510880528433393
5.683045226130654,52.87294472361809,5.395477286032208
5.705698492462312,52.87294472361809,5.278329111702967
5.72835175879397,52.87294472361809,5.1614515690974425
5.751005025125629,52.87294472361809,5.046580361644143
5.773658291457287,52.87294472361809,4.935152354937602
5.796311557788945,52.87294472361809,4.82830569013586
5.818964824120604,52.87294472361809,4.726894522701313
5.841618090452261,52.87294472361809,4.631514043383927
5.86427135678392,52.87294472361809,4.542531881468522
5.886924623115578,52.87294472361809,4.460122608934317
5.909577889447236,52.87294472361809,4.3843027450124925
5.932231155778895,52.87294472361809,4.314964324657431
5.954884422110553,52.87294472361809,4.251905693272067
5.977537688442212,52.87294472361809,4.194858699384443
6.00019095477387,52.87294472361809,4.143511869694026
6.022844221105528,52.87294472361809,4.0975294707712235
6.045497487437187,52.87294472361809,4.056566598501818
6.068150753768844,52.87294472361809,4.020280602487843
6.090804020100503,52.87294472361809,3.9883392606335435
6.113457286432161,52.87294472361809,3.960426180528164
6.136110552763819,52.87294472361809,3.9362439286646893
6.158763819095478,52.87294472361809,3.915515383845038
6.181417085427136,52.87294472361809,3.897983783540793
6.204070351758794,52.87294472361809,3.8834118867485086
6.226723618090453,52.87294472361809,3.8715806188234696
6.2493768844221105,52.87294472361809,3.8622874978818658
6.2720301507537695,52.87294472361809,3.855345073987106
6.294683417085428,52.87294472361809,3.85057954705973
6.317336683417086,52.87294472361809,3.8478296722453154
6.339989949748745,52.87294472361809,3.8469460156851314
6.362643216080402,52.87294472361809,3.847790589546036
6.385296482412061,52.87294472361809,3.8502368692443794
6.407949748743719,52.87294472361809,3.854170170736021
6.430603015075377,52.87294472361809,3.8594883321922806
6.453256281407036,52.87294472361809,3.8661025944273826
6.475909547738693,52.87294472361809,3.873938506067149
6.498562814070352,52.87294472361809,3.882936600736319
6.52121608040201,52.87294472361809,3.8930525240716043
6.543869346733668,52.87294472361809,3.904256256148184
6.566522613065327,52.87294472361809,3.9165301079410066
6.5891758793969855,52.87294472361809,3.9298652852004925
6.6118291457286436,52.87294472361809,3.9442570040980915
6.6344824120603025,52.87294472361809,3.9596983789132043
6.65713567839196,52.87294472361809,3.9761735317506757
6.679788944723619,52.87294472361809,3.993650541896106
6.702442211055277,52.87294472361809,4.012074915528372
6.725095477386935,52.87294472361809,4.031364200525834
6.747748743718594,52.87294472361809,4.051404213254858
6.770402010050251,52.87294472361809,4.072047126413889
6.79305527638191,52.87294472361809,4.093111441112188
6.815708542713568,52.87294472361809,4.114383678405117
6.838361809045226,52.87294472361809,4.135621504413852
6.861015075376885,52.87294472361809,4.156557956812058
6.8836683417085425,52.87294472361809,4.176906458394055
6.9063216080402015,52.87294472361809,4.1963663636618564
6.9289748743718595,52.87294472361809,4.214628860972244
6.951628140703518,52.87294472361809,4.2313831223547895
6.974281407035177,52.87294472361809,4.246322638717683
6.996934673366835,52.87294472361809,4.259151691086039
7.019587939698493,52.87294472361809,4.269591888276028
7.042241206030151,52.87294472361809,4.277388654604364
7.06489447236181,52.87294472361809,4.282317489777888
7.087547738693468,52.87294472361809,4.284189761985722
4.731608040201005,52.88937185929648,4.567212716876906
4.754261306532664,52.88937185929648,4.839929355599024
4.776914572864322,52.88937185929648,5.104686588927746
4.79956783919598,52.88937185929648,5.355573311922794
4.822221105527639,52.88937185929648,5.58694548582191
4.844874371859297,52.88937185929648,5.793690004660712
4.867527638190955,52.88937185929648,5.971477266105916
4.890180904522613,52.88937185929648,6.116988336277578
4.912834170854271,52.88937185929648,6.228102811393266
4.93548743718593,52.88937185929648,6.304034000066529
4.958140703517588,52.88937185929648,6.345399220467374
4.9807939698492465,52.88937185929648,6.354215283178051
5.0034472361809055,52.88937185929648,6.3338129894524
5.026100502512563,52.88937185929648,6.288669816152919
5.048753768844222,52.88937185929648,6.224166586215506
5.07140703517588,52.88937185929648,6.146281137754846
5.094060301507538,52.88937185929648,6.061238816436077
5.116713567839197,52.88937185929648,5.975144942508287
5.139366834170854,52.88937185929648,5.893627299713666
5.162020100502513,52.88937185929648,5.821516552768642
5.184673366834171,52.88937185929648,5.7625891958088715
5.207326633165829,52.88937185929648,5.719391558653196
5.229979899497488,52.88937185929648,5.693155401050921
5.252633165829145,52.88937185929648,5.683806855358131
5.275286432160804,52.88937185929648,5.690062154598511
5.2979396984924625,52.88937185929648,5.709596749928511
5.320592964824121,52.88937185929648,5.739269746163794
5.34324623115578,52.88937185929648,5.775383256592643
5.365899497487438,52.88937185929648,5.813956050701824
5.388552763819096,52.88937185929648,5.850992217210575
5.411206030150755,52.88937185929648,5.882727917840433
5.433859296482412,52.88937185929648,5.905842240524218
5.456512562814071,52.88937185929648,5.91762148248498
5.479165829145729,52.88937185929648,5.91606988715389
5.501819095477387,52.88937185929648,5.899963927282571
5.524472361809046,52.88937185929648,5.868851534094033
5.547125628140703,52.88937185929648,5.823001874404212
5.569778894472362,52.88937185929648,5.763314878337186
5.59243216080402,52.88937185929648,5.691202223140691
5.6150854271356785,52.88937185929648,5.608452553359768
5.6377386934673375,52.88937185929648,5.517093304669119
5.660391959798995,52.88937185929648,5.419259815439647
5.683045226130654,52.88937185929648,5.31707987108293
5.705698492462312,52.88937185929648,5.212578920529673
5.72835175879397,52.88937185929648,5.107608379609344
5.751005025125629,52.88937185929648,5.003797021661523
5.773658291457287,52.88937185929648,4.902523633204908
5.796311557788945,52.88937185929648,4.804907928106286
5.818964824120604,52.88937185929648,4.711816113565175
5.841618090452261,52.88937185929648,4.623877373686857
5.86427135678392,52.88937185929648,4.541507749201715
5.886924623115578,52.88937185929648,4.464938318612275
5.909577889447236,52.88937185929648,4.39424512114476
5.932231155778895,52.88937185929648,4.329378825949883
5.954884422110553,52.88937185929648,4.270192691201153
5.977537688442212,52.88937185929648,4.216467838689619
6.00019095477387,52.88937185929648,4.1679352782197325
6.022844221105528,52.88937185929648,4.124294447069208
6.045497487437187,52.88937185929648,4.085228285805411
6.068150753768844,52.88937185929648,4.050415059831263
6.090804020100503,52.88937185929648,4.019537264962196
6.113457286432161,52.88937185929648,3.992288034176082
6.136110552763819,52.88937185929648,3.968375499827351
6.158763819095478,52.88937185929648,3.947525568441139
6.181417085427136,52.88937185929648,3.929483540014231
6.204070351758794,52.88937185929648,3.9140149561512585
6.226723618090453,52.88937185929648,3.900905996733809
6.2493768844221105,52.88937185929648,3.8899636687138295
6.2720301507537695,52.88937185929648,3.881015949103554
6.294683417085428,52.88937185929648,3.873911963761518
6.317336683417086,52.88937185929648,3.8685222105592154
6.339989949748745,52.88937185929648,3.864738775520249
6.362643216080402,52.88937185929648,3.862475447194212
6.385296482412061,52.88937185929648,3.8616676088934363
6.407949748743719,52.88937185929648,3.8622717784658747
6.430603015075377,52.88937185929648,3.8642646667806337
6.453256281407036,52.88937185929648,3.8676416342736233
6.475909547738693,52.88937185929648,3.8724144368504017
6.498562814070352,52.88937185929648,3.878608169392978
6.52121608040201,52.88937185929648,3.8862573431696625
6.543869346733668,52.88937185929648,3.8954010817142617
6.566522613065327,52.88937185929648,3.906077495808011
6.5891758793969855,52.88937185929648,3.918317402219582
6.6118291457286436,52.88937185929648,3.9321376710314864
6.6344824120603025,52.88937185929648,3.9475345988404884
6.65713567839196,52.88937185929648,3.964477779611888
6.679788944723619,52.88937185929648,3.982904954917426
6.702442211055277,52.88937185929648,4.002718258295939
6.725095477386935,52.88937185929648,4.023782132383044
6.747748743718594,52.88937185929648,4.04592301912048
6.770402010050251,52.88937185929648,4.068930740464154
6.79305527638191,52.88937185929648,4.092561336648381
6.815708542713568,52.88937185929648,4.116541037320345
6.838361809045226,52.88937185929648,4.14057101731534
6.861015075376885,52.88937185929648,4.164332626561667
6.8836683417085425,52.88937185929648,4.18749286362888
6.9063216080402015,52.88937185929648,4.209709960171965
6.9289748743718595,52.88937185929648,4.230639034918527
6.951628140703518,52.88937185929648,4.249937841706412
6.974281407035177,52.88937185929648,4.267272664547388
6.996934673366835,52.88937185929648,4.282324399830262
7.019587939698493,52.88937185929648,4.294794815162119
7.042241206030151,52.88937185929648,4.304412895941888
7.06489447236181,52.88937185929648,4.3109410993475885
7.087547738693468,52.88937185929648,4.314181248536048
7.110201005025126,52.88937185929648,4.313979735323563
4.731608040201005,52.90579899497487,4.746680100577931
4.754261306532664,52.90579899497487,5.012874009980003
4.776914572864322,52.90579899497487,5.269789218718725
4.79956783919598,52.90579899497487,5.511791307418658
4.822221105527639,52.90579899497487,5.7335459631242935
4.844874371859297,52.90579899497487,5.930261976069921
4.93548743718593,52.90579899497487,6.401932051635795
4.958140703517588,52.90579899497487,6.434842239555396
4.9807939698492465,52.90579899497487,6.4357224835636275
5.0034472361809055,52.90579899497487,6.407747285424616
5.026100502512563,52.90579899497487,6.355148730254865
5.048753768844222,52.90579899497487,6.282993735576852
5.07140703517588,52.90579899497487,6.196906839305441
5.094060301507538,52.90579899497487,6.102756140823027
5.116713567839197,52.90579899497487,6.006324419891148
5.139366834170854,52.90579899497487,5.912989742180157
5.162020100502513,52.90579899497487,5.827439517972124
5.184673366834171,52.90579899497487,5.753438934511722
5.207326633165829,52.90579899497487,5.6936693115822425
5.229979899497488,52.90579899497487,5.649645010108751
5.252633165829145,52.90579899497487,5.62171008060098
5.275286432160804,52.90579899497487,5.609108938302006
5.2979396984924625,52.90579899497487,5.610119875878502
5.320592964824121,52.90579899497487,5.622236683674672
5.34324623115578,52.90579899497487,5.642382099015565
5.365899497487438,52.90579899497487,5.667136902909709
5.388552763819096,52.90579899497487,5.69296964894061
5.411206030150755,52.90579899497487,5.71645367956985
5.433859296482412,52.90579899497487,5.734459910416634
5.456512562814071,52.90579899497487,5.744315795525192
5.479165829145729,52.90579899497487,5.74392310653364
5.501819095477387,52.90579899497487,5.731829886403778
5.524472361809046,52.90579899497487,5.7072552319345435
5.547125628140703,52.90579899497487,5.6700692027722015
5.569778894472362,52.90579899497487,5.620733690169503
5.59243216080402,52.90579899497487,5.560212956167046
5.6150854271356785,52.90579899497487,5.489864319147401
5.6377386934673375,52.90579899497487,5.411319897761695
5.660391959798995,52.90579899497487,5.326369496013513
5.683045226130654,52.90579899497487,5.236852911721504
5.705698492462312,52.90579899497487,5.144567594946796
5.72835175879397,52.90579899497487,5.05119509528166
5.751005025125629,52.90579899497487,4.958247460262896
5.773658291457287,52.90579899497487,4.867032902016847
5.796311557788945,52.90579899497487,4.7786387311401555
5.818964824120604,52.90579899497487,4.693928760857972
5.841618090452261,52.90579899497487,4.613552040445264
5.86427135678392,52.90579899497487,4.537959783162136
5.886924623115578,52.90579899497487,4.467427603501099
5.909577889447236,52.90579899497487,4.402080575221625
5.932231155778895,52.90579899497487,4.341919087736524
5.954884422110553,52.90579899497487,4.286843956493878
5.977537688442212,52.90579899497487,4.236679694112057
6.00019095477387,52.90579899497487,4.191195249458646
6.022844221105528,52.90579899497487,4.150121859587318
6.045497487437187,52.90579899497487,4.1131679307480615
6.068150753768844,52.90579899497487,4.080031071406861
6.090804020100503,52.90579899497487,4.0504075474488355
6.113457286432161,52.90579899497487,4.023999524121071
6.136110552763819,52.90579899497487,4.000520507839045
6.158763819095478,52.90579899497487,3.9796994104494434
6.181417085427136,52.90579899497487,3.9612836350836798
6.204070351758794,52.90579899497487,3.945041532123518
6.226723618090453,52.90579899497487,3.930764501696442
6.2493768844221105,52.90579899497487,3.918268931521043
6.2720301507537695,52.90579899497487,3.907398062441191
6.294683417085428,52.90579899497487,3.898023776027468
6.317336683417086,52.90579899497487,3.890048207102355
6.339989949748745,52.90579899497487,3.883405007034155
6.362643216080402,52.90579899497487,3.8780600285232034
6.385296482412061,52.90579899497487,3.874011175393453
6.407949748743719,52.90579899497487,3.8712871654367453
6.430603015075377,52.90579899497487,3.869944991950615
6.453256281407036,52.90579899497487,3.8700659389200083
6.475909547738693,52.90579899497487,3.87175010203198
6.498562814070352,52.90579899497487,3.8751094868732574
6.52121608040201,52.90579899497487,3.8802598884549466
6.543869346733668,52.90579899497487,3.88731189165317
6.566522613065327,52.90579899497487,3.896361455976149
6.5891758793969855,52.90579899497487,3.9074806428633195
6.6118291457286436,52.90579899497487,3.9207090907030504
6.6344824120603025,52.90579899497487,3.936046825648503
6.65713567839196,52.90579899497487,3.9534489068001832
6.679788944723619,52.90579899497487,3.972822246980973
6.702442211055277,52.90579899497487,3.9940247447603863
6.725095477386935,52.90579899497487,4.016866641577894
6.747748743718594,52.90579899497487,4.04111381714577
6.770402010050251,52.90579899497487,4.066492590246056
6.79305527638191,52.90579899497487,4.092695521920212
6.815708542713568,52.90579899497487,4.119387728724658
6.838361809045226,52.90579899497487,4.146213294002549
6.861015075376885,52.90579899497487,4.172801492199978
6.8836683417085425,52.90579899497487,4.198772687059762
6.9063216080402015,52.90579899497487,4.2237439017850855
6.9289748743718595,52.90579899497487,4.247334165926741
6.951628140703518,52.90579899497487,4.269169805235009
6.974281407035177,52.90579899497487,4.288889850561603
6.996934673366835,52.90579899497487,4.306151701219971
7.019587939698493,52.90579899497487,4.3206370948273625
7.042241206030151,52.90579899497487,4.332058323029155
7.06489447236181,52.90579899497487,4.340164508424715
7.087547738693468,52.90579899497487,4.344747642850256
7.110201005025126,52.90579899497487,4.345648001343466
7.132854271356784,52.90579899497487,4.342758507001903
4.731608040201005,52.922226130653264,4.924396426501926
4.754261306532664,52.922226130653264,5.183691624582756
4.776914572864322,52.922226130653264,5.4325174437193295
4.79956783919598,52.922226130653264,5.665510905333972
4.958140703517588,52.922226130653264,6.523006727651439
4.9807939698492465,52.922226130653264,6.5162279190322625
5.0034472361809055,52.922226130653264,6.480965601441268
5.026100502512563,52.922226130653264,6.421217872778676
5.048753768844222,52.922226130653264,6.34175501808926
5.07140703517588,52.922226130653264,6.247869215685327
5.094060301507538,52.922226130653264,6.14509303021092
5.116713567839197,52.922226130653264,6.03890588068559
5.139366834170854,52.922226130653264,5.93444941517313
5.162020100502513,52.922226130653264,5.836272212096487
5.184673366834171,52.922226130653264,5.748121427991299
5.207326633165829,52.922226130653264,5.672794287597532
5.229979899497488,52.922226130653264,5.6120563707169095
5.252633165829145,52.922226130653264,5.566627402486313
5.275286432160804,52.922226130653264,5.536229624440285
5.2979396984924625,52.922226130653264,5.519689544981792
5.320592964824121,52.922226130653264,5.5150813128072995
5.34324623115578,52.922226130653264,5.519899069932358
5.365899497487438,52.922226130653264,5.531245998441381
5.388552763819096,52.922226130653264,5.546028767934586
5.411206030150755,52.922226130653264,5.561147169533285
5.433859296482412,52.922226130653264,5.573669607263772
5.456512562814071,52.922226130653264,5.58098588006253
5.479165829145729,52.922226130653264,5.58092966504358
5.501819095477387,52.922226130653264,5.571864697197833
5.524472361809046,52.922226130653264,5.552731045870646
5.547125628140703,52.922226130653264,5.523051007107929
5.569778894472362,52.922226130653264,5.482897546338671
5.59243216080402,52.922226130653264,5.4328313565200785
5.6150854271356785,52.922226130653264,5.373814898603549
5.6377386934673375,52.922226130653264,5.307112923350573
5.660391959798995,52.922226130653264,5.234188872829689
5.683045226130654,52.922226130653264,5.156605414048799
5.705698492462312,52.922226130653264,5.075935511974209
5.72835175879397,52.922226130653264,4.993688296646121
5.751005025125629,52.922226130653264,4.911251865227615
5.773658291457287,52.922226130653264,4.8298533317037835
5.796311557788945,52.922226130653264,4.750535029133344
5.818964824120604,52.922226130653264,4.6741448184323895
5.841618090452261,52.922226130653264,4.601337930687638
5.86427135678392,52.922226130653264,4.532587594444256
5.886924623115578,52.922226130653264,4.4682017880037455
5.909577889447236,52.922226130653264,4.408343724111514
5.932231155778895,52.922226130653264,4.353054046281027
5.954884422110553,52.922226130653264,4.302273133068702
5.977537688442212,52.922226130653264,4.255862324790495
6.00019095477387,52.922226130653264,4.213623276083059
6.022844221105528,52.922226130653264,4.1753149785464165
6.045497487437187,52.922226130653264,4.140668280729038
6.068150753768844,52.922226130653264,4.109397954896443
6.090804020100503,52.922226130653264,4.081212522931851
6.113457286432161,52.922226130653264,4.055822161582486
6.136110552763819,52.922226130653264,4.0329450657117984
6.158763819095478,52.922226130653264,4.012312663173762
6.181417085427136,52.922226130653264,3.9936740522940766
6.204070351758794,52.922226130653264,3.9767999784152543
6.226723618090453,52.922226130653264,3.96148658536474
6.2493768844221105,52.922226130653264,3.9475590772731666
6.2720301507537695,52.922226130653264,3.934875313034238
6.294683417085428,52.922226130653264,3.9233292381734994
6.317336683417086,52.922226130653264,3.9128539465367798
6.339989949748745,52.922226130653264,3.903424067789451
6.362643216080402,52.922226130653264,3.895057107618701
6.385296482412061,52.922226130653264,3.8878133371430197
6.407949748743719,52.922226130653264,3.8817938463875405
6.430603015075377,52.922226130653264,3.877136450991783
6.453256281407036,52.922226130653264,3.874009273944966
6.475909547738693,52.922226130653264,3.872602010432175
6.498562814070352,52.922226130653264,3.8731151103554504
6.52121608040201,52.922226130653264,3.8757473564741467
6.543869346733668,52.922226130653264,3.880682544348763
6.566522613065327,52.922226130653264,3.8880761461048245
6.5891758793969855,52.922226130653264,3.8980429274261876
6.6118291457286436,52.922226130653264,3.910646459669279
6.6344824120603025,52.922226130653264,3.9258913178996253
6.65713567839196,52.922226130653264,3.943718495360803
6.679788944723619,52.922226130653264,3.964004232577932
6.702442211055277,52.922226130653264,3.9865621082256264
6.725095477386935,52.922226130653264,4.011147926679895
6.747748743718594,52.922226130653264,4.037466712539989
6.770402010050251,52.922226130653264,4.065181014541563
6.79305527638191,52.922226130653264,4.09391973514069
6.815708542713568,52.922226130653264,4.123286820036244
6.838361809045226,52.922226130653264,4.152869330961809
6.861015075376885,52.922226130653264,4.182244645649159
6.8836683417085425,52.922226130653264,4.210986743319224
6.9063216080402015,52.922226130653264,4.238671712375172
6.9289748743718595,52.922226130653264,4.26488273925898
6.951628140703518,52.922226130653264,4.289214894047562
6.974281407035177,52.922226130653264,4.311280018445683
6.996934673366835,52.922226130653264,4.33071195172988
7.019587939698493,52.922226130653264,4.347172212055551
7.042241206030151,52.922226130653264,4.3603561013856975
7.06489447236181,52.922226130653264,4.36999904305058
7.087547738693468,52.922226130653264,4.375882815021939
7.110201005025126,52.922226130653264,4.377841232777865
7.132854271356784,52.922226130653264,4.375764783145846
4.731608040201005,52.938653266331656,5.098910591737514
4.754261306532664,52.938653266331656,5.351096566663901
4.776914572864322,52.938653266331656,5.59175342092383
4.79956783919598,52.938653266331656,5.815781230698471
5.0034472361809055,52.938653266331656,6.553709942483441
5.026100502512563,52.938653266331656,6.487218956282936
5.048753768844222,52.938653266331656,6.400890840076783
5.07140703517588,52.938653266331656,6.299708425602816
5.094060301507538,52.938653266331656,6.18889232974171
5.116713567839197,52.938653266331656,6.073639337030724
5.139366834170854,52.938653266331656,5.958869088267485
5.162020100502513,52.938653266331656,5.848996345780284
5.184673366834171,52.938653266331656,5.747743537095637
5.207326633165829,52.938653266331656,5.658004142753833
5.229979899497488,52.938653266331656,5.581762431142011
5.252633165829145,52.938653266331656,5.520069858389852
5.275286432160804,52.938653266331656,5.473073939363227
5.2979396984924625,52.938653266331656,5.440092154317088
5.320592964824121,52.938653266331656,5.419721737874228
5.34324623115578,52.938653266331656,5.4099758551339425
5.365899497487438,52.938653266331656,5.408437224988972
5.388552763819096,52.938653266331656,5.412421079195153
5.411206030150755,52.938653266331656,5.419139923206394
5.433859296482412,52.938653266331656,5.425862673830434
5.456512562814071,52.938653266331656,5.430060555733374
5.479165829145729,52.938653266331656,5.4295320998022
5.501819095477387,52.938653266331656,5.422500221817153
5.524472361809046,52.938653266331656,5.4076760025311845
5.547125628140703,52.938653266331656,5.384286422567439
5.569778894472362,52.938653266331656,5.352066553679614
5.59243216080402,52.938653266331656,5.311219980013654
5.6150854271356785,52.938653266331656,5.26235391571249
5.6377386934673375,52.938653266331656,5.206397166504007
5.660391959798995,52.938653266331656,5.144509587364878
5.683045226130654,52.938653266331656,5.077991111867605
5.705698492462312,52.938653266331656,5.008197050211044
5.72835175879397,52.938653266331656,4.936464528048387
5.751005025125629,52.938653266331656,4.86405300621701
5.773658291457287,52.938653266331656,4.792100044938137
5.796311557788945,52.938653266331656,4.721592018672358
5.818964824120604,52.938653266331656,4.6533484204984665
5.841618090452261,52.938653266331656,4.588017717558358
5.86427135678392,52.938653266331656,4.526082386611799
5.886924623115578,52.938653266331656,4.467870703514017
5.909577889447236,52.938653266331656,4.413573008923657
5.932231155778895,52.938653266331656,4.363260455513664
5.954884422110553,52.938653266331656,4.316904599651867
5.977537688442212,52.938653266331656,4.274396584967988
6.00019095477387,52.938653266331656,4.235565040428563
6.022844221105528,52.938653266331656,4.200192156582618
6.045497487437187,52.938653266331656,4.168027695296102
6.068150753768844,52.938653266331656,4.138800923001501
6.090804020100503,52.938653266331656,4.112230633475446
6.113457286432161,52.938653266331656,4.088033545373324
6.136110552763819,52.938653266331656,4.065931426363319
6.158763819095478,52.938653266331656,4.045657314805764
6.181417085427136,52.938653266331656,4.026961186981243
6.204070351758794,52.938653266331656,4.009615358378507
6.226723618090453,52.938653266331656,3.993419817287422
6.2493768844221105,52.938653266331656,3.978207574345791
6.2720301507537695,52.938653266331656,3.963849980295439
6.294683417085428,52.938653266331656,3.950261825290865
6.317336683417086,52.938653266331656,3.9374058979493496
6.339989949748745,52.938653266331656,3.92529656451889
6.362643216080402,52.938653266331656,3.914001843704544
6.385296482412061,52.938653266331656,3.903643417753428
6.407949748743719,52.938653266331656,3.894394051879663
6.430603015075377,52.938653266331656,3.886472005352779
6.453256281407036,52.938653266331656,3.8801322148107573
6.475909547738693,52.938653266331656,3.8756543082303825
6.498562814070352,52.938653266331656,3.8733278453689244
6.52121608040201,52.938653266331656,3.873435538835727
6.543869346733668,52.938653266331656,3.8762355354479503
6.566522613065327,52.938653266331656,3.881944069100361
6.5891758793969855,52.938653266331656,3.8907198784577313
6.6118291457286436,52.938653266331656,3.902651680553209
6.6344824120603025,52.938653266331656,3.9177497036338718
6.65713567839196,52.938653266331656,3.9359418468807177
6.679788944723619,52.938653266331656,3.957074521771612
6.702442211055277,52.938653266331656,3.9809177281108283
6.725095477386935,52.938653266331656,4.007173511527001
6.747748743718594,52.938653266331656,4.035486699284328
6.770402010050251,52.938653266331656,4.065456742527273
6.79305527638191,52.938653266331656,4.096649593523227
6.815708542713568,52.938653266331656,4.128608775265277
6.838361809045226,52.938653266331656,4.160865102093069
6.861015075376885,52.938653266331656,4.192944826893514
6.8836683417085425,52.938653266331656,4.2243762754547305
6.9063216080402015,52.938653266331656,4.254695248896699
6.9289748743718595,52.938653266331656,4.283449613262151
6.951628140703518,52.938653266331656,4.310203546750784
6.974281407035177,52.938653266331656,4.334541884659466
6.996934673366835,52.938653266331656,4.356074901446554
7.019587939698493,52.938653266331656,4.374443714937573
7.042241206030151,52.938653266331656,4.389326310084934
7.06489447236181,52.938653266331656,4.400443983048702
7.087547738693468,52.938653266331656,4.407567827319383
7.110201005025126,52.938653266331656,4.410524748942084
7.132854271356784,52.938653266331656,4.409202430678669
7.155507537688442,52.938653266331656,4.403552679991808
4.754261306532664,52.955080402010054,5.513985657549856
4.776914572864322,52.955080402010054,5.7465345713885245
4.79956783919598,52.955080402010054,5.961778273275488
5.094060301507538,52.955080402010054,6.2346727722939494
5.116713567839197,52.955080402010054,6.111133359463391
5.139366834170854,52.955080402010054,5.986949198819681
5.162020100502513,52.955080402010054,5.866406371517645
5.184673366834171,52.955080402010054,5.753195798006211
5.207326633165829,52.955080402010054,5.6502873124734005
5.229979899497488,52.955080402010054,5.559850932944119
5.252633165829145,52.955080402010054,5.4832253418559
5.275286432160804,52.955080402010054,5.420930047061907
5.2979396984924625,52.955080402010054,5.372715333334503
5.320592964824121,52.955080402010054,5.337643090034424
5.34324623115578,52.955080402010054,5.314191692254503
5.365899497487438,52.955080402010054,5.300378806849677
5.388552763819096,52.955080402010054,5.29389666922557
5.411206030150755,52.955080402010054,5.292254539916497
5.433859296482412,52.955080402010054,5.2929225400448265
5.456512562814071,52.955080402010054,5.293470119818929
5.479165829145729,52.955080402010054,5.291691573155523
5.501819095477387,52.955080402010054,5.2857108829431425
5.524472361809046,52.955080402010054,5.274059183867729
5.547125628140703,52.955080402010054,5.255720317025297
5.569778894472362,52.955080402010054,5.230142993287014
5.59243216080402,52.955080402010054,5.19722139617056
5.6150854271356785,52.955080402010054,5.157249005421164
5.6377386934673375,52.955080402010054,5.110852515397812
5.660391959798995,52.955080402010054,5.058913713941163
5.683045226130654,52.955080402010054,5.002487095821984
5.705698492462312,52.955080402010054,4.942720026154931
5.72835175879397,52.955080402010054,4.880780759336288
5.751005025125629,52.955080402010054,4.817797881994124
5.773658291457287,52.955080402010054,4.754813052345947
5.796311557788945,52.955080402010054,4.692747436969245
5.818964824120604,52.955080402010054,4.632381097619977
5.841618090452261,52.955080402010054,4.574343783897009
5.86427135678392,52.955080402010054,4.519115122444122
5.886924623115578,52.955080402010054,4.467032011867471
5.909577889447236,52.955080402010054,4.418301073708111
5.932231155778895,52.955080402010054,4.373014210500355
5.954884422110553,52.955080402010054,4.331165623297629
5.977537688442212,52.955080402010054,4.292668992267978
6.00019095477387,52.955080402010054,4.257373884294043
6.022844221105528,52.955080402010054,4.225080790663598
6.045497487437187,52.955080402010054,4.195554495653007
6.068150753768844,52.955080402010054,4.168535721415109
6.090804020100503,52.955080402010054,4.143751181195441
6.113457286432161,52.955080402010054,4.120922301328712
6.136110552763819,52.955080402010054,4.099772945462376
6.158763819095478,52.955080402010054,4.080036496227545
6.181417085427136,52.955080402010054,4.061462625050217
6.204070351758794,52.955080402010054,4.043824015118151
6.226723618090453,52.955080402010054,4.0269232013743315
6.2493768844221105,52.955080402010054,4.010599561268867
6.2720301507537695,52.955080402010054,3.9947363388825274
6.294683417085428,52.955080402010054,3.979267423137349
6.317336683417086,52.955080402010054,3.9641834412385553
6.339989949748745,52.955080402010054,3.9495365877531974
6.362643216080402,52.955080402010054,3.9354435077702936
6.385296482412061,52.955080402010054,3.922085512023729
6.407949748743719,52.955080402010054,3.909705445769486
6.430603015075377,52.955080402010054,3.898600681194342
6.453256281407036,52.955080402010054,3.8891119654524955
6.475909547738693,52.955080402010054,3.881608227085383
6.498562814070352,52.955080402010054,3.8764678939322907
6.52121608040201,52.955080402010054,3.8740577517036185
6.543869346733668,52.955080402010054,3.874710798357331
6.566522613065327,52.955080402010054,3.878704839809747
6.5891758793969855,52.955080402010054,3.886243651559119
6.6118291457286436,52.955080402010054,3.8974423547468655
6.6344824120603025,52.955080402010054,3.9123182299309436
6.65713567839196,52.955080402010054,3.930787578341814
6.679788944723619,52.955080402010054,3.9526685437120905
6.702442211055277,52.955080402010054,3.977689152111736
6.725095477386935,52.955080402010054,4.005499324631984
6.747748743718594,52.955080402010054,4.0356853415046325
6.770402010050251,52.955080402010054,4.067785207077929
6.79305527638191,52.955080402010054,4.101303553560536
6.815708542713568,52.955080402010054,4.135725062924986
6.838361809045226,52.955080402010054,4.170525801709084
6.861015075376885,52.955080402010054,4.205182278035327
6.8836683417085425,52.955080402010054,4.239178386598027
6.9063216080402015,52.955080402010054,4.272010670117321
6.9289748743718595,52.955080402010054,4.303192479879775
6.951628140703518,52.955080402010054,4.332257664043113
6.974281407035177,52.955080402010054,4.358764361167367
6.996934673366835,52.955080402010054,4.382299344687399
7.019587939698493,52.955080402010054,4.402483172438364
7.042241206030151,52.955080402010054,4.418976167871396
7.06489447236181,52.955080402010054,4.43148502363587
7.087547738693468,52.955080402010054,4.439769603903825
7.110201005025126,52.955080402010054,4.443649359639362
7.132854271356784,52.955080402010054,4.443008687679546
7.155507537688442,52.955080402010054,4.437800577376385
5.116713567839197,52.971507537688446,6.151842182691447
5.139366834170854,52.971507537688446,6.01921425940451
5.162020100502513,52.971507537688446,5.889095784250334
5.184673366834171,52.971507537688446,5.765139266983085
5.207326633165829,52.971507537688446,5.650371052476848
5.229979899497488,52.971507537688446,5.547114238873985
5.252633165829145,52.971507537688446,5.45695068738275
5.275286432160804,52.971507537688446,5.380719189754225
5.2979396984924625,52.971507537688446,5.318545233495531
5.320592964824121,52.971507537688446,5.269897339172426
5.34324623115578,52.971507537688446,5.233665366236474
5.365899497487438,52.971507537688446,5.208256963973273
5.388552763819096,52.971507537688446,5.191708876616412
5.411206030150755,52.971507537688446,5.181809643004164
5.433859296482412,52.971507537688446,5.176229247898941
5.456512562814071,52.971507537688446,5.172649772863016
5.479165829145729,52.971507537688446,5.1688896487350275
5.501819095477387,52.971507537688446,5.163013390584327
5.524472361809046,52.971507537688446,5.153419173744765
5.547125628140703,52.971507537688446,5.138898395108396
5.569778894472362,52.971507537688446,5.118664172397004
5.59243216080402,52.971507537688446,5.0923490038898525
5.6150854271356785,52.971507537688446,5.059974900801288
5.6377386934673375,52.971507537688446,5.021901683879736
5.660391959798995,52.971507537688446,4.978760504288607
5.683045226130654,52.971507537688446,4.931379960530144
5.705698492462312,52.971507537688446,4.880711596141773
5.72835175879397,52.971507537688446,4.827760351055788
5.751005025125629,52.971507537688446,4.773524004596727
5.773658291457287,52.971507537688446,4.718944055352408
5.796311557788945,52.971507537688446,4.664869028175867
5.818964824120604,52.971507537688446,4.612030000674387
5.841618090452261,52.971507537688446,4.5610272536301
5.86427135678392,52.971507537688446,4.512326375312652
5.886924623115578,52.971507537688446,4.466261859318635
5.909577889447236,52.971507537688446,4.423046181572363
5.932231155778895,52.971507537688446,4.382782468246253
5.954884422110553,52.971507537688446,4.345479115590109
5.977537688442212,52.971507537688446,4.311065042331634
6.00019095477387,52.971507537688446,4.279404600614307
6.022844221105528,52.971507537688446,4.250311507373372
6.045497487437187,52.971507537688446,4.223561459822899
6.068150753768844,52.971507537688446,4.198903350972008
6.090804020100503,52.971507537688446,4.176069196054753
6.113457286432161,52.971507537688446,4.1547830163587856
6.136110552763819,52.971507537688446,4.13476900450607
6.158763819095478,52.971507537688446,4.115759318166262
6.181417085427136,52.971507537688446,4.097501821673541
6.204070351758794,52.971507537688446,4.07976802189587
6.226723618090453,52.971507537688446,4.062361331353397
6.2493768844221105,52.971507537688446,4.045125644568987
6.2720301507537695,52.971507537688446,4.0279540413907124
6.294683417085428,52.971507537688446,4.010797244776354
6.317336683417086,52.971507537688446,3.993671275258226
6.339989949748745,52.971507537688446,3.976663579507457
6.362643216080402,52.971507537688446,3.959936790393704
6.385296482412061,52.971507537688446,3.943729228967017
6.407949748743719,52.971507537688446,3.9283513144980025
6.430603015075377,52.971507537688446,3.9141772329208617
6.453256281407036,52.971507537688446,3.901631541091384
6.475909547738693,52.971507537688446,3.891170847651452
6.498562814070352,52.971507537688446,3.8832612750710944
6.52121608040201,52.971507537688446,3.8783530023019304
6.543869346733668,52.971507537688446,3.8768537156949754
6.566522613065327,52.971507537688446,3.8791031473163655
6.5891758793969855,52.971507537688446,3.885350958158822
6.6118291457286436,52.971507537688446,3.8957399757793505
6.6344824120603025,52.971507537688446,3.9102962342050214
6.65713567839196,52.971507537688446,3.9289264727141386
6.679788944723619,52.971507537688446,3.9514228688926676
6.702442211055277,52.971507537688446,3.9774739707093074
6.725095477386935,52.971507537688446,4.006680192446917
6.747748743718594,52.971507537688446,4.038571936208306
6.770402010050251,52.971507537688446,4.072628410984453
6.79305527638191,52.971507537688446,4.108295497920038
6.815708542713568,52.971507537688446,4.145001464718227
6.838361809045226,52.971507537688446,4.182169861468829
6.861015075376885,52.971507537688446,4.2192294422529235
6.8836683417085425,52.971507537688446,4.25562138439251
6.9063216080402015,52.971507537688446,4.290804382147701
6.9289748743718595,52.971507537688446,4.324258361656207
6.951628140703518,52.971507537688446,4.3554876047655435
6.974281407035177,52.971507537688446,4.384023997574005
6.996934673366835,52.971507537688446,4.409430956724253
7.019587939698493,52.971507537688446,4.431308357362758
7.042241206030151,52.971507537688446,4.449298518458122
7.06489447236181,52.971507537688446,4.463093024440912
7.087547738693468,52.971507537688446,4.472439910644562
7.110201005025126,52.971507537688446,4.477150548451105
7.132854271356784,52.971507537688446,4.47710546517296
7.155507537688442,52.971507537688446,4.472258344059708
7.178160804020101,52.971507537688446,4.462637575503151
5.162020100502513,52.98793467336684,5.91745132900517
5.184673366834171,52.98793467336684,5.784001265262412
5.207326633165829,52.98793467336684,5.658719393090031
5.229979899497488,52.98793467336684,5.544050089247519
5.252633165829145,52.98793467336684,5.441775678201
5.275286432160804,52.98793467336684,5.353003199231285
5.2979396984924625,52.98793467336684,5.278177561026356
5.320592964824121,52.98793467336684,5.217117616277777
5.34324623115578,52.98793467336684,5.16907234934234
5.365899497487438,52.98793467336684,5.132795191244245
5.388552763819096,52.98793467336684,5.106634880622278
5.411206030150755,52.98793467336684,5.088640865215311
5.433859296482412,52.98793467336684,5.076679913720679
5.456512562814071,52.98793467336684,5.068558702333104
5.479165829145729,52.98793467336684,5.062145266134175
5.501819095477387,52.98793467336684,5.055481046049743
5.524472361809046,52.98793467336684,5.046875321617042
5.547125628140703,52.98793467336684,5.034975247573281
5.569778894472362,52.98793467336684,5.018807267172809
5.59243216080402,52.98793467336684,4.99778883011943
5.6150854271356785,52.98793467336684,4.971712469993369
5.6377386934673375,52.98793467336684,4.940706851079027
5.660391959798995,52.98793467336684,4.905181039493461
5.683045226130654,52.98793467336684,4.865758891336132
5.705698492462312,52.98793467336684,4.823210186761461
5.72835175879397,52.98793467336684,4.778384204264509
5.751005025125629,52.98793467336684,4.732150098408073
5.773658291457287,52.98793467336684,4.685346971763004
5.796311557788945,52.98793467336684,4.6387451183253505
5.818964824120604,52.98793467336684,4.593018695505176
5.841618090452261,52.98793467336684,4.548729128391654
5.86427135678392,52.98793467336684,4.506317887771345
5.886924623115578,52.98793467336684,4.466106901275457
5.909577889447236,52.98793467336684,4.428304720304885
5.932231155778895,52.98793467336684,4.393016625453596
5.954884422110553,52.98793467336684,4.360257055516232
5.977537688442212,52.98793467336684,4.329963035968034
6.00019095477387,52.98793467336684,4.302007613873302
6.022844221105528,52.98793467336684,4.276212638291102
6.045497487437187,52.98793467336684,4.252360529660279
6.068150753768844,52.98793467336684,4.230204939602955
6.090804020100503,52.98793467336684,4.2094804039520675
6.113457286432161,52.98793467336684,4.189911232633385
6.136110552763819,52.98793467336684,4.17121996049156
6.158763819095478,52.98793467336684,4.153135705677742
6.181417085427136,52.98793467336684,4.1354027503577715
6.204070351758794,52.98793467336684,4.117789576566266
6.226723618090453,52.98793467336684,4.1000984631491235
6.2493768844221105,52.98793467336684,4.0821755844846495
6.2720301507537695,52.98793467336684,4.06392135699706
6.294683417085428,52.98793467336684,4.045300567680999
6.317336683417086,52.98793467336684,4.026351606909648
6.339989949748745,52.98793467336684,4.007193938206887
6.362643216080402,52.98793467336684,3.988032799066446
6.385296482412061,52.98793467336684,3.9691600731142467
6.407949748743719,52.98793467336684,3.950950340906882
6.430603015075377,52.98793467336684,3.933851336356711
6.453256281407036,52.98793467336684,3.918368426507207
6.475909547738693,52.98793467336684,3.90504328723238
6.498562814070352,52.98793467336684,3.8944276234168833
6.52121608040201,52.98793467336684,3.887053495153667
6.543869346733668,52.98793467336684,3.8834024421267763
6.566522613065327,52.98793467336684,3.883876012182369
6.5891758793969855,52.98793467336684,3.8887703800342783
6.6118291457286436,52.98793467336684,3.898257425079618
6.6344824120603025,52.98793467336684,3.9123739422196895
6.65713567839196,52.98793467336684,3.9310196933411796
6.679788944723619,52.98793467336684,3.9539639434485516
6.702442211055277,52.98793467336684,3.9808591611283246
6.725095477386935,52.98793467336684,4.011259866366575
6.747748743718594,52.98793467336684,4.04464427863939
6.770402010050251,52.98793467336684,4.080436467111315
6.79305527638191,52.98793467336684,4.118027068207403
6.815708542713568,52.98793467336684,4.156791201135531
6.838361809045226,52.98793467336684,4.196102853277724
6.861015075376885,52.98793467336684,4.235345615018554
6.8836683417085425,52.98793467336684,4.273920140706058
6.9063216080402015,52.98793467336684,4.311249058691285
6.9289748743718595,52.98793467336684,4.346780239085469
6.951628140703518,52.98793467336684,4.379989363909989
6.974281407035177,52.98793467336684,4.410382652601834
6.996934673366835,52.98793467336684,4.4375004027524145
7.019587939698493,52.98793467336684,4.460921739676117
7.042241206030151,52.98793467336684,4.48027065918308
7.06489447236181,52.98793467336684,4.495223129457418
7.087547738693468,52.98793467336684,4.505514727743758
7.110201005025126,52.98793467336684,4.510948064817404
7.132854271356784,52.98793467336684,4.51139913044036
7.155507537688442,52.98793467336684,4.506821700403688
7.178160804020101,52.98793467336684,4.4972490857589005
4.731608040201005,53.00436180904523,5.742930105745638
4.754261306532664,53.00436180904523,5.967029716038717
4.776914572864322,53.00436180904523,6.176650842558025
5.184673366834171,53.00436180904523,5.809979253564208
5.207326633165829,53.00436180904523,5.675540002824574
5.229979899497488,53.00436180904523,5.550872016088665
5.252633165829145,53.00436180904523,5.437917416175467
5.275286432160804,53.00436180904523,5.338003017279493
5.2979396984924625,53.00436180904523,5.251840194921399
5.320592964824121,53.00436180904523,5.179544613394082
5.34324623115578,53.00436180904523,5.120674414901083
5.365899497487438,53.00436180904523,5.074286300593095
5.388552763819096,53.00436180904523,5.039009225630318
5.411206030150755,53.00436180904523,5.013134820664132
5.433859296482412,53.00436180904523,4.994722102009054
5.456512562814071,53.00436180904523,4.981711877317133
5.479165829145729,53.00436180904523,4.972044104411378
5.501819095477387,53.00436180904523,4.963769998416791
5.524472361809046,53.00436180904523,4.955150419346717
5.547125628140703,53.00436180904523,4.944733185689016
5.569778894472362,53.00436180904523,4.931404250314987
5.59243216080402,53.00436180904523,4.914410659605
5.6150854271356785,53.00436180904523,4.8933562961533745
5.6377386934673375,53.00436180904523,4.868174040689038
5.660391959798995,53.00436180904523,4.839079821028339
5.683045226130654,53.00436180904523,4.806514908436779
5.705698492462312,53.00436180904523,4.7710828335764885
5.72835175879397,53.00436180904523,4.733486613231313
5.751005025125629,53.00436180904523,4.69447084849235
5.773658291457287,53.00436180904523,4.654771914145337
5.796311557788945,53.00436180904523,4.615078106557459
5.818964824120604,53.00436180904523,4.576000397843477
5.841618090452261,53.00436180904523,4.538053447577293
5.86427135678392,53.00436180904523,4.501645793154964
5.886924623115578,53.00436180904523,4.467077682178241
5.909577889447236,53.00436180904523,4.434544803257341
5.932231155778895,53.00436180904523,4.404146174649743
5.954884422110553,53.00436180904523,4.375894611687962
5.977537688442212,53.00436180904523,4.349728459431092
6.00019095477387,53.00436180904523,4.3255235953631574
6.022844221105528,53.00436180904523,4.303105035365636
6.045497487437187,53.00436180904523,4.282257782297629
6.068150753768844,53.00436180904523,4.262736818760233
6.090804020100503,53.00436180904523,4.244276351640646
6.113457286432161,53.00436180904523,4.226598560430656
6.136110552763819,53.00436180904523,4.209422183080095
6.158763819095478,53.00436180904523,4.192471293839565
6.181417085427136,53.00436180904523,4.175484589984848
6.204070351758794,53.00436180904523,4.158225412225303
6.226723618090453,53.00436180904523,4.140492581800779
6.2493768844221105,53.00436180904523,4.122131952430605
6.2720301507537695,53.00436180904523,4.1030483568802385
6.294683417085428,53.00436180904523,4.08321738953457
6.317336683417086,53.00436180904523,4.062696227009003
6.339989949748745,53.00436180904523,4.0416324741031895
6.362643216080402,53.00436180904523,4.0202698651499045
6.385296482412061,53.00436180904523,3.998949590197446
6.407949748743719,53.00436180904523,3.9781060934769807
6.430603015075377,53.00436180904523,3.958256445921352
6.453256281407036,53.00436180904523,3.939982846252629
6.475909547738693,53.00436180904523,3.923908449047759
6.498562814070352,53.00436180904523,3.910667503564201
6.52121608040201,53.00436180904523,3.9008716156071075
6.543869346733668,53.00436180904523,3.8950746761667703
6.566522613065327,53.00436180904523,3.8937394767697118
6.5891758793969855,53.00436180904523,3.897209115012455
6.6118291457286436,53.00436180904523,3.9056859115908598
6.6344824120603025,53.00436180904523,3.9192197367780306
6.65713567839196,53.00436180904523,3.9377065086046397
6.679788944723619,53.00436180904523,3.960896384019326
6.702442211055277,53.00436180904523,3.9884100502664412
6.725095477386935,53.00436180904523,4.0197607325402736
6.747748743718594,53.00436180904523,4.054379177164839
6.770402010050251,53.00436180904523,4.0916389555277695
6.79305527638191,53.00436180904523,4.130879881173432
6.815708542713568,53.00436180904523,4.171428004848913
6.838361809045226,53.00436180904523,4.212611401539228
6.861015075376885,53.00436180904523,4.253771663144011
6.8836683417085425,53.00436180904523,4.294271574529297
6.9063216080402015,53.00436180904523,4.333499836810883
6.9289748743718595,53.00436180904523,4.37087390286268
6.951628140703518,53.00436180904523,4.40584202197098
6.974281407035177,53.00436180904523,4.437885480253953
6.996934673366835,53.00436180904523,4.4665218014663735
7.019587939698493,53.00436180904523,4.491309370472848
7.042241206030151,53.00436180904523,4.511853591873881
7.06489447236181,53.00436180904523,4.527814335660922
7.087547738693468,53.00436180904523,4.538914091763659
7.110201005025126,53.00436180904523,4.544946000014539
7.132854271356784,53.00436180904523,4.545780782114192
7.155507537688442,53.00436180904523,4.541371606112048
7.178160804020101,53.00436180904523,4.53175606890275
4.731608040201005,53.02078894472362,5.886473382590309
4.754261306532664,53.02078894472362,6.104060476106192
4.776914572864322,53.02078894472362,6.306735041606331
4.79956783919598,53.02078894472362,6.490525592106163
5.207326633165829,53.02078894472362,5.70079863543357
5.229979899497488,53.02078894472362,5.56752781435262
5.252633165829145,53.02078894472362,5.445303162832781
5.275286432160804,53.02078894472362,5.335626040235402
5.2979396984924625,53.02078894472362,5.2394249215723745
5.320592964824121,53.02078894472362,5.15706233387132
5.34324623115578,53.02078894472362,5.088358778247192
5.365899497487438,53.02078894472362,5.032634111881613
5.388552763819096,53.02078894472362,4.988767060999709
5.411206030150755,53.02078894472362,4.955272802541765
5.433859296482412,53.02078894472362,4.930396876557742
5.456512562814071,53.02078894472362,4.912221409704714
5.479165829145729,53.02078894472362,4.8987773354056205
5.501819095477387,53.02078894472362,4.888154645768586
5.524472361809046,53.02078894472362,4.878602208845243
5.547125628140703,53.02078894472362,4.868609525789413
5.569778894472362,53.02078894472362,4.856964826753791
5.59243216080402,53.02078894472362,4.842786677451045
5.6150854271356785,53.02078894472362,4.82552923255113
5.6377386934673375,53.02078894472362,4.804963907931022
5.660391959798995,53.02078894472362,4.7811421856403085
5.683045226130654,53.02078894472362,4.754345348122696
5.705698492462312,53.02078894472362,4.725027179869522
5.72835175879397,53.02078894472362,4.693755221803428
5.751005025125629,53.02078894472362,4.66115522611952
5.773658291457287,53.02078894472362,4.627862255784762
5.796311557788945,53.02078894472362,4.594480595977009
5.818964824120604,53.02078894472362,4.561553444311277
5.841618090452261,53.02078894472362,4.529542326212365
5.86427135678392,53.02078894472362,4.498815401311456
5.886924623115578,53.02078894472362,4.469643308495072
5.909577889447236,53.02078894472362,4.44220093215558
5.932231155778895,53.02078894472362,4.416573427422484
5.954884422110553,53.02078894472362,4.392764969415292
5.977537688442212,53.02078894472362,4.37070893591923
6.00019095477387,53.02078894472362,4.350278540798794
6.022844221105528,53.02078894472362,4.331297260815781
6.045497487437187,53.02078894472362,4.313548705912816
6.068150753768844,53.02078894472362,4.296785848457791
6.090804020100503,53.02078894472362,4.28073973629116
6.113457286432161,53.02078894472362,4.265127960958172
6.136110552763819,53.02078894472362,4.249663234255826
6.158763819095478,53.02078894472362,4.234062443807916
6.181417085427136,53.02078894472362,4.218056513850382
6.204070351758794,53.02078894472362,4.201401293844518
6.226723618090453,53.02078894472362,4.183889539448642
6.2493768844221105,53.02078894472362,4.165363844530584
6.2720301507537695,53.02078894472362,4.145730139528833
6.294683417085428,53.02078894472362,4.124971105521241
6.317336683417086,53.02078894472362,4.103158586075427
6.339989949748745,53.02078894472362,4.080463839073431
6.362643216080402,53.02078894472362,4.057164295153107
6.385296482412061,53.02078894472362,4.033645422400028
6.407949748743719,53.02078894472362,4.010396386008607
6.430603015075377,53.02078894472362,3.987998479717077
6.453256281407036,53.02078894472362,3.9671058184801904
6.475909547738693,53.02078894472362,3.948418511340747
6.498562814070352,53.02078894472362,3.932649423828636
6.52121608040201,53.02078894472362,3.920486578699809
6.543869346733668,53.02078894472362,3.912554072563426
6.566522613065327,53.02078894472362,3.909374923146221
6.5891758793969855,53.02078894472362,3.911339350592594
6.6118291457286436,53.02078894472362,3.9186815535011412
6.6344824120603025,53.02078894472362,3.9314670959431712
6.65713567839196,53.02078894472362,3.9495917251033803
6.679788944723619,53.02078894472362,3.9727910292548887
6.702442211055277,53.02078894472362,4.000659088729311
6.725095477386935,53.02078894472362,4.032673390761598
6.747748743718594,53.02078894472362,4.06822289620362
6.770402010050251,53.02078894472362,4.106636266655334
6.79305527638191,53.02078894472362,4.147207786596957
6.815708542713568,53.02078894472362,4.1892192884264015
6.838361809045226,53.02078894472362,4.231957239207372
6.861015075376885,53.02078894472362,4.27472493417018
6.8836683417085425,53.02078894472362,4.316850369271153
6.9063216080402015,53.02078894472362,4.357690789129475
6.9289748743718595,53.02078894472362,4.396635122968904
6.951628140703518,53.02078894472362,4.433105550054764
6.974281407035177,53.02078894472362,4.466559309070509
6.996934673366835,53.02078894472362,4.496491617067292
7.019587939698493,53.02078894472362,4.522440227035218
7.042241206030151,53.02078894472362,4.543991763915842
7.06489447236181,53.02078894472362,4.560789576399583
7.087547738693468,53.02078894472362,4.572542471461195
7.110201005025126,53.02078894472362,4.579033409558998
7.132854271356784,53.02078894472362,4.580127077224832
7.155507537688442,53.02078894472362,4.5757752536962295
7.178160804020101,53.02078894472362,4.566019058615219
4.731608040201005,53.03721608040201,6.021974257644868
4.754261306532664,53.03721608040201,6.233353595956916
4.776914572864322,53.03721608040201,6.429495594272096
4.79956783919598,53.03721608040201,6.606612571202453
4.822221105527639,53.03721608040201,6.761284579789304
5.252633165829145,53.03721608040201,5.46359959445134
5.275286432160804,53.03721608040201,5.345499959899154
5.2979396984924625,53.03721608040201,5.24052570171445
5.320592964824121,53.03721608040201,5.1492403786780585
5.34324623115578,53.03721608040201,5.071683759172691
5.365899497487438,53.03721608040201,5.007401644196646
5.388552763819096,53.03721608040201,4.955493861431231
5.411206030150755,53.03721608040201,4.91468094554039
5.433859296482412,53.03721608040201,4.883388302121998
5.456512562814071,53.03721608040201,4.859844346432853
5.479165829145729,53.03721608040201,4.842186773226024
5.501819095477387,53.03721608040201,4.828569370892266
5.524472361809046,53.03721608040201,4.817261124879941
5.547125628140703,53.03721608040201,4.80672996368115
5.569778894472362,53.03721608040201,4.795705262928179
5.59243216080402,53.03721608040201,4.7832157571609715
5.6150854271356785,53.03721608040201,4.768602306327181
5.6377386934673375,53.03721608040201,4.751507536209907
5.660391959798995,53.03721608040201,4.73184635797861
5.683045226130654,53.03721608040201,4.7097625875125235
5.705698492462312,53.03721608040201,4.6855773135595085
5.72835175879397,53.03721608040201,4.659734412401565
5.751005025125629,53.03721608040201,4.632747850918814
5.773658291457287,53.03721608040201,4.605154355052248
5.796311557788945,53.03721608040201,4.577473828891894
5.818964824120604,53.03721608040201,4.550178742519484
5.841618090452261,53.03721608040201,4.523672678113729
5.86427135678392,53.03721608040201,4.498277408479628
5.886924623115578,53.03721608040201,4.474227317182487
5.909577889447236,53.03721608040201,4.451669657921828
5.932231155778895,53.03721608040201,4.4306690674317455
5.954884422110553,53.03721608040201,4.4112148460193055
5.977537688442212,53.03721608040201,4.393229747693009
6.00019095477387,53.03721608040201,4.3765793219448295
6.022844221105528,53.03721608040201,4.361081172649701
6.045497487437187,53.03721608040201,4.346513808237633
6.068150753768844,53.03721608040201,4.332625025245682
6.090804020100503,53.03721608040201,4.319139979039635
6.113457286432161,53.03721608040201,4.3057692431225885
6.136110552763819,53.03721608040201,4.2922172391169715
6.158763819095478,53.03721608040201,4.278191432955377
6.181417085427136,53.03721608040201,4.263412640205317
6.204070351758794,53.03721608040201,4.247626667168333
6.226723618090453,53.03721608040201,4.23061733861902
6.2493768844221105,53.03721608040201,4.21222073474925
6.2720301507537695,53.03721608040201,4.1923401901891655
6.294683417085428,53.03721608040201,4.170961313496565
6.317336683417086,53.03721608040201,4.148165989899754
6.339989949748745,53.03721608040201,4.124144065275705
6.362643216080402,53.03721608040201,4.099201216288578
6.385296482412061,53.03721608040201,4.0737614391109815
6.407949748743719,53.03721608040201,4.048362689757855
6.430603015075377,53.03721608040201,4.023644530251199
6.453256281407036,53.03721608040201,4.000327205005289
6.475909547738693,53.03721608040201,3.9791823826239305
6.498562814070352,53.03721608040201,3.9609967877886696
6.52121608040201,53.03721608040201,3.9465309919365597
6.543869346733668,53.03721608040201,3.936476551902903
6.566522613065327,53.03721608040201,3.931415280919416
6.5891758793969855,53.03721608040201,3.931784531040299
6.6118291457286436,53.03721608040201,3.9378518681832477
6.6344824120603025,53.03721608040201,3.949701464662134
6.65713567839196,53.03721608040201,3.9672330881611906
6.679788944723619,53.03721608040201,3.9901729989248618
6.702442211055277,53.03721608040201,4.018094676420704
6.725095477386935,53.03721608040201,4.050446329972326
6.747748743718594,53.03721608040201,4.0865817398192785
6.770402010050251,53.03721608040201,4.125791126643948
6.79305527638191,53.03721608040201,4.167329345706799
6.815708542713568,53.03721608040201,4.21043956754471
6.838361809045226,53.03721608040201,4.254371551365355
6.861015075376885,53.03721608040201,4.298394483136847
6.8836683417085425,53.03721608040201,4.341805035994517
6.9063216080402015,53.03721608040201,4.38393177006483
6.9289748743718595,53.03721608040201,4.424137220023648
6.951628140703518,53.03721608040201,4.461819045898719
6.974281407035177,53.03721608040201,4.496411481226444
6.996934673366835,53.03721608040201,4.5273880398056505
7.019587939698493,53.03721608040201,4.554266073984318
7.042241206030151,53.03721608040201,4.576613350639387
7.06489447236181,53.03721608040201,4.594056367648976
7.087547738693468,53.03721608040201,4.606289722966886
7.110201005025126,53.03721608040201,4.61308552510824
7.132854271356784,53.03721608040201,4.6143016505836485
7.155507537688442,53.03721608040201,4.609887649187496
7.178160804020101,53.03721608040201,4.599887283937916
4.731608040201005,53.0536432160804,6.149113352661532
4.754261306532664,53.0536432160804,6.354611530693825
4.776914572864322,53.0536432160804,6.5446492066214645
4.79956783919598,53.0536432160804,6.7156089753009764
4.822221105527639,53.0536432160804,6.86423236754761
4.844874371859297,53.0536432160804,6.987741665918903
4.867527638190955,53.0536432160804,7.083944789811514
5.275286432160804,53.0536432160804,5.367010797963789
5.2979396984924625,53.0536432160804,5.254480949032825
5.320592964824121,53.0536432160804,5.155380056151529
5.34324623115578,53.0536432160804,5.069928096232746
5.365899497487438,53.0536432160804,4.9978628234762255
5.388552763819096,53.0536432160804,4.93847857760579
5.411206030150755,53.0536432160804,4.890683787644927
5.433859296482412,53.0536432160804,4.853076367317238
5.456512562814071,53.0536432160804,4.8240339477859395
5.479165829145729,53.0536432160804,4.801813602180878
5.501819095477387,53.0536432160804,4.784653956821731
5.524472361809046,53.0536432160804,4.770871809121958
5.547125628140703,53.0536432160804,4.758945784538736
5.569778894472362,53.0536432160804,4.747581075252052
5.59243216080402,53.0536432160804,4.735751582424282
5.6150854271356785,53.0536432160804,4.722718377913892
5.6377386934673375,53.0536432160804,4.708025859966649
5.660391959798995,53.0536432160804,4.691478953721253
5.683045226130654,53.0536432160804,4.673106005869014
5.705698492462312,53.0536432160804,4.653112598253946
5.72835175879397,53.0536432160804,4.6318314284500195
5.751005025125629,53.0536432160804,4.609672817503708
5.773658291457287,53.0536432160804,4.587079476001949
5.796311557788945,53.0536432160804,4.564488058352531
5.818964824120604,53.0536432160804,4.542298911761862
5.841618090452261,53.0536432160804,4.520854402433452
5.86427135678392,53.0536432160804,4.500425364489845
5.886924623115578,53.0536432160804,4.481204617859082
5.909577889447236,53.0536432160804,4.463306154210522
5.932231155778895,53.0536432160804,4.446768477048128
5.954884422110553,53.0536432160804,4.4315606612900185
5.977537688442212,53.0536432160804,4.417589913762336
6.00019095477387,53.0536432160804,4.404709711261181
6.022844221105528,53.0536432160804,4.392727915711967
6.045497487437187,53.0536432160804,4.38141457628328
6.068150753768844,53.0536432160804,4.370509398489968
6.090804020100503,53.0536432160804,4.35972907373522
6.113457286432161,53.0536432160804,4.348774810790514
6.136110552763819,53.0536432160804,4.337340489621509
6.158763819095478,53.0536432160804,4.3251218665504645
6.181417085427136,53.0536432160804,4.311827198162382
6.204070351758794,53.0536432160804,4.297189521232099
6.226723618090453,53.0536432160804,4.280980631077845
6.2493768844221105,53.0536432160804,4.263026548468177
6.2720301507537695,53.0536432160804,4.243223967745971
6.294683417085428,53.0536432160804,4.2215568547962175
6.317336683417086,53.0536432160804,4.198112039171496
6.339989949748745,53.0536432160804,4.17309235544225
6.362643216080402,53.0536432160804,4.146825679382179
6.385296482412061,53.0536432160804,4.119768128008811
6.407949748743719,53.0536432160804,4.092499805558949
6.430603015075377,53.0536432160804,4.0657118313708445
6.453256281407036,53.0536432160804,4.040184010841041
6.475909547738693,53.0536432160804,4.0167533977543775
6.498562814070352,53.0536432160804,3.996275077705919
6.52121608040201,53.0536432160804,3.9795776426169387
6.543869346733668,53.0536432160804,3.967416831014313
6.566522613065327,53.0536432160804,3.9604314573377546
6.5891758793969855,53.0536432160804,3.9591058544163666
6.6118291457286436,53.0536432160804,3.9637425060905094
6.6344824120603025,53.0536432160804,3.9744473899810187
6.65713567839196,53.0536432160804,3.9911289696969225
6.679788944723619,53.0536432160804,4.013510066341608
6.702442211055277,53.0536432160804,4.041150327513996
6.725095477386935,53.0536432160804,4.073475967521814
6.747748743718594,53.0536432160804,4.109813020428359
6.770402010050251,53.0536432160804,4.149420525554658
6.79305527638191,53.0536432160804,4.19152072646054
6.815708542713568,53.0536432160804,4.23532431207659
6.838361809045226,53.0536432160804,4.280049755695584
6.861015075376885,53.0536432160804,4.324936744505071
6.8836683417085425,53.0536432160804,4.369254430570754
6.9063216080402015,53.0536432160804,4.412305726332023
6.9289748743718595,53.0536432160804,4.453429113586489
6.951628140703518,53.0536432160804,4.491999462175536
6.974281407035177,53.0536432160804,4.52742920173004
6.996934673366835,53.0536432160804,4.559170896246929
7.019587939698493,53.0536432160804,4.586721874457969
7.042241206030151,53.0536432160804,4.609631107236355
7.06489447236181,53.0536432160804,4.627508040790021
7.087547738693468,53.0536432160804,4.640032644223437
7.110201005025126,53.0536432160804,4.646965572494698
7.132854271356784,53.0536432160804,4.648157140011063
7.155507537688442,53.0536432160804,4.64355379042071
7.178160804020101,53.0536432160804,4.633200949361576
4.731608040201005,53.070070351758794,6.267662174247924
4.754261306532664,53.070070351758794,6.4676140815471985
4.776914572864322,53.070070351758794,6.651975906120227
4.79956783919598,53.070070351758794,6.8172877710416095
4.822221105527639,53.070070351758794,6.9604378068855794
4.844874371859297,53.070070351758794,7.078777193108678
4.867527638190955,53.070070351758794,7.170219291890756
5.2979396984924625,53.070070351758794,5.280417512702078
5.320592964824121,53.070070351758794,5.174561859195801
5.34324623115578,53.070070351758794,5.082141337839788
5.365899497487438,53.070070351758794,5.003055046600987
5.388552763819096,53.070070351758794,4.936767510335115
5.411206030150755,53.070070351758794,4.8823585174624675
5.433859296482412,53.070070351758794,4.838590647586501
5.456512562814071,53.070070351758794,4.803991841056694
5.479165829145729,53.070070351758794,4.776948177062944
5.501819095477387,53.070070351758794,4.7558003098820505
5.524472361809046,53.070070351758794,4.738936179999186
5.547125628140703,53.070070351758794,4.72487286654385
5.569778894472362,53.070070351758794,4.712321720085696
5.59243216080402,53.070070351758794,4.700232933330254
5.6150854271356785,53.070070351758794,4.687818074069947
5.6377386934673375,53.070070351758794,4.674551413297516
5.660391959798995,53.070070351758794,4.660152805190997
5.683045226130654,53.070070351758794,4.644556215083962
5.705698492462312,53.070070351758794,4.627868678085387
5.72835175879397,53.070070351758794,4.610324542530363
5.751005025125629,53.070070351758794,4.592239416818524
5.773658291457287,53.070070351758794,4.573967439030911
5.796311557788945,53.070070351758794,4.555864479648495
5.818964824120604,53.070070351758794,4.538258814974592
5.841618090452261,53.070070351758794,4.521429799489971
5.86427135678392,53.070070351758794,4.505594217818819
5.886924623115578,53.070070351758794,4.490899374418203
5.909577889447236,53.070070351758794,4.477421606324338
5.932231155778895,53.070070351758794,4.465168770103367
5.954884422110553,53.070070351758794,4.454085319355489
5.977537688442212,53.070070351758794,4.444058798172112
6.00019095477387,53.070070351758794,4.434926869266516
6.022844221105528,53.070070351758794,4.426484319418513
6.045497487437187,53.070070351758794,4.418489797448468
6.068150753768844,53.070070351758794,4.4106723123824185
6.090804020100503,53.070070351758794,4.402737734426071
6.113457286432161,53.070070351758794,4.394375689599805
6.136110552763819,53.070070351758794,4.385267315787781
6.158763819095478,53.070070351758794,4.375094351303062
6.181417085427136,53.070070351758794,4.363549955913995
6.204070351758794,53.070070351758794,4.35035151928774
6.226723618090453,53.070070351758794,4.335255496474993
6.2493768844221105,53.070070351758794,4.318074032134293
6.2720301507537695,53.070070351758794,4.298692808377878
6.294683417085428,53.070070351758794,4.277089196292619
6.317336683417086,53.070070351758794,4.253349437789756
6.339989949748745,53.070070351758794,4.227683271256733
6.362643216080402,53.070070351758794,4.200434190087349
6.385296482412061,53.070070351758794,4.172083444310805
6.407949748743719,53.070070351758794,4.143246022509353
6.430603015075377,53.070070351758794,4.114657237802007
6.453256281407036,53.070070351758794,4.087149219475368
6.475909547738693,53.070070351758794,4.061617569862466
6.498562814070352,53.070070351758794,4.038979611176155
6.52121608040201,53.070070351758794,4.0201268736369435
6.543869346733668,53.070070351758794,4.005875555681401
6.566522613065327,53.070070351758794,3.9969193827480627
6.5891758793969855,53.070070351758794,3.993789397544207
6.6118291457286436,53.070070351758794,3.9968246245711616
6.6344824120603025,53.070070351758794,4.006156306954672
6.65713567839196,53.070070351758794,4.021706715404876
6.679788944723619,53.070070351758794,4.0432016954607395
6.702442211055277,53.070070351758794,4.070194501255569
6.725095477386935,53.070070351758794,4.102097350572895
6.747748743718594,53.070070351758794,4.138216681037245
6.770402010050251,53.070070351758794,4.1777882859934
6.79305527638191,53.070070351758794,4.220009222735729
6.815708542713568,53.070070351758794,4.264064402497609
6.838361809045226,53.070070351758794,4.309146869260069
6.861015075376885,53.070070351758794,4.354471772640726
6.8836683417085425,53.070070351758794,4.399284824433155
6.9063216080402015,53.070070351758794,4.442866550101174
6.9289748743718595,53.070070351758794,4.484533906992662
6.951628140703518,53.070070351758794,4.5236408703267585
6.974281407035177,53.070070351758794,4.559579426995688
6.996934673366835,53.070070351758794,4.591782106786594
7.019587939698493,53.070070351758794,4.619726759117756
7.042241206030151,53.070070351758794,4.6429437900589265
7.06489447236181,53.070070351758794,4.661025555316874
7.087547738693468,53.070070351758794,4.673637116851561
7.110201005025126,53.070070351758794,4.680527179735042
7.132854271356784,53.070070351758794,4.681537797600814
7.155507537688442,53.070070351758794,4.676611419900684
7.178160804020101,53.070070351758794,4.665794070141686
4.754261306532664,53.086497487437185,6.572204273718086
4.776914572864322,53.086497487437185,6.751306946123686
4.79956783919598,53.086497487437185,6.911461091251271
4.822221105527639,53.086497487437185,7.049688010770659
4.844874371859297,53.086497487437185,7.163453657664909
4.867527638190955,53.086497487437185,7.250763094129849
4.890180904522613,53.086497487437185,7.3102351789200934
5.34324623115578,53.086497487437185,5.107193142138691
5.365899497487438,53.086497487437185,5.021830378086717
5.388552763819096,53.086497487437185,4.94921665500272
5.411206030150755,53.086497487437185,4.888587651997249
5.433859296482412,53.086497487437185,4.838862478826416
5.456512562814071,53.086497487437185,4.798718872449717
5.479165829145729,53.086497487437185,4.766678795690859
5.501819095477387,53.086497487437185,4.7411984891089105
5.524472361809046,53.086497487437185,4.7207561746971205
5.547125628140703,53.086497487437185,4.703930726570855
5.569778894472362,53.086497487437185,4.6894656756815305
5.59243216080402,53.086497487437185,4.676314675567783
5.6150854271356785,53.086497487437185,4.663666683024203
5.6377386934673375,53.086497487437185,4.650951240953662
5.660391959798995,53.086497487437185,4.637826089219774
5.683045226130654,53.086497487437185,4.624150674783435
5.705698492462312,53.086497487437185,4.60994989817892
5.72835175879397,53.086497487437185,4.59537262797029
5.751005025125629,53.086497487437185,4.580649214584717
5.773658291457287,53.086497487437185,4.5660515572118365
5.796311557788945,53.086497487437185,4.551858359356688
5.818964824120604,53.086497487437185,4.538327190690225
5.841618090452261,53.086497487437185,4.5256739855688695
5.86427135678392,53.086497487437185,4.514059759718651
5.886924623115578,53.086497487437185,4.50358369029587
5.909577889447236,53.086497487437185,4.4942813151064245
5.932231155778895,53.086497487437185,4.486126459065573
5.954884422110553,53.086497487437185,4.479035553263538
5.977537688442212,53.086497487437185,4.472873218369854
6.00019095477387,53.086497487437185,4.467458278347137
6.022844221105528,53.086497487437185,4.46256969700865
6.045497487437187,53.086497487437185,4.457952245540504
6.068150753768844,53.086497487437185,4.453321984172792
6.090804020100503,53.086497487437185,4.448371857914273
6.113457286432161,53.086497487437185,4.4427778549087
6.136110552763819,53.086497487437185,4.436206251097406
6.158763819095478,53.086497487437185,4.428322463069865
6.181417085427136,53.086497487437185,4.4188019499463715
6.204070351758794,53.086497487437185,4.407343444504077
6.226723618090453,53.086497487437185,4.393684556571159
6.2493768844221105,53.086497487437185,4.377619486387422
6.2720301507537695,53.086497487437185,4.359018227598651
6.294683417085428,53.086497487437185,4.33784625251465
6.317336683417086,53.086497487437185,4.314183289151399
6.339989949748745,53.086497487437185,4.288239463030992
6.362643216080402,53.086497487437185,4.2603668389770935
6.385296482412061,53.086497487437185,4.231064319284235
6.407949748743719,53.086497487437185,4.200973997443554
6.430603015075377,53.086497487437185,4.170867486377903
6.453256281407036,53.086497487437185,4.1416214683531445
6.475909547738693,53.086497487437185,4.114182736993905
6.498562814070352,53.086497487437185,4.089524241585556
6.52121608040201,53.086497487437185,4.0685949456176544
6.543869346733668,53.086497487437185,4.0522674547251105
6.566522613065327,53.086497487437185,4.041288104268547
6.5891758793969855,53.086497487437185,4.036234307255811
6.6118291457286436,53.086497487437185,4.037483336760711
6.6344824120603025,53.086497487437185,4.045195398822262
6.65713567839196,53.086497487437185,4.059312055622763
6.679788944723619,53.086497487437185,4.079569121457183
6.702442211055277,53.086497487437185,4.105521446914043
6.725095477386935,53.086497487437185,4.136575834187434
6.747748743718594,53.086497487437185,4.172027849981928
6.770402010050251,53.086497487437185,4.211098515187046
6.79305527638191,53.086497487437185,4.252967605124493
6.815708542713568,53.086497487437185,4.296801365514628
6.838361809045226,53.086497487437185,4.341773603773628
6.861015075376885,53.086497487437185,4.387080163727934
6.8836683417085425,53.086497487437185,4.431947615060264
6.9063216080402015,53.086497487437185,4.475637536811854
6.9289748743718595,53.086497487437185,4.517448049164498
6.951628140703518,53.086497487437185,4.556714281282511
6.974281407035177,53.086497487437185,4.592809297434686
6.996934673366835,53.086497487437185,4.625146680590162
7.019587939698493,53.086497487437185,4.653185530798928
7.042241206030151,53.086497487437185,4.676438114713361
7.06489447236181,53.086497487437185,4.694479850276453
7.087547738693468,53.086497487437185,4.706960787252022
7.110201005025126,53.086497487437185,4.713617321279932
7.132854271356784,53.086497487437185,4.714282629023766
7.155507537688442,53.086497487437185,4.708894291148552
7.178160804020101,53.086497487437185,4.697497799675982
4.754261306532664,53.10292462311558,6.668276384574929
4.776914572864322,53.10292462311558,6.842514837472637
4.79956783919598,53.10292462311558,6.997972423000485
4.822221105527639,53.10292462311558,7.1317917497536865
4.844874371859297,53.10292462311558,7.241541288202277
4.867527638190955,53.10292462311558,7.325306053360381
4.890180904522613,53.10292462311558,7.38175975189722
5.388552763819096,53.10292462311558,4.974540775183099
5.411206030150755,53.10292462311558,4.908108404912214
5.433859296482412,53.10292462311558,4.852673918441818
5.456512562814071,53.10292462311558,4.80706296638869
5.479165829145729,53.10292462311558,4.769937800734813
5.501819095477387,53.10292462311558,4.739880461818374
5.524472361809046,53.10292462311558,4.715474659575397
5.547125628140703,53.10292462311558,4.695380192746798
5.569778894472362,53.10292462311558,4.678394599389371
5.59243216080402,53.10292462311558,4.66349824168767
5.6150854271356785,53.10292462311558,4.649880911150063
5.6377386934673375,53.10292462311558,4.636949983248652
5.660391959798995,53.10292462311558,4.624321880052255
5.683045226130654,53.10292462311558,4.6117999229084905
5.705698492462312,53.10292462311558,4.599342474535209
5.72835175879397,53.10292462311558,4.58702556393431
5.751005025125629,53.10292462311558,4.575004005466466
5.773658291457287,53.10292462311558,4.563474457096005
5.796311557788945,53.10292462311558,4.552643032204466
5.818964824120604,53.10292462311558,4.5426991180219165
5.841618090452261,53.10292462311558,4.5337960940272595
5.86427135678392,53.10292462311558,4.526038801024005
5.886924623115578,53.10292462311558,4.519476969828202
5.909577889447236,53.10292462311558,4.514103420320786
5.932231155778895,53.10292462311558,4.509855687234983
5.954884422110553,53.10292462311558,4.506619783765009
5.977537688442212,53.10292462311558,4.504235021627691
6.00019095477387,53.10292462311558,4.502499103832741
6.022844221105528,53.10292462311558,4.501173037085084
6.045497487437187,53.10292462311558,4.499985730204285
6.068150753768844,53.10292462311558,4.498638423233528
6.090804020100503,53.10292462311558,4.496809311048951
6.113457286432161,53.10292462311558,4.494158875065556
6.136110552763819,53.10292462311558,4.49033651074734
6.158763819095478,53.10292462311558,4.4849890322153385
6.181417085427136,53.10292462311558,4.477771544441767
6.204070351758794,53.10292462311558,4.468360996629982
6.226723618090453,53.10292462311558,4.456472470013311
6.2493768844221105,53.10292462311558,4.4418779186527395
6.2720301507537695,53.10292462311558,4.424426690445629
6.294683417085428,53.10292462311558,4.404066734538262
6.317336683417086,53.10292462311558,4.380864987641463
6.339989949748745,53.10292462311558,4.3550250722329915
6.362643216080402,53.10292462311558,4.326900190260377
6.385296482412061,53.10292462311558,4.296999019623637
6.407949748743719,53.10292462311558,4.26598258177314
6.430603015075377,53.10292462311558,4.2346505026953905
6.453256281407036,53.10292462311558,4.203915866342938
6.475909547738693,53.10292462311558,4.1747689424879315
6.498562814070352,53.10292462311558,4.1482313759180975
6.52121608040201,53.10292462311558,4.125303788696269
6.543869346733668,53.10292462311558,4.106910941938395
6.566522613065327,53.10292462311558,4.0938493690967706
6.5891758793969855,53.10292462311558,4.086742505030204
6.6118291457286436,53.10292462311558,4.086007678761934
6.6344824120603025,53.10292462311558,4.091837961478702
6.65713567839196,53.10292462311558,4.1041999884208815
6.679788944723619,53.10292462311558,4.122846854955469
6.702442211055277,53.10292462311558,4.147343409590857
6.725095477386935,53.10292462311558,4.177100046045819
6.747748743718594,53.10292462311558,4.2114105997731315
6.770402010050251,53.10292462311558,4.249490173616081
6.79305527638191,53.10292462311558,4.290509498959526
6.815708542713568,53.10292462311558,4.333623548847843
6.838361809045226,53.10292462311558,4.377993315889585
6.861015075376885,53.10292462311558,4.422800754734733
6.8836683417085425,53.10292462311558,4.467257743473473
6.9063216080402015,53.10292462311558,4.5106104890931755
6.9289748743718595,53.10292462311558,4.5521410913917775
6.951628140703518,53.10292462311558,4.591168019870665
6.974281407035177,53.10292462311558,4.6270470918272135
6.996934673366835,53.10292462311558,4.6591742087611125
7.019587939698493,53.10292462311558,4.686990650688581
7.042241206030151,53.10292462311558,4.709991183936985
7.06489447236181,53.10292462311558,4.727734656556369
7.087547738693468,53.10292462311558,4.739856200207029
7.110201005025126,53.10292462311558,4.746079704918245
7.132854271356784,53.10292462311558,4.746228962403858
7.155507537688442,53.10292462311558,4.7402358470863435
7.178160804020101,53.10292462311558,4.728144146358781
4.79956783919598,53.11935175879397,7.076691159230063
4.822221105527639,53.11935175879397,7.206576180302439
4.844874371859297,53.11935175879397,7.312821485307535
4.867527638190955,53.11935175879397,7.3935822774599345
4.890180904522613,53.11935175879397,7.447578657862165
5.411206030150755,53.11935175879397,4.939557529410168
5.433859296482412,53.11935175879397,4.8787022853360105
5.456512562814071,53.11935175879397,4.827762796867647
5.479165829145729,53.11935175879397,4.785543835636469
5.501819095477387,53.11935175879397,4.750760438596724
5.524472361809046,53.11935175879397,4.722113399954928
5.547125628140703,53.11935175879397,4.698358642124404
5.569778894472362,53.11935175879397,4.678365554942689
5.59243216080402,53.11935175879397,4.661160664157624
5.6150854271356785,53.11935175879397,4.645954632615029
5.6377386934673375,53.11935175879397,4.632152342916665
5.660391959798995,53.11935175879397,4.619347414668161
5.683045226130654,53.11935175879397,4.607303789119459
5.705698492462312,53.11935175879397,4.595927859283105
5.72835175879397,53.11935175879397,4.5852349954959655
5.751005025125629,53.11935175879397,4.575314235488406
5.773658291457287,53.11935175879397,4.566294442034225
5.796311557788945,53.11935175879397,4.5583144830885205
5.818964824120604,53.11935175879397,4.5514990846904215
5.841618090452261,53.11935175879397,4.545941078681572
5.86427135678392,53.11935175879397,4.541689937018393
5.886924623115578,53.11935175879397,4.53874584423958
5.909577889447236,53.11935175879397,4.537058159477946
5.932231155778895,53.11935175879397,4.536526964169932
5.954884422110553,53.11935175879397,4.537006448236059
5.977537688442212,53.11935175879397,4.538309099348263
6.00019095477387,53.11935175879397,4.540209962881969
6.022844221105528,53.11935175879397,4.542450576148916
6.045497487437187,53.11935175879397,4.544742504678479
6.068150753768844,53.11935175879397,4.546770690677899
6.090804020100503,53.11935175879397,4.548197046363864
6.113457286432161,53.11935175879397,4.548664877039231
6.136110552763819,53.11935175879397,4.5478047931748256
6.158763819095478,53.11935175879397,4.545242760824336
6.181417085427136,53.11935175879397,4.540610839626107
6.204070351758794,53.11935175879397,4.533560964168096
6.226723618090453,53.11935175879397,4.523781839666724
6.2493768844221105,53.11935175879397,4.511018656838462
6.2720301507537695,53.11935175879397,4.495094903710965
6.294683417085428,53.11935175879397,4.475935094916323
6.317336683417086,53.11935175879397,4.453586793475249
6.339989949748745,53.11935175879397,4.428239917712137
6.362643216080402,53.11935175879397,4.40024106657321
6.385296482412061,53.11935175879397,4.370100525500706
6.407949748743719,53.11935175879397,4.338489797130746
6.430603015075377,53.11935175879397,4.306227990657997
6.453256281407036,53.11935175879397,4.274256227749592
6.475909547738693,53.11935175879397,4.2436003601750345
6.498562814070352,53.11935175879397,4.215323654990103
6.52121608040201,53.11935175879397,4.190472518455307
6.543869346733668,53.11935175879397,4.17001956320965
6.566522613065327,53.11935175879397,4.154809109503357
6.5891758793969855,53.11935175879397,4.145510322589782
6.6118291457286436,53.11935175879397,4.142582508604305
6.6344824120603025,53.11935175879397,4.146255672438742
6.65713567839196,53.11935175879397,4.156527513614882
6.679788944723619,53.11935175879397,4.173175960420995
6.702442211055277,53.11935175879397,4.195784514285861
6.725095477386935,53.11935175879397,4.223776418991291
6.747748743718594,53.11935175879397,4.2564531536437915
6.770402010050251,53.11935175879397,4.29303296622558
6.79305527638191,53.11935175879397,4.332685959079959
6.815708542713568,53.11935175879397,4.374563369930646
6.838361809045226,53.11935175879397,4.417819914653434
6.861015075376885,53.11935175879397,4.461629171241423
6.8836683417085425,53.11935175879397,4.505192862432073
6.9063216080402015,53.11935175879397,4.547745484424108
6.9289748743718595,53.11935175879397,4.588556032587474
6.951628140703518,53.11935175879397,4.626928624074449
6.974281407035177,53.11935175879397,4.6622036540050384
6.996934673366835,53.11935175879397,4.693760787362141
7.019587939698493,53.11935175879397,4.721024620564217
7.042241206030151,53.11935175879397,4.743473284668766
7.06489447236181,53.11935175879397,4.760649656462535
7.087547738693468,53.11935175879397,4.772174260811392
7.110201005025126,53.11935175879397,4.777758469075544
7.132854271356784,53.11935175879397,4.777216309064653
7.155507537688442,53.11935175879397,4.770473170005483
4.822221105527639,53.13577889447236,7.2738859309869
4.844874371859297,53.13577889447236,7.377087992587565
4.867527638190955,53.13577889447236,7.4553333380527596
4.890180904522613,53.13577889447236,7.507381808271151
5.411206030150755,53.13577889447236,4.981510913325617
5.433859296482412,53.13577889447236,4.915559555320131
5.456512562814071,53.13577889447236,4.859486543630137
5.479165829145729,53.13577889447236,4.812239523554132
5.501819095477387,53.13577889447236,4.772671055358059
5.524472361809046,53.13577889447236,4.739607360761549
5.547125628140703,53.13577889447236,4.711912085957321
5.569778894472362,53.13577889447236,4.688540611737987
5.59243216080402,53.13577889447236,4.668581490370039
5.6150854271356785,53.13577889447236,4.65128299879016
5.6377386934673375,53.13577889447236,4.636064344584675
5.660391959798995,53.13577889447236,4.622512530718506
5.683045226130654,53.13577889447236,4.610367104506571
5.705698492462312,53.13577889447236,4.59949586988673
5.72835175879397,53.13577889447236,4.589865072333663
5.751005025125629,53.13577889447236,4.581507569729892
5.773658291457287,53.13577889447236,4.574492125421767
5.796311557788945,53.13577889447236,4.568896288021171
5.818964824120604,53.13577889447236,4.564784473559711
5.841618090452261,53.13577889447236,4.562191971591301
5.86427135678392,53.13577889447236,4.5611147839863015
5.886924623115578,53.13577889447236,4.561504572422971
5.909577889447236,53.13577889447236,4.563267594119129
5.932231155778895,53.13577889447236,4.5662663539722335
5.954884422110553,53.13577889447236,4.570322763266263
5.977537688442212,53.13577889447236,4.575221813485741
6.00019095477387,53.13577889447236,4.580715083481947
6.022844221105528,53.13577889447236,4.586523740408105
6.045497487437187,53.13577889447236,4.592341024519576
6.068150753768844,53.13577889447236,4.5978344953742125
6.090804020100503,53.13577889447236,4.602648544360171
6.113457286432161,53.13577889447236,4.60640783478544
6.136110552763819,53.13577889447236,4.608722407303512
6.158763819095478,53.13577889447236,4.609195176612544
6.181417085427136,53.13577889447236,4.607432436990992
6.204070351758794,53.13577889447236,4.6030577841200735
6.226723618090453,53.13577889447236,4.595729550144966
6.2493768844221105,53.13577889447236,4.585161449214651
6.2720301507537695,53.13577889447236,4.571145665033748
6.294683417085428,53.13577889447236,4.553577115925446
6.317336683417086,53.13577889447236,4.532477153736578
6.339989949748745,53.13577889447236,4.508014547416122
6.362643216080402,53.13577889447236,4.480521334112707
6.385296482412061,53.13577889447236,4.450501057452122
6.407949748743719,53.13577889447236,4.418627118875077
6.430603015075377,53.13577889447236,4.385729495101022
6.453256281407036,53.13577889447236,4.35276894533015
6.475909547738693,53.13577889447236,4.3207990187458245
6.498562814070352,53.13577889447236,4.290917580251269
6.52121608040201,53.13577889447236,4.264211025964149
6.543869346733668,53.13577889447236,4.241695618933287
6.566522613065327,53.13577889447236,4.224261172566702
6.5891758793969855,53.13577889447236,4.21262241633473
6.6118291457286436,53.13577889447236,4.207282681246411
6.6344824120603025,53.13577889447236,4.208513096809025
6.65713567839196,53.13577889447236,4.216348531243055
6.679788944723619,53.13577889447236,4.230599397414868
6.702442211055277,53.13577889447236,4.25087658779865
6.725095477386935,53.13577889447236,4.2766255192002465
6.747748743718594,53.13577889447236,4.307164734615465
6.770402010050251,53.13577889447236,4.341724718035003
6.79305527638191,53.13577889447236,4.379483371026674
6.815708542713568,53.13577889447236,4.419595737470715
6.838361809045226,53.13577889447236,4.46121679595961
6.861015075376885,53.13577889447236,4.503517266514897
6.8836683417085425,53.13577889447236,4.545693271804573
6.9063216080402015,53.13577889447236,4.586971298473047
6.9289748743718595,53.13577889447236,4.626610221617382
6.951628140703518,53.13577889447236,4.6639022154893715
6.974281407035177,53.13577889447236,4.698174217036516
6.996934673366835,53.13577889447236,4.728791275522844
7.019587939698493,53.13577889447236,4.75516264780536
7.042241206030151,53.13577889447236,4.7767509242688835
7.06489447236181,53.13577889447236,4.79308384595142
7.087547738693468,53.13577889447236,4.803767868079816
7.110201005025126,53.13577889447236,4.808502024796954
7.132854271356784,53.13577889447236,4.807090344610914
7.155507537688442,53.13577889447236,4.799451029141044
4.822221105527639,53.15220603015075,7.333584422478183
4.844874371859297,53.15220603015075,7.434150168900402
4.867527638190955,53.15220603015075,7.510313433993744
4.890180904522613,53.15220603015075,7.560868828827775
5.433859296482412,53.15220603015075,4.9618263150761335
5.456512562814071,53.15220603015075,4.9008654193270464
5.479165829145729,53.15220603015075,4.848724232690386
5.501819095477387,53.15220603015075,4.804395040927593
5.524472361809046,53.15220603015075,4.766834953202821
5.547125628140703,53.15220603015075,4.735023699312875
5.569778894472362,53.15220603015075,4.708013401702372
5.59243216080402,53.15220603015075,4.6849671628127245
5.6150854271356785,53.15220603015075,4.6651844974924686
5.6377386934673375,53.15220603015075,4.648112992606123
5.660391959798995,53.15220603015075,4.633346906185031
5.683045226130654,53.15220603015075,4.620614566161924
5.705698492462312,53.15220603015075,4.60975727453268
5.72835175879397,53.15220603015075,4.600702894301868
5.751005025125629,53.15220603015075,4.593437370163314
5.773658291457287,53.15220603015075,4.587977134425175
5.796311557788945,53.15220603015075,4.584344748133013
5.818964824120604,53.15220603015075,4.582549332383396
5.841618090452261,53.15220603015075,4.582572486997462
5.86427135678392,53.15220603015075,4.584359602499686
5.886924623115578,53.15220603015075,4.587815851071933
5.909577889447236,53.15220603015075,4.592805754046352
5.932231155778895,53.15220603015075,4.599155079566129
5.954884422110553,53.15220603015075,4.606653893796079
5.977537688442212,53.15220603015075,4.615059815265766
6.00019095477387,53.15220603015075,4.624100839008403
6.022844221105528,53.15220603015075,4.63347744594313
6.045497487437187,53.15220603015075,4.642864048773515
6.068150753768844,53.15220603015075,4.651910119348955
6.090804020100503,53.15220603015075,4.660241576365437
6.113457286432161,53.15220603015075,4.667463174948194
6.136110552763819,53.15220603015075,4.673162720753692
6.158763819095478,53.15220603015075,4.676917919664741
6.181417085427136,53.15220603015075,4.678306558913104
6.204070351758794,53.15220603015075,4.676920488997424
6.226723618090453,53.15220603015075,4.672383538482192
6.2493768844221105,53.15220603015075,4.664373058056924
6.2720301507537695,53.15220603015075,4.652644282794794
6.294683417085428,53.15220603015075,4.637056163484028
6.317336683417086,53.15220603015075,4.617596802734553
6.339989949748745,53.15220603015075,4.5944062020747065
6.362643216080402,53.15220603015075,4.567793750635184
6.385296482412061,53.15220603015075,4.5382478332947045
6.407949748743719,53.15220603015075,4.506435169675972
6.430603015075377,53.15220603015075,4.473188062537567
6.453256281407036,53.15220603015075,4.439478651113557
6.475909547738693,53.15220603015075,4.406380497690639
6.498562814070352,53.15220603015075,4.375019281672779
6.52121608040201,53.15220603015075,4.346515855700318
6.543869346733668,53.15220603015075,4.321926190506833
6.566522613065327,53.15220603015075,4.302183533162507
6.5891758793969855,53.15220603015075,4.288048202807262
6.6118291457286436,53.15220603015075,4.280069739168247
6.6344824120603025,53.15220603015075,4.27856466109818
6.65713567839196,53.15220603015075,4.283611121228445
6.679788944723619,53.15220603015075,4.295059622920186
6.702442211055277,53.15220603015075,4.312557094929658
6.725095477386935,53.15220603015075,4.33558032263837
6.747748743718594,53.15220603015075,4.363474184933133
6.770402010050251,53.15220603015075,4.395490337012272
6.79305527638191,53.15220603015075,4.430822756943215
6.815708542713568,53.15220603015075,4.46863770028145
6.838361809045226,53.15220603015075,4.5080968353697
6.861015075376885,53.15220603015075,4.548373460899905
6.8836683417085425,53.15220603015075,4.58866260850374
6.9063216080402015,53.15220603015075,4.628186450258433
6.9289748743718595,53.15220603015075,4.666196761894789
6.951628140703518,53.15220603015075,4.701976265474719
6.974281407035177,53.15220603015075,4.734840529039481
6.996934673366835,53.15220603015075,4.764141772950029
7.019587939698493,53.15220603015075,4.789275458619149
7.042241206030151,53.15220603015075,4.809689953894104
7.06489447236181,53.15220603015075,4.824898932123532
7.087547738693468,53.15220603015075,4.834495540084067
7.110201005025126,53.15220603015075,4.83816685271003
7.132854271356784,53.15220603015075,4.835706814729778
7.155507537688442,53.15220603015075,4.827025828213122
7.178160804020101,53.15220603015075,4.81215541433014
4.844874371859297,53.16863316582915,7.483838037429987
4.867527638190955,53.16863316582915,7.558296164588553
5.433859296482412,53.16863316582915,5.016080328176664
5.456512562814071,53.16863316582915,4.950521994893436
5.479165829145729,53.16863316582915,4.893681919106932
5.501819095477387,53.16863316582915,4.844692319509954
5.524472361809046,53.16863316582915,4.8026441338357015
5.547125628140703,53.16863316582915,4.766638661143636
5.569778894472362,53.16863316582915,4.73583246560507
5.59243216080402,53.16863316582915,4.709472670221449
5.6150854271356785,53.16863316582915,4.686920751215332
5.6377386934673375,53.16863316582915,4.667664109305822
5.660391959798995,53.16863316582915,4.651315884566279
5.683045226130654,53.16863316582915,4.637604549730381
5.705698492462312,53.16863316582915,4.626355642023699
5.72835175879397,53.16863316582915,4.617468491453335
5.751005025125629,53.16863316582915,4.610890932736125
5.773658291457287,53.16863316582915,4.606594755508673
5.796311557788945,53.16863316582915,4.604554109666025
5.818964824120604,53.16863316582915,4.604728339758457
5.841618090452261,53.16863316582915,4.6070499022728875
5.86427135678392,53.16863316582915,4.611417253624135
5.886924623115578,53.16863316582915,4.6176919930584885
5.909577889447236,53.16863316582915,4.625699168558056
5.932231155778895,53.16863316582915,4.635229519865134
5.954884422110553,53.16863316582915,4.64604251148334
5.977537688442212,53.16863316582915,4.657869242905625
6.00019095477387,53.16863316582915,4.670414647637318
6.022844221105528,53.16863316582915,4.6833587479711545
6.045497487437187,53.16863316582915,4.696357074926711
6.068150753768844,53.16863316582915,4.709040663867803
6.090804020100503,53.16863316582915,4.721016278808775
6.113457286432161,53.16863316582915,4.731867690063801
6.136110552763819,53.16863316582915,4.741158918474826
6.158763819095478,53.16863316582915,4.7484403508727695
6.181417085427136,53.16863316582915,4.753258511231509
6.204070351758794,53.16863316582915,4.755170029781566
6.226723618090453,53.16863316582915,4.753759987340764
6.2493768844221105,53.16863316582915,4.7486643379386635
6.2720301507537695,53.16863316582915,4.739595560145778
6.294683417085428,53.16863316582915,4.726370103664088
6.317336683417086,53.16863316582915,4.708935643500492
6.339989949748745,53.16863316582915,4.6873956990278165
6.362643216080402,53.16863316582915,4.662028892376649
6.385296482412061,53.16863316582915,4.633300080523911
6.407949748743719,53.16863316582915,4.601860859381361
6.430603015075377,53.16863316582915,4.568537548039257
6.453256281407036,53.16863316582915,4.534305725458363
6.475909547738693,53.16863316582915,4.50025166767039
6.498562814070352,53.16863316582915,4.4675225113011505
6.52121608040201,53.16863316582915,4.437268466174175
6.543869346733668,53.16863316582915,4.410581673789955
6.566522613065327,53.16863316582915,4.38843709833524
6.5891758793969855,53.16863316582915,4.371640925343166
6.6118291457286436,53.16863316582915,4.360791227385241
6.6344824120603025,53.16863316582915,4.356254199105232
6.65713567839196,53.16863316582915,4.358157300943434
6.679788944723619,53.16863316582915,4.366398541500439
6.702442211055277,53.16863316582915,4.380669263928455
6.725095477386935,53.16863316582915,4.400486501644957
6.747748743718594,53.16863316582915,4.425230403808709
6.770402010050251,53.16863316582915,4.454182397815622
6.79305527638191,53.16863316582915,4.486560505224076
6.815708542713568,53.16863316582915,4.521549327712073
6.838361809045226,53.16863316582915,4.55832342871436
6.861015075376885,53.16863316582915,4.596063955724172
6.8836683417085425,53.16863316582915,4.633969249491133
6.9063216080402015,53.16863316582915,4.671260811336971
6.9289748743718595,53.16863316582915,4.707186343469623
6.951628140703518,53.16863316582915,4.741021664600157
6.974281407035177,53.16863316582915,4.772073170129924
6.996934673366835,53.16863316582915,4.79968218812388
7.019587939698493,53.16863316582915,4.823232112906596
7.042241206030151,53.16863316582915,4.842158615616929
7.06489447236181,53.16863316582915,4.855962587468526
7.087547738693468,53.16863316582915,4.864224839524759
7.110201005025126,53.16863316582915,4.866621054510952
7.132854271356784,53.16863316582915,4.862935159656207
7.155507537688442,53.16863316582915,4.85306924538658
7.178160804020101,53.16863316582915,4.837048428520067
4.867527638190955,53.18506030150754,7.599082419890428
5.433859296482412,53.18506030150754,5.0769200325700785
5.456512562814071,53.18506030150754,5.0070936108905295
5.479165829145729,53.18506030150754,4.945804290730451
5.501819095477387,53.18506030150754,4.892322739716932
5.524472361809046,53.18506030150754,4.845874492292708
5.547125628140703,53.18506030150754,4.80568538658452
5.569778894472362,53.18506030150754,4.771021420659072
5.59243216080402,53.18506030150754,4.741220458898094
5.6150854271356785,53.18506030150754,4.715714009793426
5.6377386934673375,53.18506030150754,4.694038284865699
5.660391959798995,53.18506030150754,4.67583480185562
5.683045226130654,53.18506030150754,4.660841779499096
5.705698492462312,53.18506030150754,4.648878365820695
5.72835175879397,53.18506030150754,4.639824253371719
5.751005025125629,53.18506030150754,4.633597407201732
5.773658291457287,53.18506030150754,4.630132455789383
5.796311557788945,53.18506030150754,4.629361815098985
5.818964824120604,53.18506030150754,4.631200923148229
5.841618090452261,53.18506030150754,4.635538181420597
5.86427135678392,53.18506030150754,4.64222946183082
5.886924623115578,53.18506030150754,4.651096454500723
5.909577889447236,53.18506030150754,4.661927770230286
5.932231155778895,53.18506030150754,4.674481589008608
5.954884422110553,53.18506030150754,4.688488733847022
5.977537688442212,53.18506030150754,4.703655291186706
6.00019095477387,53.18506030150754,4.719664229872608
6.022844221105528,53.18506030150754,4.736175832184627
6.045497487437187,53.18506030150754,4.752827099770539
6.068150753768844,53.18506030150754,4.769230607097557
6.090804020100503,53.18506030150754,4.78497352830835
6.113457286432161,53.18506030150754,4.799617746981694
6.136110552763819,53.18506030150754,4.81270205773358
6.158763819095478,53.18506030150754,4.823747466184811
6.181417085427136,53.18506030150754,4.832266471069262
6.204070351758794,53.18506030150754,4.837776955323886
6.226723618090453,53.18506030150754,4.839820919506533
6.2493768844221105,53.18506030150754,4.837987775733695
6.2720301507537695,53.18506030150754,4.831941318613567
6.294683417085428,53.18506030150754,4.8214488557001065
6.317336683417086,53.18506030150754,4.806410382899895
6.339989949748745,53.18506030150754,4.786885207358768
6.362643216080402,53.18506030150754,4.763113129883781
6.385296482412061,53.18506030150754,4.735527273156411
6.407949748743719,53.18506030150754,4.704755939269389
6.430603015075377,53.18506030150754,4.671611535656577
6.453256281407036,53.18506030150754,4.637065621212886
6.475909547738693,53.18506030150754,4.602210441777563
6.498562814070352,53.18506030150754,4.568208828656125
6.52121608040201,53.18506030150754,4.536235839257912
6.543869346733668,53.18506030150754,4.50741678542728
6.566522613065327,53.18506030150754,4.4827670689126204
6.5891758793969855,53.18506030150754,4.463139317777472
6.6118291457286436,53.18506030150754,4.449182598758383
6.6344824120603025,53.18506030150754,4.441317035733226
6.65713567839196,53.18506030150754,4.4397252263936755
6.679788944723619,53.18506030150754,4.444359768702024
6.702442211055277,53.18506030150754,4.454964366013815
6.725095477386935,53.18506030150754,4.471104685482684
6.747748743718594,53.18506030150754,4.492204565774827
6.770402010050251,53.18506030150754,4.517583306456673
6.79305527638191,53.18506030150754,4.546490480842783
6.815708542713568,53.18506030150754,4.578135774423049
6.838361809045226,53.18506030150754,4.61171252779057
6.861015075376885,53.18506030150754,4.646414762184393
6.8836683417085425,53.18506030150754,4.681448359925962
6.9063216080402015,53.18506030150754,4.716037701081845
6.9289748743718595,53.18506030150754,4.749429413056679
6.951628140703518,53.18506030150754,4.780894992737629
6.974281407035177,53.18506030150754,4.809733943543971
6.996934673366835,53.18506030150754,4.835278765112793
7.019587939698493,53.18506030150754,4.856902673390405
7.042241206030151,53.18506030150754,4.874030351104482
7.06489447236181,53.18506030150754,4.8861513852138785
7.087547738693468,53.18506030150754,4.892835412795904
7.110201005025126,53.18506030150754,4.893747463675505
7.132854271356784,53.18506030150754,4.888661657217522
7.155507537688442,53.18506030150754,4.877471364714049
7.178160804020101,53.18506030150754,4.860194224686057
5.456512562814071,53.20148743718593,5.069251342018498
5.479165829145729,53.20148743718593,5.003809712629479
5.501819095477387,53.20148743718593,4.94606479376319
5.524472361809046,53.20148743718593,4.895375629919873
5.547125628140703,53.20148743718593,4.851093391806799
5.569778894472362,53.20148743718593,4.812596130937215
5.59243216080402,53.20148743718593,4.779316732944636
5.6150854271356785,53.20148743718593,4.750762421435008
5.6377386934673375,53.20148743718593,4.726524986874645
5.660391959798995,53.20148743718593,4.706281836375529
5.683045226130654,53.20148743718593,4.689788858416422
5.705698492462312,53.20148743718593,4.676866853074166
5.72835175879397,53.20148743718593,4.667383792755897
5.751005025125629,53.20148743718593,4.661235382875041
5.773658291457287,53.20148743718593,4.658326264343788
5.796311557788945,53.20148743718593,4.658553771980488
5.818964824120604,53.20148743718593,4.661795518582121
5.841618090452261,53.20148743718593,4.667901333690068
5.86427135678392,53.20148743718593,4.676689379678867
5.886924623115578,53.20148743718593,4.687945707443316
5.909577889447236,53.20148743718593,4.7014261693167665
5.932231155778895,53.20148743718593,4.716859496241172
5.954884422110553,53.20148743718593,4.733950442673517
5.977537688442212,53.20148743718593,4.752382150768285
6.00019095477387,53.20148743718593,4.7718172210819105
6.022844221105528,53.20148743718593,4.791897343718632
6.045497487437187,53.20148743718593,4.812241700134606
6.068150753768844,53.20148743718593,4.8324446654717645
6.090804020100503,53.20148743718593,4.8520736076647895
6.113457286432161,53.20148743718593,4.870667778393326
6.136110552763819,53.20148743718593,4.887739404959886
6.158763819095478,53.20148743718593,4.902778099557515
6.181417085427136,53.20148743718593,4.915259579898883
6.204070351758794,53.20148743718593,4.924659424890799
6.226723618090453,53.20148743718593,4.930472166541932
6.2493768844221105,53.20148743718593,4.932235460682215
6.2720301507537695,53.20148743718593,4.929558424254393
6.294683417085428,53.20148743718593,4.92215253806018
6.317336683417086,53.20148743718593,4.909862869332169
6.339989949748745,53.20148743718593,4.892696854436621
6.362643216080402,53.20148743718593,4.870847582674146
6.385296482412061,53.20148743718593,4.844708511493671
6.407949748743719,53.20148743718593,4.814876876624236
6.430603015075377,53.20148743718593,4.782143764989863
6.453256281407036,53.20148743718593,4.747469881912714
6.475909547738693,53.20148743718593,4.711947403189006
6.498562814070352,53.20148743718593,4.676749830950931
6.52121608040201,53.20148743718593,4.643073280321025
6.543869346733668,53.20148743718593,4.612073875601152
6.566522613065327,53.20148743718593,4.584806686302236
6.5891758793969855,53.20148743718593,4.562171690787705
6.6118291457286436,53.20148743718593,4.5448715362054335
6.6344824120603025,53.20148743718593,4.533384439548432
6.65713567839196,53.20148743718593,4.527953674819589
6.679788944723619,53.20148743718593,4.528593054585778
6.702442211055277,53.20148743718593,4.535106006288608
6.725095477386935,53.20148743718593,4.547114563166498
6.747748743718594,53.20148743718593,4.56409399874386
6.770402010050251,53.20148743718593,4.585408934889483
6.79305527638191,53.20148743718593,4.610347413828199
6.815708542713568,53.20148743718593,4.638150433576985
6.838361809045226,53.20148743718593,4.668035579664012
6.861015075376885,53.20148743718593,4.699214455793598
6.8836683417085425,53.20148743718593,4.730904496651016
6.9063216080402015,53.20148743718593,4.762336375396711
6.9289748743718595,53.20148743718593,4.7927585841354094
6.951628140703518,53.20148743718593,4.821440884568411
6.974281407035177,53.20148743718593,4.847678226523355
6.996934673366835,53.20148743718593,4.870796444072258
7.019587939698493,53.20148743718593,4.890160592813843
7.042241206030151,53.20148743718593,4.905186224405387
7.06489447236181,53.20148743718593,4.9153532578568795
7.087547738693468,53.20148743718593,4.9202214757736735
7.110201005025126,53.20148743718593,4.919446142164985
7.132854271356784,53.20148743718593,4.912791907745288
7.155507537688442,53.20148743718593,4.900143122235672
7.178160804020101,53.20148743718593,4.881508948586786
4.890180904522613,53.21791457286432,7.7064790918908
4.912834170854271,53.21791457286432,7.730876306334108
5.456512562814071,53.21791457286432,5.1357150858210545
5.479165829145729,53.21791457286432,5.066458378303499
5.501819095477387,53.21791457286432,5.004730795450195
5.524472361809046,53.21791457286432,4.950022236069113
5.547125628140703,53.21791457286432,4.9018081344798246
5.569778894472362,53.21791457286432,4.8595791617249855
5.59243216080402,53.21791457286432,4.822865367221469
5.6150854271356785,53.21791457286432,4.791253255252159
5.6377386934673375,53.21791457286432,4.764394959807326
5.660391959798995,53.21791457286432,4.7420094770191055
5.683045226130654,53.21791457286432,4.723876726685592
5.705698492462312,53.21791457286432,4.709825927332918
5.72835175879397,53.21791457286432,4.699720277785672
5.751005025125629,53.21791457286432,4.6934401651995845
5.773658291457287,53.21791457286432,4.690867032000621
5.796311557788945,53.21791457286432,4.691869653882465
5.818964824120604,53.21791457286432,4.696293983704467
5.841618090452261,53.21791457286432,4.703957017025907
5.86427135678392,53.21791457286432,4.714644462419865
5.886924623115578,53.21791457286432,4.7281114649044325
5.909577889447236,53.21791457286432,4.744085304184574
5.932231155778895,53.21791457286432,4.76226889051063
5.954884422110553,53.21791457286432,4.782343984411141
5.977537688442212,53.21791457286432,4.803973318601298
6.00019095477387,53.21791457286432,4.826801138984059
6.022844221105528,53.21791457286432,4.850452052218404
6.045497487437187,53.21791457286432,4.874528430390799
6.068150753768844,53.21791457286432,4.898606953980999
6.090804020100503,53.21791457286432,4.92223515615157
6.113457286432161,53.21791457286432,4.944929048815545
6.136110552763819,53.21791457286432,4.96617304346692
6.158763819095478,53.21791457286432,4.985423400883344
6.181417085427136,53.21791457286432,5.002116324783563
6.204070351758794,53.21791457286432,5.015681532641715
6.226723618090453,53.21791457286432,5.025561685150247
6.2493768844221105,53.21791457286432,5.031237451413226
6.2720301507537695,53.21791457286432,5.032257274828012
6.294683417085428,53.21791457286432,5.0282701555319
6.317336683417086,53.21791457286432,5.019059068062715
6.339989949748745,53.21791457286432,5.004572083400782
6.362643216080402,53.21791457286432,4.9849479540592565
6.385296482412061,53.21791457286432,4.960532925353448
6.407949748743719,53.21791457286432,4.931885907133003
6.430603015075377,53.21791457286432,4.89976989668366
6.453256281407036,53.21791457286432,4.865128661244834
6.475909547738693,53.21791457286432,4.829049091178893
6.498562814070352,53.21791457286432,4.792711186441655
6.52121608040201,53.21791457286432,4.757329146780992
6.543869346733668,53.21791457286432,4.72408826841098
6.566522613065327,53.21791457286432,4.694083074633575
6.5891758793969855,53.21791457286432,4.668262146087442
6.6118291457286436,53.21791457286432,4.64738439839881
6.6344824120603025,53.21791457286432,4.6319901580914165
6.65713567839196,53.21791457286432,4.62238853543694
6.679788944723619,53.21791457286432,4.6186606110275195
6.702442211055277,53.21791457286432,4.620676189494809
6.725095477386935,53.21791457286432,4.628120613338796
6.747748743718594,53.21791457286432,4.640527528096907
6.770402010050251,53.21791457286432,4.657313552522281
6.79305527638191,53.21791457286432,4.677811411817305
6.815708542713568,53.21791457286432,4.701299040915891
6.838361809045226,53.21791457286432,4.727023245780986
6.861015075376885,53.21791457286432,4.754217543311383
6.8836683417085425,53.21791457286432,4.782114661565641
6.9063216080402015,53.21791457286432,4.809954808021943
6.9289748743718595,53.21791457286432,4.836991188039979
6.951628140703518,53.21791457286432,4.862494390604066
6.974281407035177,53.21791457286432,4.885757178045621
6.996934673366835,53.21791457286432,4.906100947764266
7.019587939698493,53.21791457286432,4.922884705629906
7.042241206030151,53.21791457286432,4.9355168388406465
7.06489447236181,53.21791457286432,4.943469352646933
7.087547738693468,53.21791457286432,4.9462936147694
7.110201005025126,53.21791457286432,4.943636127780305
7.132854271356784,53.21791457286432,4.93525252379173
7.155507537688442,53.21791457286432,4.92101793036543
7.178160804020101,53.21791457286432,4.900932128981588
4.912834170854271,53.234341708542715,7.749912679682332
4.93548743718593,53.234341708542715,7.75198137072927
5.479165829145729,53.234341708542715,5.132564313205607
5.501819095477387,53.234341708542715,5.067179031070398
5.524472361809046,53.234341708542715,5.008726317895491
5.547125628140703,53.234341708542715,4.95680322469881
5.569778894472362,53.234341708542715,4.9110118521209305
5.59243216080402,53.234341708542715,4.870979709900091
5.6150854271356785,53.234341708542715,4.836374299858408
5.6377386934673375,53.234341708542715,4.80691109310003
5.660391959798995,53.234341708542715,4.782354749669874
5.683045226130654,53.234341708542715,4.762514156780686
5.705698492462312,53.234341708542715,4.747232527326071
5.72835175879397,53.234341708542715,4.73637429586147
5.751005025125629,53.234341708542715,4.729810790603486
5.773658291457287,53.234341708542715,4.727406605686077
5.796311557788945,53.234341708542715,4.729008260944102
5.818964824120604,53.234341708542715,4.734436185144727
5.841618090452261,53.234341708542715,4.743480402361853
5.86427135678392,53.234341708542715,4.755899664729446
5.886924623115578,53.234341708542715,4.771423267545906
5.909577889447236,53.234341708542715,4.789754474786335
5.932231155778895,53.234341708542715,4.810574395079973
5.954884422110553,53.234341708542715,4.833545256575125
5.977537688442212,53.234341708542715,4.858312282513997
6.00019095477387,53.234341708542715,4.884503708432447
6.022844221105528,53.234341708542715,4.911728854741784
6.045497487437187,53.234341708542715,4.939574537886013
6.068150753768844,53.234341708542715,4.96760044590077
6.090804020100503,53.234341708542715,4.99533440380907
6.113457286432161,53.234341708542715,5.022268693666083
6.136110552763819,53.234341708542715,5.047858749196831
6.158763819095478,53.234341708542715,5.07152558395725
6.181417085427136,53.234341708542715,5.092663199915617
6.204070351758794,53.234341708542715,5.110651932010112
6.226723618090453,53.234341708542715,5.1248782034672224
6.2493768844221105,53.234341708542715,5.134760514329324
6.2720301507537695,53.234341708542715,5.139780712030211
6.294683417085428,53.234341708542715,5.139518777952585
6.317336683417086,53.234341708542715,5.133688607956657
6.339989949748745,53.234341708542715,5.1221716747553785
6.362643216080402,53.234341708542715,5.105045134858633
6.385296482412061,53.234341708542715,5.0826009613648395
6.407949748743719,53.234341708542715,5.055353094342229
6.430603015075377,53.234341708542715,5.024030412309929
6.453256281407036,53.234341708542715,4.989554504245266
6.475909547738693,53.234341708542715,4.953002671255729
6.498562814070352,53.234341708542715,4.915558164016392
6.52121608040201,53.234341708542715,4.878451169459523
6.543869346733668,53.234341708542715,4.842895271247372
6.566522613065327,53.234341708542715,4.810024803754196
6.5891758793969855,53.234341708542715,4.780838536276949
6.6118291457286436,53.234341708542715,4.756154407556041
6.6344824120603025,53.234341708542715,4.736578663533013
6.65713567839196,53.234341708542715,4.722490952168527
6.679788944723619,53.234341708542715,4.714045008763398
6.702442211055277,53.234341708542715,4.711182852900486
6.725095477386935,53.234341708542715,4.713659182243292
6.747748743718594,53.234341708542715,4.721072037402011
6.770402010050251,53.234341708542715,4.732895834178449
6.79305527638191,53.234341708542715,4.748513403380904
6.815708542713568,53.234341708542715,4.767244561049815
6.838361809045226,53.234341708542715,4.788369753805681
6.861015075376885,53.234341708542715,4.8111483133718895
6.8836683417085425,53.234341708542715,4.834831691071726
6.9063216080402015,53.234341708542715,4.858672662364856
6.9289748743718595,53.234341708542715,4.881931872709681
6.951628140703518,53.234341708542715,4.903883246428815
6.974281407035177,53.234341708542715,4.923819719793285
6.996934673366835,53.234341708542715,4.9410605122507
7.019587939698493,53.234341708542715,4.954960742647283
7.042241206030151,53.234341708542715,4.964923665813012
7.06489447236181,53.234341708542715,4.970415200739869
7.087547738693468,53.234341708542715,4.97097981833654
7.110201005025126,53.234341708542715,4.966256347342519
7.132854271356784,53.234341708542715,4.955991940204582
7.155507537688442,53.234341708542715,4.940052397629657
7.178160804020101,53.234341708542715,4.918427317527375
4.93548743718593,53.250768844221106,7.765332677993846
4.958140703517588,53.250768844221106,7.747081483395098
5.501819095477387,53.250768844221106,5.132323393243074
5.524472361809046,53.250768844221106,5.070447041953068
5.547125628140703,53.250768844221106,5.015090409547106
5.569778894472362,53.250768844221106,4.965964353205684
5.59243216080402,53.250768844221106,4.922792567712213
5.6150854271356785,53.250768844221106,4.885323680404571
5.6377386934673375,53.250768844221106,4.853337954328275
5.660391959798995,53.250768844221106,4.826648358076461
5.683045226130654,53.250768844221106,4.805096406860076
5.705698492462312,53.250768844221106,4.788543795284482
5.72835175879397,53.250768844221106,4.776861319023885
5.751005025125629,53.250768844221106,4.769916831509976
5.773658291457287,53.250768844221106,4.76756395477171
5.796311557788945,53.250768844221106,4.769632966387652
5.818964824120604,53.250768844221106,4.775924778248419
5.841618090452261,53.250768844221106,4.786208310679152
5.86427135678392,53.250768844221106,4.800220967156397
5.886924623115578,53.250768844221106,4.817671436722733
5.909577889447236,53.250768844221106,4.838243762278853
5.932231155778895,53.250768844221106,4.861601534591678
5.954884422110553,53.250768844221106,4.887391182687358
5.977537688442212,53.250768844221106,4.915243583144738
6.00019095477387,53.250768844221106,4.944773547711855
6.022844221105528,53.250768844221106,4.975577121985714
6.045497487437187,53.250768844221106,5.007227003139912
6.068150753768844,53.250768844221106,5.039266740091312
6.090804020100503,53.250768844221106,5.071204698981923
6.113457286432161,53.250768844221106,5.1025090414339065
6.136110552763819,53.250768844221106,5.1326051447366945
6.158763819095478,53.250768844221106,5.16087695419151
6.181417085427136,53.250768844221106,5.1866736565165
6.204070351758794,53.250768844221106,5.209322764896337
6.226723618090453,53.250768844221106,5.228150196998802
6.2493768844221105,53.250768844221106,5.242507225270256
6.2720301507537695,53.250768844221106,5.251803339695292
6.294683417085428,53.250768844221106,5.255543176706423
6.317336683417086,53.250768844221106,5.2533648466756375
6.339989949748745,53.250768844221106,5.2450763554577025
6.362643216080402,53.250768844221106,5.230686471000103
6.385296482412061,53.250768844221106,5.210426416433728
6.407949748743719,53.250768844221106,5.184759221462118
6.430603015075377,53.250768844221106,5.154374434173341
6.453256281407036,53.250768844221106,5.12016713446293
6.475909547738693,53.250768844221106,5.08320169258717
6.498562814070352,53.250768844221106,5.044662323387348
6.52121608040201,53.250768844221106,5.005793996706263
6.543869346733668,53.250768844221106,4.967838455156203
6.566522613065327,53.250768844221106,4.931970755242839
6.5891758793969855,53.250768844221106,4.899241741947172
6.6118291457286436,53.250768844221106,4.870531150078601
6.6344824120603025,53.250768844221106,4.846514688038835
6.65713567839196,53.250768844221106,4.827646714819115
6.679788944723619,53.250768844221106,4.81415826472302
6.702442211055277,53.250768844221106,4.806068516135555
6.725095477386935,53.250768844221106,4.803206592146926
6.747748743718594,53.250768844221106,4.805239962092962
6.770402010050251,53.250768844221106,4.811705694677112
6.79305527638191,53.250768844221106,4.822041294753072
6.815708542713568,53.250768844221106,4.835612668757345
6.838361809045226,53.250768844221106,4.8517377223101725
6.861015075376885,53.250768844221106,4.869705035145801
6.8836683417085425,53.250768844221106,4.888787866969834
6.9063216080402015,53.250768844221106,4.908254357221239
6.9289748743718595,53.250768844221106,4.927375167621383
6.951628140703518,53.250768844221106,4.945429981286011
6.974281407035177,53.250768844221106,4.961714231852695
6.996934673366835,53.250768844221106,4.975547211697183
7.019587939698493,53.250768844221106,4.986282325391256
7.042241206030151,53.250768844221106,4.993319747798069
7.06489447236181,53.250768844221106,4.996121166738513
7.087547738693468,53.250768844221106,4.99422571028058
7.110201005025126,53.250768844221106,4.987265669078412
7.132854271356784,53.250768844221106,4.974980320539927
4.958140703517588,53.2671959798995,7.755728034053354
4.9807939698492465,53.2671959798995,7.719563565053867
5.547125628140703,53.2671959798995,5.075727708395593
5.569778894472362,53.2671959798995,5.023543959965196
5.59243216080402,53.2671959798995,4.977464653355853
5.6150854271356785,53.2671959798995,4.93731832668813
5.6377386934673375,53.2671959798995,4.902950176528467
5.660391959798995,53.2671959798995,4.874222888842697
5.683045226130654,53.2671959798995,4.851013147645186
5.705698492462312,53.2671959798995,4.833204640295655
5.72835175879397,53.2671959798995,4.8206788319377525
5.751005025125629,53.2671959798995,4.813305032459092
5.773658291457287,53.2671959798995,4.8109312747294135
5.796311557788945,53.2671959798995,4.813377262453132
5.818964824120604,53.2671959798995,4.8204301840646755
5.841618090452261,53.2671959798995,4.831843621993789
5.86427135678392,53.2671959798995,4.847339228116519
5.886924623115578,53.2671959798995,4.86661038836393
5.909577889447236,53.2671959798995,4.889326829492175
5.932231155778895,53.2671959798995,4.915139050822021
5.954884422110553,53.2671959798995,4.943681574515096
5.977537688442212,53.2671959798995,4.974574255244997
6.00019095477387,53.2671959798995,5.007421222121581
6.022844221105528,53.2671959798995,5.041807397641298
6.045497487437187,53.2671959798995,5.077292918752991
6.068150753768844,53.2671959798995,5.113406153883472
6.090804020100503,53.2671959798995,5.1496363509684935
6.113457286432161,53.2671959798995,5.185427244265972
6.136110552763819,53.2671959798995,5.220173159750233
6.158763819095478,53.2671959798995,5.253219246133249
6.181417085427136,53.2671959798995,5.283867371765298
6.204070351758794,53.2671959798995,5.311388925158598
6.226723618090453,53.2671959798995,5.335045220158951
6.2493768844221105,53.2671959798995,5.354115453875512
6.2720301507537695,53.2671959798995,5.36793125716824
6.294683417085428,53.2671959798995,5.375915913655025
6.317336683417086,53.2671959798995,5.377625429611477
6.339989949748745,53.2671959798995,5.372787946208682
6.362643216080402,53.2671959798995,5.361337615886187
6.385296482412061,53.2671959798995,5.343439103428752
6.407949748743719,53.2671959798995,5.319499362396852
6.430603015075377,53.2671959798995,5.290164269469314
6.453256281407036,53.2671959798995,5.256299007298538
6.475909547738693,53.2671959798995,5.218952648767122
6.498562814070352,53.2671959798995,5.179309039977182
6.52121608040201,53.2671959798995,5.138627597803823
6.543869346733668,53.2671959798995,5.098178811598135
6.566522613065327,53.2671959798995,5.059179873942326
6.5891758793969855,53.2671959798995,5.0227358350521865
6.6118291457286436,53.2671959798995,4.989790955525506
6.6344824120603025,53.2671959798995,4.961093620570244
6.65713567839196,53.2671959798995,4.937176485589705
6.679788944723619,53.2671959798995,4.91835172924326
6.702442211055277,53.2671959798995,4.904719686072569
6.725095477386935,53.2671959798995,4.896187950765243
6.747748743718594,53.2671959798995,4.892497421265569
6.770402010050251,53.2671959798995,4.893251690365051
6.79305527638191,53.2671959798995,4.897946614754111
6.815708542713568,53.2671959798995,4.905997632912649
6.838361809045226,53.2671959798995,4.91676329650785
6.861015075376885,53.2671959798995,4.929564371257183
6.8836683417085425,53.2671959798995,4.943698640425556
6.9063216080402015,53.2671959798995,4.958452140857266
6.9289748743718595,53.2671959798995,4.973107949859262
6.951628140703518,53.2671959798995,4.986953819301007
6.974281407035177,53.2671959798995,4.999289932833834
6.996934673366835,53.2671959798995,5.009437861622073
7.019587939698493,53.2671959798995,5.016751437524171
7.042241206030151,53.2671959798995,5.020629784278217
7.06489447236181,53.2671959798995,5.020532197197921
4.9807939698492465,53.28362311557789,7.7244539133332335
5.0034472361809055,53.28362311557789,7.6730661462216405
5.569778894472362,53.28362311557789,5.08290202278169
5.59243216080402,53.28362311557789,5.034191739082225
5.6150854271356785,53.28362311557789,4.991601294939107
5.6377386934673375,53.28362311557789,4.955039862545243
5.660391959798995,53.28362311557789,4.924420206491128
5.683045226130654,53.28362311557789,4.8996557554484585
5.705698492462312,53.28362311557789,4.880654840309733
5.72835175879397,53.28362311557789,4.867313161502738
5.751005025125629,53.28362311557789,4.859505796447972
5.773658291457287,53.28362311557789,4.857080071703754
5.796311557788945,53.28362311557789,4.8598503980437595
5.818964824120604,53.28362311557789,4.867595748350309
5.841618090452261,53.28362311557789,4.8800599368489905
5.86427135678392,53.28362311557789,4.896954340677282
5.886924623115578,53.28362311557789,4.917962288001778
5.909577889447236,53.28362311557789,4.942744085569953
5.932231155778895,53.28362311557789,4.970941594980542
5.954884422110553,53.28362311557789,5.002181375165066
5.977537688442212,53.28362311557789,5.036075648445565
6.00019095477387,53.28362311557789,5.072220672040984
6.022844221105528,53.28362311557789,5.1101924655146105
6.045497487437187,53.28362311557789,5.149540229228287
6.068150753768844,53.28362311557789,5.189778171279854
6.090804020100503,53.28362311557789,5.230376824794302
6.113457286432161,53.28362311557789,5.270755260828218
6.136110552763819,53.28362311557789,5.310275847840679
6.158763819095478,53.28362311557789,5.348243325940437
6.181417085427136,53.28362311557789,5.383909895616223
6.204070351758794,53.28362311557789,5.4164877170124885
6.226723618090453,53.28362311557789,5.445169653174759
6.2493768844221105,53.28362311557789,5.469158286293843
6.2720301507537695,53.28362311557789,5.487702255403504
6.294683417085428,53.28362311557789,5.500137917330853
6.317336683417086,53.28362311557789,5.505933359519354
6.339989949748745,53.28362311557789,5.504731040551749
6.362643216080402,53.28362311557789,5.4963849322638865
6.385296482412061,53.28362311557789,5.4809880797450665
6.407949748743719,53.28362311557789,5.458887024043825
6.430603015075377,53.28362311557789,5.430680528783729
6.453256281407036,53.28362311557789,5.397201435474373
6.475909547738693,53.28362311557789,5.359482103673401
6.498562814070352,53.28362311557789,5.318705583855442
6.52121608040201,53.28362311557789,5.2761462065201785
6.543869346733668,53.28362311557789,5.23310443383772
6.566522613065327,53.28362311557789,5.190841428129303
6.5891758793969855,53.28362311557789,5.150518735265878
6.6118291457286436,53.28362311557789,5.1131477535396535
6.6344824120603025,53.28362311557789,5.079552366920151
6.65713567839196,53.28362311557789,5.0503464735510235
6.679788944723619,53.28362311557789,5.025926404133247
6.702442211055277,53.28362311557789,5.006476672140167
6.725095477386935,53.28362311557789,4.991986345940393
6.747748743718594,53.28362311557789,4.982272703561376
6.770402010050251,53.28362311557789,4.977008736685048
6.79305527638191,53.28362311557789,4.975751430312139
6.815708542713568,53.28362311557789,4.9779684180483645
6.838361809045226,53.28362311557789,4.983061441327007
6.861015075376885,53.28362311557789,4.990385880863392
6.8836683417085425,53.28362311557789,4.999266372720562
6.9063216080402015,53.28362311557789,5.00900910318279
6.9289748743718595,53.28362311557789,5.018911765371037
6.951628140703518,53.28362311557789,5.028272350137218
6.974281407035177,53.28362311557789,5.036397942469692
6.996934673366835,53.28362311557789,5.042614518431443
7.019587939698493,53.28362311557789,5.04627840937966
7.042241206030151,53.28362311557789,5.046789653136095
7.06489447236181,53.28362311557789,5.043606935051394
5.026100502512563,53.30005025125628,7.611321166829311
5.048753768844222,53.30005025125628,7.5328298650388525
5.59243216080402,53.30005025125628,5.092210711664402
5.6150854271356785,53.30005025125628,5.047448103371637
5.6377386934673375,53.30005025125628,5.0089231316652665
5.660391959798995,53.30005025125628,4.976598130527967
5.683045226130654,53.30005025125628,4.950424032482601
5.705698492462312,53.30005025125628,4.930335716561314
5.72835175879397,53.30005025125628,4.9162460185434895
5.751005025125629,53.30005025125628,4.908039513030797
5.773658291457287,53.30005025125628,4.9055672051818195
5.796311557788945,53.30005025125628,4.908643075345949
5.818964824120604,53.30005025125628,4.917043044101641
5.841618090452261,53.30005025125628,4.930506449801156
5.86427135678392,53.30005025125628,4.948739654845572
5.886924623115578,53.30005025125628,4.971421011587024
5.909577889447236,53.30005025125628,4.998206185542816
5.932231155778895,53.30005025125628,5.028732775160926
5.954884422110553,53.30005025125628,5.062623270772939
5.977537688442212,53.30005025125628,5.099485625313477
6.00019095477387,53.30005025125628,5.138911024043699
6.022844221105528,53.30005025125628,5.180468804117933
6.045497487437187,53.30005025125628,5.223698862747267
6.068150753768844,53.30005025125628,5.268102288840938
6.090804020100503,53.30005025125628,5.313131341614493
6.113457286432161,53.30005025125628,5.358180255653718
6.136110552763819,53.30005025125628,5.402578634065807
6.158763819095478,53.30005025125628,5.445589341985929
6.181417085427136,53.30005025125628,5.486412766107677
6.204070351758794,53.30005025125628,5.5241990043069595
6.226723618090453,53.30005025125628,5.558068962994443
6.2493768844221105,53.30005025125628,5.58714448414635
6.2720301507537695,53.30005025125628,5.6105865688662995
6.294683417085428,53.30005025125628,5.627639629904113
6.317336683417086,53.30005025125628,5.637678645549655
6.339989949748745,53.30005025125628,5.640255264153685
6.362643216080402,53.30005025125628,5.635138466115294
6.385296482412061,53.30005025125628,5.622345430186
6.407949748743719,53.30005025125628,5.602158815684583
6.430603015075377,53.30005025125628,5.575127735613222
6.453256281407036,53.30005025125628,5.5420511619975565
6.475909547738693,53.30005025125628,5.503944215898203
6.498562814070352,53.30005025125628,5.461989545552983
6.52121608040201,53.30005025125628,5.417477560018986
6.543869346733668,53.30005025125628,5.371740445320417
6.566522613065327,53.30005025125628,5.326085474084919
6.5891758793969855,53.30005025125628,5.281733035841752
6.6118291457286436,53.30005025125628,5.239764074015086
6.6344824120603025,53.30005025125628,5.201080335199498
6.65713567839196,53.30005025125628,5.1663792240459285
6.679788944723619,53.30005025125628,5.136143370379018
6.702442211055277,53.30005025125628,5.110643508676168
6.725095477386935,53.30005025125628,5.089952144761301
6.747748743718594,53.30005025125628,5.073964852378635
6.770402010050251,53.30005025125628,5.0624259153403
6.79305527638191,53.30005025125628,5.0549553356741015
6.815708542713568,53.30005025125628,5.051074836551819
6.838361809045226,53.30005025125628,5.050231254499434
6.861015075376885,53.30005025125628,5.051816504632858
6.8836683417085425,53.30005025125628,5.055184012761808
6.9063216080402015,53.30005025125628,5.059662073328222
6.9289748743718595,53.30005025125628,5.064564979150324
6.951628140703518,53.30005025125628,5.06920296832696
6.974281407035177,53.30005025125628,5.072892050454932
6.996934673366835,53.30005025125628,5.07496462238082
7.019587939698493,53.30005025125628,5.074781484715722
7.042241206030151,53.30005025125628,5.071745456755808
7.06489447236181,53.30005025125628,5.06531630703136
5.683045226130654,53.31647738693467,5.002732381215649
5.705698492462312,53.31647738693467,4.981696382351051
5.72835175879397,53.31647738693467,4.966960732225047
5.751005025125629,53.31647738693467,4.958422691705238
5.773658291457287,53.31647738693467,4.9559408396509905
5.796311557788945,53.31647738693467,4.959333148228803
5.818964824120604,53.31647738693467,4.968377256692749
5.841618090452261,53.31647738693467,4.982812974238915
5.86427135678392,53.31647738693467,5.002346608442725
5.886924623115578,53.31647738693467,5.026656361853517
5.909577889447236,53.31647738693467,5.055397823653414
5.932231155778895,53.31647738693467,5.088208528682012
5.954884422110553,53.31647738693467,5.124710652891245
5.977537688442212,53.31647738693467,5.164511132222408
6.00019095477387,53.31647738693467,5.20719879477089
6.022844221105528,53.31647738693467,5.252338453155579
6.045497487437187,53.31647738693467,5.299462294346409
6.068150753768844,53.31647738693467,5.348059313832428
6.090804020100503,53.31647738693467,5.39756395434671
6.113457286432161,53.31647738693467,5.447345499257606
6.136110552763819,53.31647738693467,5.496700091392188
6.158763819095478,53.31647738693467,5.544847434845129
6.181417085427136,53.31647738693467,5.5909342158766036
6.204070351758794,53.31647738693467,5.634045982776067
6.226723618090453,53.31647738693467,5.673228616968622
6.2493768844221105,53.31647738693467,5.707519621791321
6.2720301507537695,53.31647738693467,5.73598832450109
6.294683417085428,53.31647738693467,5.757782860744664
6.317336683417086,53.31647738693467,5.772180656937399
6.339989949748745,53.31647738693467,5.778638223582953
6.362643216080402,53.31647738693467,5.776835580558201
6.385296482412061,53.31647738693467,5.76671066575188
6.407949748743719,53.31647738693467,5.748479676174986
6.430603015075377,53.31647738693467,5.722640423160524
6.453256281407036,53.31647738693467,5.689957340008536
6.475909547738693,53.31647738693467,5.651428583226608
6.498562814070352,53.31647738693467,5.6082374927467304
6.52121608040201,53.31647738693467,5.561692281588493
6.543869346733668,53.31647738693467,5.5131589913551675
6.566522613065327,53.31647738693467,5.46399331388166
6.5891758793969855,53.31647738693467,5.415476765957598
6.6118291457286436,53.31647738693467,5.368761941994984
6.6344824120603025,53.31647738693467,5.324830289453378
6.65713567839196,53.31647738693467,5.284464263540313
6.679788944723619,53.31647738693467,5.2482340701429715
6.702442211055277,53.31647738693467,5.216497738792185
6.725095477386935,53.31647738693467,5.189412166280498
6.747748743718594,53.31647738693467,5.166952138207347
6.770402010050251,53.31647738693467,5.148934180530575
6.79305527638191,53.31647738693467,5.135042348646067
6.815708542713568,53.31647738693467,5.124853610165333
6.838361809045226,53.31647738693467,5.117861184548702
6.861015075376885,53.31647738693467,5.11349494319657
6.8836683417085425,53.31647738693467,5.111138649800521
6.9063216080402015,53.31647738693467,5.110144367949797
6.9289748743718595,53.31647738693467,5.109844746409461
6.951628140703518,53.31647738693467,5.109564099799718
6.974281407035177,53.31647738693467,5.108629236014766
5.72835175879397,53.33290452261306,5.018948131849352
5.751005025125629,53.33290452261306,5.010173840257589
5.773658291457287,53.33290452261306,5.007746234216986
5.796311557788945,53.33290452261306,5.011491245155472
5.818964824120604,53.33290452261306,5.021192572479632
5.841618090452261,53.33290452261306,5.036595041583539
5.86427135678392,53.33290452261306,5.057409495382052
5.886924623115578,53.33290452261306,5.083318477862271
5.909577889447236,53.33290452261306,5.113981769374245
5.932231155778895,53.33290452261306,5.14904078157294
5.954884422110553,53.33290452261306,5.188120908691808
5.977537688442212,53.33290452261306,5.230831136231277
6.00019095477387,53.33290452261306,5.2767604977586124
6.022844221105528,53.33290452261306,5.325471319784109
6.045497487437187,53.33290452261306,5.376489586541544
6.068150753768844,53.33290452261306,5.42929317913209
6.090804020100503,53.33290452261306,5.48329918153035
6.113457286432161,53.33290452261306,5.537851870280718
6.136110552763819,53.33290452261306,5.592213365081401
6.158763819095478,53.33290452261306,5.645559142425923
6.181417085427136,53.33290452261306,5.696980620963546
6.204070351758794,53.33290452261306,5.745496739684508
6.226723618090453,53.33290452261306,5.790075824454043
6.2493768844221105,53.33290452261306,5.829668084529096
6.2720301507537695,53.33290452261306,5.863247874028181
6.294683417085428,53.33290452261306,5.889863532040136
6.317336683417086,53.33290452261306,5.908691361162022
6.339989949748745,53.33290452261306,5.919089313657956
6.362643216080402,53.33290452261306,5.920645402983068
6.385296482412061,53.33290452261306,5.913215870834373
6.407949748743719,53.33290452261306,5.896948766323248
6.430603015075377,53.33290452261306,5.872289797036428
6.453256281407036,53.33290452261306,5.839968966677433
6.475909547738693,53.33290452261306,5.800968421253245
6.498562814070352,53.33290452261306,5.756473838398108
6.52121608040201,53.33290452261306,5.707813355033717
6.543869346733668,53.33290452261306,5.656389211129826
6.566522613065327,53.33290452261306,5.603607835577728
6.5891758793969855,53.33290452261306,5.550813954772426
6.6118291457286436,53.33290452261306,5.499233513159143
6.6344824120603025,53.33290452261306,5.449928902975718
6.65713567839196,53.33290452261306,5.403768422539732
6.679788944723619,53.33290452261306,5.361410262096698
6.702442211055277,53.33290452261306,5.3232998803695235
6.725095477386935,53.33290452261306,5.289678554797524
6.747748743718594,53.33290452261306,5.260600255653832
6.770402010050251,53.33290452261306,5.235953816051451
6.79305527638191,53.33290452261306,5.215487582888152
6.815708542713568,53.33290452261306,5.1988342294520065
6.838361809045226,53.33290452261306,5.185534063861064
6.861015075376885,53.33290452261306,5.1750558622137035
6.8836683417085425,53.33290452261306,5.166814898550734
6.9063216080402015,53.33290452261306,5.160188372311383
6.9289748743718595,53.33290452261306,5.15452881218645
5.796311557788945,53.349331658291455,5.064686226410624
5.818964824120604,53.349331658291455,5.075077480153864
5.841618090452261,53.349331658291455,5.091458987548461
5.86427135678392,53.349331658291455,5.113550290959144
5.886924623115578,53.349331658291455,5.141042367304027
5.909577889447236,53.349331658291455,5.173603088213199
5.932231155778895,53.349331658291455,5.210881351884089
5.954884422110553,53.349331658291455,5.252509011940221
5.977537688442212,53.349331658291455,5.298099918554046
6.00019095477387,53.349331658291455,5.3472456625245925
6.022844221105528,53.349331658291455,5.3995079535674995
6.045497487437187,53.349331658291455,5.454407956625729
6.068150753768844,53.349331658291455,5.511413344898003
6.090804020100503,53.349331658291455,5.569924290439274
6.113457286432161,53.349331658291455,5.629260071679698
6.136110552763819,53.349331658291455,5.688648377604364
6.158763819095478,53.349331658291455,5.747219652620499
6.181417085427136,53.349331658291455,5.80400886279596
6.204070351758794,53.349331658291455,5.857966788460589
6.226723618090453,53.349331658291455,5.907982308269347
6.2493768844221105,53.349331658291455,5.952916141066648
6.2720301507537695,53.349331658291455,5.991645230767054
6.294683417085428,53.349331658291455,6.0231155415257716
6.317336683417086,53.349331658291455,6.046399671065044
6.339989949748745,53.349331658291455,6.060754602592488
6.362643216080402,53.349331658291455,6.065674294625574
6.385296482412061,53.349331658291455,6.060931793351149
6.407949748743719,53.349331658291455,6.04660620203808
6.430603015075377,53.349331658291455,6.02309111674716
6.453256281407036,53.349331658291455,5.991082898301353
6.475909547738693,53.349331658291455,5.951549175362963
6.498562814070352,53.349331658291455,5.905679990367783
6.52121608040201,53.349331658291455,5.854825731200359
6.543869346733668,53.349331658291455,5.80042720154778
6.566522613065327,53.349331658291455,5.743943719770836
6.5891758793969855,53.349331658291455,5.686784955860587
6.6118291457286436,53.349331658291455,5.630251386242931
6.6344824120603025,53.349331658291455,5.575486928925034
6.65713567839196,53.349331658291455,5.523445739498932
6.679788944723619,53.349331658291455,5.47487354270512
6.702442211055277,53.349331658291455,5.430302461016849
6.725095477386935,53.349331658291455,5.390057239246954
6.747748743718594,53.349331658291455,5.35427013368954
6.770402010050251,53.349331658291455,5.322901538757086
6.79305527638191,53.349331658291455,5.295763602275703
6.815708542713568,53.349331658291455,5.2725445308414685
6.838361809045226,53.349331658291455,5.252831892681672
6.861015075376885,53.349331658291455,5.236133878313006
6.8836683417085425,53.349331658291455,5.221898091180474
6.9063216080402015,53.349331658291455,5.209527950239827
5.184673366834171,53.36575879396985,6.984984680851642
5.207326633165829,53.36575879396985,6.879338982320982
5.229979899497488,53.36575879396985,6.771895447740915
5.252633165829145,53.36575879396985,6.66354848493999
5.86427135678392,53.36575879396985,5.170383450383182
5.886924623115578,53.36575879396985,5.1994524877271555
5.909577889447236,53.36575879396985,5.233893485898856
5.932231155778895,53.36575879396985,5.273366049945052
5.954884422110553,53.36575879396985,5.3175113841437165
5.977537688442212,53.36575879396985,5.365950711787153
6.00019095477387,53.36575879396985,5.418280272108946
6.022844221105528,53.36575879396985,5.474062816406378
6.045497487437187,53.36575879396985,5.532815917885278
6.068150753768844,53.36575879396985,5.593997855903788
6.090804020100503,53.36575879396985,5.65699232044358
6.113457286432161,53.36575879396985,5.72109367419121
6.136110552763819,53.36575879396985,5.785494949361739
6.158763819095478,53.36575879396985,5.849281060210068
6.181417085427136,53.36575879396985,5.911429780503273
6.204070351758794,53.36575879396985,5.970822774392106
6.226723618090453,53.36575879396985,6.02626831900947
6.2493768844221105,53.36575879396985,6.076536317680895
6.2720301507537695,53.36575879396985,6.120404849866985
6.294683417085428,53.36575879396985,6.156715989198391
6.317336683417086,53.36575879396985,6.184437151930438
6.339989949748745,53.36575879396985,6.202723045912879
6.362643216080402,53.36575879396985,6.210972589177129
6.385296482412061,53.36575879396985,6.20887511570415
6.407949748743719,53.36575879396985,6.19644085322802
6.430603015075377,53.36575879396985,6.17401200422825
6.453256281407036,53.36575879396985,6.142252634811876
6.475909547738693,53.36575879396985,6.102117731540181
6.498562814070352,53.36575879396985,6.054803923216075
6.52121608040201,53.36575879396985,6.0016861813229525
6.543869346733668,53.36575879396985,5.944246061029617
6.566522613065327,53.36575879396985,5.883997574316198
6.5891758793969855,53.36575879396985,5.822416568421472
6.6118291457286436,53.36575879396985,5.760878605012259
6.6344824120603025,53.36575879396985,5.700608979381879
6.65713567839196,53.36575879396985,5.642646918274903
6.679788944723619,53.36575879396985,5.587824390839807
6.702442211055277,53.36575879396985,5.536758567990393
6.725095477386935,53.36575879396985,5.4898559173356185
6.747748743718594,53.36575879396985,5.447325294499804
6.770402010050251,53.36575879396985,5.4091971844866515
6.79305527638191,53.36575879396985,5.375346397917123
6.815708542713568,53.36575879396985,5.345515939775062
6.838361809045226,53.36575879396985,5.319340333536881
6.861015075376885,53.36575879396985,5.296367299035057
6.8836683417085425,53.36575879396985,5.276077265133898
5.184673366834171,53.382185929648244,7.000242059408999
5.207326633165829,53.382185929648244,6.900349493258033
5.229979899497488,53.382185929648244,6.798364339243795
5.252633165829145,53.382185929648244,6.695109299161997
5.275286432160804,53.382185929648244,6.591299292687056
5.2979396984924625,53.382185929648244,6.4875619960584565
5.886924623115578,53.382185929648244,5.258167303885292
5.909577889447236,53.382185929648244,5.294475714139459
5.932231155778895,53.382185929648244,5.336118926785834
5.954884422110553,53.382185929648244,5.382749991872555
5.977537688442212,53.382185929648244,5.4339996632056735
6.00019095477387,53.382185929648244,5.489470619027019
6.022844221105528,53.382185929648244,5.5487280662336955
6.045497487437187,53.382185929648244,5.611287033368406
6.068150753768844,53.382185929648244,5.676597113822516
6.090804020100503,53.382185929648244,5.744025927154578
6.113457286432161,53.382185929648244,5.8128430891733744
6.136110552763819,53.382185929648244,5.882206958877607
6.158763819095478,53.382185929648244,5.951156772910762
6.181417085427136,53.382185929648244,6.018612878958066
6.204070351758794,53.382185929648244,6.083387536195717
6.226723618090453,53.382185929648244,6.144208094966023
6.2493768844221105,53.382185929648244,6.199753292893659
6.2720301507537695,53.382185929648244,6.248701984538061
6.294683417085428,53.382185929648244,6.289792011679117
6.317336683417086,53.382185929648244,6.321885340141055
6.339989949748745,53.382185929648244,6.344034285219765
6.362643216080402,53.382185929648244,6.355542857181196
6.385296482412061,53.382185929648244,6.356017160032646
6.407949748743719,53.382185929648244,6.34539945468884
6.430603015075377,53.382185929648244,6.323981914612527
6.453256281407036,53.382185929648244,6.292398094357466
6.475909547738693,53.382185929648244,6.251592429111815
6.498562814070352,53.382185929648244,6.202770355256
6.52121608040201,53.382185929648244,6.1473335583268
6.543869346733668,53.382185929648244,6.086806151203892
6.566522613065327,53.382185929648244,6.022758111276099
6.5891758793969855,53.382185929648244,5.9567320454614885
6.6118291457286436,53.382185929648244,5.890178416744247
6.6344824120603025,53.382185929648244,5.82440295782965
6.65713567839196,53.382185929648244,5.760528364039653
6.679788944723619,53.382185929648244,5.699470743065819
6.702442211055277,53.382185929648244,5.641929905847753
6.725095477386935,53.382185929648244,5.588391546006936
6.747748743718594,53.382185929648244,5.53913873494225
6.770402010050251,53.382185929648244,5.494269946585573
6.79305527638191,53.382185929648244,5.453720957706513
6.815708542713568,53.382185929648244,5.417288352998203
6.838361809045226,53.382185929648244,5.384652895426072
6.861015075376885,53.382185929648244,5.355401605166284
6.8836683417085425,53.382185929648244,5.329047946571245
5.252633165829145,53.398613065326636,6.720140714677527
5.275286432160804,53.398613065326636,6.62104323402999
5.2979396984924625,53.398613065326636,6.5215883659091745
5.320592964824121,53.398613065326636,6.422310460686419
5.34324623115578,53.398613065326636,6.323715805397186
5.365899497487438,53.398613065326636,6.22630222695247
5.388552763819096,53.398613065326636,6.130573146927434
5.977537688442212,53.398613065326636,5.501850099533624
6.00019095477387,53.398613065326636,5.560407569597094
6.022844221105528,53.398613065326636,5.623077860142
6.045497487437187,53.398613065326636,5.689374304586487
6.068150753768844,53.398613065326636,5.758738404394786
6.090804020100503,53.398613065326636,5.830522105463521
6.113457286432161,53.398613065326636,5.903970547521806
6.136110552763819,53.398613065326636,5.978207637905577
6.158763819095478,53.398613065326636,6.052227180639113
6.181417085427136,53.398613065326636,6.124892424917742
6.204070351758794,53.398613065326636,6.1949466735331615
6.226723618090453,53.398613065326636,6.2610369345896
6.2493768844221105,53.398613065326636,6.321751495351748
6.2720301507537695,53.398613065326636,6.375670815327492
6.294683417085428,53.398613065326636,6.42142943385121
6.317336683417086,53.398613065326636,6.457784893446143
6.339989949748745,53.398613065326636,6.483688259611555
6.362643216080402,53.398613065326636,6.498349928794274
6.385296482412061,53.398613065326636,6.501294261748208
6.407949748743719,53.398613065326636,6.492397260836226
6.430603015075377,53.398613065326636,6.471902995426479
6.453256281407036,53.398613065326636,6.440416595105183
6.475909547738693,53.398613065326636,6.398874080467561
6.498562814070352,53.398613065326636,6.3484917211605545
6.52121608040201,53.398613065326636,6.290699639500707
6.543869346733668,53.398613065326636,6.22706573138115
6.566522613065327,53.398613065326636,6.159216501356801
6.5891758793969855,53.398613065326636,6.088761103960804
6.6118291457286436,53.398613065326636,6.0172238819215575
6.6344824120603025,53.398613065326636,5.9459892199387525
6.65713567839196,53.398613065326636,5.8762608537632275
6.679788944723619,53.398613065326636,5.809036138544861
6.702442211055277,53.398613065326636,5.745094385735004
6.725095477386935,53.398613065326636,5.684997349659111
6.747748743718594,53.398613065326636,5.629099332452893
6.770402010050251,53.398613065326636,5.577564162369846
6.79305527638191,53.398613065326636,5.530386420403378
6.815708542713568,53.398613065326636,5.48741465168939
6.838361809045226,53.398613065326636,5.448374802017542
6.861015075376885,53.398613065326636,5.412892674797538
5.365899497487438,53.41504020100503,6.264341155130458
5.388552763819096,53.41504020100503,6.171249809728492
5.411206030150755,53.41504020100503,6.079948937922484
5.433859296482412,53.41504020100503,5.9909931573350095
5.456512562814071,53.41504020100503,5.904953120837201
5.479165829145729,53.41504020100503,5.8224050481398315
6.362643216080402,53.41504020100503,6.638332844572353
6.385296482412061,53.41504020100503,6.643619986172762
6.407949748743719,53.41504020100503,6.6363304215267025
6.430603015075377,53.41504020100503,6.616662510973833
6.453256281407036,53.41504020100503,6.585195217679134
6.475909547738693,53.41504020100503,6.542858165145482
6.498562814070352,53.41504020100503,6.490880099120307
6.52121608040201,53.41504020100503,6.430720699140558
6.543869346733668,53.41504020100503,6.363992102388392
6.566522613065327,53.41504020100503,6.292377029131373
6.5891758793969855,53.41504020100503,6.217550046154013
6.6118291457286436,53.41504020100503,6.14110742955608
6.6344824120603025,53.41504020100503,6.064509542206224
6.65713567839196,53.41504020100503,5.989037906202742
6.679788944723619,53.41504020100503,5.915767484580957
6.702442211055277,53.41504020100503,5.845553284574278
6.725095477386935,53.41504020100503,5.7790293731999185
6.747748743718594,53.41504020100503,5.716617793243728
6.770402010050251,53.41504020100503,5.658544658326923
6.79305527638191,53.41504020100503,5.6048608203381525
6.815708542713568,53.41504020100503,5.555464849199226
6.838361809045226,53.41504020100503,5.510126547567828
6.861015075376885,53.41504020100503,5.4685097548503725
5.433859296482412,53.43146733668342,6.0303902134781495
5.456512562814071,53.43146733668342,5.9461578115258416
5.479165829145729,53.43146733668342,5.865122899472005
5.501819095477387,53.43146733668342,5.787888290817496
5.524472361809046,53.43146733668342,5.715038913755565
5.547125628140703,53.43146733668342,5.647128549771929
5.683045226130654,53.43146733668342,5.368203753139919
6.453256281407036,53.43146733668342,6.725624637250065
6.475909547738693,53.43146733668342,6.682448288358834
6.498562814070352,53.43146733668342,6.628860182035987
6.52121608040201,53.43146733668342,6.566349898592223
6.543869346733668,53.43146733668342,6.4965733438525834
6.566522613065327,53.43146733668342,6.421268128648438
6.5891758793969855,53.43146733668342,6.342172066004822
6.6118291457286436,53.43146733668342,6.260950425794068
6.6344824120603025,53.43146733668342,6.1791359589084545
6.65713567839196,53.43146733668342,6.09808390411105
6.679788944723619,53.43146733668342,6.0189424874951785
6.702442211055277,53.43146733668342,5.94263801087034
6.725095477386935,53.43146733668342,5.869872609107743
6.747748743718594,53.43146733668342,5.801132165188739
6.770402010050251,53.43146733668342,5.736701670778352
6.79305527638191,53.43146733668342,5.676685435106331
6.815708542713568,53.43146733668342,5.621029882847962
6.838361809045226,53.43146733668342,5.5695471485717185
6.861015075376885,53.43146733668342,5.521938188017142
5.547125628140703,53.44789447236181,5.689148578794795
5.569778894472362,53.44789447236181,5.6277140562771395
5.6377386934673375,53.44789447236181,5.479800338736588
5.660391959798995,53.44789447236181,5.443863391976865
5.683045226130654,53.44789447236181,5.415070359613952
5.705698492462312,53.44789447236181,5.393601852364369
5.72835175879397,53.44789447236181,5.379576867689047
5.751005025125629,53.44789447236181,5.373055486223429
5.773658291457287,53.44789447236181,5.374042421139728
5.796311557788945,53.44789447236181,5.382491353179976
5.818964824120604,53.44789447236181,5.398309897092929
5.841618090452261,53.44789447236181,5.4213649077783534
6.6118291457286436,53.44789447236181,6.375912774408947
6.6344824120603025,53.44789447236181,6.289079488826268
6.65713567839196,53.44789447236181,6.202661991509271
6.679788944723619,53.44789447236181,6.117876771683634
6.702442211055277,53.44789447236181,6.035716498826463
6.725095477386935,53.44789447236181,5.956946718156172
6.747748743718594,53.44789447236181,5.882112932494339
6.770402010050251,53.44789447236181,5.811555356354574
6.79305527638191,53.44789447236181,5.745428747996999
6.815708542713568,53.44789447236181,5.683725059292451
6.838361809045226,53.44789447236181,5.626297098927907
5.660391959798995,53.4643216080402,5.487471164788647
5.683045226130654,53.4643216080402,5.459580398572167
5.705698492462312,53.4643216080402,5.438997582245899
5.72835175879397,53.4643216080402,5.425864041097765
5.751005025125629,53.4643216080402,5.420262224790964
5.773658291457287,53.4643216080402,5.422219496871136
5.796311557788945,53.4643216080402,5.4317126123171136
5.818964824120604,53.4643216080402,5.448672683380557
5.841618090452261,53.4643216080402,5.472990319257781
5.86427135678392,53.4643216080402,5.50452049161215
5.886924623115578,53.4643216080402,5.543086554222544
5.909577889447236,53.4643216080402,5.588482756294939
5.932231155778895,53.4643216080402,5.640474554023421
6.136110552763819,53.4643216080402,6.342884020484788
6.136110552763819,53.48074874371859,6.426120174296541
6.158763819095478,53.48074874371859,6.522490453964282
6.181417085427136,53.48074874371859,6.618041050716609
6.204070351758794,53.48074874371859,6.7112060532625755
6.158763819095478,53.497175879396984,6.60490536444203
6.181417085427136,53.497175879396984,6.704071361386339
6.204070351758794,53.497175879396984,6.800862077950556
6.226723618090453,53.497175879396984,6.893511237403719
6.2493768844221105,53.497175879396984,6.980145111813349
6.2720301507537695,53.497175879396984,7.0588440960874435
6.294683417085428,53.497175879396984,7.127719636223567
6.453256281407036,53.54645728643216,7.501918991733457
6.475909547738693,53.54645728643216,7.4533183537812056
6.498562814070352,53.54645728643216,7.3903738597683954
