id,diam,ash,kw,x,y,land,naam,wt_type,gem_naam,prov_naam,ondergrond,datum,geometry_wkt
rivm_windturbines_ashoogte_actueel.1,26.0,26.0,90.0,184745.661287,295841.750177,België,,Eocycle EOX M-26,,,land,2026-01-11,POINT (184745.6613 295841.7502)
rivm_windturbines_ashoogte_actueel.2,80.0,105.0,3000.0,168679.498528,299437.964804,België,,,,,land,2026-01-11,POINT (168679.4985 299437.9648)
rivm_windturbines_ashoogte_actueel.3,115.0,123.0,3000.0,170817.342978,300437.045552,België,,E115,,,land,2026-01-11,POINT (170817.343 300437.0456)
rivm_windturbines_ashoogte_actueel.4,117.0,100.0,3400.0,164592.697575,305255.456828,België,,V117,,,land,2026-01-11,POINT (164592.6976 305255.4568)
rivm_windturbines_ashoogte_actueel.5,117.0,100.0,3400.0,163991.28094,305380.035989,België,,V117,,,land,2026-01-11,POINT (163991.2809 305380.036)
rivm_windturbines_ashoogte_actueel.6,117.0,100.0,3400.0,164840.732489,305567.055505,België,,V117,,,land,2026-01-11,POINT (164840.7325 305567.0555)
rivm_windturbines_ashoogte_actueel.7,117.0,100.0,3400.0,164307.024674,305687.188056,België,,V117,,,land,2026-01-11,POINT (164307.0247 305687.1881)
rivm_windturbines_ashoogte_actueel.8,117.0,100.0,3400.0,164687.205904,305932.050543,België,,V117,,,land,2026-01-11,POINT (164687.2059 305932.0505)
rivm_windturbines_ashoogte_actueel.9,114.0,93.0,2625.0,170534.899497,308721.279436,België,,Siemens-Gamesa 114,,,land,2026-01-11,POINT (170534.8995 308721.2794)
rivm_windturbines_ashoogte_actueel.10,114.0,93.0,2625.0,170192.885187,308952.461253,België,,Siemens-Gamesa 114,,,land,2026-01-11,POINT (170192.8852 308952.4613)
rivm_windturbines_ashoogte_actueel.11,114.0,93.0,2625.0,170921.727619,309214.605877,België,,Siemens-Gamesa 114,,,land,2026-01-11,POINT (170921.7276 309214.6059)
rivm_windturbines_ashoogte_actueel.12,114.0,93.0,2625.0,170562.932893,309541.575056,België,,Siemens-Gamesa 114,,,land,2026-01-11,POINT (170562.9329 309541.5751)
rivm_windturbines_ashoogte_actueel.13,114.0,93.0,2625.0,172031.520652,309780.298316,België,,Siemens-Gamesa 114,,,land,2026-01-11,POINT (172031.5207 309780.2983)
rivm_windturbines_ashoogte_actueel.14,114.0,93.0,2625.0,171318.668584,309821.267348,België,,Siemens-Gamesa 114,,,land,2026-01-11,POINT (171318.6686 309821.2673)
rivm_windturbines_ashoogte_actueel.15,114.0,93.0,2625.0,170835.665539,309945.051184,België,,Siemens-Gamesa 114,,,land,2026-01-11,POINT (170835.6655 309945.0512)
rivm_windturbines_ashoogte_actueel.16,114.0,93.0,2625.0,171731.372261,310207.680208,België,,Siemens-Gamesa 114,,,land,2026-01-11,POINT (171731.3723 310207.6802)
rivm_windturbines_ashoogte_actueel.17,114.0,93.0,2625.0,171189.132915,310285.382127,België,,Siemens-Gamesa 114,,,land,2026-01-11,POINT (171189.1329 310285.3821)
rivm_windturbines_ashoogte_actueel.18,117.0,142.0,3450.0,164476.778041,312873.151154,België,,V117,,,land,2026-01-11,POINT (164476.778 312873.1512)
rivm_windturbines_ashoogte_actueel.19,70.0,65.0,1800.0,199864.884675,313000.874236,Duitsland,,,,,land,2026-01-11,POINT (199864.8847 313000.8742)
rivm_windturbines_ashoogte_actueel.20,70.0,65.0,1800.0,199655.812084,313196.751041,Duitsland,,,,,land,2026-01-11,POINT (199655.8121 313196.751)
rivm_windturbines_ashoogte_actueel.21,117.0,142.0,3450.0,164363.869498,313384.336128,België,,V117,,,land,2026-01-11,POINT (164363.8695 313384.3361)
rivm_windturbines_ashoogte_actueel.22,70.0,65.0,1800.0,199455.917469,313389.588908,Duitsland,,,,,land,2026-01-11,POINT (199455.9175 313389.5889)
rivm_windturbines_ashoogte_actueel.23,70.0,65.0,1800.0,199970.03617,313399.282189,Duitsland,,,,,land,2026-01-11,POINT (199970.0362 313399.2822)
rivm_windturbines_ashoogte_actueel.24,70.0,65.0,1800.0,200301.019619,313523.11091,Duitsland,,,,,land,2026-01-11,POINT (200301.0196 313523.1109)
rivm_windturbines_ashoogte_actueel.25,70.0,65.0,1800.0,199800.509381,313616.714036,Duitsland,,,,,land,2026-01-11,POINT (199800.5094 313616.714)
rivm_windturbines_ashoogte_actueel.26,70.0,65.0,1800.0,200182.8417,313758.092255,Duitsland,,,,,land,2026-01-11,POINT (200182.8417 313758.0923)
rivm_windturbines_ashoogte_actueel.27,117.0,142.0,3450.0,164248.684068,313900.103049,België,,V117,,,land,2026-01-11,POINT (164248.6841 313900.103)
rivm_windturbines_ashoogte_actueel.28,117.0,142.0,3450.0,167670.754787,314504.49608,België,,V117,,,land,2026-01-11,POINT (167670.7548 314504.4961)
rivm_windturbines_ashoogte_actueel.29,117.0,142.0,3450.0,167267.225524,314767.470808,België,,V117,,,land,2026-01-11,POINT (167267.2255 314767.4708)
rivm_windturbines_ashoogte_actueel.30,120.0,139.0,3300.0,200192.733518,314956.55399,Duitsland,,,,,land,2026-01-11,POINT (200192.7335 314956.554)
rivm_windturbines_ashoogte_actueel.31,117.0,142.0,3450.0,167776.949561,314993.120612,België,,V117,,,land,2026-01-11,POINT (167776.9496 314993.1206)
rivm_windturbines_ashoogte_actueel.32,120.0,139.0,3300.0,199988.518713,315245.256738,Duitsland,,,,,land,2026-01-11,POINT (199988.5187 315245.2567)
rivm_windturbines_ashoogte_actueel.33,112.0,135.0,3300.0,199972.551324,316268.08617,Duitsland,,,,,land,2026-01-11,POINT (199972.5513 316268.0862)
rivm_windturbines_ashoogte_actueel.34,112.0,135.0,3300.0,199889.364908,316574.203186,Duitsland,,,,,land,2026-01-11,POINT (199889.3649 316574.2032)
rivm_windturbines_ashoogte_actueel.35,126.0,135.0,3300.0,199891.915495,316943.914926,Duitsland,,,,,land,2026-01-11,POINT (199891.9155 316943.9149)
rivm_windturbines_ashoogte_actueel.36,50.5,75.0,750.0,197935.4652,317736.3572,Nederland,,,Heerlen,Limburg,land,2026-01-11,POINT (197935.4652 317736.3572)
rivm_windturbines_ashoogte_actueel.37,80.0,100.0,2000.0,173638.816241,320926.954644,België,,V80,,,land,2026-01-11,POINT (173638.8162 320926.9546)
rivm_windturbines_ashoogte_actueel.38,80.0,100.0,2000.0,173872.311996,321170.21982,België,,V80,,,land,2026-01-11,POINT (173872.312 321170.2198)
rivm_windturbines_ashoogte_actueel.39,80.0,100.0,2000.0,174111.869404,321395.617983,België,,V80,,,land,2026-01-11,POINT (174111.8694 321395.618)
rivm_windturbines_ashoogte_actueel.40,90.0,100.0,2000.0,176837.239969,328125.523254,België,,V90,,,land,2026-01-11,POINT (176837.24 328125.5233)
rivm_windturbines_ashoogte_actueel.41,90.0,100.0,2000.0,177339.430219,328318.444193,België,,V90,,,land,2026-01-11,POINT (177339.4302 328318.4442)
rivm_windturbines_ashoogte_actueel.42,90.0,100.0,2000.0,176893.433009,328551.476179,België,,V90,,,land,2026-01-11,POINT (176893.433 328551.4762)
rivm_windturbines_ashoogte_actueel.43,90.0,100.0,2000.0,177925.751547,328888.040948,België,,V90,,,land,2026-01-11,POINT (177925.7515 328888.0409)
rivm_windturbines_ashoogte_actueel.44,90.0,100.0,2000.0,177641.589828,328894.145794,België,,V90,,,land,2026-01-11,POINT (177641.5898 328894.1458)
rivm_windturbines_ashoogte_actueel.45,100.0,100.0,2000.0,178197.145082,329397.571099,België,,MM100,,,land,2026-01-11,POINT (178197.1451 329397.5711)
rivm_windturbines_ashoogte_actueel.46,100.0,100.0,2000.0,177864.695105,329450.011125,België,,MM100,,,land,2026-01-11,POINT (177864.6951 329450.0111)
rivm_windturbines_ashoogte_actueel.47,149.0,125.0,4500.0,177124.693127,336024.989435,België,,Nordex N149/4.0-4.5,,,land,2026-01-11,POINT (177124.6931 336024.9894)
rivm_windturbines_ashoogte_actueel.48,149.0,125.0,4500.0,177739.918472,336292.758654,België,,Nordex N149/4.0-4.5,,,land,2026-01-11,POINT (177739.9185 336292.7587)
rivm_windturbines_ashoogte_actueel.49,100.0,125.0,2200.0,174555.230425,338000.099003,België,,,,,land,2026-01-11,POINT (174555.2304 338000.099)
rivm_windturbines_ashoogte_actueel.50,100.0,125.0,2200.0,174999.999238,338205.337892,België,,,,,land,2026-01-11,POINT (174999.9992 338205.3379)
rivm_windturbines_ashoogte_actueel.51,100.0,125.0,2200.0,175401.873152,338394.758169,België,,,,,land,2026-01-11,POINT (175401.8732 338394.7582)
rivm_windturbines_ashoogte_actueel.52,149.0,125.0,4500.0,196555.313516,338890.514059,Duitsland,,,,,land,2026-01-11,POINT (196555.3135 338890.5141)
rivm_windturbines_ashoogte_actueel.53,149.0,125.0,4500.0,196980.764367,338900.039078,Duitsland,,,,,land,2026-01-11,POINT (196980.7644 338900.0391)
rivm_windturbines_ashoogte_actueel.54,149.0,125.0,4500.0,196279.087963,339012.751803,Duitsland,,,,,land,2026-01-11,POINT (196279.088 339012.7518)
rivm_windturbines_ashoogte_actueel.55,149.0,125.0,4500.0,196755.338916,339198.489675,Duitsland,,,,,land,2026-01-11,POINT (196755.3389 339198.4897)
rivm_windturbines_ashoogte_actueel.56,90.0,100.0,2000.0,176164.20034,339258.900573,België,,V90,,,land,2026-01-11,POINT (176164.2003 339258.9006)
rivm_windturbines_ashoogte_actueel.57,149.0,125.0,4500.0,196004.18533,339296.914872,Duitsland,,,,,land,2026-01-11,POINT (196004.1853 339296.9149)
rivm_windturbines_ashoogte_actueel.58,149.0,125.0,4500.0,196410.850727,339303.264884,Duitsland,,,,,land,2026-01-11,POINT (196410.8507 339303.2649)
rivm_windturbines_ashoogte_actueel.59,90.0,100.0,2000.0,176698.603838,339415.630441,België,,V90,,,land,2026-01-11,POINT (176698.6038 339415.6304)
rivm_windturbines_ashoogte_actueel.60,149.0,125.0,4500.0,196880.487083,339484.50483,Duitsland,,,,,land,2026-01-11,POINT (196880.4871 339484.5048)
rivm_windturbines_ashoogte_actueel.61,149.0,125.0,4500.0,196528.061378,339559.646647,Duitsland,,,,,land,2026-01-11,POINT (196528.0614 339559.6466)
rivm_windturbines_ashoogte_actueel.62,90.0,100.0,2000.0,176306.230358,339575.976458,België,,V90,,,land,2026-01-11,POINT (176306.2304 339575.9765)
rivm_windturbines_ashoogte_actueel.63,149.0,125.0,4500.0,196196.802382,339628.173868,Duitsland,,,,,land,2026-01-11,POINT (196196.8024 339628.1739)
rivm_windturbines_ashoogte_actueel.64,90.0,100.0,2000.0,177227.828755,339767.505753,België,,V90,,,land,2026-01-11,POINT (177227.8288 339767.5058)
rivm_windturbines_ashoogte_actueel.65,149.0,125.0,4500.0,196759.836841,339809.413813,Duitsland,,,,,land,2026-01-11,POINT (196759.8368 339809.4138)
rivm_windturbines_ashoogte_actueel.66,90.0,100.0,2000.0,176885.345472,339855.810908,België,,V90,,,land,2026-01-11,POINT (176885.3455 339855.8109)
rivm_windturbines_ashoogte_actueel.67,149.0,125.0,4500.0,196326.977642,339945.939086,Duitsland,,,,,land,2026-01-11,POINT (196326.9776 339945.9391)
rivm_windturbines_ashoogte_actueel.68,90.0,100.0,2000.0,176525.873728,340057.95547,België,,V90,,,land,2026-01-11,POINT (176525.8737 340057.9555)
rivm_windturbines_ashoogte_actueel.69,163.0,118.0,5700.0,196267.419001,340306.920212,Duitsland,,N-163,,,land,2026-01-11,POINT (196267.419 340306.9202)
rivm_windturbines_ashoogte_actueel.70,163.0,118.0,5700.0,196588.078767,340321.022532,Duitsland,,N-163,,,land,2026-01-11,POINT (196588.0788 340321.0225)
rivm_windturbines_ashoogte_actueel.71,163.0,118.0,5700.0,196393.652776,340695.240585,Duitsland,,N-163,,,land,2026-01-11,POINT (196393.6528 340695.2406)
rivm_windturbines_ashoogte_actueel.72,82.0,109.0,2350.0,39634.8897122,344290.971134,België,,Enercon 82-E2 2.3,,,land,2026-01-11,POINT (39634.8897 344290.9711)
rivm_windturbines_ashoogte_actueel.73,82.0,109.0,2350.0,39825.5756646,344975.743608,België,,Enercon 82-E2 2.3,,,land,2026-01-11,POINT (39825.5757 344975.7436)
rivm_windturbines_ashoogte_actueel.74,90.0,105.0,2000.0,175982.266135,345115.781883,België,,V90,,,land,2026-01-11,POINT (175982.2661 345115.7819)
rivm_windturbines_ashoogte_actueel.75,82.0,109.0,2350.0,40427.1577614,345260.98484,België,,Enercon 82-E2 2.3,,,land,2026-01-11,POINT (40427.1578 345260.9848)
rivm_windturbines_ashoogte_actueel.76,82.0,105.0,2000.0,43066.1588539,345515.703206,België,,Enercon E-82 E2 2.0,,,land,2026-01-11,POINT (43066.1589 345515.7032)
rivm_windturbines_ashoogte_actueel.77,90.0,105.0,2000.0,175855.079307,345523.15319,België,,V90,,,land,2026-01-11,POINT (175855.0793 345523.1532)
rivm_windturbines_ashoogte_actueel.78,82.0,109.0,2350.0,39708.3978072,345546.585814,België,,Enercon 82-E2 2.3,,,land,2026-01-11,POINT (39708.3978 345546.5858)
rivm_windturbines_ashoogte_actueel.79,82.0,105.0,2000.0,42767.6677335,345733.811981,België,,Enercon E-82 E2 2.0,,,land,2026-01-11,POINT (42767.6677 345733.812)
rivm_windturbines_ashoogte_actueel.80,90.0,105.0,2000.0,175726.768232,345898.304598,België,,V90,,,land,2026-01-11,POINT (175726.7682 345898.3046)
rivm_windturbines_ashoogte_actueel.81,82.0,105.0,2000.0,42491.9498553,345964.035737,België,,Enercon E-82 E2 2.0,,,land,2026-01-11,POINT (42491.9499 345964.0357)
rivm_windturbines_ashoogte_actueel.82,82.0,108.0,2350.0,39418.9979242,346176.516325,België,,Enercon 82-E2 2.3,,,land,2026-01-11,POINT (39418.9979 346176.5163)
rivm_windturbines_ashoogte_actueel.83,92.0,100.0,2000.0,36377.8146366,346367.401998,België,,MM92,,,land,2026-01-11,POINT (36377.8146 346367.402)
rivm_windturbines_ashoogte_actueel.84,82.0,108.0,2350.0,39915.8146059,346404.633744,België,,Enercon 82-E2 2.3,,,land,2026-01-11,POINT (39915.8146 346404.6337)
rivm_windturbines_ashoogte_actueel.85,138.0,131.0,3500.0,35913.3259183,346442.45638,België,,Enercon E138,,,land,2026-01-11,POINT (35913.3259 346442.4564)
rivm_windturbines_ashoogte_actueel.86,92.0,100.0,2050.0,40542.7566032,346541.436823,België,,Senvion MM92 2.05,,,land,2026-01-11,POINT (40542.7566 346541.4368)
rivm_windturbines_ashoogte_actueel.87,82.0,108.0,2350.0,39341.2585943,346543.460053,België,,Enercon 82-E2 2.3,,,land,2026-01-11,POINT (39341.2586 346543.4601)
rivm_windturbines_ashoogte_actueel.88,92.0,100.0,2000.0,36874.9498213,346618.735572,België,,MM92,,,land,2026-01-11,POINT (36874.9498 346618.7356)
rivm_windturbines_ashoogte_actueel.89,92.0,100.0,2050.0,36604.6337478,346826.65843,België,,MM92,,,land,2026-01-11,POINT (36604.6337 346826.6584)
rivm_windturbines_ashoogte_actueel.90,92.0,100.0,2050.0,40327.8675456,346983.367075,België,,Senvion MM92 2.05,,,land,2026-01-11,POINT (40327.8675 346983.3671)
rivm_windturbines_ashoogte_actueel.91,115.0,135.0,3200.0,39146.6440586,347353.812912,België,,"Enercon 115-E2 3,2MW",,,land,2026-01-11,POINT (39146.6441 347353.8129)
rivm_windturbines_ashoogte_actueel.92,92.0,100.0,2050.0,40587.519681,347476.01744,België,,Senvion MM92 2.05,,,land,2026-01-11,POINT (40587.5197 347476.0174)
rivm_windturbines_ashoogte_actueel.93,115.0,135.0,3200.0,39109.4919609,347726.430743,België,,"Enercon 115-E2 3,2MW",,,land,2026-01-11,POINT (39109.492 347726.4307)
rivm_windturbines_ashoogte_actueel.94,115.0,135.0,3200.0,39474.7530883,347866.427676,België,,"Enercon 115-E2 3,2MW",,,land,2026-01-11,POINT (39474.7531 347866.4277)
rivm_windturbines_ashoogte_actueel.95,136.0,132.0,4200.0,40473.0516023,347955.194372,België,,V136-4.2,,,land,2026-01-11,POINT (40473.0516 347955.1944)
rivm_windturbines_ashoogte_actueel.96,138.0,111.0,4200.0,40996.9696878,348827.382943,België,,,,,land,2026-01-11,POINT (40996.9697 348827.3829)
rivm_windturbines_ashoogte_actueel.97,100.0,100.0,2050.0,41786.0753367,349039.217761,België,,Senvion MM100 2.0,,,land,2026-01-11,POINT (41786.0753 349039.2178)
rivm_windturbines_ashoogte_actueel.98,100.0,100.0,2050.0,42064.4475148,349448.447374,België,,Senvion MM100 2.0,,,land,2026-01-11,POINT (42064.4475 349448.4474)
rivm_windturbines_ashoogte_actueel.99,133.0,133.0,3900.0,40724.2553306,349674.022216,België,,,,,land,2026-01-11,POINT (40724.2553 349674.0222)
rivm_windturbines_ashoogte_actueel.100,100.0,100.0,2050.0,42340.9395662,349823.023416,België,,Senvion MM100 2.0,,,land,2026-01-11,POINT (42340.9396 349823.0234)
rivm_windturbines_ashoogte_actueel.101,126.0,137.0,3450.0,43436.558016,350381.629423,België,,V126-3.45 MW,,,land,2026-01-11,POINT (43436.558 350381.6294)
rivm_windturbines_ashoogte_actueel.102,126.0,137.0,3450.0,43768.3501375,350413.870608,België,,V126-3.45 MW,,,land,2026-01-11,POINT (43768.3501 350413.8706)
rivm_windturbines_ashoogte_actueel.103,149.0,125.0,4000.0,42801.1102767,350493.069463,België,,Nordex 149/4.0,,,land,2026-01-11,POINT (42801.1103 350493.0695)
rivm_windturbines_ashoogte_actueel.104,149.0,125.0,4000.0,42202.2978611,350754.697875,België,,Nordex 149/4.0,,,land,2026-01-11,POINT (42202.2979 350754.6979)
rivm_windturbines_ashoogte_actueel.105,115.0,135.0,4200.0,41865.5322551,350867.637435,België,,,,,land,2026-01-11,POINT (41865.5323 350867.6374)
rivm_windturbines_ashoogte_actueel.106,149.0,149.0,4000.0,43827.260264,350884.15606,België,,N149,,,land,2026-01-11,POINT (43827.2603 350884.1561)
rivm_windturbines_ashoogte_actueel.107,149.0,125.0,4000.0,42746.253289,350910.600507,België,,Nordex 149/4.0,,,land,2026-01-11,POINT (42746.2533 350910.6005)
rivm_windturbines_ashoogte_actueel.108,104.0,98.0,3400.0,42543.319351,351523.832807,België,,Senvion 3.4XM,,,land,2026-01-11,POINT (42543.3194 351523.8328)
rivm_windturbines_ashoogte_actueel.109,104.0,98.0,3400.0,40147.0882053,351943.908004,België,,Senvion 3.4M104,,,land,2026-01-11,POINT (40147.0882 351943.908)
rivm_windturbines_ashoogte_actueel.110,70.0,100.0,2000.0,40980.8266456,352019.112265,België,,Enercon E70,,,land,2026-01-11,POINT (40980.8266 352019.1123)
rivm_windturbines_ashoogte_actueel.111,70.0,100.0,2000.0,41338.2725103,352092.579175,België,,Enercon E70,,,land,2026-01-11,POINT (41338.2725 352092.5792)
rivm_windturbines_ashoogte_actueel.112,70.0,100.0,2000.0,41701.3030041,352276.086302,België,,Enercon E70,,,land,2026-01-11,POINT (41701.303 352276.0863)
rivm_windturbines_ashoogte_actueel.113,70.0,100.0,2000.0,42063.9652141,352296.849518,België,,Enercon E70,,,land,2026-01-11,POINT (42063.9652 352296.8495)
rivm_windturbines_ashoogte_actueel.114,70.0,100.0,2000.0,42418.4754958,352364.624448,België,,Enercon E70,,,land,2026-01-11,POINT (42418.4755 352364.6244)
rivm_windturbines_ashoogte_actueel.115,150.0,155.0,4500.0,42916.4215169,352461.914136,België,,,,,land,2026-01-11,POINT (42916.4215 352461.9141)
rivm_windturbines_ashoogte_actueel.116,104.0,98.0,3400.0,40193.7842704,352494.806844,België,,Senvion 3.4M104,,,land,2026-01-11,POINT (40193.7843 352494.8068)
rivm_windturbines_ashoogte_actueel.117,140.0,130.0,3600.0,43624.8166795,352522.938725,België,,3.6M140,,,land,2026-01-11,POINT (43624.8167 352522.9387)
rivm_windturbines_ashoogte_actueel.118,140.0,130.0,3600.0,44166.7794697,352912.191953,België,,3.6M140,,,land,2026-01-11,POINT (44166.7795 352912.192)
rivm_windturbines_ashoogte_actueel.119,162.0,119.0,6000.0,43920.5115519,353160.494528,België,,Vestas V162,,,land,2026-01-11,POINT (43920.5116 353160.4945)
rivm_windturbines_ashoogte_actueel.120,150.0,155.0,4300.0,43264.5792748,353240.396551,België,,Vestas V150,,,land,2026-01-11,POINT (43264.5793 353240.3966)
rivm_windturbines_ashoogte_actueel.121,150.0,155.0,4300.0,43486.0427005,353748.725289,België,,Vestas V150,,,land,2026-01-11,POINT (43486.0427 353748.7253)
rivm_windturbines_ashoogte_actueel.122,150.0,123.0,4200.0,44979.4555339,353776.13064,België,,Vestas V150,,,land,2026-01-11,POINT (44979.4555 353776.1306)
rivm_windturbines_ashoogte_actueel.123,104.0,98.0,3400.0,40726.0989324,353814.361251,België,,Senvion 3.4M104,,,land,2026-01-11,POINT (40726.0989 353814.3613)
rivm_windturbines_ashoogte_actueel.124,104.0,98.0,3400.0,41052.9706988,354138.092192,België,,Senvion 3.4M104,,,land,2026-01-11,POINT (41052.9707 354138.0922)
rivm_windturbines_ashoogte_actueel.125,70.0,100.0,2000.0,41665.139696,354138.196174,België,,Enercon E70,,,land,2026-01-11,POINT (41665.1397 354138.1962)
rivm_windturbines_ashoogte_actueel.126,70.0,100.0,2000.0,42006.3813266,354315.337787,België,,Enercon E70,,,land,2026-01-11,POINT (42006.3813 354315.3378)
rivm_windturbines_ashoogte_actueel.127,70.0,100.0,2000.0,42368.4310872,354393.343704,België,,Enercon E70,,,land,2026-01-11,POINT (42368.4311 354393.3437)
rivm_windturbines_ashoogte_actueel.128,70.0,100.0,2000.0,42786.2486156,354469.949184,België,,Enercon E70,,,land,2026-01-11,POINT (42786.2486 354469.9492)
rivm_windturbines_ashoogte_actueel.129,70.0,100.0,2000.0,43102.5449832,354627.666222,België,,Enercon E70,,,land,2026-01-11,POINT (43102.545 354627.6662)
rivm_windturbines_ashoogte_actueel.130,122.0,139.0,3000.0,45576.0365121,354639.696619,België,,3.0M122,,,land,2026-01-11,POINT (45576.0365 354639.6966)
rivm_windturbines_ashoogte_actueel.131,70.0,100.0,2000.0,43415.8807155,354715.441053,België,,Enercon E70,,,land,2026-01-11,POINT (43415.8807 354715.4411)
rivm_windturbines_ashoogte_actueel.132,122.0,139.0,3000.0,45217.0444089,354805.800181,België,,3.0M122,,,land,2026-01-11,POINT (45217.0444 354805.8002)
rivm_windturbines_ashoogte_actueel.133,122.0,139.0,3000.0,45916.8370184,355206.883952,België,,3.0M122,,,land,2026-01-11,POINT (45916.837 355206.884)
rivm_windturbines_ashoogte_actueel.134,162.0,119.0,6000.0,44279.9346001,355452.078455,België,,V162-6.0,,,land,2026-01-11,POINT (44279.9346 355452.0785)
rivm_windturbines_ashoogte_actueel.135,162.0,119.0,6000.0,46112.7809715,355692.459123,België,,V162-6.0,,,land,2026-01-11,POINT (46112.781 355692.4591)
rivm_windturbines_ashoogte_actueel.136,126.0,137.0,3450.0,44543.9216764,356107.043888,België,,V126-3.45,,,land,2026-01-11,POINT (44543.9217 356107.0439)
rivm_windturbines_ashoogte_actueel.137,114.0,116.0,3400.0,42434.7347284,356190.574843,België,,Senvion 3.4M114,,,land,2026-01-11,POINT (42434.7347 356190.5748)
rivm_windturbines_ashoogte_actueel.138,90.0,95.0,2000.0,146015.915123,356192.303839,België,,V90,,,land,2026-01-11,POINT (146015.9151 356192.3038)
rivm_windturbines_ashoogte_actueel.139,126.0,137.0,3450.0,44932.9074759,356194.158973,België,,V126-3.45,,,land,2026-01-11,POINT (44932.9075 356194.159)
rivm_windturbines_ashoogte_actueel.140,114.0,116.0,3400.0,41843.3667765,356203.17888,België,,Senvion 3.4M114,,,land,2026-01-11,POINT (41843.3668 356203.1789)
rivm_windturbines_ashoogte_actueel.141,126.0,137.0,3450.0,45293.2308763,356275.364506,België,,V126-3.45,,,land,2026-01-11,POINT (45293.2309 356275.3645)
rivm_windturbines_ashoogte_actueel.142,115.0,150.0,3000.0,210609.533941,356353.986745,Duitsland,,,,,land,2026-01-11,POINT (210609.5339 356353.9867)
rivm_windturbines_ashoogte_actueel.143,126.0,137.0,3450.0,45652.5165022,356356.71757,België,,V126-3.45,,,land,2026-01-11,POINT (45652.5165 356356.7176)
rivm_windturbines_ashoogte_actueel.144,90.0,95.0,2000.0,146571.974639,356406.615482,België,,V90,,,land,2026-01-11,POINT (146571.9746 356406.6155)
rivm_windturbines_ashoogte_actueel.145,126.0,137.0,3450.0,46016.159504,356414.421644,België,,V126-3.45,,,land,2026-01-11,POINT (46016.1595 356414.4216)
rivm_windturbines_ashoogte_actueel.146,116.0,92.0,3000.0,139047.390137,356496.178008,België,,Enercon E92/2350,,,land,2026-01-11,POINT (139047.3901 356496.178)
rivm_windturbines_ashoogte_actueel.147,114.0,116.0,3400.0,42335.4785764,356525.162338,België,,Senvion 3.4M114,,,land,2026-01-11,POINT (42335.4786 356525.1623)
rivm_windturbines_ashoogte_actueel.148,114.0,116.0,3400.0,42050.6293966,356628.664062,België,,Senvion 3.4M114,,,land,2026-01-11,POINT (42050.6294 356628.6641)
rivm_windturbines_ashoogte_actueel.149,115.0,150.0,3000.0,210644.446337,356713.753673,Duitsland,,,,,land,2026-01-11,POINT (210644.4463 356713.7537)
rivm_windturbines_ashoogte_actueel.150,116.0,92.0,3000.0,139135.09332,356746.797401,België,,Enercon E92/2350,,,land,2026-01-11,POINT (139135.0933 356746.7974)
rivm_windturbines_ashoogte_actueel.151,90.0,95.0,2000.0,146889.782143,356762.268953,België,,V90,,,land,2026-01-11,POINT (146889.7821 356762.269)
rivm_windturbines_ashoogte_actueel.152,117.0,106.0,3600.0,146225.309725,356854.234377,België,,N117,,,land,2026-01-11,POINT (146225.3097 356854.2344)
rivm_windturbines_ashoogte_actueel.153,117.0,106.0,3600.0,145392.162453,356951.315887,België,,N117,,,land,2026-01-11,POINT (145392.1625 356951.3159)
rivm_windturbines_ashoogte_actueel.154,114.0,116.0,3400.0,42067.6365066,356997.867283,België,,Senvion 3.4M114,,,land,2026-01-11,POINT (42067.6365 356997.8673)
rivm_windturbines_ashoogte_actueel.155,115.0,150.0,3000.0,210647.84775,357020.507538,Duitsland,,,,,land,2026-01-11,POINT (210647.8477 357020.5075)
rivm_windturbines_ashoogte_actueel.156,90.0,95.0,2000.0,146660.31835,357061.422088,België,,V90,,,land,2026-01-11,POINT (146660.3184 357061.4221)
rivm_windturbines_ashoogte_actueel.157,116.0,92.0,3000.0,139162.598988,357074.47852,België,,Enercon E92/2350,,,land,2026-01-11,POINT (139162.599 357074.4785)
rivm_windturbines_ashoogte_actueel.158,117.0,106.0,3600.0,145990.234621,357153.238248,België,,N117,,,land,2026-01-11,POINT (145990.2346 357153.2382)
rivm_windturbines_ashoogte_actueel.159,115.0,150.0,3000.0,210274.729372,357160.164597,Duitsland,,,,,land,2026-01-11,POINT (210274.7294 357160.1646)
rivm_windturbines_ashoogte_actueel.160,117.0,106.0,3600.0,145034.885953,357190.966427,België,,N117,,,land,2026-01-11,POINT (145034.886 357190.9664)
rivm_windturbines_ashoogte_actueel.161,90.0,95.0,2000.0,146413.873573,357370.303968,België,,V90,,,land,2026-01-11,POINT (146413.8736 357370.304)
rivm_windturbines_ashoogte_actueel.162,117.0,106.0,3600.0,144714.16316,357441.981088,België,,N117,,,land,2026-01-11,POINT (144714.1632 357441.9811)
rivm_windturbines_ashoogte_actueel.163,117.0,106.0,3600.0,145742.796385,357498.499854,België,,N117,,,land,2026-01-11,POINT (145742.7964 357498.4999)
rivm_windturbines_ashoogte_actueel.164,117.0,106.0,3600.0,144470.533322,357630.044845,België,,N117,,,land,2026-01-11,POINT (144470.5333 357630.0448)
rivm_windturbines_ashoogte_actueel.165,117.0,106.0,3600.0,146222.864603,357697.714631,België,,N117,,,land,2026-01-11,POINT (146222.8646 357697.7146)
rivm_windturbines_ashoogte_actueel.166,117.0,106.0,3600.0,146055.947195,357998.012128,België,,N117,,,land,2026-01-11,POINT (146055.9472 357998.0121)
rivm_windturbines_ashoogte_actueel.167,90.0,105.0,2000.0,38725.2218389,358026.89963,België,,V90,,,land,2026-01-11,POINT (38725.2218 358026.8996)
rivm_windturbines_ashoogte_actueel.168,117.0,106.0,3600.0,144597.157399,358064.87422,België,,N117,,,land,2026-01-11,POINT (144597.1574 358064.8742)
rivm_windturbines_ashoogte_actueel.169,90.0,105.0,2000.0,38007.2870365,358227.339293,België,,V90,,,land,2026-01-11,POINT (38007.287 358227.3393)
rivm_windturbines_ashoogte_actueel.170,117.0,106.0,3600.0,145281.592171,358272.065971,België,,N117,,,land,2026-01-11,POINT (145281.5922 358272.066)
rivm_windturbines_ashoogte_actueel.171,117.0,106.0,3600.0,145815.455221,358436.196736,België,,N117,,,land,2026-01-11,POINT (145815.4552 358436.1967)
rivm_windturbines_ashoogte_actueel.172,90.0,105.0,2000.0,37191.3232757,358492.728648,België,,V90,,,land,2026-01-11,POINT (37191.3233 358492.7286)
rivm_windturbines_ashoogte_actueel.173,90.0,105.0,2000.0,36426.9211881,358748.325513,België,,V90,,,land,2026-01-11,POINT (36426.9212 358748.3255)
rivm_windturbines_ashoogte_actueel.174,92.0,100.0,2000.0,29153.4457505,358877.310199,België,,Enercon E-92,,,land,2026-01-11,POINT (29153.4458 358877.3102)
rivm_windturbines_ashoogte_actueel.175,100.0,100.0,2300.0,27997.9803995,358878.194971,België,,,,,land,2026-01-11,POINT (27997.9804 358878.195)
rivm_windturbines_ashoogte_actueel.176,100.0,100.0,2300.0,28373.9163805,358882.818665,België,,,,,land,2026-01-11,POINT (28373.9164 358882.8187)
rivm_windturbines_ashoogte_actueel.177,92.0,100.0,2000.0,28753.2581694,358886.450872,België,,Enercon E-92,,,land,2026-01-11,POINT (28753.2582 358886.4509)
rivm_windturbines_ashoogte_actueel.178,100.0,100.0,2200.0,26344.039854,358902.994176,België,,,,,land,2026-01-11,POINT (26344.0399 358902.9942)
rivm_windturbines_ashoogte_actueel.179,92.0,100.0,2000.0,29552.4382863,358919.670453,België,,Enercon E-92,,,land,2026-01-11,POINT (29552.4383 358919.6705)
rivm_windturbines_ashoogte_actueel.180,92.0,100.0,2000.0,29904.8940977,358971.093228,België,,Enercon E-92,,,land,2026-01-11,POINT (29904.8941 358971.0932)
rivm_windturbines_ashoogte_actueel.181,92.0,100.0,2000.0,30231.1631645,359023.803639,België,,Enercon E-92,,,land,2026-01-11,POINT (30231.1632 359023.8036)
rivm_windturbines_ashoogte_actueel.182,100.0,100.0,2300.0,30551.5945006,359052.181372,België,,,,,land,2026-01-11,POINT (30551.5945 359052.1814)
rivm_windturbines_ashoogte_actueel.183,90.0,105.0,2000.0,35538.5215139,359054.807092,België,,V90,,,land,2026-01-11,POINT (35538.5215 359054.8071)
rivm_windturbines_ashoogte_actueel.184,100.0,100.0,2300.0,30987.3585489,359112.765129,België,,,,,land,2026-01-11,POINT (30987.3585 359112.7651)
rivm_windturbines_ashoogte_actueel.185,82.0,108.0,2200.0,25409.6046689,359221.446477,België,,,,,land,2026-01-11,POINT (25409.6047 359221.4465)
rivm_windturbines_ashoogte_actueel.186,112.0,144.0,4500.0,44834.1453243,359231.101792,België,,Vestas V112,,,land,2026-01-11,POINT (44834.1453 359231.1018)
rivm_windturbines_ashoogte_actueel.187,90.0,105.0,2000.0,34795.7672159,359309.075571,België,,V90,,,land,2026-01-11,POINT (34795.7672 359309.0756)
rivm_windturbines_ashoogte_actueel.188,92.0,116.0,2350.0,138119.74483,359341.891483,België,,,,,land,2026-01-11,POINT (138119.7448 359341.8915)
rivm_windturbines_ashoogte_actueel.189,112.0,144.0,4500.0,44470.9622966,359346.613144,België,,Vestas V112,,,land,2026-01-11,POINT (44470.9623 359346.6131)
rivm_windturbines_ashoogte_actueel.190,82.0,108.0,2200.0,25088.1148012,359362.979391,België,,,,,land,2026-01-11,POINT (25088.1148 359362.9794)
rivm_windturbines_ashoogte_actueel.191,92.0,100.0,2000.0,28623.9356782,359391.858439,België,,Enercon E-92,,,land,2026-01-11,POINT (28623.9357 359391.8584)
rivm_windturbines_ashoogte_actueel.192,100.0,100.0,2200.0,26095.6993816,359497.152743,België,,,,,land,2026-01-11,POINT (26095.6994 359497.1527)
rivm_windturbines_ashoogte_actueel.193,92.0,100.0,2000.0,30073.102145,359511.754338,België,,Enercon E-92,,,land,2026-01-11,POINT (30073.1021 359511.7543)
rivm_windturbines_ashoogte_actueel.194,92.0,100.0,2000.0,29266.600426,359531.935462,België,,Enercon E-92,,,land,2026-01-11,POINT (29266.6004 359531.9355)
rivm_windturbines_ashoogte_actueel.195,82.0,108.0,2200.0,24605.6437502,359542.357579,België,,,,,land,2026-01-11,POINT (24605.6438 359542.3576)
rivm_windturbines_ashoogte_actueel.196,92.0,116.0,2350.0,137938.890172,359610.873813,België,,,,,land,2026-01-11,POINT (137938.8902 359610.8738)
rivm_windturbines_ashoogte_actueel.197,100.0,100.0,2200.0,25532.5231302,359682.511592,België,,,,,land,2026-01-11,POINT (25532.5231 359682.5116)
rivm_windturbines_ashoogte_actueel.198,92.0,116.0,2350.0,137690.377058,359756.770124,België,,,,,land,2026-01-11,POINT (137690.3771 359756.7701)
rivm_windturbines_ashoogte_actueel.199,82.0,108.0,2200.0,24083.1272722,359794.174399,België,,,,,land,2026-01-11,POINT (24083.1273 359794.1744)
rivm_windturbines_ashoogte_actueel.200,100.0,100.0,2200.0,25191.3987883,359805.205003,België,,,,,land,2026-01-11,POINT (25191.3988 359805.205)
rivm_windturbines_ashoogte_actueel.201,100.0,100.0,2200.0,24828.2341018,359923.197611,België,,,,,land,2026-01-11,POINT (24828.2341 359923.1976)
rivm_windturbines_ashoogte_actueel.202,70.0,98.0,2300.0,23527.2906062,359934.216079,België,,Enercon E70 E4,,,land,2026-01-11,POINT (23527.2906 359934.2161)
rivm_windturbines_ashoogte_actueel.203,70.0,98.0,2300.0,23208.2076924,360035.775726,België,,Enercon E70 E4,,,land,2026-01-11,POINT (23208.2077 360035.7757)
rivm_windturbines_ashoogte_actueel.204,70.0,98.0,2300.0,22916.5028137,360155.8858,België,,Enercon E70 E4,,,land,2026-01-11,POINT (22916.5028 360155.8858)
rivm_windturbines_ashoogte_actueel.205,103.0,108.0,2350.0,65320.6949311,360206.896752,België,,E-103 EP2,,,land,2026-01-11,POINT (65320.6949 360206.8968)
rivm_windturbines_ashoogte_actueel.206,70.0,98.0,2300.0,22667.7224074,360229.244125,België,,Enercon E70 E4,,,land,2026-01-11,POINT (22667.7224 360229.2441)
rivm_windturbines_ashoogte_actueel.207,70.0,98.0,2300.0,21950.1862915,360484.901874,België,,Enercon E70 E4,,,land,2026-01-11,POINT (21950.1863 360484.9019)
rivm_windturbines_ashoogte_actueel.208,70.0,98.0,2300.0,21696.0236168,360547.196647,België,,Enercon E70 E4,,,land,2026-01-11,POINT (21696.0236 360547.1966)
rivm_windturbines_ashoogte_actueel.209,70.0,98.0,2300.0,21446.8445239,360604.507839,België,,Enercon E70 E4,,,land,2026-01-11,POINT (21446.8445 360604.5078)
rivm_windturbines_ashoogte_actueel.210,126.0,120.0,3450.0,21155.150963,360633.234111,België,,,,,land,2026-01-11,POINT (21155.151 360633.2341)
rivm_windturbines_ashoogte_actueel.211,103.0,108.0,2050.0,66983.6337381,360820.039724,België,,E-103 EP2,,,land,2026-01-11,POINT (66983.6337 360820.0397)
rivm_windturbines_ashoogte_actueel.212,103.0,108.0,2050.0,66472.3082897,360850.428575,België,,E-103 EP2,,,land,2026-01-11,POINT (66472.3083 360850.4286)
rivm_windturbines_ashoogte_actueel.213,104.0,118.0,3400.0,65983.9018196,360862.939313,België,,E-103 EP2,,,land,2026-01-11,POINT (65983.9018 360862.9393)
rivm_windturbines_ashoogte_actueel.214,100.0,100.0,4000.0,145038.892584,360873.874843,België,,,,,land,2026-01-11,POINT (145038.8926 360873.8748)
rivm_windturbines_ashoogte_actueel.215,103.0,108.0,2050.0,67749.9807876,360957.95842,België,,E-103 EP2,,,land,2026-01-11,POINT (67749.9808 360957.9584)
rivm_windturbines_ashoogte_actueel.216,145.0,97.0,4000.0,155688.920798,360965.985939,België,,SG 5.0-145,,,land,2026-01-11,POINT (155688.9208 360965.9859)
rivm_windturbines_ashoogte_actueel.217,145.0,97.0,4000.0,156137.220656,360999.899353,België,,SG 5.0-145,,,land,2026-01-11,POINT (156137.2207 360999.8994)
rivm_windturbines_ashoogte_actueel.218,145.0,97.0,4000.0,155309.245393,361016.788382,België,,SG 5.0-145,,,land,2026-01-11,POINT (155309.2454 361016.7884)
rivm_windturbines_ashoogte_actueel.219,92.0,108.0,2050.0,69058.7507868,361064.266279,België,,MM92,,,land,2026-01-11,POINT (69058.7508 361064.2663)
rivm_windturbines_ashoogte_actueel.220,113.0,115.0,3200.0,70979.672397,361243.325511,België,,,,,land,2026-01-11,POINT (70979.6724 361243.3255)
rivm_windturbines_ashoogte_actueel.221,100.0,100.0,4000.0,144933.832538,361251.808599,België,,,,,land,2026-01-11,POINT (144933.8325 361251.8086)
rivm_windturbines_ashoogte_actueel.222,113.0,115.0,3200.0,70485.5668835,361277.400189,België,,,,,land,2026-01-11,POINT (70485.5669 361277.4002)
rivm_windturbines_ashoogte_actueel.223,113.0,115.0,3200.0,70018.0957263,361279.206591,België,,,,,land,2026-01-11,POINT (70018.0957 361279.2066)
rivm_windturbines_ashoogte_actueel.224,92.0,104.0,2200.0,21957.8042506,361282.020148,België,,,,,land,2026-01-11,POINT (21957.8043 361282.0201)
rivm_windturbines_ashoogte_actueel.225,113.0,115.0,3000.0,71631.1163733,361426.662258,België,,,,,land,2026-01-11,POINT (71631.1164 361426.6623)
rivm_windturbines_ashoogte_actueel.226,92.0,104.0,2200.0,21640.926618,361465.296159,België,,,,,land,2026-01-11,POINT (21640.9266 361465.2962)
rivm_windturbines_ashoogte_actueel.227,92.0,104.0,2200.0,21295.4771802,361558.843637,België,,,,,land,2026-01-11,POINT (21295.4772 361558.8436)
rivm_windturbines_ashoogte_actueel.228,113.0,115.0,3000.0,73161.3177227,361757.428354,België,,,,,land,2026-01-11,POINT (73161.3177 361757.4284)
rivm_windturbines_ashoogte_actueel.229,100.0,100.0,2000.0,76365.5440504,361770.02163,België,,Senvion MM100,,,land,2026-01-11,POINT (76365.5441 361770.0216)
rivm_windturbines_ashoogte_actueel.230,113.0,115.0,3000.0,73622.8120206,361827.247136,België,,,,,land,2026-01-11,POINT (73622.812 361827.2471)
rivm_windturbines_ashoogte_actueel.231,100.0,100.0,2000.0,75962.1915106,361834.287443,België,,Senvion MM100,,,land,2026-01-11,POINT (75962.1915 361834.2874)
rivm_windturbines_ashoogte_actueel.232,100.0,100.0,2000.0,75699.2090371,361862.192336,België,,Senvion MM100,,,land,2026-01-11,POINT (75699.209 361862.1923)
rivm_windturbines_ashoogte_actueel.233,113.0,115.0,3000.0,74578.3397665,361911.635961,België,,,,,land,2026-01-11,POINT (74578.3398 361911.636)
rivm_windturbines_ashoogte_actueel.234,100.0,100.0,2000.0,75371.1151473,361915.465313,België,,Senvion MM100,,,land,2026-01-11,POINT (75371.1151 361915.4653)
rivm_windturbines_ashoogte_actueel.235,113.0,115.0,3000.0,74152.7027873,361923.230921,België,,,,,land,2026-01-11,POINT (74152.7028 361923.2309)
rivm_windturbines_ashoogte_actueel.236,138.0,130.0,4200.0,182477.589981,361947.049023,Nederland,,E-138 EP3 E2,Weert,Limburg,land,2026-01-11,POINT (182477.59 361947.049)
rivm_windturbines_ashoogte_actueel.237,138.0,130.0,4200.0,182263.284195,362237.80133,Nederland,,E-138 EP3 E2,Weert,Limburg,land,2026-01-11,POINT (182263.2842 362237.8013)
rivm_windturbines_ashoogte_actueel.238,115.0,135.0,3000.0,85930.4464893,362304.880527,België,,E-115,,,land,2026-01-11,POINT (85930.4465 362304.8805)
rivm_windturbines_ashoogte_actueel.239,115.0,135.0,3000.0,86432.0691628,362355.320604,België,,E-115,,,land,2026-01-11,POINT (86432.0692 362355.3206)
rivm_windturbines_ashoogte_actueel.240,92.0,138.0,2350.0,86977.9556081,362406.910465,België,,E-92,,,land,2026-01-11,POINT (86977.9556 362406.9105)
rivm_windturbines_ashoogte_actueel.241,115.0,92.0,3500.0,79462.9669873,362462.519257,België,,E-115 EP3 E3,,,land,2026-01-11,POINT (79462.967 362462.5193)
rivm_windturbines_ashoogte_actueel.242,115.0,135.0,3000.0,85549.4906682,362498.34708,België,,E-115,,,land,2026-01-11,POINT (85549.4907 362498.3471)
rivm_windturbines_ashoogte_actueel.243,138.0,130.0,4200.0,181850.002896,362544.464192,Nederland,,E-138 EP3 E2,Weert,Limburg,land,2026-01-11,POINT (181850.0029 362544.4642)
rivm_windturbines_ashoogte_actueel.244,113.0,115.0,3000.0,73016.9495857,362657.743564,België,,,,,land,2026-01-11,POINT (73016.9496 362657.7436)
rivm_windturbines_ashoogte_actueel.245,115.0,135.0,3000.0,86062.209116,362754.770129,België,,E-115,,,land,2026-01-11,POINT (86062.2091 362754.7701)
rivm_windturbines_ashoogte_actueel.246,115.0,135.0,3000.0,85328.766167,362768.246778,België,,E-115,,,land,2026-01-11,POINT (85328.7662 362768.2468)
rivm_windturbines_ashoogte_actueel.247,126.0,135.0,4000.0,86872.2310293,362794.549253,België,,E-126 EP3,,,land,2026-01-11,POINT (86872.231 362794.5493)
rivm_windturbines_ashoogte_actueel.248,13.0,15.0,15.0,79976.3623673,362851.67782,België,,,,,land,2026-01-11,POINT (79976.3624 362851.6778)
rivm_windturbines_ashoogte_actueel.249,113.0,115.0,3000.0,73457.9965801,362862.07042,België,,,,,land,2026-01-11,POINT (73457.9966 362862.0704)
rivm_windturbines_ashoogte_actueel.250,115.0,93.0,3500.0,79464.4249291,362900.195537,België,,E-115 EP3 E3,,,land,2026-01-11,POINT (79464.4249 362900.1955)
rivm_windturbines_ashoogte_actueel.251,113.0,115.0,3000.0,74773.9031587,362970.59618,België,,,,,land,2026-01-11,POINT (74773.9032 362970.5962)
rivm_windturbines_ashoogte_actueel.252,126.0,135.0,4000.0,74360.3106833,363074.494795,België,,,,,land,2026-01-11,POINT (74360.3107 363074.4948)
rivm_windturbines_ashoogte_actueel.253,126.0,135.0,4000.0,86651.1843116,363087.259731,België,,E-126 EP3,,,land,2026-01-11,POINT (86651.1843 363087.2597)
rivm_windturbines_ashoogte_actueel.254,115.0,135.0,3000.0,85982.8051745,363237.103521,België,,E-115,,,land,2026-01-11,POINT (85982.8052 363237.1035)
rivm_windturbines_ashoogte_actueel.255,115.0,135.0,3000.0,85461.3271166,363265.33164,België,,E-115,,,land,2026-01-11,POINT (85461.3271 363265.3316)
rivm_windturbines_ashoogte_actueel.256,115.0,135.0,3000.0,84955.8991743,363387.143418,België,,E-115,,,land,2026-01-11,POINT (84955.8992 363387.1434)
rivm_windturbines_ashoogte_actueel.257,113.0,115.0,3000.0,75130.0263392,363446.792984,België,,,,,land,2026-01-11,POINT (75130.0263 363446.793)
rivm_windturbines_ashoogte_actueel.258,113.0,115.0,3000.0,73903.0906187,363462.644648,België,,,,,land,2026-01-11,POINT (73903.0906 363462.6446)
rivm_windturbines_ashoogte_actueel.259,70.0,57.0,2300.0,3579.80265388,363491.826447,België,,E-70,,,land,2026-01-11,POINT (3579.8027 363491.8264)
rivm_windturbines_ashoogte_actueel.260,126.0,135.0,4000.0,86826.066459,363607.576243,België,,E-126 EP3,,,land,2026-01-11,POINT (86826.0665 363607.5762)
rivm_windturbines_ashoogte_actueel.261,115.0,135.0,3000.0,85556.1436305,363660.460077,België,,E-115,,,land,2026-01-11,POINT (85556.1436 363660.4601)
rivm_windturbines_ashoogte_actueel.262,70.0,57.0,2300.0,3534.66247582,363839.667668,België,,E-70,,,land,2026-01-11,POINT (3534.6625 363839.6677)
rivm_windturbines_ashoogte_actueel.263,70.0,57.0,2300.0,3501.85652997,364098.302728,België,,E-70,,,land,2026-01-11,POINT (3501.8565 364098.3027)
rivm_windturbines_ashoogte_actueel.264,113.0,115.0,3000.0,74135.3917515,364108.72728,België,,,,,land,2026-01-11,POINT (74135.3918 364108.7273)
rivm_windturbines_ashoogte_actueel.265,113.0,115.0,3000.0,75370.5150387,364283.714205,België,,,,,land,2026-01-11,POINT (75370.515 364283.7142)
rivm_windturbines_ashoogte_actueel.266,70.0,57.0,2300.0,2793.68054332,364356.563625,België,,,,,land,2026-01-11,POINT (2793.6805 364356.5636)
rivm_windturbines_ashoogte_actueel.267,70.0,57.0,2300.0,3463.02579674,364396.40027,België,,E-70,,,land,2026-01-11,POINT (3463.0258 364396.4003)
rivm_windturbines_ashoogte_actueel.268,115.0,135.0,3200.0,85894.8427308,364557.280928,België,,E-115,,,land,2026-01-11,POINT (85894.8427 364557.2809)
rivm_windturbines_ashoogte_actueel.269,126.0,135.0,4000.0,77754.2706737,364562.648734,België,,E-126 EP3,,,land,2026-01-11,POINT (77754.2707 364562.6487)
rivm_windturbines_ashoogte_actueel.270,115.0,135.0,3000.0,84229.9963896,364635.797732,België,,E-115,,,land,2026-01-11,POINT (84229.9964 364635.7977)
rivm_windturbines_ashoogte_actueel.271,70.0,57.0,2300.0,2764.13355374,364665.333396,België,,,,,land,2026-01-11,POINT (2764.1336 364665.3334)
rivm_windturbines_ashoogte_actueel.272,70.0,57.0,2300.0,1998.75396683,364728.946313,België,,E-70,,,land,2026-01-11,POINT (1998.754 364728.9463)
rivm_windturbines_ashoogte_actueel.273,70.0,57.0,2300.0,2270.16708206,364745.86012,België,,E-70,,,land,2026-01-11,POINT (2270.1671 364745.8601)
rivm_windturbines_ashoogte_actueel.274,70.0,57.0,2300.0,3412.44791168,364786.660603,België,,E-70,,,land,2026-01-11,POINT (3412.4479 364786.6606)
rivm_windturbines_ashoogte_actueel.275,113.0,115.0,3000.0,76964.2374581,364931.002435,België,,SWT-3.0-113,,,land,2026-01-11,POINT (76964.2375 364931.0024)
rivm_windturbines_ashoogte_actueel.276,115.0,135.0,3000.0,83964.4002735,364963.12832,België,,E-115,,,land,2026-01-11,POINT (83964.4003 364963.1283)
rivm_windturbines_ashoogte_actueel.277,115.0,115.0,3200.0,78191.0685566,364963.426012,België,,E-115,,,land,2026-01-11,POINT (78191.0686 364963.426)
rivm_windturbines_ashoogte_actueel.278,115.0,135.0,3200.0,85457.3582649,365056.321007,België,,E-115,,,land,2026-01-11,POINT (85457.3583 365056.321)
rivm_windturbines_ashoogte_actueel.279,70.0,57.0,2300.0,3374.05641513,365082.876541,België,,E-70,,,land,2026-01-11,POINT (3374.0564 365082.8765)
rivm_windturbines_ashoogte_actueel.280,70.0,57.0,2300.0,2716.99265274,365154.871555,België,,,,,land,2026-01-11,POINT (2716.9927 365154.8716)
rivm_windturbines_ashoogte_actueel.281,115.0,135.0,3000.0,83674.2556049,365212.564774,België,,E-115,,,land,2026-01-11,POINT (83674.2556 365212.5648)
rivm_windturbines_ashoogte_actueel.282,113.0,115.0,3000.0,76776.2964405,365243.000724,België,,SWT-3.0-113,,,land,2026-01-11,POINT (76776.2964 365243.0007)
rivm_windturbines_ashoogte_actueel.283,70.0,57.0,2300.0,3345.62619246,365305.272905,België,,E-70,,,land,2026-01-11,POINT (3345.6262 365305.2729)
rivm_windturbines_ashoogte_actueel.284,115.0,115.0,3200.0,78767.7239767,365334.072352,België,,E-115,,,land,2026-01-11,POINT (78767.724 365334.0724)
rivm_windturbines_ashoogte_actueel.285,115.0,115.0,3200.0,78133.6772608,365378.2371,België,,E-115,,,land,2026-01-11,POINT (78133.6773 365378.2371)
rivm_windturbines_ashoogte_actueel.286,115.0,135.0,3000.0,72963.842619,365461.860225,België,,E-115 EP3 E3,,,land,2026-01-11,POINT (72963.8426 365461.8602)
rivm_windturbines_ashoogte_actueel.287,115.0,135.0,3000.0,83415.395771,365485.645114,België,,E-115,,,land,2026-01-11,POINT (83415.3958 365485.6451)
rivm_windturbines_ashoogte_actueel.288,80.0,78.0,2000.0,48433.714,365502.0829,Nederland,,,Terneuzen,Zeeland,land,2026-01-11,POINT (48433.714 365502.0829)
rivm_windturbines_ashoogte_actueel.289,80.0,78.0,2000.0,48820.715,365532.0816,Nederland,,,Terneuzen,Zeeland,land,2026-01-11,POINT (48820.715 365532.0816)
rivm_windturbines_ashoogte_actueel.290,70.0,57.0,2300.0,3315.99601847,365533.237539,België,,E-70,,,land,2026-01-11,POINT (3315.996 365533.2375)
rivm_windturbines_ashoogte_actueel.291,80.0,78.0,2000.0,49192.7162,365588.0804,Nederland,,,Terneuzen,Zeeland,land,2026-01-11,POINT (49192.7162 365588.0804)
rivm_windturbines_ashoogte_actueel.292,70.0,57.0,2300.0,2634.29100277,365694.564173,België,,,,,land,2026-01-11,POINT (2634.291 365694.5642)
rivm_windturbines_ashoogte_actueel.293,113.0,115.0,3000.0,76350.784082,365724.223084,België,,SWT-3.0-113,,,land,2026-01-11,POINT (76350.7841 365724.2231)
rivm_windturbines_ashoogte_actueel.294,126.0,125.0,4000.0,81446.2783938,365734.102658,België,,,,,land,2026-01-11,POINT (81446.2784 365734.1027)
rivm_windturbines_ashoogte_actueel.295,115.0,135.0,3000.0,83061.9149219,365748.069104,België,,E-115,,,land,2026-01-11,POINT (83061.9149 365748.0691)
rivm_windturbines_ashoogte_actueel.296,136.0,132.0,4200.0,197562.136162,365759.486091,Nederland,,E-138 EP3 E2,Leudal,Limburg,land,2026-01-11,POINT (197562.1362 365759.4861)
rivm_windturbines_ashoogte_actueel.297,70.0,57.0,2300.0,3284.47932694,365789.198668,België,,E-70,,,land,2026-01-11,POINT (3284.4793 365789.1987)
rivm_windturbines_ashoogte_actueel.298,113.0,115.0,3000.0,77114.6570656,365811.802007,België,,SWT-3.0-113,,,land,2026-01-11,POINT (77114.6571 365811.802)
rivm_windturbines_ashoogte_actueel.299,115.0,133.0,3000.0,74876.6629433,365855.03053,België,,E115,,,land,2026-01-11,POINT (74876.6629 365855.0305)
rivm_windturbines_ashoogte_actueel.300,113.0,115.0,3000.0,75578.9922292,365863.391593,België,,,,,land,2026-01-11,POINT (75578.9922 365863.3916)
rivm_windturbines_ashoogte_actueel.301,80.0,78.0,2000.0,48623.7158,365916.0824,Nederland,,,Terneuzen,Zeeland,land,2026-01-11,POINT (48623.7158 365916.0824)
rivm_windturbines_ashoogte_actueel.302,70.0,57.0,2300.0,2608.99068757,365958.704678,België,,,,,land,2026-01-11,POINT (2608.9907 365958.7047)
rivm_windturbines_ashoogte_actueel.303,126.0,135.0,4000.0,73208.959439,366013.094107,België,,E-126 EP3,,,land,2026-01-11,POINT (73208.9594 366013.0941)
rivm_windturbines_ashoogte_actueel.304,70.0,57.0,2300.0,3250.68931449,366049.357669,België,,E-70,,,land,2026-01-11,POINT (3250.6893 366049.3577)
rivm_windturbines_ashoogte_actueel.305,136.0,132.0,4200.0,196896.029016,366105.762477,Nederland,,E-138 EP3 E2,Leudal,Limburg,land,2026-01-11,POINT (196896.029 366105.7625)
rivm_windturbines_ashoogte_actueel.306,115.0,133.0,3000.0,74359.9007222,366141.257117,België,,E115,,,land,2026-01-11,POINT (74359.9007 366141.2571)
rivm_windturbines_ashoogte_actueel.307,113.0,115.0,3000.0,76988.6674388,366221.245086,België,,SWT-3.0-113,,,land,2026-01-11,POINT (76988.6674 366221.2451)
rivm_windturbines_ashoogte_actueel.308,70.0,57.0,2300.0,2581.59864187,366246.874288,België,,,,,land,2026-01-11,POINT (2581.5986 366246.8743)
rivm_windturbines_ashoogte_actueel.309,115.0,120.0,3200.0,75396.7210574,366304.855716,België,,E115 E2,,,land,2026-01-11,POINT (75396.7211 366304.8557)
rivm_windturbines_ashoogte_actueel.310,70.0,57.0,2300.0,3218.01346057,366308.09242,België,,E-70,,,land,2026-01-11,POINT (3218.0135 366308.0924)
rivm_windturbines_ashoogte_actueel.311,136.0,132.0,4200.0,196420.078482,366349.945367,Nederland,,E-138 EP3 E2,Leudal,Limburg,land,2026-01-11,POINT (196420.0785 366349.9454)
rivm_windturbines_ashoogte_actueel.312,113.0,115.0,3000.0,76578.0446966,366371.989207,België,,SWT-3.0-113,,,land,2026-01-11,POINT (76578.0447 366371.9892)
rivm_windturbines_ashoogte_actueel.313,80.0,78.0,2000.0,48817.3071,366497.8367,Nederland,,,Terneuzen,Zeeland,land,2026-01-11,POINT (48817.3071 366497.8367)
rivm_windturbines_ashoogte_actueel.314,126.0,135.0,4000.0,81149.6491614,366507.27247,België,,E-126 EP3,,,land,2026-01-11,POINT (81149.6492 366507.2725)
rivm_windturbines_ashoogte_actueel.315,115.0,135.0,3000.0,73688.5888475,366611.393583,België,,E-115 EP3 E3,,,land,2026-01-11,POINT (73688.5888 366611.3936)
rivm_windturbines_ashoogte_actueel.316,14.0,15.0,25.0,55418.5311279,366627.603088,Nederland,,,Terneuzen,Zeeland,land,2026-01-11,POINT (55418.5311 366627.6031)
rivm_windturbines_ashoogte_actueel.317,80.0,78.0,2000.0,48595.718,366636.0826,Nederland,,,Terneuzen,Zeeland,land,2026-01-11,POINT (48595.718 366636.0826)
rivm_windturbines_ashoogte_actueel.318,115.0,133.0,3000.0,74878.3351559,366639.298233,België,,E115,,,land,2026-01-11,POINT (74878.3352 366639.2982)
rivm_windturbines_ashoogte_actueel.319,113.0,115.0,3000.0,77897.8109342,366654.382562,België,,SWT-3.0-113,,,land,2026-01-11,POINT (77897.8109 366654.3826)
rivm_windturbines_ashoogte_actueel.320,82.0,140.0,2350.0,82418.4847709,366708.668414,België,,Enercon E82/2350,,,land,2026-01-11,POINT (82418.4848 366708.6684)
rivm_windturbines_ashoogte_actueel.321,82.0,107.0,2200.0,123049.3725,366724.27608,België,,E-82 E2,,,land,2026-01-11,POINT (123049.3725 366724.2761)
rivm_windturbines_ashoogte_actueel.322,82.0,107.0,2200.0,122298.816163,366758.299112,België,,E-82 E2,,,land,2026-01-11,POINT (122298.8162 366758.2991)
rivm_windturbines_ashoogte_actueel.323,82.0,107.0,2200.0,121831.929722,366758.803635,België,,E-82 E2,,,land,2026-01-11,POINT (121831.9297 366758.8036)
rivm_windturbines_ashoogte_actueel.324,82.0,140.0,2350.0,83239.4673401,366904.909433,België,,Enercon E82/2350,,,land,2026-01-11,POINT (83239.4673 366904.9094)
rivm_windturbines_ashoogte_actueel.325,113.0,115.0,3000.0,77566.0490004,366909.661564,België,,SWT-3.0-113,,,land,2026-01-11,POINT (77566.049 366909.6616)
rivm_windturbines_ashoogte_actueel.326,80.0,78.0,2000.0,47912.8327,366944.9972,Nederland,,,Terneuzen,Zeeland,land,2026-01-11,POINT (47912.8327 366944.9972)
rivm_windturbines_ashoogte_actueel.327,82.0,140.0,2350.0,82866.9809214,366985.209103,België,,Enercon E82/2350,,,land,2026-01-11,POINT (82866.9809 366985.2091)
rivm_windturbines_ashoogte_actueel.328,80.0,78.0,2000.0,48723.7197,367069.0822,Nederland,,,Terneuzen,Zeeland,land,2026-01-11,POINT (48723.7197 367069.0822)
rivm_windturbines_ashoogte_actueel.329,82.0,107.0,2200.0,122647.893985,367112.947948,België,,E-82 E2,,,land,2026-01-11,POINT (122647.894 367112.9479)
rivm_windturbines_ashoogte_actueel.330,136.0,112.0,4500.0,134284.287595,367113.563084,België,,,,,land,2026-01-11,POINT (134284.2876 367113.5631)
rivm_windturbines_ashoogte_actueel.331,82.0,107.0,2200.0,123328.493927,367144.504654,België,,E-82 E2,,,land,2026-01-11,POINT (123328.4939 367144.5047)
rivm_windturbines_ashoogte_actueel.332,80.0,78.0,2000.0,47742.1711,367153.5165,Nederland,,,Terneuzen,Zeeland,land,2026-01-11,POINT (47742.1711 367153.5165)
rivm_windturbines_ashoogte_actueel.333,136.0,112.0,4500.0,133896.364587,367154.449222,België,,,,,land,2026-01-11,POINT (133896.3646 367154.4492)
rivm_windturbines_ashoogte_actueel.334,113.0,115.0,3000.0,77115.3106927,367175.259937,België,,SWT-3.0-113,,,land,2026-01-11,POINT (77115.3107 367175.2599)
rivm_windturbines_ashoogte_actueel.335,136.0,112.0,4500.0,133525.654368,367208.331093,België,,,,,land,2026-01-11,POINT (133525.6544 367208.3311)
rivm_windturbines_ashoogte_actueel.336,136.0,112.0,4500.0,133112.884857,367258.982877,België,,,,,land,2026-01-11,POINT (133112.8849 367258.9829)
rivm_windturbines_ashoogte_actueel.337,136.0,112.0,4500.0,132722.139932,367315.1789,België,,,,,land,2026-01-11,POINT (132722.1399 367315.1789)
rivm_windturbines_ashoogte_actueel.338,136.0,112.0,4500.0,132255.822159,367361.940564,België,,,,,land,2026-01-11,POINT (132255.8222 367361.9406)
rivm_windturbines_ashoogte_actueel.339,115.0,135.0,3000.0,82779.8637607,367387.386901,België,,Enercon E115/3000,,,land,2026-01-11,POINT (82779.8638 367387.3869)
rivm_windturbines_ashoogte_actueel.340,80.0,78.0,2000.0,49144.722,367448.0808,Nederland,,,Terneuzen,Zeeland,land,2026-01-11,POINT (49144.722 367448.0808)
rivm_windturbines_ashoogte_actueel.341,80.0,78.0,2000.0,47612.7183,367460.086,Nederland,,,Terneuzen,Zeeland,land,2026-01-11,POINT (47612.7183 367460.086)
rivm_windturbines_ashoogte_actueel.342,80.0,78.0,2000.0,48384.7202,367477.0834,Nederland,,,Terneuzen,Zeeland,land,2026-01-11,POINT (48384.7202 367477.0834)
rivm_windturbines_ashoogte_actueel.343,82.0,107.0,2200.0,123003.925698,367523.124815,België,,E-82 E2,,,land,2026-01-11,POINT (123003.9257 367523.1248)
rivm_windturbines_ashoogte_actueel.344,82.0,107.0,2300.0,134051.044183,367523.132566,België,,E-82 E2,,,land,2026-01-11,POINT (134051.0442 367523.1326)
rivm_windturbines_ashoogte_actueel.345,82.0,107.0,2300.0,134990.107134,367554.334777,België,,E-82 E2,,,land,2026-01-11,POINT (134990.1071 367554.3348)
rivm_windturbines_ashoogte_actueel.346,82.0,107.0,2300.0,133665.924885,367592.738993,België,,E-82 E2,,,land,2026-01-11,POINT (133665.9249 367592.739)
rivm_windturbines_ashoogte_actueel.347,82.0,107.0,2200.0,123696.646441,367602.415085,België,,E-82 E2,,,land,2026-01-11,POINT (123696.6464 367602.4151)
rivm_windturbines_ashoogte_actueel.348,82.0,107.0,2300.0,131314.063567,367619.631111,België,,E-82 E2,,,land,2026-01-11,POINT (131314.0636 367619.6311)
rivm_windturbines_ashoogte_actueel.349,115.0,135.0,3000.0,82381.9116416,367688.144231,België,,Enercon E115/3000,,,land,2026-01-11,POINT (82381.9116 367688.1442)
rivm_windturbines_ashoogte_actueel.350,82.0,107.0,2300.0,133069.023555,367700.64037,België,,E-82 E2,,,land,2026-01-11,POINT (133069.0236 367700.6404)
rivm_windturbines_ashoogte_actueel.351,82.0,107.0,2300.0,131809.620784,367708.699651,België,,E-82 E2,,,land,2026-01-11,POINT (131809.6208 367708.6997)
rivm_windturbines_ashoogte_actueel.352,80.0,78.0,2000.0,47043.924,367727.993,Nederland,,,Terneuzen,Zeeland,land,2026-01-11,POINT (47043.924 367727.993)
rivm_windturbines_ashoogte_actueel.353,80.0,78.0,2000.0,49003.7225,367736.0813,Nederland,,,Terneuzen,Zeeland,land,2026-01-11,POINT (49003.7225 367736.0813)
rivm_windturbines_ashoogte_actueel.354,82.0,107.0,2300.0,132665.397288,367736.37049,België,,E-82 E2,,,land,2026-01-11,POINT (132665.3973 367736.3705)
rivm_windturbines_ashoogte_actueel.355,82.0,107.0,2200.0,122062.974862,367743.775631,België,,E-82 E2,,,land,2026-01-11,POINT (122062.9749 367743.7756)
rivm_windturbines_ashoogte_actueel.356,82.0,107.0,2300.0,132190.840652,367749.031379,België,,E-82 E2,,,land,2026-01-11,POINT (132190.8407 367749.0314)
rivm_windturbines_ashoogte_actueel.357,80.0,78.0,2000.0,47547.7036,367795.7946,Nederland,,,Terneuzen,Zeeland,land,2026-01-11,POINT (47547.7036 367795.7946)
rivm_windturbines_ashoogte_actueel.358,82.0,107.0,2200.0,122536.892871,367803.623725,België,,E-82 E2,,,land,2026-01-11,POINT (122536.8929 367803.6237)
rivm_windturbines_ashoogte_actueel.359,82.0,107.0,2200.0,124015.219893,367820.13557,België,,E-82 E2,,,land,2026-01-11,POINT (124015.2199 367820.1356)
rivm_windturbines_ashoogte_actueel.360,80.0,78.0,2000.0,48003.7204,367828.0847,Nederland,,,Terneuzen,Zeeland,land,2026-01-11,POINT (48003.7204 367828.0847)
rivm_windturbines_ashoogte_actueel.361,82.0,107.0,2200.0,122923.691589,367848.544064,België,,E-82 E2,,,land,2026-01-11,POINT (122923.6916 367848.5441)
rivm_windturbines_ashoogte_actueel.362,80.0,78.0,2000.0,47374.7194,367971.0869,Nederland,,,Terneuzen,Zeeland,land,2026-01-11,POINT (47374.7194 367971.0869)
rivm_windturbines_ashoogte_actueel.363,80.0,78.0,2000.0,48802.7228,367982.0821,Nederland,,,Terneuzen,Zeeland,land,2026-01-11,POINT (48802.7228 367982.0821)
rivm_windturbines_ashoogte_actueel.364,82.0,98.0,2300.0,194430.0482,367982.8768,Nederland,,E82,Leudal,Limburg,land,2026-01-11,POINT (194430.0482 367982.8768)
rivm_windturbines_ashoogte_actueel.365,82.0,98.0,2300.0,194063.0922,368140.9201,Nederland,,E82,Leudal,Limburg,land,2026-01-11,POINT (194063.0922 368140.9201)
rivm_windturbines_ashoogte_actueel.366,82.0,107.0,2200.0,122525.478162,368142.896746,België,,E-82 E2,,,land,2026-01-11,POINT (122525.4782 368142.8967)
rivm_windturbines_ashoogte_actueel.367,80.0,78.0,2000.0,48503.7227,368147.0831,Nederland,,,Terneuzen,Zeeland,land,2026-01-11,POINT (48503.7227 368147.0831)
rivm_windturbines_ashoogte_actueel.368,80.0,78.0,2000.0,47734.721,368202.0857,Nederland,,,Terneuzen,Zeeland,land,2026-01-11,POINT (47734.721 368202.0857)
rivm_windturbines_ashoogte_actueel.369,80.0,78.0,2000.0,48128.193,368245.3302,Nederland,,,Terneuzen,Zeeland,land,2026-01-11,POINT (48128.193 368245.3302)
rivm_windturbines_ashoogte_actueel.370,92.0,98.0,2350.0,193302.4401,368467.6087,Nederland,,E92,Leudal,Limburg,land,2026-01-11,POINT (193302.4401 368467.6087)
rivm_windturbines_ashoogte_actueel.371,82.0,98.0,2300.0,192936.0615,368625.9152,Nederland,,E82,Leudal,Limburg,land,2026-01-11,POINT (192936.0615 368625.9152)
rivm_windturbines_ashoogte_actueel.372,82.0,98.0,2300.0,192568.0842,368783.9466,Nederland,,E82,Leudal,Limburg,land,2026-01-11,POINT (192568.0842 368783.9466)
rivm_windturbines_ashoogte_actueel.373,149.0,135.0,4500.0,186259.550511,368789.01262,Nederland,,Nordex Delta 4000 N149,Nederweert,Limburg,land,2026-01-11,POINT (186259.5505 368789.0126)
rivm_windturbines_ashoogte_actueel.374,117.0,150.0,4000.0,4759.42252411,368968.993925,België,,,,,land,2026-01-11,POINT (4759.4225 368968.9939)
rivm_windturbines_ashoogte_actueel.375,149.0,125.0,4500.0,191939.584501,369047.795354,Nederland,,N149,Leudal,Limburg,land,2026-01-11,POINT (191939.5845 369047.7954)
rivm_windturbines_ashoogte_actueel.376,149.0,135.0,4500.0,186845.183232,369112.707796,Nederland,,Nordex Delta 4000 N149,Nederweert,Limburg,land,2026-01-11,POINT (186845.1832 369112.7078)
rivm_windturbines_ashoogte_actueel.377,117.0,150.0,4000.0,4650.79280405,369198.469891,België,,,,,land,2026-01-11,POINT (4650.7928 369198.4699)
rivm_windturbines_ashoogte_actueel.378,115.0,135.0,4200.0,193805.895906,369198.515891,Nederland,,E-115,Peel en Maas,Limburg,land,2026-01-11,POINT (193805.8959 369198.5159)
rivm_windturbines_ashoogte_actueel.379,149.0,125.0,4500.0,191439.611269,369273.234078,Nederland,,N149,Leudal,Limburg,land,2026-01-11,POINT (191439.6113 369273.2341)
rivm_windturbines_ashoogte_actueel.380,117.0,150.0,4000.0,4542.33872747,369427.397921,België,,,,,land,2026-01-11,POINT (4542.3387 369427.3979)
rivm_windturbines_ashoogte_actueel.381,149.0,135.0,4500.0,187421.587801,369444.921267,Nederland,,Nordex Delta 4000 N149,Nederweert,Limburg,land,2026-01-11,POINT (187421.5878 369444.9213)
rivm_windturbines_ashoogte_actueel.382,115.0,135.0,4200.0,193239.02498,369453.508589,Nederland,,E-115,Peel en Maas,Limburg,land,2026-01-11,POINT (193239.025 369453.5086)
rivm_windturbines_ashoogte_actueel.383,117.0,150.0,4000.0,4434.22576031,369655.706339,België,,,,,land,2026-01-11,POINT (4434.2258 369655.7063)
rivm_windturbines_ashoogte_actueel.384,104.0,135.0,3400.0,80201.7882948,369657.948421,België,,Senvion 3.4M 104,,,land,2026-01-11,POINT (80201.7883 369657.9484)
rivm_windturbines_ashoogte_actueel.385,117.0,117.0,3600.0,6298.39049637,369669.044956,België,,,,,land,2026-01-11,POINT (6298.3905 369669.045)
rivm_windturbines_ashoogte_actueel.386,115.0,135.0,4200.0,192606.338819,369738.92843,Nederland,,E-115,Peel en Maas,Limburg,land,2026-01-11,POINT (192606.3388 369738.9284)
rivm_windturbines_ashoogte_actueel.387,149.0,135.0,4500.0,188007.481713,369767.674703,Nederland,,Nordex Delta 4000 N149,Nederweert,Limburg,land,2026-01-11,POINT (188007.4817 369767.6747)
rivm_windturbines_ashoogte_actueel.388,82.0,100.0,2350.0,81822.7252741,369865.402484,België,,Enercon E82/2350,,,land,2026-01-11,POINT (81822.7253 369865.4025)
rivm_windturbines_ashoogte_actueel.389,117.0,150.0,4000.0,4326.20725132,369884.259544,België,,,,,land,2026-01-11,POINT (4326.2073 369884.2595)
rivm_windturbines_ashoogte_actueel.390,117.0,117.0,3600.0,5931.66633116,369939.657585,België,,,,,land,2026-01-11,POINT (5931.6663 369939.6576)
rivm_windturbines_ashoogte_actueel.391,115.0,135.0,4200.0,192034.176216,369995.244047,Nederland,,E-115,Peel en Maas,Limburg,land,2026-01-11,POINT (192034.1762 369995.244)
rivm_windturbines_ashoogte_actueel.392,115.0,135.0,3000.0,80594.6069985,370064.496872,België,,Enercon E115/3000,,,land,2026-01-11,POINT (80594.607 370064.4969)
rivm_windturbines_ashoogte_actueel.393,117.0,150.0,4000.0,4217.57081997,370113.512771,België,,,,,land,2026-01-11,POINT (4217.5708 370113.5128)
rivm_windturbines_ashoogte_actueel.394,82.0,100.0,2350.0,82366.7669607,370119.448673,België,,Enercon E82/2350,,,land,2026-01-11,POINT (82366.767 370119.4487)
rivm_windturbines_ashoogte_actueel.395,117.0,117.0,3600.0,5313.87734534,370144.712566,België,,,,,land,2026-01-11,POINT (5313.8773 370144.7126)
rivm_windturbines_ashoogte_actueel.396,115.0,135.0,3000.0,81163.1391725,370267.152979,België,,Enercon E115/3000,,,land,2026-01-11,POINT (81163.1392 370267.153)
rivm_windturbines_ashoogte_actueel.397,117.0,117.0,3600.0,5729.14784183,370299.158981,België,,,,,land,2026-01-11,POINT (5729.1478 370299.159)
rivm_windturbines_ashoogte_actueel.398,117.0,150.0,4000.0,4109.11943723,370342.073105,België,,,,,land,2026-01-11,POINT (4109.1194 370342.0731)
rivm_windturbines_ashoogte_actueel.399,115.0,135.0,4200.0,191181.22399,370378.229188,Nederland,,E-115,Peel en Maas,Limburg,land,2026-01-11,POINT (191181.224 370378.2292)
rivm_windturbines_ashoogte_actueel.400,100.0,100.0,2000.0,137584.841558,370483.27043,Nederland,,,Reusel-De Mierden,Noord-Brabant,land,2026-01-11,POINT (137584.8416 370483.2704)
rivm_windturbines_ashoogte_actueel.401,115.0,135.0,3000.0,82112.9134613,370484.157053,België,,Enercon E115/3000,,,land,2026-01-11,POINT (82112.9135 370484.1571)
rivm_windturbines_ashoogte_actueel.402,117.0,150.0,4000.0,4001.62809843,370570.897072,België,,,,,land,2026-01-11,POINT (4001.6281 370570.8971)
rivm_windturbines_ashoogte_actueel.403,117.0,150.0,4000.0,3892.76448452,370799.219028,België,,,,,land,2026-01-11,POINT (3892.7645 370799.219)
rivm_windturbines_ashoogte_actueel.404,117.0,117.0,3600.0,4964.86908357,370881.114771,België,,N117,,,land,2026-01-11,POINT (4964.8691 370881.1148)
rivm_windturbines_ashoogte_actueel.405,70.0,57.0,2050.0,1585.67613386,370889.134702,België,,,,,land,2026-01-11,POINT (1585.6761 370889.1347)
rivm_windturbines_ashoogte_actueel.406,100.0,100.0,2000.0,137560.60827,370961.260512,Nederland,,,Reusel-De Mierden,Noord-Brabant,land,2026-01-11,POINT (137560.6083 370961.2605)
rivm_windturbines_ashoogte_actueel.407,117.0,150.0,4000.0,3784.61970797,371027.900813,België,,,,,land,2026-01-11,POINT (3784.6197 371027.9008)
rivm_windturbines_ashoogte_actueel.408,117.0,117.0,3600.0,5237.02761889,371161.130021,België,,N117,,,land,2026-01-11,POINT (5237.0276 371161.13)
rivm_windturbines_ashoogte_actueel.409,117.0,117.0,3600.0,4798.91542476,371230.606975,België,,N117,,,land,2026-01-11,POINT (4798.9154 371230.607)
rivm_windturbines_ashoogte_actueel.410,13.0,15.0,4.0,83613.0754419,371254.004085,België,,,,,land,2026-01-11,POINT (83613.0754 371254.0041)
rivm_windturbines_ashoogte_actueel.411,117.0,150.0,4000.0,3675.98031041,371256.254931,België,,,,,land,2026-01-11,POINT (3675.9803 371256.2549)
rivm_windturbines_ashoogte_actueel.412,138.0,130.0,4200.0,136759.611773,371320.934179,België,,E-138 EP3 E2,,,land,2026-01-11,POINT (136759.6118 371320.9342)
rivm_windturbines_ashoogte_actueel.413,100.0,100.0,2000.0,137537.422997,371437.162074,Nederland,,,Reusel-De Mierden,Noord-Brabant,land,2026-01-11,POINT (137537.423 371437.1621)
rivm_windturbines_ashoogte_actueel.414,70.0,57.0,2050.0,1597.2044444,371499.882475,België,,,,,land,2026-01-11,POINT (1597.2044 371499.8825)
rivm_windturbines_ashoogte_actueel.415,117.0,117.0,3600.0,5036.70302648,371516.579835,België,,N117,,,land,2026-01-11,POINT (5036.703 371516.5798)
rivm_windturbines_ashoogte_actueel.416,100.0,100.0,2000.0,137516.462836,371916.131825,Nederland,,,Reusel-De Mierden,Noord-Brabant,land,2026-01-11,POINT (137516.4628 371916.1318)
rivm_windturbines_ashoogte_actueel.417,138.0,130.0,4200.0,136753.429181,372049.841801,België,,E-138 EP3 E2,,,land,2026-01-11,POINT (136753.4292 372049.8418)
rivm_windturbines_ashoogte_actueel.418,117.0,117.0,3600.0,3169.52238675,372062.366014,België,,N117,,,land,2026-01-11,POINT (3169.5224 372062.366)
rivm_windturbines_ashoogte_actueel.419,90.0,105.0,3000.0,4643.76381794,372226.265454,België,,V90 3.0,,,land,2026-01-11,POINT (4643.7638 372226.2655)
rivm_windturbines_ashoogte_actueel.420,70.0,57.0,2050.0,1424.43662438,372363.026733,België,,,,,land,2026-01-11,POINT (1424.4366 372363.0267)
rivm_windturbines_ashoogte_actueel.421,100.0,100.0,2000.0,137490.511677,372392.832182,Nederland,,,Reusel-De Mierden,Noord-Brabant,land,2026-01-11,POINT (137490.5117 372392.8322)
rivm_windturbines_ashoogte_actueel.422,90.0,105.0,3000.0,4478.95522254,372521.326433,België,,V90 3.0,,,land,2026-01-11,POINT (4478.9552 372521.3264)
rivm_windturbines_ashoogte_actueel.423,117.0,117.0,3600.0,2874.37003916,372914.636743,België,,N117,,,land,2026-01-11,POINT (2874.37 372914.6367)
rivm_windturbines_ashoogte_actueel.424,90.0,90.0,2000.0,101294.93911,373192.955007,België,,V-90,,,land,2026-01-11,POINT (101294.9391 373192.955)
rivm_windturbines_ashoogte_actueel.425,90.0,90.0,2000.0,101549.208985,373549.661981,België,,V-90,,,land,2026-01-11,POINT (101549.209 373549.662)
rivm_windturbines_ashoogte_actueel.426,82.0,97.0,2000.0,78135.3924707,373892.306921,België,,Enercon E82/2000,,,land,2026-01-11,POINT (78135.3925 373892.3069)
rivm_windturbines_ashoogte_actueel.427,82.0,97.0,2000.0,78567.225608,373899.270514,België,,Enercon E82/2000,,,land,2026-01-11,POINT (78567.2256 373899.2705)
rivm_windturbines_ashoogte_actueel.428,90.0,90.0,2000.0,101825.559899,373938.715118,België,,V-90,,,land,2026-01-11,POINT (101825.5599 373938.7151)
rivm_windturbines_ashoogte_actueel.429,70.0,97.0,2000.0,77664.8815078,373943.671461,België,,Enercon E70/2000,,,land,2026-01-11,POINT (77664.8815 373943.6715)
rivm_windturbines_ashoogte_actueel.430,13.0,15.0,15.0,170579.70459,374018.067322,Nederland,,EAZ wind,Heeze-Leende,Noord-Brabant,land,2026-01-11,POINT (170579.7046 374018.0673)
rivm_windturbines_ashoogte_actueel.431,70.0,97.0,2000.0,79185.2664153,374193.40751,België,,E-70,,,land,2026-01-11,POINT (79185.2664 374193.4075)
rivm_windturbines_ashoogte_actueel.432,82.0,97.0,2000.0,78391.7513932,374263.151471,België,,Enercon E82/2000,,,land,2026-01-11,POINT (78391.7514 374263.1515)
rivm_windturbines_ashoogte_actueel.433,70.0,97.0,2000.0,77734.5483594,374266.589208,België,,Enercon E70/2000,,,land,2026-01-11,POINT (77734.5484 374266.5892)
rivm_windturbines_ashoogte_actueel.434,82.0,97.0,2000.0,78097.4145493,374293.621196,België,,Enercon E82/2000,,,land,2026-01-11,POINT (78097.4145 374293.6212)
rivm_windturbines_ashoogte_actueel.435,70.0,97.0,2000.0,79180.6371513,374720.458286,België,,E-70,,,land,2026-01-11,POINT (79180.6372 374720.4583)
rivm_windturbines_ashoogte_actueel.436,48.0,50.0,800.0,51736.6519,375016.6432,Nederland,,,Terneuzen,Zeeland,land,2026-01-11,POINT (51736.6519 375016.6432)
rivm_windturbines_ashoogte_actueel.437,48.0,50.0,800.0,51994.8332,375244.3124,Nederland,,,Terneuzen,Zeeland,land,2026-01-11,POINT (51994.8332 375244.3124)
rivm_windturbines_ashoogte_actueel.438,131.0,131.0,3600.0,103573.480078,375443.14423,België,,Nordex N131,,,land,2026-01-11,POINT (103573.4801 375443.1442)
rivm_windturbines_ashoogte_actueel.439,50.0,75.0,850.0,3446.04208688,375752.702049,België,,,,,land,2026-01-11,POINT (3446.0421 375752.702)
rivm_windturbines_ashoogte_actueel.440,155.0,155.0,6000.0,79166.9448605,375929.521585,België,,,,,land,2026-01-11,POINT (79166.9449 375929.5216)
rivm_windturbines_ashoogte_actueel.441,82.0,82.0,2300.0,104137.062876,376126.989671,België,,E82,,,land,2026-01-11,POINT (104137.0629 376126.9897)
rivm_windturbines_ashoogte_actueel.442,155.0,155.0,6000.0,79740.5630757,376190.092227,België,,,,,land,2026-01-11,POINT (79740.5631 376190.0922)
rivm_windturbines_ashoogte_actueel.443,155.0,155.0,6000.0,79030.6920324,376343.645409,België,,,,,land,2026-01-11,POINT (79030.692 376343.6454)
rivm_windturbines_ashoogte_actueel.444,80.0,78.0,2000.0,32297.7139,376414.5428,Nederland,,,Sluis,Zeeland,land,2026-01-11,POINT (32297.7139 376414.5428)
rivm_windturbines_ashoogte_actueel.445,50.0,75.0,850.0,4318.43836729,376564.418236,België,,,,,land,2026-01-11,POINT (4318.4384 376564.4182)
rivm_windturbines_ashoogte_actueel.446,82.0,82.0,2300.0,104561.884685,376578.397525,België,,E82,,,land,2026-01-11,POINT (104561.8847 376578.3975)
rivm_windturbines_ashoogte_actueel.447,82.0,82.0,2300.0,103827.663765,376614.525484,België,,E82,,,land,2026-01-11,POINT (103827.6638 376614.5255)
rivm_windturbines_ashoogte_actueel.448,80.0,78.0,2000.0,32393.2151,376699.5425,Nederland,,,Sluis,Zeeland,land,2026-01-11,POINT (32393.2151 376699.5425)
rivm_windturbines_ashoogte_actueel.449,50.0,75.0,850.0,4202.17301702,376731.913068,België,,,,,land,2026-01-11,POINT (4202.173 376731.9131)
rivm_windturbines_ashoogte_actueel.450,18.0,31.4,80.0,29406.1588,376744.5041,Nederland,,,Sluis,Zeeland,land,2026-01-11,POINT (29406.1588 376744.5041)
rivm_windturbines_ashoogte_actueel.451,50.0,75.0,850.0,4029.47606732,376836.402878,België,,,,,land,2026-01-11,POINT (4029.4761 376836.4029)
rivm_windturbines_ashoogte_actueel.452,112.0,120.0,3300.0,213960.045488,376871.646322,Duitsland,,,,,land,2026-01-11,POINT (213960.0455 376871.6463)
rivm_windturbines_ashoogte_actueel.453,50.0,75.0,850.0,3813.59392526,376885.680628,België,,,,,land,2026-01-11,POINT (3813.5939 376885.6806)
rivm_windturbines_ashoogte_actueel.454,112.0,120.0,3300.0,213494.854479,376914.696869,Duitsland,,,,,land,2026-01-11,POINT (213494.8545 376914.6969)
rivm_windturbines_ashoogte_actueel.455,50.0,75.0,850.0,3600.22987599,376930.707188,België,,,,,land,2026-01-11,POINT (3600.2299 376930.7072)
rivm_windturbines_ashoogte_actueel.456,50.0,75.0,850.0,3380.08340332,376977.203186,België,,,,,land,2026-01-11,POINT (3380.0834 376977.2032)
rivm_windturbines_ashoogte_actueel.457,80.0,78.0,2000.0,32491.5164,376995.7421,Nederland,,,Sluis,Zeeland,land,2026-01-11,POINT (32491.5164 376995.7421)
rivm_windturbines_ashoogte_actueel.458,117.0,120.0,3600.0,78209.0758721,377021.780257,Nederland,,,Woensdrecht,Noord-Brabant,land,2026-01-11,POINT (78209.0759 377021.7803)
rivm_windturbines_ashoogte_actueel.459,50.0,75.0,850.0,3144.69777819,377026.90285,België,,,,,land,2026-01-11,POINT (3144.6978 377026.9028)
rivm_windturbines_ashoogte_actueel.460,117.0,120.0,3600.0,78980.6024152,377029.717772,Nederland,,,Woensdrecht,Noord-Brabant,land,2026-01-11,POINT (78980.6024 377029.7178)
rivm_windturbines_ashoogte_actueel.461,117.0,120.0,3600.0,78578.1703603,377036.067785,Nederland,,,Woensdrecht,Noord-Brabant,land,2026-01-11,POINT (78578.1704 377036.0678)
rivm_windturbines_ashoogte_actueel.462,117.0,120.0,3600.0,79386.2094764,377045.592804,Nederland,,,Woensdrecht,Noord-Brabant,land,2026-01-11,POINT (79386.2095 377045.5928)
rivm_windturbines_ashoogte_actueel.463,50.0,75.0,850.0,2944.21665856,377069.190045,België,,,,,land,2026-01-11,POINT (2944.2167 377069.19)
rivm_windturbines_ashoogte_actueel.464,117.0,120.0,3600.0,77766.9562379,377091.630396,Nederland,,,Woensdrecht,Noord-Brabant,land,2026-01-11,POINT (77766.9562 377091.6304)
rivm_windturbines_ashoogte_actueel.465,82.0,82.0,2300.0,104918.176542,377092.586094,België,,E82,,,land,2026-01-11,POINT (104918.1765 377092.5861)
rivm_windturbines_ashoogte_actueel.466,82.0,82.0,2300.0,104199.72806,377107.789232,België,,E82,,,land,2026-01-11,POINT (104199.7281 377107.7892)
rivm_windturbines_ashoogte_actueel.467,50.0,75.0,850.0,2727.65342749,377114.694667,België,,,,,land,2026-01-11,POINT (2727.6534 377114.6947)
rivm_windturbines_ashoogte_actueel.468,54.0,75.0,900.0,76862.6153777,377295.948446,Nederland,,,Reimerswaal,Zeeland,land,2026-01-11,POINT (76862.6154 377295.9484)
rivm_windturbines_ashoogte_actueel.469,54.0,75.0,900.0,77072.8204,377380.9463,Nederland,,,Reimerswaal,Zeeland,land,2026-01-11,POINT (77072.8204 377380.9463)
rivm_windturbines_ashoogte_actueel.470,80.0,78.0,2000.0,31452.8159,377460.6462,Nederland,,,Sluis,Zeeland,land,2026-01-11,POINT (31452.8159 377460.6462)
rivm_windturbines_ashoogte_actueel.471,54.0,75.0,900.0,76801.8142,377461.9992,Nederland,,,Reimerswaal,Zeeland,land,2026-01-11,POINT (76801.8142 377461.9992)
rivm_windturbines_ashoogte_actueel.472,54.0,75.0,900.0,77288.8225,377467.9851,Nederland,,,Reimerswaal,Zeeland,land,2026-01-11,POINT (77288.8225 377467.9851)
rivm_windturbines_ashoogte_actueel.473,54.0,75.0,900.0,77006.887604,377520.465023,Nederland,,,Reimerswaal,Zeeland,land,2026-01-11,POINT (77006.8876 377520.465)
rivm_windturbines_ashoogte_actueel.474,54.0,75.0,900.0,77221.6460173,377582.451201,Nederland,,,Reimerswaal,Zeeland,land,2026-01-11,POINT (77221.646 377582.4512)
rivm_windturbines_ashoogte_actueel.475,54.0,75.0,900.0,76921.7874,377693.0367,Nederland,,,Reimerswaal,Zeeland,land,2026-01-11,POINT (76921.7874 377693.0367)
rivm_windturbines_ashoogte_actueel.476,54.0,75.0,900.0,76724.2550694,377695.259476,Nederland,,,Reimerswaal,Zeeland,land,2026-01-11,POINT (76724.2551 377695.2595)
rivm_windturbines_ashoogte_actueel.477,54.0,75.0,900.0,77151.8222,377696.9591,Nederland,,,Reimerswaal,Zeeland,land,2026-01-11,POINT (77151.8222 377696.9591)
rivm_windturbines_ashoogte_actueel.478,80.0,78.0,2000.0,31550.8285,377758.8397,Nederland,,,Sluis,Zeeland,land,2026-01-11,POINT (31550.8285 377758.8397)
rivm_windturbines_ashoogte_actueel.479,54.0,75.0,900.0,76848.843,377870.9639,Nederland,,,Reimerswaal,Zeeland,land,2026-01-11,POINT (76848.843 377870.9639)
rivm_windturbines_ashoogte_actueel.480,54.0,75.0,900.0,77029.7858,377883.9817,Nederland,,,Reimerswaal,Zeeland,land,2026-01-11,POINT (77029.7858 377883.9817)
rivm_windturbines_ashoogte_actueel.481,54.0,75.0,900.0,76657.7884,377884.0341,Nederland,,,Reimerswaal,Zeeland,land,2026-01-11,POINT (76657.7884 377884.0341)
rivm_windturbines_ashoogte_actueel.482,54.0,75.0,900.0,76481.8101,377894.9867,Nederland,,,Reimerswaal,Zeeland,land,2026-01-11,POINT (76481.8101 377894.9867)
rivm_windturbines_ashoogte_actueel.483,13.0,15.0,15.0,27761.3670044,377897.145996,Nederland,,EAZ wind,Sluis,Zeeland,land,2026-01-11,POINT (27761.367 377897.146)
rivm_windturbines_ashoogte_actueel.484,117.0,135.0,3675.0,206231.18994,378002.257995,Nederland,,,Venlo,Limburg,land,2026-01-11,POINT (206231.1899 378002.258)
rivm_windturbines_ashoogte_actueel.485,54.0,75.0,900.0,76928.7928,378057.9992,Nederland,,,Reimerswaal,Zeeland,land,2026-01-11,POINT (76928.7928 378057.9992)
rivm_windturbines_ashoogte_actueel.486,54.0,75.0,900.0,76770.7911,378064.9937,Nederland,,,Reimerswaal,Zeeland,land,2026-01-11,POINT (76770.7911 378064.9937)
rivm_windturbines_ashoogte_actueel.487,54.0,75.0,900.0,76604.8531,378072.0043,Nederland,,,Reimerswaal,Zeeland,land,2026-01-11,POINT (76604.8531 378072.0043)
rivm_windturbines_ashoogte_actueel.488,117.0,135.0,3675.0,205970.152897,378202.275488,Nederland,,,Venlo,Limburg,land,2026-01-11,POINT (205970.1529 378202.2755)
rivm_windturbines_ashoogte_actueel.489,117.0,135.0,3675.0,205728.734746,378386.536579,Nederland,,,Venlo,Limburg,land,2026-01-11,POINT (205728.7347 378386.5366)
rivm_windturbines_ashoogte_actueel.490,82.0,82.0,2300.0,106171.428732,378419.495643,België,,E82,,,land,2026-01-11,POINT (106171.4287 378419.4956)
rivm_windturbines_ashoogte_actueel.491,133.0,135.0,4800.0,205184.785299,378803.051719,Nederland,,,Venlo,Limburg,land,2026-01-11,POINT (205184.7853 378803.0517)
rivm_windturbines_ashoogte_actueel.492,133.0,135.0,4800.0,204861.327083,379049.736908,Nederland,,,Venlo,Limburg,land,2026-01-11,POINT (204861.3271 379049.7369)
rivm_windturbines_ashoogte_actueel.493,82.0,82.0,2300.0,106876.615819,379226.831194,België,,E82,,,land,2026-01-11,POINT (106876.6158 379226.8312)
rivm_windturbines_ashoogte_actueel.494,47.0,55.0,660.0,74013.342,379463.3279,Nederland,,,Reimerswaal,Zeeland,land,2026-01-11,POINT (74013.342 379463.3279)
rivm_windturbines_ashoogte_actueel.495,47.0,55.0,660.0,73778.4318,379579.9185,Nederland,,,Reimerswaal,Zeeland,land,2026-01-11,POINT (73778.4318 379579.9185)
rivm_windturbines_ashoogte_actueel.496,133.0,135.0,4800.0,204124.107085,379614.509941,Nederland,,,Venlo,Limburg,land,2026-01-11,POINT (204124.1071 379614.5099)
rivm_windturbines_ashoogte_actueel.497,82.0,82.0,2300.0,106453.400315,379760.301144,België,,E82,,,land,2026-01-11,POINT (106453.4003 379760.3011)
rivm_windturbines_ashoogte_actueel.498,133.0,135.0,4800.0,203740.440905,379905.675026,Nederland,,,Venlo,Limburg,land,2026-01-11,POINT (203740.4409 379905.675)
rivm_windturbines_ashoogte_actueel.499,100.0,80.0,2500.0,75435.0634329,379999.876856,Nederland,,,Reimerswaal,Zeeland,land,2026-01-11,POINT (75435.0634 379999.8769)
rivm_windturbines_ashoogte_actueel.500,82.0,82.0,2300.0,107440.356231,380026.007477,België,,E82,,,land,2026-01-11,POINT (107440.3562 380026.0075)
rivm_windturbines_ashoogte_actueel.501,133.0,135.0,4800.0,203352.889507,380202.2618,Nederland,,,Venlo,Limburg,land,2026-01-11,POINT (203352.8895 380202.2618)
rivm_windturbines_ashoogte_actueel.502,100.0,80.0,2500.0,75393.4844,380392.9003,Nederland,,,Reimerswaal,Zeeland,land,2026-01-11,POINT (75393.4844 380392.9003)
rivm_windturbines_ashoogte_actueel.503,133.0,135.0,4800.0,203012.239782,380462.137409,Nederland,,,Venlo,Limburg,land,2026-01-11,POINT (203012.2398 380462.1374)
rivm_windturbines_ashoogte_actueel.504,100.0,80.0,2500.0,74559.516,380464.0204,Nederland,,,Reimerswaal,Zeeland,land,2026-01-11,POINT (74559.516 380464.0204)
rivm_windturbines_ashoogte_actueel.505,82.0,82.0,2300.0,107808.277774,380739.681535,België,,E82,,,land,2026-01-11,POINT (107808.2778 380739.6815)
rivm_windturbines_ashoogte_actueel.506,100.0,80.0,2500.0,74523.5326,380789.9877,Nederland,,,Reimerswaal,Zeeland,land,2026-01-11,POINT (74523.5326 380789.9877)
rivm_windturbines_ashoogte_actueel.507,100.0,80.0,2500.0,75344.801,380790.6227,Nederland,,,Reimerswaal,Zeeland,land,2026-01-11,POINT (75344.801 380790.6227)
rivm_windturbines_ashoogte_actueel.508,100.0,80.0,2500.0,74500.2493,381119.1301,Nederland,,,Reimerswaal,Zeeland,land,2026-01-11,POINT (74500.2493 381119.1301)
rivm_windturbines_ashoogte_actueel.509,100.0,80.0,2500.0,75296.1175,381186.4402,Nederland,,,Reimerswaal,Zeeland,land,2026-01-11,POINT (75296.1175 381186.4402)
rivm_windturbines_ashoogte_actueel.510,82.0,82.0,2300.0,107256.686316,381239.980324,België,,E82,,,land,2026-01-11,POINT (107256.6863 381239.9803)
rivm_windturbines_ashoogte_actueel.511,100.0,80.0,2500.0,74445.2158,381502.2475,Nederland,,,Reimerswaal,Zeeland,land,2026-01-11,POINT (74445.2158 381502.2475)
rivm_windturbines_ashoogte_actueel.512,100.0,80.0,2500.0,75256.4318551,381526.693145,Nederland,,,Reimerswaal,Zeeland,land,2026-01-11,POINT (75256.4319 381526.6931)
rivm_windturbines_ashoogte_actueel.513,100.0,80.0,2500.0,74424.0491,381833.5065,Nederland,,,Reimerswaal,Zeeland,land,2026-01-11,POINT (74424.0491 381833.5065)
rivm_windturbines_ashoogte_actueel.514,100.0,80.0,2500.0,75206.2872,381947.816,Nederland,,,Reimerswaal,Zeeland,land,2026-01-11,POINT (75206.2872 381947.816)
rivm_windturbines_ashoogte_actueel.515,92.0,78.0,2350.0,39563.8925885,381989.843358,Nederland,,,Borsele,Zeeland,land,2026-01-11,POINT (39563.8926 381989.8434)
rivm_windturbines_ashoogte_actueel.516,100.0,80.0,2500.0,74364.7823,382218.7406,Nederland,,,Reimerswaal,Zeeland,land,2026-01-11,POINT (74364.7823 382218.7406)
rivm_windturbines_ashoogte_actueel.517,100.0,80.0,2500.0,75163.7493,382343.4906,Nederland,,,Reimerswaal,Zeeland,land,2026-01-11,POINT (75163.7493 382343.4906)
rivm_windturbines_ashoogte_actueel.518,82.0,82.0,2300.0,108382.255551,382441.340513,België,,E82,,,land,2026-01-11,POINT (108382.2556 382441.3405)
rivm_windturbines_ashoogte_actueel.519,52.2,60.0,900.0,78845.3191,382476.3858,Nederland,,,Woensdrecht,Noord-Brabant,land,2026-01-11,POINT (78845.3191 382476.3858)
rivm_windturbines_ashoogte_actueel.520,13.0,15.0,15.0,68307.5678908,382588.320943,Nederland,,EAZ wind,Reimerswaal,Zeeland,land,2026-01-11,POINT (68307.5679 382588.3209)
rivm_windturbines_ashoogte_actueel.521,13.0,15.0,15.0,68051.8079001,382728.814974,Nederland,,EAZ wind,Reimerswaal,Zeeland,land,2026-01-11,POINT (68051.8079 382728.815)
rivm_windturbines_ashoogte_actueel.522,13.0,15.0,15.0,68524.4307464,382733.980974,Nederland,,EAZ wind,Reimerswaal,Zeeland,land,2026-01-11,POINT (68524.4307 382733.981)
rivm_windturbines_ashoogte_actueel.523,13.0,15.0,15.0,68277.7062946,382872.413455,Nederland,,EAZ wind,Reimerswaal,Zeeland,land,2026-01-11,POINT (68277.7063 382872.4135)
rivm_windturbines_ashoogte_actueel.524,100.0,80.0,2500.0,74571.8317748,383242.796637,Nederland,,,Reimerswaal,Zeeland,land,2026-01-11,POINT (74571.8318 383242.7966)
rivm_windturbines_ashoogte_actueel.525,100.0,80.0,2500.0,74918.2254638,383360.293716,Nederland,,,Reimerswaal,Zeeland,land,2026-01-11,POINT (74918.2255 383360.2937)
rivm_windturbines_ashoogte_actueel.526,100.0,80.0,2500.0,74455.2438076,383547.278773,Nederland,,,Reimerswaal,Zeeland,land,2026-01-11,POINT (74455.2438 383547.2788)
rivm_windturbines_ashoogte_actueel.527,82.0,82.0,2300.0,107997.342048,383630.129748,België,,E82,,,land,2026-01-11,POINT (107997.342 383630.1297)
rivm_windturbines_ashoogte_actueel.528,100.0,80.0,2500.0,74988.2294378,383640.859547,Nederland,,,Reimerswaal,Zeeland,land,2026-01-11,POINT (74988.2294 383640.8595)
rivm_windturbines_ashoogte_actueel.529,100.0,80.0,2500.0,74339.5880836,383854.990052,Nederland,,,Reimerswaal,Zeeland,land,2026-01-11,POINT (74339.5881 383854.9901)
rivm_windturbines_ashoogte_actueel.530,92.0,120.0,2050.0,93954.5556598,383862.709344,België,,MM92,,,land,2026-01-11,POINT (93954.5557 383862.7093)
rivm_windturbines_ashoogte_actueel.531,100.0,80.0,2500.0,74947.0140096,383999.1291,Nederland,,,Reimerswaal,Zeeland,land,2026-01-11,POINT (74947.014 383999.1291)
rivm_windturbines_ashoogte_actueel.532,92.0,120.0,2050.0,93754.0088192,384066.056455,België,,MM92,,,land,2026-01-11,POINT (93754.0088 384066.0565)
rivm_windturbines_ashoogte_actueel.533,100.0,80.0,2500.0,74274.6298613,384170.90027,Nederland,,,Reimerswaal,Zeeland,land,2026-01-11,POINT (74274.6299 384170.9003)
rivm_windturbines_ashoogte_actueel.534,48.0,60.0,750.0,38421.3547,384189.9207,Nederland,,,Borsele,Zeeland,land,2026-01-11,POINT (38421.3547 384189.9207)
rivm_windturbines_ashoogte_actueel.535,117.0,112.0,3600.0,38904.96,384273.57,Nederland,,"Nordex N117-3,6MW",Borsele,Zeeland,land,2026-01-11,POINT (38904.96 384273.57)
rivm_windturbines_ashoogte_actueel.536,92.0,120.0,2050.0,93588.7680217,384286.396238,België,,MM92,,,land,2026-01-11,POINT (93588.768 384286.3962)
rivm_windturbines_ashoogte_actueel.537,48.2,60.0,750.0,38283.7549,384307.1212,Nederland,,,Borsele,Zeeland,land,2026-01-11,POINT (38283.7549 384307.1212)
rivm_windturbines_ashoogte_actueel.538,100.0,80.0,2500.0,74905.6189578,384354.894443,Nederland,,,Reimerswaal,Zeeland,land,2026-01-11,POINT (74905.619 384354.8944)
rivm_windturbines_ashoogte_actueel.539,134.0,82.0,3000.0,38212.2917,384378.3872,Nederland,,,Borsele,Zeeland,land,2026-01-11,POINT (38212.2917 384378.3872)
rivm_windturbines_ashoogte_actueel.540,117.0,112.0,3600.0,39266.8851905,384391.537981,Nederland,,"Nordex N117-3,6MW",Borsele,Zeeland,land,2026-01-11,POINT (39266.8852 384391.538)
rivm_windturbines_ashoogte_actueel.541,48.2,60.0,750.0,38138.7551,384445.1217,Nederland,,,Vlissingen,Zeeland,land,2026-01-11,POINT (38138.7551 384445.1217)
rivm_windturbines_ashoogte_actueel.542,71.0,64.0,2300.0,39729.7269897,384473.356079,Nederland,,,Borsele,Zeeland,land,2026-01-11,POINT (39729.727 384473.3561)
rivm_windturbines_ashoogte_actueel.543,100.0,80.0,2500.0,74238.1835785,384498.582868,Nederland,,,Reimerswaal,Zeeland,land,2026-01-11,POINT (74238.1836 384498.5829)
rivm_windturbines_ashoogte_actueel.544,92.0,120.0,2050.0,93500.5322601,384534.667844,België,,MM92,,,land,2026-01-11,POINT (93500.5323 384534.6678)
rivm_windturbines_ashoogte_actueel.545,133.0,112.0,4800.0,38638.0809936,384538.93811,Nederland,,"N133-4,8MW",Borsele,Zeeland,land,2026-01-11,POINT (38638.081 384538.9381)
rivm_windturbines_ashoogte_actueel.546,71.0,64.0,2300.0,40022.2993,384540.5073,Nederland,,,Borsele,Zeeland,land,2026-01-11,POINT (40022.2993 384540.5073)
rivm_windturbines_ashoogte_actueel.547,48.2,60.0,750.0,38001.7553,384576.1222,Nederland,,,Vlissingen,Zeeland,land,2026-01-11,POINT (38001.7553 384576.1222)
rivm_windturbines_ashoogte_actueel.708,126.0,95.0,6000.0,-15147.7530883,397139.3493,België,,,,,zee,2026-01-11,POINT (-15147.7531 397139.3493)
rivm_windturbines_ashoogte_actueel.548,71.0,64.0,2300.0,40352.858,384617.8021,Nederland,,,Borsele,Zeeland,land,2026-01-11,POINT (40352.858 384617.8021)
rivm_windturbines_ashoogte_actueel.549,134.0,82.0,3000.0,37936.2285,384639.3289,Nederland,,,Vlissingen,Zeeland,land,2026-01-11,POINT (37936.2285 384639.3289)
rivm_windturbines_ashoogte_actueel.550,100.0,80.0,2500.0,74865.1349924,384701.014198,Nederland,,,Reimerswaal,Zeeland,land,2026-01-11,POINT (74865.135 384701.0142)
rivm_windturbines_ashoogte_actueel.551,48.2,60.0,750.0,37863.7555,384707.1228,Nederland,,,Vlissingen,Zeeland,land,2026-01-11,POINT (37863.7555 384707.1228)
rivm_windturbines_ashoogte_actueel.552,133.0,112.0,4800.0,38956.098557,384789.257704,Nederland,,"N133-4,8MW",Borsele,Zeeland,land,2026-01-11,POINT (38956.0986 384789.2577)
rivm_windturbines_ashoogte_actueel.553,71.0,64.0,2300.0,40230.8565,384791.1534,Nederland,,,Borsele,Zeeland,land,2026-01-11,POINT (40230.8565 384791.1534)
rivm_windturbines_ashoogte_actueel.554,100.0,80.0,2500.0,74204.239706,384823.317894,Nederland,,,Reimerswaal,Zeeland,land,2026-01-11,POINT (74204.2397 384823.3179)
rivm_windturbines_ashoogte_actueel.555,48.2,60.0,750.0,37726.7557,384838.1233,Nederland,,,Vlissingen,Zeeland,land,2026-01-11,POINT (37726.7557 384838.1233)
rivm_windturbines_ashoogte_actueel.556,82.0,98.0,3000.0,37661.4460004,384900.209336,Nederland,,,Vlissingen,Zeeland,land,2026-01-11,POINT (37661.446 384900.2093)
rivm_windturbines_ashoogte_actueel.557,136.0,112.0,4200.0,108353.159829,384904.671932,België,,V136-4.2MW,,,land,2026-01-11,POINT (108353.1598 384904.6719)
rivm_windturbines_ashoogte_actueel.558,92.0,78.0,2750.0,37935.3475,384916.6479,Nederland,,,Borsele,Zeeland,land,2026-01-11,POINT (37935.3475 384916.6479)
rivm_windturbines_ashoogte_actueel.559,48.2,60.0,750.0,37585.7559,384972.1238,Nederland,,,Vlissingen,Zeeland,land,2026-01-11,POINT (37585.7559 384972.1238)
rivm_windturbines_ashoogte_actueel.560,71.0,65.0,2300.0,40698.7893956,384974.152392,Nederland,,,Borsele,Zeeland,land,2026-01-11,POINT (40698.7894 384974.1524)
rivm_windturbines_ashoogte_actueel.561,100.0,80.0,2500.0,74800.9795185,384999.686222,Nederland,,,Reimerswaal,Zeeland,land,2026-01-11,POINT (74800.9795 384999.6862)
rivm_windturbines_ashoogte_actueel.562,136.0,112.0,4200.0,108087.641437,385090.252196,België,,V136-4.2MW,,,land,2026-01-11,POINT (108087.6414 385090.2522)
rivm_windturbines_ashoogte_actueel.563,29.0,36.0,225.0,31397.7443,385093.1473,Nederland,,,Vlissingen,Zeeland,land,2026-01-11,POINT (31397.7443 385093.1473)
rivm_windturbines_ashoogte_actueel.564,48.2,60.0,750.0,37436.7561,385114.1244,Nederland,,,Vlissingen,Zeeland,land,2026-01-11,POINT (37436.7561 385114.1244)
rivm_windturbines_ashoogte_actueel.565,29.0,36.0,225.0,31532.4373,385122.1583,Nederland,,,Vlissingen,Zeeland,land,2026-01-11,POINT (31532.4373 385122.1583)
rivm_windturbines_ashoogte_actueel.566,100.0,80.0,2500.0,74167.4170154,385148.719957,Nederland,,,Reimerswaal,Zeeland,land,2026-01-11,POINT (74167.417 385148.72)
rivm_windturbines_ashoogte_actueel.567,29.0,36.0,225.0,31653.2315,385151.6286,Nederland,,,Vlissingen,Zeeland,land,2026-01-11,POINT (31653.2315 385151.6286)
rivm_windturbines_ashoogte_actueel.568,29.0,36.0,225.0,31302.2308,385158.4977,Nederland,,,Vlissingen,Zeeland,land,2026-01-11,POINT (31302.2308 385158.4977)
rivm_windturbines_ashoogte_actueel.569,29.0,36.0,225.0,31774.7453,385181.1459,Nederland,,,Vlissingen,Zeeland,land,2026-01-11,POINT (31774.7453 385181.1459)
rivm_windturbines_ashoogte_actueel.570,134.0,82.0,3000.0,37364.6936035,385182.971375,Nederland,,,Vlissingen,Zeeland,land,2026-01-11,POINT (37364.6936 385182.9714)
rivm_windturbines_ashoogte_actueel.571,71.0,65.0,2300.0,40786.580656,385192.825054,Nederland,,,Borsele,Zeeland,land,2026-01-11,POINT (40786.5807 385192.8251)
rivm_windturbines_ashoogte_actueel.572,29.0,36.0,225.0,31208.9663,385223.6887,Nederland,,,Vlissingen,Zeeland,land,2026-01-11,POINT (31208.9663 385223.6887)
rivm_windturbines_ashoogte_actueel.573,48.2,60.0,750.0,37286.8563,385248.225,Nederland,,,Vlissingen,Zeeland,land,2026-01-11,POINT (37286.8563 385248.225)
rivm_windturbines_ashoogte_actueel.574,71.0,65.0,2300.0,40456.7193,385253.3562,Nederland,,,Borsele,Zeeland,land,2026-01-11,POINT (40456.7193 385253.3562)
rivm_windturbines_ashoogte_actueel.575,29.0,36.0,225.0,31104.7017,385292.911,Nederland,,,Vlissingen,Zeeland,land,2026-01-11,POINT (31104.7017 385292.911)
rivm_windturbines_ashoogte_actueel.576,100.0,80.0,2500.0,74761.4529807,385330.442394,Nederland,,,Reimerswaal,Zeeland,land,2026-01-11,POINT (74761.453 385330.4424)
rivm_windturbines_ashoogte_actueel.577,126.0,117.0,6150.0,37720.3968,385411.0453,Nederland,,,Borsele,Zeeland,land,2026-01-11,POINT (37720.3968 385411.0453)
rivm_windturbines_ashoogte_actueel.578,100.0,80.0,2500.0,74131.1751309,385482.972809,Nederland,,,Reimerswaal,Zeeland,land,2026-01-11,POINT (74131.1751 385482.9728)
rivm_windturbines_ashoogte_actueel.579,136.0,112.0,4200.0,109001.826437,385622.675875,België,,,,,land,2026-01-11,POINT (109001.8264 385622.6759)
rivm_windturbines_ashoogte_actueel.580,100.0,80.0,2500.0,74724.1187292,385642.902722,Nederland,,,Reimerswaal,Zeeland,land,2026-01-11,POINT (74724.1187 385642.9027)
rivm_windturbines_ashoogte_actueel.581,126.0,117.0,6150.0,37979.4016,385778.6766,Nederland,,,Borsele,Zeeland,land,2026-01-11,POINT (37979.4016 385778.6766)
rivm_windturbines_ashoogte_actueel.582,100.0,80.0,2500.0,74094.5894154,385825.734857,Nederland,,,Reimerswaal,Zeeland,land,2026-01-11,POINT (74094.5894 385825.7349)
rivm_windturbines_ashoogte_actueel.583,150.0,105.0,4500.0,53662.692465,385874.56645,Nederland,,V-150,Kapelle,Zeeland,land,2026-01-11,POINT (53662.6925 385874.5665)
rivm_windturbines_ashoogte_actueel.584,27.0,36.0,225.0,57902.8979,385899.5547,Nederland,,,Kapelle,Zeeland,land,2026-01-11,POINT (57902.8979 385899.5547)
rivm_windturbines_ashoogte_actueel.585,27.0,36.0,225.0,57712.0353,385987.4366,Nederland,,,Kapelle,Zeeland,land,2026-01-11,POINT (57712.0353 385987.4366)
rivm_windturbines_ashoogte_actueel.586,100.0,80.0,2500.0,74720.0332654,386113.03173,Nederland,,,Reimerswaal,Zeeland,land,2026-01-11,POINT (74720.0333 386113.0317)
rivm_windturbines_ashoogte_actueel.587,100.0,80.0,2500.0,74135.8395523,386141.300995,Nederland,,,Reimerswaal,Zeeland,land,2026-01-11,POINT (74135.8396 386141.301)
rivm_windturbines_ashoogte_actueel.588,136.0,112.0,3600.0,109126.404115,386229.669688,België,,V136-3.6MW,,,land,2026-01-11,POINT (109126.4041 386229.6697)
rivm_windturbines_ashoogte_actueel.589,136.0,112.0,3600.0,108532.181836,386313.13053,België,,V136-3.6MW,,,land,2026-01-11,POINT (108532.1818 386313.1305)
rivm_windturbines_ashoogte_actueel.590,100.0,80.0,2500.0,74252.4494785,386450.259958,Nederland,,,Reimerswaal,Zeeland,land,2026-01-11,POINT (74252.4495 386450.26)
rivm_windturbines_ashoogte_actueel.591,136.0,112.0,3600.0,109208.454671,386578.354346,België,,V136-3.6MW,,,land,2026-01-11,POINT (109208.4547 386578.3543)
rivm_windturbines_ashoogte_actueel.592,92.0,100.0,2040.0,213686.935161,386687.601089,Duitsland,,,,,land,2026-01-11,POINT (213686.9352 386687.6011)
rivm_windturbines_ashoogte_actueel.593,136.0,112.0,3600.0,108585.967805,386720.886926,België,,V136-3.6MW,,,land,2026-01-11,POINT (108585.9678 386720.8869)
rivm_windturbines_ashoogte_actueel.594,149.0,135.0,5700.0,108086.292708,386884.398178,Nederland,,,Zundert,Noord-Brabant,land,2026-01-11,POINT (108086.2927 386884.3982)
rivm_windturbines_ashoogte_actueel.595,92.0,100.0,2040.0,213569.770248,386931.942844,Duitsland,,,,,land,2026-01-11,POINT (213569.7702 386931.9428)
rivm_windturbines_ashoogte_actueel.596,136.0,112.0,3600.0,108553.045669,387094.046838,België,,V136-3.6MW,,,land,2026-01-11,POINT (108553.0457 387094.0468)
rivm_windturbines_ashoogte_actueel.597,136.0,112.0,3600.0,109372.932811,387115.234938,België,,V136-3.6MW,,,land,2026-01-11,POINT (109372.9328 387115.2349)
rivm_windturbines_ashoogte_actueel.598,117.0,105.0,3600.0,34765.7280273,387232.353027,Nederland,,"N117-3,6MW",Vlissingen,Zeeland,land,2026-01-11,POINT (34765.728 387232.353)
rivm_windturbines_ashoogte_actueel.599,117.0,105.0,3600.0,35130.164978,387355.856018,Nederland,,"N117-3,6MW",Vlissingen,Zeeland,land,2026-01-11,POINT (35130.165 387355.856)
rivm_windturbines_ashoogte_actueel.600,52.2,70.0,900.0,39135.5449,387402.9284,Nederland,,,Borsele,Zeeland,land,2026-01-11,POINT (39135.5449 387402.9284)
rivm_windturbines_ashoogte_actueel.601,136.0,112.0,3600.0,109479.194411,387531.962246,België,,V136-3.6MW,,,land,2026-01-11,POINT (109479.1944 387531.9622)
rivm_windturbines_ashoogte_actueel.602,117.0,105.0,3600.0,35465.7620239,387581.098022,Nederland,,"N117-3,6MW",Vlissingen,Zeeland,land,2026-01-11,POINT (35465.762 387581.098)
rivm_windturbines_ashoogte_actueel.603,52.2,70.0,900.0,38992.5715,387657.3178,Nederland,,,Borsele,Zeeland,land,2026-01-11,POINT (38992.5715 387657.3178)
rivm_windturbines_ashoogte_actueel.604,149.0,135.0,4300.0,108668.442171,387769.771475,Nederland,,,Zundert,Noord-Brabant,land,2026-01-11,POINT (108668.4422 387769.7715)
rivm_windturbines_ashoogte_actueel.605,70.0,64.0,2300.0,36666.2669,387796.1629,Nederland,,,Vlissingen,Zeeland,land,2026-01-11,POINT (36666.2669 387796.1629)
rivm_windturbines_ashoogte_actueel.606,117.0,105.0,3600.0,35813.1240234,387811.715027,Nederland,,"N117-3,6MW",Vlissingen,Zeeland,land,2026-01-11,POINT (35813.124 387811.715)
rivm_windturbines_ashoogte_actueel.607,52.2,70.0,900.0,39257.4202,387965.7975,Nederland,,,Borsele,Zeeland,land,2026-01-11,POINT (39257.4202 387965.7975)
rivm_windturbines_ashoogte_actueel.608,117.0,105.0,3600.0,36173.4370117,388020.884094,Nederland,,"N117-3,6MW",Vlissingen,Zeeland,land,2026-01-11,POINT (36173.437 388020.8841)
rivm_windturbines_ashoogte_actueel.609,71.0,64.0,2300.0,39419.435934,388184.679283,Nederland,,,Borsele,Zeeland,land,2026-01-11,POINT (39419.4359 388184.6793)
rivm_windturbines_ashoogte_actueel.610,149.0,135.0,4300.0,108925.214482,388219.425283,Nederland,,,Zundert,Noord-Brabant,land,2026-01-11,POINT (108925.2145 388219.4253)
rivm_windturbines_ashoogte_actueel.611,136.0,112.0,3600.0,109719.910178,388254.848027,België,,V136-3.6MW,,,land,2026-01-11,POINT (109719.9102 388254.848)
rivm_windturbines_ashoogte_actueel.612,71.0,64.0,2300.0,36412.6928,388309.526637,Nederland,,,Vlissingen,Zeeland,land,2026-01-11,POINT (36412.6928 388309.5266)
rivm_windturbines_ashoogte_actueel.613,70.0,64.0,2300.0,37762.9079,388394.9658,Nederland,,,Borsele,Zeeland,land,2026-01-11,POINT (37762.9079 388394.9658)
rivm_windturbines_ashoogte_actueel.614,70.0,64.0,2300.0,36589.4004069,388466.06377,Nederland,,,Vlissingen,Zeeland,land,2026-01-11,POINT (36589.4004 388466.0638)
rivm_windturbines_ashoogte_actueel.615,70.0,64.0,2300.0,37546.5659993,388571.482186,Nederland,,,Vlissingen,Zeeland,land,2026-01-11,POINT (37546.566 388571.4822)
rivm_windturbines_ashoogte_actueel.616,136.0,112.0,3600.0,109916.357472,388735.296602,België,,V136-3.6MW,,,land,2026-01-11,POINT (109916.3575 388735.2966)
rivm_windturbines_ashoogte_actueel.617,149.0,135.0,4500.0,109223.643613,388747.084654,Nederland,,,Zundert,Noord-Brabant,land,2026-01-11,POINT (109223.6436 388747.0847)
rivm_windturbines_ashoogte_actueel.618,70.0,64.0,2300.0,38626.4159,388752.6307,Nederland,,,Borsele,Zeeland,land,2026-01-11,POINT (38626.4159 388752.6307)
rivm_windturbines_ashoogte_actueel.619,70.0,64.0,2300.0,37424.3458517,388980.664143,Nederland,,,Vlissingen,Zeeland,land,2026-01-11,POINT (37424.3459 388980.6641)
rivm_windturbines_ashoogte_actueel.620,136.0,112.0,3200.0,110589.904934,388986.916997,België,,SWT-DD-3.2-113,,,land,2026-01-11,POINT (110589.9049 388986.917)
rivm_windturbines_ashoogte_actueel.621,70.0,100.0,2300.0,36755.7818,389003.1998,Nederland,,,Middelburg,Zeeland,land,2026-01-11,POINT (36755.7818 389003.1998)
rivm_windturbines_ashoogte_actueel.622,70.0,64.0,2300.0,38337.6205,389037.7083,Nederland,,,Borsele,Zeeland,land,2026-01-11,POINT (38337.6205 389037.7083)
rivm_windturbines_ashoogte_actueel.623,70.0,100.0,2300.0,36949.7047,389118.1159,Nederland,,,Middelburg,Zeeland,land,2026-01-11,POINT (36949.7047 389118.1159)
rivm_windturbines_ashoogte_actueel.624,70.0,64.0,2300.0,38139.9692515,389185.809754,Nederland,,,Vlissingen,Zeeland,land,2026-01-11,POINT (38139.9693 389185.8098)
rivm_windturbines_ashoogte_actueel.625,149.0,135.0,4500.0,109471.72436,389193.427893,Nederland,,,Zundert,Noord-Brabant,land,2026-01-11,POINT (109471.7244 389193.4279)
rivm_windturbines_ashoogte_actueel.626,70.0,100.0,2300.0,37143.7836,389231.8851,Nederland,,,Middelburg,Zeeland,land,2026-01-11,POINT (37143.7836 389231.8851)
rivm_windturbines_ashoogte_actueel.627,52.2,64.0,1000.0,39060.1123,389251.9865,Nederland,,,Borsele,Zeeland,land,2026-01-11,POINT (39060.1123 389251.9865)
rivm_windturbines_ashoogte_actueel.628,100.0,99.0,3000.0,110037.7852,389321.3737,Nederland,,,Breda,Noord-Brabant,land,2026-01-11,POINT (110037.7852 389321.3737)
rivm_windturbines_ashoogte_actueel.629,70.0,100.0,2300.0,37344.6815,389332.8749,Nederland,,,Middelburg,Zeeland,land,2026-01-11,POINT (37344.6815 389332.8749)
rivm_windturbines_ashoogte_actueel.630,52.2,64.0,1000.0,38868.6115,389370.8592,Nederland,,,Borsele,Zeeland,land,2026-01-11,POINT (38868.6115 389370.8592)
rivm_windturbines_ashoogte_actueel.631,70.0,100.0,2300.0,37548.0966,389430.2567,Nederland,,,Middelburg,Zeeland,land,2026-01-11,POINT (37548.0966 389430.2567)
rivm_windturbines_ashoogte_actueel.632,52.2,64.0,1000.0,38661.1645,389454.1807,Nederland,,,Borsele,Zeeland,land,2026-01-11,POINT (38661.1645 389454.1807)
rivm_windturbines_ashoogte_actueel.633,136.0,112.0,3200.0,110705.721383,389457.232758,België,,SWT-DD-3.2-113,,,land,2026-01-11,POINT (110705.7214 389457.2328)
rivm_windturbines_ashoogte_actueel.634,70.0,100.0,2300.0,37761.7723,389498.1236,Nederland,,,Middelburg,Zeeland,land,2026-01-11,POINT (37761.7723 389498.1236)
rivm_windturbines_ashoogte_actueel.635,52.2,64.0,1000.0,38448.414,389512.5502,Nederland,,,Borsele,Zeeland,land,2026-01-11,POINT (38448.414 389512.5502)
rivm_windturbines_ashoogte_actueel.636,52.2,64.0,1000.0,38024.7619,389537.3561,Nederland,,,Borsele,Zeeland,land,2026-01-11,POINT (38024.7619 389537.3561)
rivm_windturbines_ashoogte_actueel.637,52.2,64.0,1000.0,38230.1598,389540.3384,Nederland,,,Borsele,Zeeland,land,2026-01-11,POINT (38230.1598 389540.3384)
rivm_windturbines_ashoogte_actueel.638,149.0,135.0,4500.0,109661.055698,389616.454688,Nederland,,,Zundert,Noord-Brabant,land,2026-01-11,POINT (109661.0557 389616.4547)
rivm_windturbines_ashoogte_actueel.639,136.0,112.0,3200.0,110815.453042,389967.189274,België,,SWT-DD-3.2-113,,,land,2026-01-11,POINT (110815.453 389967.1893)
rivm_windturbines_ashoogte_actueel.640,13.0,15.0,15.0,36762.07,390174.85,Nederland,,EAZ wind,Middelburg,Zeeland,land,2026-01-11,POINT (36762.07 390174.85)
rivm_windturbines_ashoogte_actueel.641,100.0,99.0,3000.0,110424.286,390345.6938,Nederland,,,Breda,Noord-Brabant,land,2026-01-11,POINT (110424.286 390345.6938)
rivm_windturbines_ashoogte_actueel.642,100.0,99.0,3000.0,110743.9813,390816.4961,Nederland,,,Breda,Noord-Brabant,land,2026-01-11,POINT (110743.9813 390816.4961)
rivm_windturbines_ashoogte_actueel.643,52.0,49.0,850.0,75409.7317,391750.2261,Nederland,,,Bergen op Zoom,Noord-Brabant,land,2026-01-11,POINT (75409.7317 391750.2261)
rivm_windturbines_ashoogte_actueel.644,164.0,105.0,8400.0,-12602.7151693,391808.223933,België,,V164,,,zee,2026-01-11,POINT (-12602.7152 391808.2239)
rivm_windturbines_ashoogte_actueel.645,52.0,49.0,850.0,75278.3256,391929.9157,Nederland,,,Bergen op Zoom,Noord-Brabant,land,2026-01-11,POINT (75278.3256 391929.9157)
rivm_windturbines_ashoogte_actueel.646,52.0,49.0,850.0,75027.3955,392068.8464,Nederland,,,Bergen op Zoom,Noord-Brabant,land,2026-01-11,POINT (75027.3955 392068.8464)
rivm_windturbines_ashoogte_actueel.647,52.0,49.0,850.0,74860.4054,392130.2668,Nederland,,,Bergen op Zoom,Noord-Brabant,land,2026-01-11,POINT (74860.4054 392130.2668)
rivm_windturbines_ashoogte_actueel.648,52.0,49.0,850.0,74681.8763,392150.124,Nederland,,,Bergen op Zoom,Noord-Brabant,land,2026-01-11,POINT (74681.8763 392150.124)
rivm_windturbines_ashoogte_actueel.649,117.0,90.0,2400.0,145046.78,392157.4982,Nederland,,,Oirschot,Noord-Brabant,land,2026-01-11,POINT (145046.78 392157.4982)
rivm_windturbines_ashoogte_actueel.650,52.0,49.0,850.0,74503.4053,392170.5953,Nederland,,,Bergen op Zoom,Noord-Brabant,land,2026-01-11,POINT (74503.4053 392170.5953)
rivm_windturbines_ashoogte_actueel.651,164.0,105.0,8400.0,-11844.9551214,392189.001326,België,,V164,,,zee,2026-01-11,POINT (-11844.9551 392189.0013)
rivm_windturbines_ashoogte_actueel.652,52.0,49.0,850.0,74324.1133,392191.3895,Nederland,,,Bergen op Zoom,Noord-Brabant,land,2026-01-11,POINT (74324.1133 392191.3895)
rivm_windturbines_ashoogte_actueel.653,52.0,49.0,850.0,74145.4944,392213.0358,Nederland,,,Bergen op Zoom,Noord-Brabant,land,2026-01-11,POINT (74145.4944 392213.0358)
rivm_windturbines_ashoogte_actueel.654,117.0,90.0,2400.0,144637.0375,392360.8968,Nederland,,,Oirschot,Noord-Brabant,land,2026-01-11,POINT (144637.0375 392360.8968)
rivm_windturbines_ashoogte_actueel.655,164.0,105.0,8400.0,-12891.3272547,392402.529315,België,,V164,,,zee,2026-01-11,POINT (-12891.3273 392402.5293)
rivm_windturbines_ashoogte_actueel.656,117.0,90.0,2400.0,144100.098271,392604.706475,Nederland,,,Oisterwijk,Noord-Brabant,land,2026-01-11,POINT (144100.0983 392604.7065)
rivm_windturbines_ashoogte_actueel.657,164.0,105.0,8400.0,-10933.4463354,392694.095498,België,,V164,,,zee,2026-01-11,POINT (-10933.4463 392694.0955)
rivm_windturbines_ashoogte_actueel.658,117.0,90.0,2400.0,143510.340353,392856.714357,Nederland,,,Oisterwijk,Noord-Brabant,land,2026-01-11,POINT (143510.3404 392856.7144)
rivm_windturbines_ashoogte_actueel.659,164.0,105.0,8400.0,-13637.9401882,392944.903861,België,,V164,,,zee,2026-01-11,POINT (-13637.9402 392944.9039)
rivm_windturbines_ashoogte_actueel.660,164.0,105.0,8400.0,-11743.4193688,393041.174199,België,,V164,,,zee,2026-01-11,POINT (-11743.4194 393041.1742)
rivm_windturbines_ashoogte_actueel.661,164.0,105.0,8400.0,-12520.6714045,393111.913814,België,,V164,,,zee,2026-01-11,POINT (-12520.6714 393111.9138)
rivm_windturbines_ashoogte_actueel.662,164.0,105.0,8400.0,-10271.9264864,393239.839113,België,,V164,,,zee,2026-01-11,POINT (-10271.9265 393239.8391)
rivm_windturbines_ashoogte_actueel.663,33.4,27.0,300.0,28934.4958,393318.3095,Nederland,,,Veere,Zeeland,land,2026-01-11,POINT (28934.4958 393318.3095)
rivm_windturbines_ashoogte_actueel.664,164.0,105.0,8400.0,-9481.54214026,393375.721732,België,,V164,,,zee,2026-01-11,POINT (-9481.5421 393375.7217)
rivm_windturbines_ashoogte_actueel.665,149.0,135.0,4300.0,110553.385718,393460.434726,Nederland,,,Breda,Noord-Brabant,land,2026-01-11,POINT (110553.3857 393460.4347)
rivm_windturbines_ashoogte_actueel.666,149.0,135.0,4300.0,111026.590748,393465.398917,Nederland,,,Breda,Noord-Brabant,land,2026-01-11,POINT (111026.5907 393465.3989)
rivm_windturbines_ashoogte_actueel.667,164.0,105.0,8400.0,-13729.1631198,393610.508922,België,,V164,,,zee,2026-01-11,POINT (-13729.1631 393610.5089)
rivm_windturbines_ashoogte_actueel.668,149.0,135.0,4300.0,110760.743377,393822.305148,Nederland,,,Breda,Noord-Brabant,land,2026-01-11,POINT (110760.7434 393822.3051)
rivm_windturbines_ashoogte_actueel.669,164.0,105.0,8400.0,-14439.2141462,393829.10525,België,,V164,,,zee,2026-01-11,POINT (-14439.2141 393829.1053)
rivm_windturbines_ashoogte_actueel.670,164.0,105.0,8400.0,-8535.77329852,393842.073659,België,,V164,,,zee,2026-01-11,POINT (-8535.7733 393842.0737)
rivm_windturbines_ashoogte_actueel.671,164.0,105.0,8400.0,-11715.3925469,394021.508333,België,,V164,,,zee,2026-01-11,POINT (-11715.3925 394021.5083)
rivm_windturbines_ashoogte_actueel.672,164.0,105.0,8400.0,-10635.8686062,394070.608867,België,,V164,,,zee,2026-01-11,POINT (-10635.8686 394070.6089)
rivm_windturbines_ashoogte_actueel.673,164.0,105.0,8400.0,-9365.59744887,394364.479697,België,,V164,,,zee,2026-01-11,POINT (-9365.5974 394364.4797)
rivm_windturbines_ashoogte_actueel.674,164.0,105.0,8400.0,-14936.9087699,394372.615781,België,,V164,,,zee,2026-01-11,POINT (-14936.9088 394372.6158)
rivm_windturbines_ashoogte_actueel.675,164.0,105.0,8400.0,-14032.4256265,394479.047229,België,,V164,,,zee,2026-01-11,POINT (-14032.4256 394479.0472)
rivm_windturbines_ashoogte_actueel.676,164.0,105.0,8400.0,-7538.02580585,394591.152591,België,,V164,,,zee,2026-01-11,POINT (-7538.0258 394591.1526)
rivm_windturbines_ashoogte_actueel.677,164.0,105.0,8400.0,-12888.1875789,394765.455015,België,,V164,,,zee,2026-01-11,POINT (-12888.1876 394765.455)
rivm_windturbines_ashoogte_actueel.678,164.0,105.0,8400.0,-11207.7434995,394899.870389,België,,V164,,,zee,2026-01-11,POINT (-11207.7435 394899.8704)
rivm_windturbines_ashoogte_actueel.679,164.0,105.0,8400.0,-10174.5743581,395070.709715,België,,V164,,,zee,2026-01-11,POINT (-10174.5744 395070.7097)
rivm_windturbines_ashoogte_actueel.680,13.0,15.0,15.0,96091.5901993,395121.679294,Nederland,,EAZ wind,Rucphen,Noord-Brabant,land,2026-01-11,POINT (96091.5902 395121.6793)
rivm_windturbines_ashoogte_actueel.681,164.0,105.0,8400.0,-7849.59807855,395187.17237,België,,V164,,,zee,2026-01-11,POINT (-7849.5981 395187.1724)
rivm_windturbines_ashoogte_actueel.682,126.0,95.0,6000.0,-15646.3868245,395305.703564,België,,,,,zee,2026-01-11,POINT (-15646.3868 395305.7036)
rivm_windturbines_ashoogte_actueel.683,164.0,105.0,8400.0,-11921.4752641,395645.34652,België,,V164,,,zee,2026-01-11,POINT (-11921.4753 395645.3465)
rivm_windturbines_ashoogte_actueel.684,126.0,95.0,6000.0,-14824.4633994,395708.406936,België,,,,,zee,2026-01-11,POINT (-14824.4634 395708.4069)
rivm_windturbines_ashoogte_actueel.685,164.0,105.0,8400.0,-12666.6090282,395799.800166,België,,V164,,,zee,2026-01-11,POINT (-12666.609 395799.8002)
rivm_windturbines_ashoogte_actueel.686,126.0,95.0,6000.0,-16129.9472689,395802.083974,België,,,,,zee,2026-01-11,POINT (-16129.9473 395802.084)
rivm_windturbines_ashoogte_actueel.687,164.0,105.0,8400.0,-8473.23064437,395823.523813,België,,V164,,,zee,2026-01-11,POINT (-8473.2306 395823.5238)
rivm_windturbines_ashoogte_actueel.688,164.0,105.0,8400.0,-6258.08314463,396055.057466,België,,V164,,,zee,2026-01-11,POINT (-6258.0831 396055.0575)
rivm_windturbines_ashoogte_actueel.689,126.0,95.0,6000.0,-15349.4961191,396194.626367,België,,,,,zee,2026-01-11,POINT (-15349.4961 396194.6264)
rivm_windturbines_ashoogte_actueel.690,126.0,95.0,6000.0,-14070.0521955,396232.767613,België,,,,,zee,2026-01-11,POINT (-14070.0522 396232.7676)
rivm_windturbines_ashoogte_actueel.691,126.0,95.0,6000.0,-16609.6297039,396297.804346,België,,,,,zee,2026-01-11,POINT (-16609.6297 396297.8043)
rivm_windturbines_ashoogte_actueel.692,164.0,105.0,8400.0,-8870.7898827,396494.560375,België,,V164,,,zee,2026-01-11,POINT (-8870.7899 396494.5604)
rivm_windturbines_ashoogte_actueel.693,164.0,105.0,8400.0,-9861.03457683,396496.39913,België,,V164,,,zee,2026-01-11,POINT (-9861.0346 396496.3991)
rivm_windturbines_ashoogte_actueel.694,90.0,105.0,3000.0,89128.3734,396619.6178,Nederland,,,Roosendaal,Noord-Brabant,land,2026-01-11,POINT (89128.3734 396619.6178)
rivm_windturbines_ashoogte_actueel.695,164.0,105.0,8400.0,-6504.48706915,396659.856777,België,,V164,,,zee,2026-01-11,POINT (-6504.4871 396659.8568)
rivm_windturbines_ashoogte_actueel.696,126.0,95.0,6000.0,-15873.3027257,396678.414101,België,,,,,zee,2026-01-11,POINT (-15873.3027 396678.4141)
rivm_windturbines_ashoogte_actueel.697,126.0,95.0,6000.0,-14618.0193133,396686.968169,België,,,,,zee,2026-01-11,POINT (-14618.0193 396686.9682)
rivm_windturbines_ashoogte_actueel.698,131.0,114.0,3000.0,209322.523669,396710.283246,Duitsland,,,,,land,2026-01-11,POINT (209322.5237 396710.2832)
rivm_windturbines_ashoogte_actueel.699,126.0,95.0,6000.0,-13353.436007,396723.334426,België,,,,,zee,2026-01-11,POINT (-13353.436 396723.3344)
rivm_windturbines_ashoogte_actueel.700,131.0,134.0,3000.0,208979.418963,396770.367349,Duitsland,,,,,land,2026-01-11,POINT (208979.419 396770.3673)
rivm_windturbines_ashoogte_actueel.701,126.0,95.0,6000.0,-17087.8381704,396793.468674,België,,,,,zee,2026-01-11,POINT (-17087.8382 396793.4687)
rivm_windturbines_ashoogte_actueel.702,164.0,105.0,8400.0,-5501.66696333,396889.863994,België,,V164,,,zee,2026-01-11,POINT (-5501.667 396889.864)
rivm_windturbines_ashoogte_actueel.703,90.0,105.0,3000.0,89491.7329,397051.1604,Nederland,,,Roosendaal,Noord-Brabant,land,2026-01-11,POINT (89491.7329 397051.1604)
rivm_windturbines_ashoogte_actueel.704,164.0,105.0,8400.0,-10821.3135346,397073.849554,België,,V164,,,zee,2026-01-11,POINT (-10821.3135 397073.8496)
rivm_windturbines_ashoogte_actueel.705,117.0,141.0,2400.0,208836.408154,397082.704909,Duitsland,,,,,land,2026-01-11,POINT (208836.4082 397082.7049)
rivm_windturbines_ashoogte_actueel.706,117.0,141.0,2400.0,209304.215861,397085.310835,Duitsland,,,,,land,2026-01-11,POINT (209304.2159 397085.3108)
rivm_windturbines_ashoogte_actueel.707,126.0,95.0,6000.0,-13855.0909045,397108.084961,België,,,,,zee,2026-01-11,POINT (-13855.0909 397108.085)
rivm_windturbines_ashoogte_actueel.709,82.0,78.0,2300.0,61977.838,397159.0432,Nederland,,,Tholen,Zeeland,land,2026-01-11,POINT (61977.838 397159.0432)
rivm_windturbines_ashoogte_actueel.710,126.0,95.0,6000.0,-16394.3436064,397169.370299,België,,,,,zee,2026-01-11,POINT (-16394.3436 397169.3703)
rivm_windturbines_ashoogte_actueel.711,13.0,15.0,25.0,39271.9858024,397280.387525,Nederland,,BW10,Noord-Beveland,Zeeland,land,2026-01-11,POINT (39271.9858 397280.3875)
rivm_windturbines_ashoogte_actueel.712,126.0,95.0,6000.0,-17574.8009413,397288.245782,België,,,,,zee,2026-01-11,POINT (-17574.8009 397288.2458)
rivm_windturbines_ashoogte_actueel.713,164.0,105.0,8400.0,-8973.91276633,397358.61986,België,,V164,,,zee,2026-01-11,POINT (-8973.9128 397358.6199)
rivm_windturbines_ashoogte_actueel.714,126.0,95.0,6000.0,-14254.1403188,397404.669605,België,,,,,zee,2026-01-11,POINT (-14254.1403 397404.6696)
rivm_windturbines_ashoogte_actueel.715,131.0,134.0,3000.0,208668.361666,397445.759529,Duitsland,,,,,land,2026-01-11,POINT (208668.3617 397445.7595)
rivm_windturbines_ashoogte_actueel.716,164.0,105.0,8400.0,-5935.57590281,397448.917179,België,,V164,,,zee,2026-01-11,POINT (-5935.5759 397448.9172)
rivm_windturbines_ashoogte_actueel.717,164.0,105.0,8400.0,-7026.6242967,397483.847023,België,,V164,,,zee,2026-01-11,POINT (-7026.6243 397483.847)
rivm_windturbines_ashoogte_actueel.718,90.0,105.0,3000.0,89934.4718,397490.94,Nederland,,,Roosendaal,Noord-Brabant,land,2026-01-11,POINT (89934.4718 397490.94)
rivm_windturbines_ashoogte_actueel.719,82.0,78.0,2300.0,61849.8388,397525.0437,Nederland,,,Tholen,Zeeland,land,2026-01-11,POINT (61849.8388 397525.0437)
rivm_windturbines_ashoogte_actueel.720,164.0,105.0,8400.0,-5062.29170825,397580.869308,België,,V164,,,zee,2026-01-11,POINT (-5062.2917 397580.8693)
rivm_windturbines_ashoogte_actueel.721,126.0,95.0,6000.0,-15693.0186749,397595.911142,België,,,,,zee,2026-01-11,POINT (-15693.0187 397595.9111)
rivm_windturbines_ashoogte_actueel.722,13.0,30.0,75.0,119352.327632,397650.345995,Nederland,,,Gilze en Rijen,Noord-Brabant,land,2026-01-11,POINT (119352.3276 397650.346)
rivm_windturbines_ashoogte_actueel.723,126.0,95.0,6000.0,-16915.351523,397657.934261,België,,,,,zee,2026-01-11,POINT (-16915.3515 397657.9343)
rivm_windturbines_ashoogte_actueel.724,126.0,95.0,6000.0,-14654.1472013,397707.354314,België,,,,,zee,2026-01-11,POINT (-14654.1472 397707.3543)
rivm_windturbines_ashoogte_actueel.725,77.0,85.0,1500.0,209829.846114,397759.698117,Duitsland,,,,,land,2026-01-11,POINT (209829.8461 397759.6981)
rivm_windturbines_ashoogte_actueel.726,77.0,85.0,1500.0,209396.876057,397773.016707,Duitsland,,,,,land,2026-01-11,POINT (209396.8761 397773.0167)
rivm_windturbines_ashoogte_actueel.727,126.0,95.0,6000.0,-18054.2354904,397782.749548,België,,,,,zee,2026-01-11,POINT (-18054.2355 397782.7495)
rivm_windturbines_ashoogte_actueel.728,82.0,78.0,2300.0,61716.8395,397824.0441,Nederland,,,Tholen,Zeeland,land,2026-01-11,POINT (61716.8395 397824.0441)
rivm_windturbines_ashoogte_actueel.729,164.0,105.0,8400.0,-10095.4770066,397836.256757,België,,V164,,,zee,2026-01-11,POINT (-10095.477 397836.2568)
rivm_windturbines_ashoogte_actueel.730,77.0,85.0,1500.0,209824.339461,397994.052665,Duitsland,,,,,land,2026-01-11,POINT (209824.3395 397994.0527)
rivm_windturbines_ashoogte_actueel.731,126.0,95.0,6000.0,-15045.9081181,398013.157543,België,,,,,zee,2026-01-11,POINT (-15045.9081 398013.1575)
rivm_windturbines_ashoogte_actueel.732,126.0,95.0,6000.0,-16234.7581397,398046.326706,België,,,,,zee,2026-01-11,POINT (-16234.7581 398046.3267)
rivm_windturbines_ashoogte_actueel.733,164.0,105.0,8400.0,-9215.18617959,398098.154297,België,,V164,,,zee,2026-01-11,POINT (-9215.1862 398098.1543)
rivm_windturbines_ashoogte_actueel.734,77.0,85.0,1500.0,209482.619367,398140.7328,Duitsland,,,,,land,2026-01-11,POINT (209482.6194 398140.7328)
rivm_windturbines_ashoogte_actueel.735,126.0,95.0,6000.0,-17440.037424,398142.996898,België,,,,,zee,2026-01-11,POINT (-17440.0374 398142.9969)
rivm_windturbines_ashoogte_actueel.736,82.0,78.0,2300.0,61566.8404,398212.0446,Nederland,,,Tholen,Zeeland,land,2026-01-11,POINT (61566.8404 398212.0446)
rivm_windturbines_ashoogte_actueel.737,126.0,95.0,6000.0,-12481.5643411,398256.225371,België,,,,,zee,2026-01-11,POINT (-12481.5643 398256.2254)
rivm_windturbines_ashoogte_actueel.738,126.0,95.0,6000.0,-18542.4671736,398280.533615,België,,,,,zee,2026-01-11,POINT (-18542.4672 398280.5336)
rivm_windturbines_ashoogte_actueel.739,77.0,85.0,1500.0,209859.389783,398288.093938,Duitsland,,,,,land,2026-01-11,POINT (209859.3898 398288.0939)
rivm_windturbines_ashoogte_actueel.740,164.0,105.0,8400.0,-5973.98708382,398312.471192,België,,V164,,,zee,2026-01-11,POINT (-5973.9871 398312.4712)
rivm_windturbines_ashoogte_actueel.741,126.0,95.0,6000.0,-15447.7683319,398318.632674,België,,,,,zee,2026-01-11,POINT (-15447.7683 398318.6327)
rivm_windturbines_ashoogte_actueel.742,164.0,105.0,8400.0,-7158.57775966,398367.641688,België,,V164,,,zee,2026-01-11,POINT (-7158.5778 398367.6417)
rivm_windturbines_ashoogte_actueel.743,13.0,15.0,15.0,198172.203225,398380.148023,Nederland,,EAZ wind,Land van Cuijk,Noord-Brabant,land,2026-01-11,POINT (198172.2032 398380.148)
rivm_windturbines_ashoogte_actueel.744,126.0,95.0,6000.0,-11462.985179,398429.440539,België,,,,,zee,2026-01-11,POINT (-11462.9852 398429.4405)
rivm_windturbines_ashoogte_actueel.745,82.0,78.0,2000.0,61473.5131285,398482.6609,Nederland,,,Tholen,Zeeland,land,2026-01-11,POINT (61473.5131 398482.6609)
rivm_windturbines_ashoogte_actueel.746,126.0,95.0,6000.0,-16774.9757818,398502.776213,België,,,,,zee,2026-01-11,POINT (-16774.9758 398502.7762)
rivm_windturbines_ashoogte_actueel.747,126.0,95.0,6000.0,-15845.3770393,398616.449611,België,,,,,zee,2026-01-11,POINT (-15845.377 398616.4496)
rivm_windturbines_ashoogte_actueel.748,126.0,95.0,6000.0,-17993.996653,398655.697506,België,,,,,zee,2026-01-11,POINT (-17993.9967 398655.6975)
rivm_windturbines_ashoogte_actueel.749,126.0,95.0,6000.0,-12899.3217185,398661.439276,België,,,,,zee,2026-01-11,POINT (-12899.3217 398661.4393)
rivm_windturbines_ashoogte_actueel.750,50.5,50.0,750.0,78676.2559,398700.5585,Nederland,,,Steenbergen,Noord-Brabant,land,2026-01-11,POINT (78676.2559 398700.5585)
rivm_windturbines_ashoogte_actueel.751,15.6,31.4,75.0,80200.9254,398701.7143,Nederland,,,Steenbergen,Noord-Brabant,land,2026-01-11,POINT (80200.9254 398701.7143)
rivm_windturbines_ashoogte_actueel.752,126.0,95.0,6000.0,-12017.6284695,398960.700151,België,,,,,zee,2026-01-11,POINT (-12017.6285 398960.7002)
rivm_windturbines_ashoogte_actueel.753,164.0,105.0,8400.0,-6453.3425717,398962.264886,België,,V164,,,zee,2026-01-11,POINT (-6453.3426 398962.2649)
rivm_windturbines_ashoogte_actueel.754,164.0,105.0,8400.0,-7555.21846276,398969.246832,België,,V164,,,zee,2026-01-11,POINT (-7555.2185 398969.2468)
rivm_windturbines_ashoogte_actueel.755,126.0,95.0,6000.0,-10855.0244154,399000.705214,België,,,,,zee,2026-01-11,POINT (-10855.0244 399000.7052)
rivm_windturbines_ashoogte_actueel.756,126.0,95.0,6000.0,-16382.3254657,399025.508262,België,,,,,zee,2026-01-11,POINT (-16382.3255 399025.5083)
rivm_windturbines_ashoogte_actueel.757,126.0,95.0,6000.0,-17406.1978243,399027.681835,België,,,,,zee,2026-01-11,POINT (-17406.1978 399027.6818)
rivm_windturbines_ashoogte_actueel.758,126.0,95.0,6000.0,-13320.2142326,399069.28911,België,,,,,zee,2026-01-11,POINT (-13320.2142 399069.2891)
rivm_windturbines_ashoogte_actueel.759,13.0,15.0,25.0,45628.5399179,399137.115292,Nederland,,BW10,Noord-Beveland,Zeeland,land,2026-01-11,POINT (45628.5399 399137.1153)
rivm_windturbines_ashoogte_actueel.760,126.0,95.0,6000.0,-16884.2216544,399411.412226,België,,,,,zee,2026-01-11,POINT (-16884.2217 399411.4122)
rivm_windturbines_ashoogte_actueel.761,126.0,95.0,6000.0,-12563.0214754,399493.477978,België,,,,,zee,2026-01-11,POINT (-12563.0215 399493.478)
rivm_windturbines_ashoogte_actueel.762,126.0,95.0,6000.0,-10198.8914718,399519.972889,België,,,,,zee,2026-01-11,POINT (-10198.8915 399519.9729)
rivm_windturbines_ashoogte_actueel.763,126.0,95.0,6000.0,-11416.5199717,399544.459738,België,,,,,zee,2026-01-11,POINT (-11416.52 399544.4597)
rivm_windturbines_ashoogte_actueel.764,164.0,105.0,8400.0,-7110.70417816,399659.457984,België,,V164,,,zee,2026-01-11,POINT (-7110.7042 399659.458)
rivm_windturbines_ashoogte_actueel.765,117.0,91.0,2400.0,131605.0139,399738.9413,Nederland,,,Tilburg,Noord-Brabant,land,2026-01-11,POINT (131605.0139 399738.9413)
rivm_windturbines_ashoogte_actueel.766,126.0,95.0,6000.0,-13121.3750976,400027.230199,België,,,,,zee,2026-01-11,POINT (-13121.3751 400027.2302)
rivm_windturbines_ashoogte_actueel.767,126.0,95.0,6000.0,-10770.4685375,400068.483153,België,,,,,zee,2026-01-11,POINT (-10770.4685 400068.4832)
rivm_windturbines_ashoogte_actueel.768,154.0,106.0,7350.0,-14768.0863866,400082.056283,België,,SWT7.0-154,,,zee,2026-01-11,POINT (-14768.0864 400082.0563)
rivm_windturbines_ashoogte_actueel.769,126.0,95.0,6000.0,-11983.5670236,400084.98104,België,,,,,zee,2026-01-11,POINT (-11983.567 400084.981)
rivm_windturbines_ashoogte_actueel.770,164.0,105.0,8400.0,-7707.19036808,400116.652172,België,,V164,,,zee,2026-01-11,POINT (-7707.1904 400116.6522)
rivm_windturbines_ashoogte_actueel.771,126.0,95.0,6000.0,-9817.53351165,400310.954308,België,,,,,zee,2026-01-11,POINT (-9817.5335 400310.9543)
rivm_windturbines_ashoogte_actueel.772,90.0,80.0,2000.0,129602.9446,400428.9087,Nederland,,,Tilburg,Noord-Brabant,land,2026-01-11,POINT (129602.9446 400428.9087)
rivm_windturbines_ashoogte_actueel.773,154.0,106.0,7350.0,-15359.3816458,400579.501171,België,,SWT7.0-154,,,zee,2026-01-11,POINT (-15359.3816 400579.5012)
rivm_windturbines_ashoogte_actueel.774,126.0,95.0,6000.0,-11335.5194632,400609.801262,België,,,,,zee,2026-01-11,POINT (-11335.5195 400609.8013)
rivm_windturbines_ashoogte_actueel.775,126.0,95.0,6000.0,-12549.8858347,400627.29522,België,,,,,zee,2026-01-11,POINT (-12549.8858 400627.2952)
rivm_windturbines_ashoogte_actueel.776,154.0,106.0,7350.0,-14165.2583626,400650.343117,België,,SWT7.0-154,,,zee,2026-01-11,POINT (-14165.2584 400650.3431)
rivm_windturbines_ashoogte_actueel.777,90.0,95.0,2000.0,129820.9451,400656.9085,Nederland,,,Tilburg,Noord-Brabant,land,2026-01-11,POINT (129820.9451 400656.9085)
rivm_windturbines_ashoogte_actueel.778,164.0,105.0,8400.0,-8144.83444508,400698.649642,België,,V164,,,zee,2026-01-11,POINT (-8144.8344 400698.6496)
rivm_windturbines_ashoogte_actueel.779,126.0,95.0,6000.0,-10254.0858378,400729.298625,België,,,,,zee,2026-01-11,POINT (-10254.0858 400729.2986)
rivm_windturbines_ashoogte_actueel.780,149.0,125.0,5000.0,50241.0705296,400839.740917,Nederland,,Nordex N149,Noord-Beveland,Zeeland,land,2026-01-11,POINT (50241.0705 400839.7409)
rivm_windturbines_ashoogte_actueel.781,14.0,15.0,25.0,38263.97,400928.21,Nederland,,,Noord-Beveland,Zeeland,land,2026-01-11,POINT (38263.97 400928.21)
rivm_windturbines_ashoogte_actueel.782,167.0,116.0,8000.0,-6107.95740106,401022.737774,Nederland,Borssele II,SG 8.0-167 DD,,,zee,2026-01-11,POINT (-6107.9574 401022.7378)
rivm_windturbines_ashoogte_actueel.783,90.0,95.0,2000.0,129480.945,401029.9088,Nederland,,,Tilburg,Noord-Brabant,land,2026-01-11,POINT (129480.945 401029.9088)
rivm_windturbines_ashoogte_actueel.784,154.0,106.0,7350.0,-15948.9241897,401034.976557,België,,SWT7.0-154,,,zee,2026-01-11,POINT (-15948.9242 401034.9766)
rivm_windturbines_ashoogte_actueel.785,154.0,106.0,7350.0,-14687.7699568,401132.568283,België,,SWT7.0-154,,,zee,2026-01-11,POINT (-14687.77 401132.5683)
rivm_windturbines_ashoogte_actueel.786,126.0,95.0,6000.0,-10690.0068084,401142.709009,België,,,,,zee,2026-01-11,POINT (-10690.0068 401142.709)
rivm_windturbines_ashoogte_actueel.787,90.0,80.0,2000.0,128899.9443,401149.9094,Nederland,,,Tilburg,Noord-Brabant,land,2026-01-11,POINT (128899.9443 401149.9094)
rivm_windturbines_ashoogte_actueel.788,126.0,95.0,6000.0,-11906.9360737,401155.740482,België,,,,,zee,2026-01-11,POINT (-11906.9361 401155.7405)
rivm_windturbines_ashoogte_actueel.789,154.0,106.0,7350.0,-13577.1412441,401236.087979,België,,SWT7.0-154,,,zee,2026-01-11,POINT (-13577.1412 401236.088)
rivm_windturbines_ashoogte_actueel.790,149.0,125.0,5000.0,50056.974738,401245.360153,Nederland,,Nordex N149,Noord-Beveland,Zeeland,land,2026-01-11,POINT (50056.9747 401245.3602)
rivm_windturbines_ashoogte_actueel.791,117.0,91.0,3600.0,132406.357394,401250.429957,Nederland,,,Tilburg,Noord-Brabant,land,2026-01-11,POINT (132406.3574 401250.43)
rivm_windturbines_ashoogte_actueel.792,90.0,95.0,2000.0,129204.9448,401315.9091,Nederland,,,Tilburg,Noord-Brabant,land,2026-01-11,POINT (129204.9448 401315.9091)
rivm_windturbines_ashoogte_actueel.793,117.0,91.0,3600.0,36861.9090932,401418.335907,Nederland,,,Noord-Beveland,Zeeland,land,2026-01-11,POINT (36861.9091 401418.3359)
rivm_windturbines_ashoogte_actueel.794,117.0,91.0,3600.0,37597.1347303,401424.915226,Nederland,,,Noord-Beveland,Zeeland,land,2026-01-11,POINT (37597.1347 401424.9152)
rivm_windturbines_ashoogte_actueel.795,117.0,91.0,3600.0,132678.415731,401487.146475,Nederland,,,Tilburg,Noord-Brabant,land,2026-01-11,POINT (132678.4157 401487.1465)
rivm_windturbines_ashoogte_actueel.796,154.0,106.0,7350.0,-16451.7613824,401586.32332,België,,SWT7.0-154,,,zee,2026-01-11,POINT (-16451.7614 401586.3233)
rivm_windturbines_ashoogte_actueel.797,154.0,106.0,7350.0,-15216.7342518,401628.68599,België,,SWT7.0-154,,,zee,2026-01-11,POINT (-15216.7343 401628.686)
rivm_windturbines_ashoogte_actueel.798,117.0,91.0,3600.0,37244.3812645,401666.54347,Nederland,,,Noord-Beveland,Zeeland,land,2026-01-11,POINT (37244.3813 401666.5435)
rivm_windturbines_ashoogte_actueel.799,149.0,125.0,5000.0,49761.8193274,401670.212749,Nederland,,Nordex N149,Noord-Beveland,Zeeland,land,2026-01-11,POINT (49761.8193 401670.2127)
rivm_windturbines_ashoogte_actueel.800,117.0,91.0,3600.0,38052.5364745,401679.815319,Nederland,,,Noord-Beveland,Zeeland,land,2026-01-11,POINT (38052.5365 401679.8153)
rivm_windturbines_ashoogte_actueel.801,154.0,106.0,7350.0,-14036.883657,401703.591485,België,,SWT7.0-154,,,zee,2026-01-11,POINT (-14036.8837 401703.5915)
rivm_windturbines_ashoogte_actueel.802,90.0,105.0,3000.0,99878.2926124,401756.798619,Nederland,,,Halderberge,Noord-Brabant,land,2026-01-11,POINT (99878.2926 401756.7986)
rivm_windturbines_ashoogte_actueel.803,100.0,75.0,2500.0,128186.7988,401767.4215,Nederland,,,Tilburg,Noord-Brabant,land,2026-01-11,POINT (128186.7988 401767.4215)
rivm_windturbines_ashoogte_actueel.804,117.0,91.0,3600.0,132394.797358,401833.442818,Nederland,,,Tilburg,Noord-Brabant,land,2026-01-11,POINT (132394.7974 401833.4428)
rivm_windturbines_ashoogte_actueel.805,154.0,106.0,7350.0,-12893.9680742,401837.781278,België,,SWT7.0-154,,,zee,2026-01-11,POINT (-12893.9681 401837.7813)
rivm_windturbines_ashoogte_actueel.806,167.0,116.0,8000.0,-5229.66794722,401984.778073,Nederland,Borssele II,SG 8.0-167 DD,,,zee,2026-01-11,POINT (-5229.6679 401984.7781)
rivm_windturbines_ashoogte_actueel.807,154.0,106.0,7350.0,-17032.1435381,402093.261774,België,,SWT7.0-154,,,zee,2026-01-11,POINT (-17032.1435 402093.2618)
rivm_windturbines_ashoogte_actueel.808,167.0,116.0,8000.0,-6633.54750863,402095.800151,Nederland,Borssele II,SG 8.0-167 DD,,,zee,2026-01-11,POINT (-6633.5475 402095.8002)
rivm_windturbines_ashoogte_actueel.809,154.0,106.0,7350.0,-15733.4410056,402141.260802,België,,SWT7.0-154,,,zee,2026-01-11,POINT (-15733.441 402141.2608)
rivm_windturbines_ashoogte_actueel.810,90.0,105.0,3000.0,99880.2407914,402156.584781,Nederland,,,Halderberge,Noord-Brabant,land,2026-01-11,POINT (99880.2408 402156.5848)
rivm_windturbines_ashoogte_actueel.811,117.0,91.0,3600.0,132944.192133,402159.721169,Nederland,,,Tilburg,Noord-Brabant,land,2026-01-11,POINT (132944.1921 402159.7212)
rivm_windturbines_ashoogte_actueel.812,167.0,116.0,8000.0,-7884.05631002,402189.852515,Nederland,Borssele II,SG 8.0-167 DD,,,zee,2026-01-11,POINT (-7884.0563 402189.8525)
rivm_windturbines_ashoogte_actueel.813,115.0,92.0,4200.0,36884.5168,402263.4279,Nederland,,E115,Noord-Beveland,Zeeland,land,2026-01-11,POINT (36884.5168 402263.4279)
rivm_windturbines_ashoogte_actueel.814,154.0,106.0,7350.0,-13418.9728165,402335.924135,België,,SWT7.0-154,,,zee,2026-01-11,POINT (-13418.9728 402335.9241)
rivm_windturbines_ashoogte_actueel.815,154.0,106.0,7350.0,-12131.8330575,402352.331609,België,,SWT7.0-154,,,zee,2026-01-11,POINT (-12131.8331 402352.3316)
rivm_windturbines_ashoogte_actueel.816,90.0,105.0,2000.0,100400.184425,402417.583916,Nederland,,,Halderberge,Noord-Brabant,land,2026-01-11,POINT (100400.1844 402417.5839)
rivm_windturbines_ashoogte_actueel.817,82.0,98.0,2300.0,101456.9083,402532.9485,Nederland,,,Etten-Leur,Noord-Brabant,land,2026-01-11,POINT (101456.9083 402532.9485)
rivm_windturbines_ashoogte_actueel.818,90.0,105.0,3000.0,99877.829809,402555.830239,Nederland,,,Halderberge,Noord-Brabant,land,2026-01-11,POINT (99877.8298 402555.8302)
rivm_windturbines_ashoogte_actueel.819,115.0,92.0,4200.0,37352.3186,402573.9262,Nederland,,E115,Noord-Beveland,Zeeland,land,2026-01-11,POINT (37352.3186 402573.9262)
rivm_windturbines_ashoogte_actueel.820,115.0,92.0,4200.0,36943.2944,402577.3502,Nederland,,E115,Noord-Beveland,Zeeland,land,2026-01-11,POINT (36943.2944 402577.3502)
rivm_windturbines_ashoogte_actueel.821,154.0,106.0,7350.0,-16227.523675,402635.222637,België,,SWT7.0-154,,,zee,2026-01-11,POINT (-16227.5237 402635.2226)
rivm_windturbines_ashoogte_actueel.822,154.0,106.0,7350.0,-17533.4547664,402650.44191,België,,SWT7.0-154,,,zee,2026-01-11,POINT (-17533.4548 402650.4419)
rivm_windturbines_ashoogte_actueel.823,154.0,106.0,7350.0,-11285.8445922,402702.906707,België,,SWT7.0-154,,,zee,2026-01-11,POINT (-11285.8446 402702.9067)
rivm_windturbines_ashoogte_actueel.824,90.0,105.0,2000.0,100408.920369,402797.618124,Nederland,,,Halderberge,Noord-Brabant,land,2026-01-11,POINT (100408.9204 402797.6181)
rivm_windturbines_ashoogte_actueel.825,154.0,106.0,7350.0,-13932.7194107,402843.491042,België,,SWT7.0-154,,,zee,2026-01-11,POINT (-13932.7194 402843.491)
rivm_windturbines_ashoogte_actueel.826,82.0,98.0,2300.0,101312.9087,402846.9488,Nederland,,,Etten-Leur,Noord-Brabant,land,2026-01-11,POINT (101312.9087 402846.9488)
rivm_windturbines_ashoogte_actueel.827,154.0,106.0,7350.0,-12678.8489689,402848.754773,België,,SWT7.0-154,,,zee,2026-01-11,POINT (-12678.849 402848.7548)
rivm_windturbines_ashoogte_actueel.828,90.0,80.0,3000.0,62624.7459,402886.6231,Nederland,,,Tholen,Zeeland,land,2026-01-11,POINT (62624.7459 402886.6231)
rivm_windturbines_ashoogte_actueel.829,167.0,116.0,8000.0,-4367.37847284,402929.023591,Nederland,Borssele II,SG 8.0-167 DD,,,zee,2026-01-11,POINT (-4367.3785 402929.0236)
rivm_windturbines_ashoogte_actueel.830,90.0,105.0,3000.0,99878.9146721,402955.272744,Nederland,,,Halderberge,Noord-Brabant,land,2026-01-11,POINT (99878.9147 402955.2727)
rivm_windturbines_ashoogte_actueel.831,154.0,106.0,7350.0,-10337.379876,402976.880905,België,,SWT7.0-154,,,zee,2026-01-11,POINT (-10337.3799 402976.8809)
rivm_windturbines_ashoogte_actueel.832,90.0,80.0,3000.0,63004.2963,403016.9336,Nederland,,,Tholen,Zeeland,land,2026-01-11,POINT (63004.2963 403016.9336)
rivm_windturbines_ashoogte_actueel.833,154.0,106.0,7350.0,-15440.6374498,403072.802665,België,,SWT7.0-154,,,zee,2026-01-11,POINT (-15440.6374 403072.8027)
rivm_windturbines_ashoogte_actueel.834,80.0,80.0,2000.0,91032.9341,403099.5302,Nederland,,,Halderberge,Noord-Brabant,land,2026-01-11,POINT (91032.9341 403099.5302)
rivm_windturbines_ashoogte_actueel.835,80.0,80.0,2000.0,91335.4176,403119.8235,Nederland,,,Halderberge,Noord-Brabant,land,2026-01-11,POINT (91335.4176 403119.8235)
rivm_windturbines_ashoogte_actueel.836,154.0,106.0,7350.0,-16805.4435011,403126.781018,België,,SWT7.0-154,,,zee,2026-01-11,POINT (-16805.4435 403126.781)
rivm_windturbines_ashoogte_actueel.837,80.0,80.0,2000.0,91669.4701,403140.1178,Nederland,,,Halderberge,Noord-Brabant,land,2026-01-11,POINT (91669.4701 403140.1178)
rivm_windturbines_ashoogte_actueel.838,90.0,80.0,3000.0,63370.8203,403141.8835,Nederland,,,Tholen,Zeeland,land,2026-01-11,POINT (63370.8203 403141.8835)
rivm_windturbines_ashoogte_actueel.839,80.0,80.0,2000.0,92007.3886,403147.5261,Nederland,,,Halderberge,Noord-Brabant,land,2026-01-11,POINT (92007.3886 403147.5261)
rivm_windturbines_ashoogte_actueel.840,80.0,80.0,2000.0,92309.872,403148.1695,Nederland,,,Halderberge,Noord-Brabant,land,2026-01-11,POINT (92309.872 403148.1695)
rivm_windturbines_ashoogte_actueel.841,82.0,98.0,2300.0,101162.909,403169.9491,Nederland,,,Etten-Leur,Noord-Brabant,land,2026-01-11,POINT (101162.909 403169.9491)
rivm_windturbines_ashoogte_actueel.842,167.0,116.0,8000.0,-5711.05425472,403172.023273,Nederland,Borssele II,SG 8.0-167 DD,,,zee,2026-01-11,POINT (-5711.0543 403172.0233)
rivm_windturbines_ashoogte_actueel.843,90.0,105.0,2000.0,100416.432722,403177.609026,Nederland,,,Halderberge,Noord-Brabant,land,2026-01-11,POINT (100416.4327 403177.609)
rivm_windturbines_ashoogte_actueel.844,154.0,106.0,7350.0,-17981.1384372,403178.649129,België,,SWT7.0-154,,,zee,2026-01-11,POINT (-17981.1384 403178.6491)
rivm_windturbines_ashoogte_actueel.845,154.0,106.0,7350.0,-11764.9622286,403179.735004,België,,SWT7.0-154,,,zee,2026-01-11,POINT (-11764.9622 403179.735)
rivm_windturbines_ashoogte_actueel.846,90.0,105.0,2000.0,104456.906545,403215.996265,Nederland,,,Etten-Leur,Noord-Brabant,land,2026-01-11,POINT (104456.9065 403215.9963)
rivm_windturbines_ashoogte_actueel.847,167.0,116.0,8000.0,-8579.30489683,403232.121491,Nederland,Borssele II,SG 8.0-167 DD,,,zee,2026-01-11,POINT (-8579.3049 403232.1215)
rivm_windturbines_ashoogte_actueel.848,90.0,80.0,3000.0,63739.5662,403267.7277,Nederland,,,Tholen,Zeeland,land,2026-01-11,POINT (63739.5662 403267.7277)
rivm_windturbines_ashoogte_actueel.849,136.0,112.0,4200.0,102774.760568,403304.597255,Nederland,,,Etten-Leur,Noord-Brabant,land,2026-01-11,POINT (102774.7606 403304.5973)
rivm_windturbines_ashoogte_actueel.850,90.0,105.0,3000.0,99877.0148472,403356.924264,Nederland,,,Halderberge,Noord-Brabant,land,2026-01-11,POINT (99877.0148 403356.9243)
rivm_windturbines_ashoogte_actueel.851,90.0,80.0,3000.0,64113.8947,403395.4154,Nederland,,,Tholen,Zeeland,land,2026-01-11,POINT (64113.8947 403395.4154)
rivm_windturbines_ashoogte_actueel.852,154.0,106.0,7350.0,-14476.1238967,403402.924381,België,,SWT7.0-154,,,zee,2026-01-11,POINT (-14476.1239 403402.9244)
rivm_windturbines_ashoogte_actueel.853,154.0,106.0,7350.0,-10776.5124359,403434.177768,België,,SWT7.0-154,,,zee,2026-01-11,POINT (-10776.5124 403434.1778)
rivm_windturbines_ashoogte_actueel.854,82.0,98.0,2300.0,101009.9094,403509.9494,Nederland,,,Etten-Leur,Noord-Brabant,land,2026-01-11,POINT (101009.9094 403509.9494)
rivm_windturbines_ashoogte_actueel.855,154.0,106.0,7350.0,-15852.8973966,403544.093521,België,,SWT7.0-154,,,zee,2026-01-11,POINT (-15852.8974 403544.0935)
rivm_windturbines_ashoogte_actueel.856,90.0,105.0,2000.0,100424.901224,403557.218568,Nederland,,,Halderberge,Noord-Brabant,land,2026-01-11,POINT (100424.9012 403557.2186)
rivm_windturbines_ashoogte_actueel.857,90.0,105.0,2000.0,104399.7237,403591.7987,Nederland,,,Etten-Leur,Noord-Brabant,land,2026-01-11,POINT (104399.7237 403591.7987)
rivm_windturbines_ashoogte_actueel.858,136.0,112.0,4200.0,102402.854779,403617.208879,Nederland,,,Etten-Leur,Noord-Brabant,land,2026-01-11,POINT (102402.8548 403617.2089)
rivm_windturbines_ashoogte_actueel.859,154.0,106.0,7350.0,-17331.9788638,403621.798706,België,,SWT7.0-154,,,zee,2026-01-11,POINT (-17331.9789 403621.7987)
rivm_windturbines_ashoogte_actueel.860,167.0,116.0,8000.0,-7120.49327464,403625.717667,Nederland,Borssele II,SG 8.0-167 DD,,,zee,2026-01-11,POINT (-7120.4933 403625.7177)
rivm_windturbines_ashoogte_actueel.861,154.0,106.0,7350.0,-12217.6048752,403733.990643,België,,SWT7.0-154,,,zee,2026-01-11,POINT (-12217.6049 403733.9906)
rivm_windturbines_ashoogte_actueel.862,82.0,98.0,2300.0,100865.9098,403824.9496,Nederland,,,Etten-Leur,Noord-Brabant,land,2026-01-11,POINT (100865.9098 403824.9496)
rivm_windturbines_ashoogte_actueel.863,154.0,106.0,7350.0,-11287.1913774,403836.472228,België,,SWT7.0-154,,,zee,2026-01-11,POINT (-11287.1914 403836.4722)
rivm_windturbines_ashoogte_actueel.864,154.0,106.0,7350.0,-13741.5110313,403881.002298,België,,SWT7.0-154,,,zee,2026-01-11,POINT (-13741.511 403881.0023)
rivm_windturbines_ashoogte_actueel.865,112.0,71.0,3000.0,-19504.4754654,403917.745654,België,,V112,,,zee,2026-01-11,POINT (-19504.4755 403917.7457)
rivm_windturbines_ashoogte_actueel.866,154.0,106.0,7350.0,-14970.9111278,403933.8289,België,,SWT7.0-154,,,zee,2026-01-11,POINT (-14970.9111 403933.8289)
rivm_windturbines_ashoogte_actueel.867,90.0,105.0,2000.0,100432.094576,403936.081664,Nederland,,,Halderberge,Noord-Brabant,land,2026-01-11,POINT (100432.0946 403936.0817)
rivm_windturbines_ashoogte_actueel.868,90.0,105.0,2000.0,104342.9686,403967.8708,Nederland,,,Etten-Leur,Noord-Brabant,land,2026-01-11,POINT (104342.9686 403967.8708)
rivm_windturbines_ashoogte_actueel.869,112.0,71.0,3000.0,-18959.3350084,403973.177006,België,,V112,,,zee,2026-01-11,POINT (-18959.335 403973.177)
rivm_windturbines_ashoogte_actueel.870,154.0,106.0,7350.0,-16375.716698,403976.980675,België,,SWT7.0-154,,,zee,2026-01-11,POINT (-16375.7167 403976.9807)
rivm_windturbines_ashoogte_actueel.871,136.0,112.0,4200.0,102211.001201,403980.12464,Nederland,,,Etten-Leur,Noord-Brabant,land,2026-01-11,POINT (102211.0012 403980.1246)
rivm_windturbines_ashoogte_actueel.872,167.0,116.0,8000.0,-3405.16071046,403981.32466,Nederland,Borssele II,SG 8.0-167 DD,,,zee,2026-01-11,POINT (-3405.1607 403981.3247)
rivm_windturbines_ashoogte_actueel.873,167.0,116.0,8000.0,-4577.40487604,403988.455535,Nederland,Borssele II,SG 8.0-167 DD,,,zee,2026-01-11,POINT (-4577.4049 403988.4555)
rivm_windturbines_ashoogte_actueel.874,112.0,71.0,3000.0,-19957.9271708,404086.536314,België,,V112,,,zee,2026-01-11,POINT (-19957.9272 404086.5363)
rivm_windturbines_ashoogte_actueel.875,164.0,116.0,9500.0,-9872.88777015,404200.04406,Nederland,Borssele III,MHI Vestas V164-9.5 MW,,,zee,2026-01-11,POINT (-9872.8878 404200.0441)
rivm_windturbines_ashoogte_actueel.876,112.0,71.0,3000.0,-18461.9353128,404270.198319,België,,V112,,,zee,2026-01-11,POINT (-18461.9353 404270.1983)
rivm_windturbines_ashoogte_actueel.877,154.0,106.0,7350.0,-11643.7441895,404338.490109,België,,SWT7.0-154,,,zee,2026-01-11,POINT (-11643.7442 404338.4901)
rivm_windturbines_ashoogte_actueel.878,90.0,105.0,2000.0,104286.2238,404344.055,Nederland,,,Etten-Leur,Noord-Brabant,land,2026-01-11,POINT (104286.2238 404344.055)
rivm_windturbines_ashoogte_actueel.879,112.0,71.0,3000.0,-20133.18783,404423.544489,België,,V112,,,zee,2026-01-11,POINT (-20133.1878 404423.5445)
rivm_windturbines_ashoogte_actueel.880,136.0,136.0,4300.0,37604.9839083,404430.915323,Nederland,,,Veere,Zeeland,land,2026-01-11,POINT (37604.9839 404430.9153)
rivm_windturbines_ashoogte_actueel.881,112.0,71.0,3000.0,-19475.5852862,404440.921471,België,,V112,,,zee,2026-01-11,POINT (-19475.5853 404440.9215)
rivm_windturbines_ashoogte_actueel.882,154.0,106.0,7350.0,-15565.9447962,404452.600547,België,,SWT7.0-154,,,zee,2026-01-11,POINT (-15565.9448 404452.6005)
rivm_windturbines_ashoogte_actueel.883,136.0,136.0,4300.0,37204.9331082,404454.198703,Nederland,,,Veere,Zeeland,land,2026-01-11,POINT (37204.9331 404454.1987)
rivm_windturbines_ashoogte_actueel.884,167.0,116.0,8000.0,-5814.19397887,404493.015639,Nederland,Borssele II,SG 8.0-167 DD,,,zee,2026-01-11,POINT (-5814.194 404493.0156)
rivm_windturbines_ashoogte_actueel.885,108.0,89.5,3200.0,87995.6484,404517.7196,Nederland,,,Steenbergen,Noord-Brabant,land,2026-01-11,POINT (87995.6484 404517.7196)
rivm_windturbines_ashoogte_actueel.886,112.0,71.0,3000.0,-18859.6752774,404533.995071,België,,V112,,,zee,2026-01-11,POINT (-18859.6753 404533.9951)
rivm_windturbines_ashoogte_actueel.887,90.0,80.0,3000.0,36728.9492625,404595.365173,Nederland,,,Veere,Zeeland,land,2026-01-11,POINT (36728.9493 404595.3652)
rivm_windturbines_ashoogte_actueel.888,167.0,116.0,8000.0,-8324.37645884,404658.882197,Nederland,Borssele II,SG 8.0-167 DD,,,zee,2026-01-11,POINT (-8324.3765 404658.8822)
rivm_windturbines_ashoogte_actueel.889,112.0,71.0,3000.0,-18115.7546127,404658.909197,België,,V112,,,zee,2026-01-11,POINT (-18115.7546 404658.9092)
rivm_windturbines_ashoogte_actueel.890,149.0,135.0,4500.0,108391.410668,404665.815183,Nederland,,,Breda,Noord-Brabant,land,2026-01-11,POINT (108391.4107 404665.8152)
rivm_windturbines_ashoogte_actueel.891,90.0,105.0,2000.0,104228.4464,404719.9484,Nederland,,,Etten-Leur,Noord-Brabant,land,2026-01-11,POINT (104228.4464 404719.9484)
rivm_windturbines_ashoogte_actueel.892,108.0,89.5,3200.0,87650.4174,404780.8481,Nederland,,,Steenbergen,Noord-Brabant,land,2026-01-11,POINT (87650.4174 404780.8481)
rivm_windturbines_ashoogte_actueel.893,154.0,106.0,7350.0,-12081.3275242,404784.548651,België,,SWT7.0-154,,,zee,2026-01-11,POINT (-12081.3275 404784.5487)
rivm_windturbines_ashoogte_actueel.894,112.0,71.0,3000.0,-17557.5409119,404803.88831,België,,V112,,,zee,2026-01-11,POINT (-17557.5409 404803.8883)
rivm_windturbines_ashoogte_actueel.895,112.0,71.0,3000.0,-19805.1391919,404831.702552,België,,V112,,,zee,2026-01-11,POINT (-19805.1392 404831.7026)
rivm_windturbines_ashoogte_actueel.896,90.0,80.0,3000.0,36443.4774,404838.7709,Nederland,,,Veere,Zeeland,land,2026-01-11,POINT (36443.4774 404838.7709)
rivm_windturbines_ashoogte_actueel.897,112.0,71.0,3000.0,-19216.0961349,404881.059793,België,,V112,,,zee,2026-01-11,POINT (-19216.0961 404881.0598)
rivm_windturbines_ashoogte_actueel.898,136.0,136.0,4300.0,37702.3507697,404910.87045,Nederland,,,Veere,Zeeland,land,2026-01-11,POINT (37702.3508 404910.8704)
rivm_windturbines_ashoogte_actueel.899,154.0,106.0,7350.0,-14781.6521395,404917.622743,België,,SWT7.0-154,,,zee,2026-01-11,POINT (-14781.6521 404917.6227)
rivm_windturbines_ashoogte_actueel.900,112.0,71.0,3000.0,-18552.8754123,404952.370368,België,,V112,,,zee,2026-01-11,POINT (-18552.8754 404952.3704)
rivm_windturbines_ashoogte_actueel.901,108.0,89.5,3200.0,87361.9862,404965.3315,Nederland,,,Steenbergen,Noord-Brabant,land,2026-01-11,POINT (87361.9862 404965.3315)
rivm_windturbines_ashoogte_actueel.902,149.0,135.0,4500.0,108226.201923,405055.416217,Nederland,,,Breda,Noord-Brabant,land,2026-01-11,POINT (108226.2019 405055.4162)
rivm_windturbines_ashoogte_actueel.903,167.0,116.0,8000.0,-3147.13485694,405065.179073,Nederland,Borssele II,SG 8.0-167 DD,,,zee,2026-01-11,POINT (-3147.1349 405065.1791)
rivm_windturbines_ashoogte_actueel.904,112.0,71.0,3000.0,-17976.5042599,405088.53856,België,,V112,,,zee,2026-01-11,POINT (-17976.5043 405088.5386)
rivm_windturbines_ashoogte_actueel.905,112.0,71.0,3000.0,-17059.4837181,405099.593026,België,,V112,,,zee,2026-01-11,POINT (-17059.4837 405099.593)
rivm_windturbines_ashoogte_actueel.906,154.0,106.0,7350.0,-13611.8589226,405107.63977,België,,SWT7.0-154,,,zee,2026-01-11,POINT (-13611.8589 405107.6398)
rivm_windturbines_ashoogte_actueel.907,110.0,110.0,3400.0,55333.7688095,405148.196201,Nederland,,,Schouwen-Duiveland,Zeeland,land,2026-01-11,POINT (55333.7688 405148.1962)
rivm_windturbines_ashoogte_actueel.908,136.0,136.0,4300.0,36770.7408902,405156.234455,Nederland,,,Veere,Zeeland,land,2026-01-11,POINT (36770.7409 405156.2345)
rivm_windturbines_ashoogte_actueel.909,136.0,136.0,4300.0,36312.6905343,405160.150571,Nederland,,,Veere,Zeeland,land,2026-01-11,POINT (36312.6905 405160.1506)
rivm_windturbines_ashoogte_actueel.910,112.0,71.0,3000.0,-16494.0060047,405214.499905,België,,V112,,,zee,2026-01-11,POINT (-16494.006 405214.4999)
rivm_windturbines_ashoogte_actueel.911,167.0,116.0,8000.0,-4430.4883327,405214.97837,Nederland,Borssele II,SG 8.0-167 DD,,,zee,2026-01-11,POINT (-4430.4883 405214.9784)
rivm_windturbines_ashoogte_actueel.912,154.0,106.0,7350.0,-12506.8351672,405217.867251,België,,SWT7.0-154,,,zee,2026-01-11,POINT (-12506.8352 405217.8673)
rivm_windturbines_ashoogte_actueel.913,167.0,109.0,8400.0,-21331.0535028,405224.624097,België,,Siemens D8.0-167,,,zee,2026-01-11,POINT (-21331.0535 405224.6241)
rivm_windturbines_ashoogte_actueel.914,167.0,116.0,8000.0,-7030.93744724,405229.899867,Nederland,Borssele II,SG 8.0-167 DD,,,zee,2026-01-11,POINT (-7030.9374 405229.8999)
rivm_windturbines_ashoogte_actueel.915,136.0,136.0,4300.0,37473.7503125,405234.721098,Nederland,,,Veere,Zeeland,land,2026-01-11,POINT (37473.7503 405234.7211)
rivm_windturbines_ashoogte_actueel.916,112.0,71.0,3000.0,-19467.6664997,405239.642668,België,,V112,,,zee,2026-01-11,POINT (-19467.6665 405239.6427)
rivm_windturbines_ashoogte_actueel.917,112.0,71.0,3000.0,-18851.3863106,405263.013055,België,,V112,,,zee,2026-01-11,POINT (-18851.3863 405263.0131)
rivm_windturbines_ashoogte_actueel.918,108.0,89.5,3200.0,87103.6722,405271.4055,Nederland,,,Steenbergen,Noord-Brabant,land,2026-01-11,POINT (87103.6722 405271.4055)
rivm_windturbines_ashoogte_actueel.919,167.0,109.0,8400.0,-22063.6227048,405313.395029,België,,Siemens D8.0-167,,,zee,2026-01-11,POINT (-22063.6227 405313.395)
rivm_windturbines_ashoogte_actueel.920,82.0,78.0,2300.0,67446.6927,405368.9895,Nederland,,,Tholen,Zeeland,land,2026-01-11,POINT (67446.6927 405368.9895)
rivm_windturbines_ashoogte_actueel.921,127.0,99.0,4200.0,39716.4266,405375.4602,Nederland,,,Veere,Zeeland,land,2026-01-11,POINT (39716.4266 405375.4602)
rivm_windturbines_ashoogte_actueel.922,112.0,71.0,3000.0,-18283.2162586,405399.060446,België,,V112,,,zee,2026-01-11,POINT (-18283.2163 405399.0604)
rivm_windturbines_ashoogte_actueel.923,112.0,71.0,3000.0,-17501.6048107,405412.438929,België,,V112,,,zee,2026-01-11,POINT (-17501.6048 405412.4389)
rivm_windturbines_ashoogte_actueel.924,164.0,116.0,9500.0,-9786.01789784,405473.366449,Nederland,Borssele III,MHI Vestas V164-9.5 MW,,,zee,2026-01-11,POINT (-9786.0179 405473.3664)
rivm_windturbines_ashoogte_actueel.925,108.0,89.5,3200.0,87669.0349,405501.9258,Nederland,,,Moerdijk,Noord-Brabant,land,2026-01-11,POINT (87669.0349 405501.9258)
rivm_windturbines_ashoogte_actueel.926,154.0,106.0,7350.0,-14079.9699762,405513.242086,België,,SWT7.0-154,,,zee,2026-01-11,POINT (-14079.97 405513.2421)
rivm_windturbines_ashoogte_actueel.927,112.0,71.0,3000.0,-16942.9002528,405523.451288,België,,V112,,,zee,2026-01-11,POINT (-16942.9003 405523.4513)
rivm_windturbines_ashoogte_actueel.928,108.0,89.5,3200.0,86834.0572,405564.3396,Nederland,,,Steenbergen,Noord-Brabant,land,2026-01-11,POINT (86834.0572 405564.3396)
rivm_windturbines_ashoogte_actueel.929,154.0,106.0,7350.0,-12977.6453771,405595.73169,België,,SWT7.0-154,,,zee,2026-01-11,POINT (-12977.6454 405595.7317)
rivm_windturbines_ashoogte_actueel.930,82.0,78.0,2300.0,67092.0181,405596.5856,Nederland,,,Tholen,Zeeland,land,2026-01-11,POINT (67092.0181 405596.5856)
rivm_windturbines_ashoogte_actueel.931,167.0,109.0,8400.0,-20484.4630323,405598.597357,België,,Siemens D8.0-167,,,zee,2026-01-11,POINT (-20484.463 405598.5974)
rivm_windturbines_ashoogte_actueel.932,112.0,71.0,3000.0,-16225.0840525,405628.717012,België,,V112,,,zee,2026-01-11,POINT (-16225.0841 405628.717)
rivm_windturbines_ashoogte_actueel.933,110.0,110.0,3400.0,55135.965914,405632.596407,Nederland,,,Schouwen-Duiveland,Zeeland,land,2026-01-11,POINT (55135.9659 405632.5964)
rivm_windturbines_ashoogte_actueel.934,112.0,71.0,3000.0,-19141.0576819,405644.270712,België,,V112,,,zee,2026-01-11,POINT (-19141.0577 405644.2707)
rivm_windturbines_ashoogte_actueel.935,164.0,116.0,9500.0,-11196.5722163,405654.602192,Nederland,Borssele III,MHI Vestas V164-9.5 MW,,,zee,2026-01-11,POINT (-11196.5722 405654.6022)
rivm_windturbines_ashoogte_actueel.936,112.0,71.0,3000.0,-18565.7809099,405693.105969,België,,V112,,,zee,2026-01-11,POINT (-18565.7809 405693.106)
rivm_windturbines_ashoogte_actueel.937,167.0,109.0,8400.0,-22574.8424047,405715.172992,België,,Siemens D8.0-167,,,zee,2026-01-11,POINT (-22574.8424 405715.173)
rivm_windturbines_ashoogte_actueel.938,112.0,71.0,3000.0,-17807.6361243,405715.482079,België,,V112,,,zee,2026-01-11,POINT (-17807.6361 405715.4821)
rivm_windturbines_ashoogte_actueel.939,112.0,71.0,3000.0,-15653.2319253,405720.863465,België,,V112,,,zee,2026-01-11,POINT (-15653.2319 405720.8635)
rivm_windturbines_ashoogte_actueel.940,149.0,135.0,4300.0,106902.025124,405735.726798,Nederland,,,Moerdijk,Noord-Brabant,land,2026-01-11,POINT (106902.0251 405735.7268)
rivm_windturbines_ashoogte_actueel.941,108.0,89.5,3200.0,87366.6213,405745.0053,Nederland,,,Moerdijk,Noord-Brabant,land,2026-01-11,POINT (87366.6213 405745.0053)
rivm_windturbines_ashoogte_actueel.942,127.0,99.0,4200.0,40069.3741582,405767.635122,Nederland,,,Veere,Zeeland,land,2026-01-11,POINT (40069.3742 405767.6351)
rivm_windturbines_ashoogte_actueel.943,127.0,99.0,4200.0,39193.7828,405807.783,Nederland,,,Veere,Zeeland,land,2026-01-11,POINT (39193.7828 405807.783)
rivm_windturbines_ashoogte_actueel.944,82.0,78.0,2300.0,66740.1482,405823.1499,Nederland,,,Tholen,Zeeland,land,2026-01-11,POINT (66740.1482 405823.1499)
rivm_windturbines_ashoogte_actueel.945,112.0,71.0,3000.0,-17239.7868535,405828.26238,België,,V112,,,zee,2026-01-11,POINT (-17239.7869 405828.2624)
rivm_windturbines_ashoogte_actueel.946,149.0,135.0,5700.0,107501.718162,405864.277029,Nederland,,,Drimmelen,Noord-Brabant,land,2026-01-11,POINT (107501.7182 405864.277)
rivm_windturbines_ashoogte_actueel.947,108.0,89.5,3200.0,86581.8625,405905.322,Nederland,,,Steenbergen,Noord-Brabant,land,2026-01-11,POINT (86581.8625 405905.322)
rivm_windturbines_ashoogte_actueel.948,112.0,71.0,3000.0,-16671.7919894,405938.673318,België,,V112,,,zee,2026-01-11,POINT (-16671.792 405938.6733)
rivm_windturbines_ashoogte_actueel.949,167.0,116.0,8000.0,-5613.63494454,405978.597255,Nederland,Borssele II,SG 8.0-167 DD,,,zee,2026-01-11,POINT (-5613.6349 405978.5973)
rivm_windturbines_ashoogte_actueel.950,108.0,89.5,3200.0,87106.478,406013.7652,Nederland,,,Moerdijk,Noord-Brabant,land,2026-01-11,POINT (87106.478 406013.7652)
rivm_windturbines_ashoogte_actueel.951,112.0,71.0,3000.0,-18103.9676517,406015.929986,België,,V112,,,zee,2026-01-11,POINT (-18103.9677 406015.93)
rivm_windturbines_ashoogte_actueel.952,82.0,78.0,2300.0,66389.0192,406048.9732,Nederland,,,Tholen,Zeeland,land,2026-01-11,POINT (66389.0192 406048.9732)
rivm_windturbines_ashoogte_actueel.953,112.0,71.0,3000.0,-15224.8264667,406049.448929,België,,V112,,,zee,2026-01-11,POINT (-15224.8265 406049.4489)
rivm_windturbines_ashoogte_actueel.954,112.0,71.0,3000.0,-18801.6500871,406049.690003,België,,V112,,,zee,2026-01-11,POINT (-18801.6501 406049.69)
rivm_windturbines_ashoogte_actueel.955,154.0,106.0,7350.0,-13397.8005279,406051.543336,België,,SWT7.0-154,,,zee,2026-01-11,POINT (-13397.8005 406051.5433)
rivm_windturbines_ashoogte_actueel.956,112.0,71.0,3000.0,-16105.5218103,406054.482948,België,,V112,,,zee,2026-01-11,POINT (-16105.5218 406054.4829)
rivm_windturbines_ashoogte_actueel.957,167.0,109.0,8400.0,-19765.3142736,406060.829112,België,,Siemens D8.0-167,,,zee,2026-01-11,POINT (-19765.3143 406060.8291)
rivm_windturbines_ashoogte_actueel.958,167.0,109.0,8400.0,-23034.6074546,406063.893184,België,,Siemens D8.0-167,,,zee,2026-01-11,POINT (-23034.6075 406063.8932)
rivm_windturbines_ashoogte_actueel.959,127.0,99.0,4200.0,38781.2495,406093.4611,Nederland,,,Veere,Zeeland,land,2026-01-11,POINT (38781.2495 406093.4611)
rivm_windturbines_ashoogte_actueel.960,167.0,116.0,8000.0,-2925.29331419,406103.836088,Nederland,Borssele II,SG 8.0-167 DD,,,zee,2026-01-11,POINT (-2925.2933 406103.8361)
rivm_windturbines_ashoogte_actueel.961,110.0,110.0,3400.0,54937.4221936,406118.054871,Nederland,,,Schouwen-Duiveland,Zeeland,land,2026-01-11,POINT (54937.4222 406118.0549)
rivm_windturbines_ashoogte_actueel.962,149.0,135.0,4500.0,106722.624249,406118.75795,Nederland,,,Moerdijk,Noord-Brabant,land,2026-01-11,POINT (106722.6242 406118.758)
rivm_windturbines_ashoogte_actueel.963,112.0,71.0,3000.0,-17531.9999066,406130.060149,België,,V112,,,zee,2026-01-11,POINT (-17531.9999 406130.0601)
rivm_windturbines_ashoogte_actueel.964,167.0,116.0,8000.0,-8233.34314676,406164.494861,Nederland,Borssele II,SG 8.0-167 DD,,,zee,2026-01-11,POINT (-8233.3431 406164.4949)
rivm_windturbines_ashoogte_actueel.965,127.0,99.0,4200.0,40355.0188956,406179.698008,Nederland,,,Veere,Zeeland,land,2026-01-11,POINT (40355.0189 406179.698)
rivm_windturbines_ashoogte_actueel.966,108.0,89.5,3200.0,86292.3072,406192.7597,Nederland,,,Steenbergen,Noord-Brabant,land,2026-01-11,POINT (86292.3072 406192.7597)
rivm_windturbines_ashoogte_actueel.967,127.0,99.0,4200.0,39521.0307,406208.8287,Nederland,,,Veere,Zeeland,land,2026-01-11,POINT (39521.0307 406208.8287)
rivm_windturbines_ashoogte_actueel.968,112.0,71.0,3000.0,-16967.7129076,406242.61213,België,,V112,,,zee,2026-01-11,POINT (-16967.7129 406242.6121)
rivm_windturbines_ashoogte_actueel.969,82.0,78.0,2300.0,66032.4926,406279.8236,Nederland,,,Tholen,Zeeland,land,2026-01-11,POINT (66032.4926 406279.8236)
rivm_windturbines_ashoogte_actueel.970,112.0,71.0,3000.0,-15578.9338469,406299.912043,België,,V112,,,zee,2026-01-11,POINT (-15578.9338 406299.912)
rivm_windturbines_ashoogte_actueel.971,108.0,89.5,3200.0,86865.1584,406309.3811,Nederland,,,Moerdijk,Noord-Brabant,land,2026-01-11,POINT (86865.1584 406309.3811)
rivm_windturbines_ashoogte_actueel.972,149.0,135.0,4500.0,107292.484748,406312.943745,Nederland,,,Drimmelen,Noord-Brabant,land,2026-01-11,POINT (107292.4847 406312.9437)
rivm_windturbines_ashoogte_actueel.973,167.0,109.0,8400.0,-21207.896692,406352.594212,België,,Siemens D8.0-167,,,zee,2026-01-11,POINT (-21207.8967 406352.5942)
rivm_windturbines_ashoogte_actueel.974,112.0,71.0,3000.0,-16402.2365712,406354.740281,België,,V112,,,zee,2026-01-11,POINT (-16402.2366 406354.7403)
rivm_windturbines_ashoogte_actueel.975,167.0,109.0,8400.0,-20416.4083053,406360.582722,België,,Siemens D8.0-167,,,zee,2026-01-11,POINT (-20416.4083 406360.5827)
rivm_windturbines_ashoogte_actueel.976,112.0,71.0,3000.0,-18395.3015748,406393.73906,België,,V112,,,zee,2026-01-11,POINT (-18395.3016 406393.7391)
rivm_windturbines_ashoogte_actueel.977,112.0,71.0,3000.0,-14798.1490599,406416.27006,België,,V112,,,zee,2026-01-11,POINT (-14798.1491 406416.2701)
rivm_windturbines_ashoogte_actueel.978,112.0,71.0,3000.0,-17830.3923039,406436.174486,België,,V112,,,zee,2026-01-11,POINT (-17830.3923 406436.1745)
rivm_windturbines_ashoogte_actueel.979,127.0,96.0,4000.0,38305.9915161,406472.98291,Nederland,,,Veere,Zeeland,land,2026-01-11,POINT (38305.9915 406472.9829)
rivm_windturbines_ashoogte_actueel.980,127.0,99.0,4200.0,39093.5945092,406483.851304,Nederland,,,Veere,Zeeland,land,2026-01-11,POINT (39093.5945 406483.8513)
rivm_windturbines_ashoogte_actueel.981,149.0,135.0,4300.0,106542.564913,406508.191326,Nederland,,,Moerdijk,Noord-Brabant,land,2026-01-11,POINT (106542.5649 406508.1913)
rivm_windturbines_ashoogte_actueel.982,112.0,71.0,3000.0,-17262.000306,406551.93629,België,,V112,,,zee,2026-01-11,POINT (-17262.0003 406551.9363)
rivm_windturbines_ashoogte_actueel.983,167.0,116.0,8000.0,-4007.3321006,406572.996065,Nederland,Borssele II,SG 8.0-167 DD,,,zee,2026-01-11,POINT (-4007.3321 406572.9961)
rivm_windturbines_ashoogte_actueel.984,127.0,99.0,4200.0,39892.8976,406583.4246,Nederland,,,Veere,Zeeland,land,2026-01-11,POINT (39892.8976 406583.4246)
rivm_windturbines_ashoogte_actueel.985,112.0,71.0,3000.0,-15872.3372122,406604.000253,België,,V112,,,zee,2026-01-11,POINT (-15872.3372 406604.0003)
rivm_windturbines_ashoogte_actueel.986,108.0,89.5,3200.0,86619.6484,406606.3392,Nederland,,,Moerdijk,Noord-Brabant,land,2026-01-11,POINT (86619.6484 406606.3392)
rivm_windturbines_ashoogte_actueel.987,112.0,71.0,3000.0,-16695.9116844,406664.053945,België,,V112,,,zee,2026-01-11,POINT (-16695.9117 406664.0539)
rivm_windturbines_ashoogte_actueel.988,167.0,116.0,8000.0,-6803.0274222,406704.368735,Nederland,Borssele II,SG 8.0-167 DD,,,zee,2026-01-11,POINT (-6803.0274 406704.3687)
rivm_windturbines_ashoogte_actueel.989,149.0,135.0,4300.0,107094.363948,406717.814664,Nederland,,,Drimmelen,Noord-Brabant,land,2026-01-11,POINT (107094.3639 406717.8147)
rivm_windturbines_ashoogte_actueel.990,112.0,71.0,3000.0,-15308.8732574,406719.255442,België,,V112,,,zee,2026-01-11,POINT (-15308.8733 406719.2554)
rivm_windturbines_ashoogte_actueel.991,167.0,109.0,8400.0,-19171.5094156,406750.533899,België,,Siemens D8.0-167,,,zee,2026-01-11,POINT (-19171.5094 406750.5339)
rivm_windturbines_ashoogte_actueel.992,164.0,116.0,9500.0,-9623.81943195,406754.247462,Nederland,Borssele III,MHI Vestas V164-9.5 MW,,,zee,2026-01-11,POINT (-9623.8194 406754.2475)
rivm_windturbines_ashoogte_actueel.993,167.0,109.0,8400.0,-21698.8247286,406773.250499,België,,Siemens D8.0-167,,,zee,2026-01-11,POINT (-21698.8247 406773.2505)
rivm_windturbines_ashoogte_actueel.994,112.0,79.0,3300.0,-24031.7768256,406778.745008,België,,,,,zee,2026-01-11,POINT (-24031.7768 406778.745)
rivm_windturbines_ashoogte_actueel.995,136.0,136.0,4300.0,38243.4822998,406792.827026,Nederland,,,Veere,Zeeland,land,2026-01-11,POINT (38243.4823 406792.827)
rivm_windturbines_ashoogte_actueel.996,127.0,96.0,4000.0,38802.9569788,406816.200947,Nederland,,,Veere,Zeeland,land,2026-01-11,POINT (38802.957 406816.2009)
rivm_windturbines_ashoogte_actueel.997,112.0,71.0,3000.0,-18179.6030673,406822.547803,België,,V112,,,zee,2026-01-11,POINT (-18179.6031 406822.5478)
rivm_windturbines_ashoogte_actueel.998,112.0,71.0,3000.0,-14746.2192536,406833.174592,België,,V112,,,zee,2026-01-11,POINT (-14746.2193 406833.1746)
rivm_windturbines_ashoogte_actueel.999,112.0,71.0,3000.0,-17608.7351836,406860.781771,België,,V112,,,zee,2026-01-11,POINT (-17608.7352 406860.7818)
rivm_windturbines_ashoogte_actueel.1000,127.0,99.0,4200.0,39476.1348377,406904.065883,Nederland,,,Veere,Zeeland,land,2026-01-11,POINT (39476.1348 406904.0659)
rivm_windturbines_ashoogte_actueel.1001,112.0,71.0,3000.0,-16170.6817744,406915.812478,België,,V112,,,zee,2026-01-11,POINT (-16170.6818 406915.8125)
rivm_windturbines_ashoogte_actueel.1002,112.0,71.0,3000.0,-14190.7216078,406946.805531,België,,V112,,,zee,2026-01-11,POINT (-14190.7216 406946.8055)
rivm_windturbines_ashoogte_actueel.1003,112.0,71.0,3000.0,-16988.2014025,406965.389631,België,,V112,,,zee,2026-01-11,POINT (-16988.2014 406965.3896)
rivm_windturbines_ashoogte_actueel.1004,167.0,109.0,8400.0,-19793.2710641,407003.446458,België,,Siemens D8.0-167,,,zee,2026-01-11,POINT (-19793.2711 407003.4465)
rivm_windturbines_ashoogte_actueel.1005,112.0,71.0,3000.0,-15607.6474846,407019.312912,België,,V112,,,zee,2026-01-11,POINT (-15607.6475 407019.3129)
rivm_windturbines_ashoogte_actueel.1006,136.0,136.0,4300.0,38069.7885884,407056.969212,Nederland,,,Veere,Zeeland,land,2026-01-11,POINT (38069.7886 407056.9692)
rivm_windturbines_ashoogte_actueel.1007,164.0,116.0,9500.0,-12601.5720258,407067.218448,Nederland,Borssele III,MHI Vestas V164-9.5 MW,,,zee,2026-01-11,POINT (-12601.572 407067.2184)
rivm_windturbines_ashoogte_actueel.1008,136.0,136.0,4300.0,38780.0697058,407109.711799,Nederland,,,Veere,Zeeland,land,2026-01-11,POINT (38780.0697 407109.7118)
rivm_windturbines_ashoogte_actueel.1009,112.0,71.0,3000.0,-15034.6350793,407135.542428,België,,V112,,,zee,2026-01-11,POINT (-15034.6351 407135.5424)
rivm_windturbines_ashoogte_actueel.1010,167.0,109.0,8400.0,-22190.0814516,407182.06744,België,,Siemens D8.0-167,,,zee,2026-01-11,POINT (-22190.0815 407182.0674)
rivm_windturbines_ashoogte_actueel.1011,112.0,79.0,3300.0,-24167.4002483,407207.809751,België,,,,,zee,2026-01-11,POINT (-24167.4002 407207.8098)
rivm_windturbines_ashoogte_actueel.1012,112.0,71.0,3000.0,-16462.4719969,407210.831829,België,,V112,,,zee,2026-01-11,POINT (-16462.472 407210.8318)
rivm_windturbines_ashoogte_actueel.1013,112.0,71.0,3000.0,-17846.476656,407212.564257,België,,V112,,,zee,2026-01-11,POINT (-17846.4767 407212.5643)
rivm_windturbines_ashoogte_actueel.1014,167.0,116.0,8000.0,-2684.48382319,407223.046927,Nederland,Borssele II,SG 8.0-167 DD,,,zee,2026-01-11,POINT (-2684.4838 407223.0469)
rivm_windturbines_ashoogte_actueel.1015,112.0,71.0,3000.0,-14470.7669451,407238.9613,België,,V112,,,zee,2026-01-11,POINT (-14470.7669 407238.9613)
rivm_windturbines_ashoogte_actueel.1016,115.0,122.0,3000.0,71047.6233,407245.1395,Nederland,,,Schouwen-Duiveland,Zeeland,land,2026-01-11,POINT (71047.6233 407245.1395)
rivm_windturbines_ashoogte_actueel.1017,112.0,71.0,3000.0,-17289.5934244,407274.303181,België,,V112,,,zee,2026-01-11,POINT (-17289.5934 407274.3032)
rivm_windturbines_ashoogte_actueel.1018,167.0,116.0,8000.0,-5308.21349969,407302.846303,Nederland,Borssele II,SG 8.0-167 DD,,,zee,2026-01-11,POINT (-5308.2135 407302.8463)
rivm_windturbines_ashoogte_actueel.1019,112.0,79.0,3300.0,-23564.5754887,407323.121583,België,,,,,zee,2026-01-11,POINT (-23564.5755 407323.1216)
rivm_windturbines_ashoogte_actueel.1020,112.0,71.0,3000.0,-15902.8964449,407327.87648,België,,V112,,,zee,2026-01-11,POINT (-15902.8964 407327.8765)
rivm_windturbines_ashoogte_actueel.1021,115.0,122.0,3000.0,70688.8476,407403.8898,Nederland,,,Schouwen-Duiveland,Zeeland,land,2026-01-11,POINT (70688.8476 407403.8898)
rivm_windturbines_ashoogte_actueel.1022,167.0,109.0,8400.0,-20290.1763455,407424.115273,België,,Siemens D8.0-167,,,zee,2026-01-11,POINT (-20290.1763 407424.1153)
rivm_windturbines_ashoogte_actueel.1023,136.0,136.0,4300.0,38369.2975208,407429.900166,Nederland,,,Veere,Zeeland,land,2026-01-11,POINT (38369.2975 407429.9002)
rivm_windturbines_ashoogte_actueel.1024,112.0,71.0,3000.0,-15325.1422643,407440.815856,België,,V112,,,zee,2026-01-11,POINT (-15325.1423 407440.8159)
rivm_windturbines_ashoogte_actueel.1025,115.0,122.0,3000.0,71436.5616,407449.9274,Nederland,,,Schouwen-Duiveland,Zeeland,land,2026-01-11,POINT (71436.5616 407449.9274)
rivm_windturbines_ashoogte_actueel.1026,112.0,71.0,3000.0,-16754.0084426,407512.296305,België,,V112,,,zee,2026-01-11,POINT (-16754.0084 407512.2963)
rivm_windturbines_ashoogte_actueel.1027,18.0,31.4,80.0,64366.1723,407548.1481,Nederland,,,Schouwen-Duiveland,Zeeland,land,2026-01-11,POINT (64366.1723 407548.1481)
rivm_windturbines_ashoogte_actueel.1028,112.0,71.0,3000.0,-14771.8060481,407549.499196,België,,V112,,,zee,2026-01-11,POINT (-14771.806 407549.4992)
rivm_windturbines_ashoogte_actueel.1029,112.0,71.0,3000.0,-17522.3489554,407612.016114,België,,V112,,,zee,2026-01-11,POINT (-17522.349 407612.0161)
rivm_windturbines_ashoogte_actueel.1030,167.0,109.0,8400.0,-18440.6077485,407629.488959,België,,Siemens D8.0-167,,,zee,2026-01-11,POINT (-18440.6077 407629.489)
rivm_windturbines_ashoogte_actueel.1031,112.0,71.0,3000.0,-16189.7333186,407631.107375,België,,V112,,,zee,2026-01-11,POINT (-16189.7333 407631.1074)
rivm_windturbines_ashoogte_actueel.1032,115.0,122.0,3000.0,71074.6109,407634.8715,Nederland,,,Schouwen-Duiveland,Zeeland,land,2026-01-11,POINT (71074.6109 407634.8715)
rivm_windturbines_ashoogte_actueel.1033,115.0,122.0,3000.0,70327.6906,407655.5091,Nederland,,,Schouwen-Duiveland,Zeeland,land,2026-01-11,POINT (70327.6906 407655.5091)
rivm_windturbines_ashoogte_actueel.1034,164.0,116.0,9500.0,-11074.2997674,407698.034615,Nederland,Borssele III,MHI Vestas V164-9.5 MW,,,zee,2026-01-11,POINT (-11074.2998 407698.0346)
rivm_windturbines_ashoogte_actueel.1035,167.0,116.0,8000.0,-3876.29009642,407704.972807,Nederland,Borssele II,SG 8.0-167 DD,,,zee,2026-01-11,POINT (-3876.2901 407704.9728)
rivm_windturbines_ashoogte_actueel.1036,112.0,79.0,3300.0,-23790.9954008,407714.886807,België,,,,,zee,2026-01-11,POINT (-23790.9954 407714.8868)
rivm_windturbines_ashoogte_actueel.1037,112.0,71.0,3000.0,-15625.4872622,407746.095656,België,,V112,,,zee,2026-01-11,POINT (-15625.4873 407746.0957)
rivm_windturbines_ashoogte_actueel.1038,112.0,79.0,3300.0,-24342.0109367,407761.124849,België,,,,,zee,2026-01-11,POINT (-24342.0109 407761.1248)
rivm_windturbines_ashoogte_actueel.1039,167.0,116.0,8000.0,-7917.96768014,407774.125171,Nederland,Borssele II,SG 8.0-167 DD,,,zee,2026-01-11,POINT (-7917.9677 407774.1252)
rivm_windturbines_ashoogte_actueel.1040,115.0,122.0,3000.0,70713.4539,407817.4344,Nederland,,,Schouwen-Duiveland,Zeeland,land,2026-01-11,POINT (70713.4539 407817.4344)
rivm_windturbines_ashoogte_actueel.1041,167.0,109.0,8400.0,-20781.0615777,407844.593538,België,,Siemens D8.0-167,,,zee,2026-01-11,POINT (-20781.0616 407844.5935)
rivm_windturbines_ashoogte_actueel.1042,112.0,71.0,3000.0,-15064.42167,407845.142956,België,,V112,,,zee,2026-01-11,POINT (-15064.4217 407845.143)
rivm_windturbines_ashoogte_actueel.1043,115.0,122.0,3000.0,69959.3899,407909.5096,Nederland,,,Schouwen-Duiveland,Zeeland,land,2026-01-11,POINT (69959.3899 407909.5096)
rivm_windturbines_ashoogte_actueel.1044,112.0,79.0,3300.0,-23133.4401071,407912.469896,België,,,,,zee,2026-01-11,POINT (-23133.4401 407912.4699)
rivm_windturbines_ashoogte_actueel.1045,112.0,71.0,3000.0,-17035.707437,407922.888207,België,,V112,,,zee,2026-01-11,POINT (-17035.7074 407922.8882)
rivm_windturbines_ashoogte_actueel.1046,112.0,71.0,3000.0,-16481.9761849,407932.658577,België,,V112,,,zee,2026-01-11,POINT (-16481.9762 407932.6586)
rivm_windturbines_ashoogte_actueel.1047,18.0,34.0,80.0,107272.925,408012.9386,Nederland,,,Drimmelen,Noord-Brabant,land,2026-01-11,POINT (107272.925 408012.9386)
rivm_windturbines_ashoogte_actueel.1048,167.0,109.0,8400.0,-18960.8604103,408027.581013,België,,Siemens D8.0-167,,,zee,2026-01-11,POINT (-18960.8604 408027.581)
rivm_windturbines_ashoogte_actueel.1049,112.0,71.0,3000.0,-15919.6461666,408055.182157,België,,V112,,,zee,2026-01-11,POINT (-15919.6462 408055.1822)
rivm_windturbines_ashoogte_actueel.1050,18.0,34.0,80.0,107222.925,408084.9387,Nederland,,,Drimmelen,Noord-Brabant,land,2026-01-11,POINT (107222.925 408084.9387)
rivm_windturbines_ashoogte_actueel.1051,48.0,60.0,750.0,97455.4581,408099.2948,Nederland,,,Moerdijk,Noord-Brabant,land,2026-01-11,POINT (97455.4581 408099.2948)
rivm_windturbines_ashoogte_actueel.1052,115.0,122.0,3000.0,70426.1158,408107.9475,Nederland,,,Schouwen-Duiveland,Zeeland,land,2026-01-11,POINT (70426.1158 408107.9475)
rivm_windturbines_ashoogte_actueel.1053,167.0,116.0,8000.0,-6454.24023638,408151.495838,Nederland,Borssele II,SG 8.0-167 DD,,,zee,2026-01-11,POINT (-6454.2402 408151.4958)
rivm_windturbines_ashoogte_actueel.1054,112.0,71.0,3000.0,-15362.6562432,408159.432531,België,,V112,,,zee,2026-01-11,POINT (-15362.6562 408159.4325)
rivm_windturbines_ashoogte_actueel.1055,164.0,116.0,9500.0,-9247.18987337,408163.523617,Nederland,Borssele III,MHI Vestas V164-9.5 MW,,,zee,2026-01-11,POINT (-9247.1899 408163.5236)
rivm_windturbines_ashoogte_actueel.1056,115.0,122.0,3000.0,69242.6322,408189.7039,Nederland,,,Schouwen-Duiveland,Zeeland,land,2026-01-11,POINT (69242.6322 408189.7039)
rivm_windturbines_ashoogte_actueel.1057,112.0,79.0,3300.0,-23424.7811237,408205.113573,België,,,,,zee,2026-01-11,POINT (-23424.7811 408205.1136)
rivm_windturbines_ashoogte_actueel.1058,120.0,120.0,3900.0,97792.4845994,408241.723556,Nederland,,,Moerdijk,Noord-Brabant,land,2026-01-11,POINT (97792.4846 408241.7236)
rivm_windturbines_ashoogte_actueel.1059,126.0,91.0,4000.0,77710.8784872,408250.353412,Nederland,,,Goeree-Overflakkee,Zuid-Holland,land,2026-01-11,POINT (77710.8785 408250.3534)
rivm_windturbines_ashoogte_actueel.1060,167.0,109.0,8400.0,-21282.3849095,408266.223557,België,,Siemens D8.0-167,,,zee,2026-01-11,POINT (-21282.3849 408266.2236)
rivm_windturbines_ashoogte_actueel.1061,115.0,122.0,3000.0,70022.0963,408273.8416,Nederland,,,Schouwen-Duiveland,Zeeland,land,2026-01-11,POINT (70022.0963 408273.8416)
rivm_windturbines_ashoogte_actueel.1062,115.0,122.0,3000.0,68892.5878,408275.4291,Nederland,,,Schouwen-Duiveland,Zeeland,land,2026-01-11,POINT (68892.5878 408275.4291)
rivm_windturbines_ashoogte_actueel.1063,82.0,78.0,2300.0,40133.9728,408282.4263,Nederland,,,Schouwen-Duiveland,Zeeland,land,2026-01-11,POINT (40133.9728 408282.4263)
rivm_windturbines_ashoogte_actueel.1064,115.0,122.0,3000.0,69672.8456,408286.5416,Nederland,,,Schouwen-Duiveland,Zeeland,land,2026-01-11,POINT (69672.8456 408286.5416)
rivm_windturbines_ashoogte_actueel.1065,82.0,78.0,2300.0,39832.4708,408298.3298,Nederland,,,Schouwen-Duiveland,Zeeland,land,2026-01-11,POINT (39832.4708 408298.3298)
rivm_windturbines_ashoogte_actueel.1066,52.0,49.0,850.0,84660.8982,408306.9836,Nederland,,,Moerdijk,Noord-Brabant,land,2026-01-11,POINT (84660.8982 408306.9836)
rivm_windturbines_ashoogte_actueel.1067,167.0,116.0,8000.0,-2445.99595577,408336.502513,Nederland,Borssele II,SG 8.0-167 DD,,,zee,2026-01-11,POINT (-2445.996 408336.5025)
rivm_windturbines_ashoogte_actueel.1068,112.0,71.0,3000.0,-16926.9803095,408346.133939,België,,V112,,,zee,2026-01-11,POINT (-16926.9803 408346.1339)
rivm_windturbines_ashoogte_actueel.1069,117.0,91.5,4300.0,39543.1400763,408347.660483,Nederland,,,Schouwen-Duiveland,Zeeland,land,2026-01-11,POINT (39543.1401 408347.6605)
rivm_windturbines_ashoogte_actueel.1070,112.0,71.0,3000.0,-16219.9063995,408355.521088,België,,V112,,,zee,2026-01-11,POINT (-16219.9064 408355.5211)
rivm_windturbines_ashoogte_actueel.1071,90.0,72.0,3000.0,-24431.5257844,408361.967289,België,,V90,,,zee,2026-01-11,POINT (-24431.5258 408361.9673)
rivm_windturbines_ashoogte_actueel.1072,13.0,15.0,15.0,189656.419132,408386.47468,Nederland,,EAZ wind,Land van Cuijk,Noord-Brabant,land,2026-01-11,POINT (189656.4191 408386.4747)
rivm_windturbines_ashoogte_actueel.1073,112.0,79.0,3300.0,-22622.653097,408428.450148,België,,,,,zee,2026-01-11,POINT (-22622.6531 408428.4501)
rivm_windturbines_ashoogte_actueel.1074,126.0,91.0,4000.0,77179.5940913,408441.912129,Nederland,,,Goeree-Overflakkee,Zuid-Holland,land,2026-01-11,POINT (77179.5941 408441.9121)
rivm_windturbines_ashoogte_actueel.1075,112.0,71.0,3000.0,-15657.7284021,408457.590792,België,,V112,,,zee,2026-01-11,POINT (-15657.7284 408457.5908)
rivm_windturbines_ashoogte_actueel.1076,164.0,116.0,9500.0,-13862.3311686,408459.935751,Nederland,Borssele III,MHI Vestas V164-9.5 MW,,,zee,2026-01-11,POINT (-13862.3312 408459.9358)
rivm_windturbines_ashoogte_actueel.1077,167.0,109.0,8400.0,-19430.0793382,408473.821356,België,,Siemens D8.0-167,,,zee,2026-01-11,POINT (-19430.0793 408473.8214)
rivm_windturbines_ashoogte_actueel.1078,115.0,122.0,3000.0,68597.3122,408489.742,Nederland,,,Schouwen-Duiveland,Zeeland,land,2026-01-11,POINT (68597.3122 408489.742)
rivm_windturbines_ashoogte_actueel.1079,52.0,48.0,850.0,84970.589,408498.6669,Nederland,,,Moerdijk,Noord-Brabant,land,2026-01-11,POINT (84970.589 408498.6669)
rivm_windturbines_ashoogte_actueel.1080,115.0,122.0,3000.0,70337.0992596,408522.383891,Nederland,,,Schouwen-Duiveland,Zeeland,land,2026-01-11,POINT (70337.0993 408522.3839)
rivm_windturbines_ashoogte_actueel.1081,115.0,122.0,3000.0,68995.7755,408545.3046,Nederland,,,Schouwen-Duiveland,Zeeland,land,2026-01-11,POINT (68995.7755 408545.3046)
rivm_windturbines_ashoogte_actueel.1082,112.0,79.0,3300.0,-23691.8159874,408569.88858,België,,,,,zee,2026-01-11,POINT (-23691.816 408569.8886)
rivm_windturbines_ashoogte_actueel.1083,167.0,109.0,8400.0,-17609.3380883,408594.960401,België,,Siemens D8.0-167,,,zee,2026-01-11,POINT (-17609.3381 408594.9604)
rivm_windturbines_ashoogte_actueel.1084,126.0,91.0,4000.0,76793.98957,408595.02681,Nederland,,,Goeree-Overflakkee,Zuid-Holland,land,2026-01-11,POINT (76793.9896 408595.0268)
rivm_windturbines_ashoogte_actueel.1085,115.0,122.0,3000.0,69395.8263,408596.1047,Nederland,,,Schouwen-Duiveland,Zeeland,land,2026-01-11,POINT (69395.8263 408596.1047)
rivm_windturbines_ashoogte_actueel.1086,117.0,91.5,4300.0,39512.1009369,408610.614056,Nederland,,,Schouwen-Duiveland,Zeeland,land,2026-01-11,POINT (39512.1009 408610.6141)
rivm_windturbines_ashoogte_actueel.1087,115.0,122.0,3000.0,71205.7122,408616.0808,Nederland,,,Schouwen-Duiveland,Zeeland,land,2026-01-11,POINT (71205.7122 408616.0808)
rivm_windturbines_ashoogte_actueel.1088,82.0,78.0,2300.0,40213.3041,408620.9461,Nederland,,,Schouwen-Duiveland,Zeeland,land,2026-01-11,POINT (40213.3041 408620.9461)
rivm_windturbines_ashoogte_actueel.1089,133.0,85.0,4800.0,80917.9067492,408630.750466,Nederland,,,Goeree-Overflakkee,Zuid-Holland,land,2026-01-11,POINT (80917.9067 408630.7505)
rivm_windturbines_ashoogte_actueel.1090,82.0,78.0,2300.0,39924.5825,408632.1607,Nederland,,,Schouwen-Duiveland,Zeeland,land,2026-01-11,POINT (39924.5825 408632.1607)
rivm_windturbines_ashoogte_actueel.1091,115.0,122.0,3000.0,69799.0521,408635.7923,Nederland,,,Schouwen-Duiveland,Zeeland,land,2026-01-11,POINT (69799.0521 408635.7923)
rivm_windturbines_ashoogte_actueel.1092,115.0,122.0,3000.0,70763.4466,408640.5959,Nederland,,,Schouwen-Duiveland,Zeeland,land,2026-01-11,POINT (70763.4466 408640.5959)
rivm_windturbines_ashoogte_actueel.1093,115.0,122.0,3000.0,71641.7464,408658.4142,Nederland,,,Schouwen-Duiveland,Zeeland,land,2026-01-11,POINT (71641.7464 408658.4142)
rivm_windturbines_ashoogte_actueel.1094,90.0,72.0,3000.0,-24774.0905961,408660.560355,België,,V90,,,zee,2026-01-11,POINT (-24774.0906 408660.5604)
rivm_windturbines_ashoogte_actueel.1095,112.0,71.0,3000.0,-16505.6052029,408706.287124,België,,V112,,,zee,2026-01-11,POINT (-16505.6052 408706.2871)
rivm_windturbines_ashoogte_actueel.1096,167.0,116.0,8000.0,-4991.51502375,408721.946872,Nederland,Borssele II,SG 8.0-167 DD,,,zee,2026-01-11,POINT (-4991.515 408721.9469)
rivm_windturbines_ashoogte_actueel.1097,120.0,120.0,3900.0,97888.1316657,408737.818298,Nederland,,,Moerdijk,Noord-Brabant,land,2026-01-11,POINT (97888.1317 408737.8183)
rivm_windturbines_ashoogte_actueel.1098,112.0,79.0,3300.0,-22946.4071994,408757.917306,België,,,,,zee,2026-01-11,POINT (-22946.4072 408757.9173)
rivm_windturbines_ashoogte_actueel.1099,126.0,91.0,4000.0,76399.9580528,408763.236,Nederland,,,Goeree-Overflakkee,Zuid-Holland,land,2026-01-11,POINT (76399.9581 408763.236)
rivm_windturbines_ashoogte_actueel.1100,112.0,71.0,3000.0,-15948.6091449,408766.982043,België,,V112,,,zee,2026-01-11,POINT (-15948.6091 408766.982)
rivm_windturbines_ashoogte_actueel.1101,133.0,85.0,4800.0,81396.0451603,408786.032941,Nederland,,,Goeree-Overflakkee,Zuid-Holland,land,2026-01-11,POINT (81396.0452 408786.0329)
rivm_windturbines_ashoogte_actueel.1102,52.0,48.0,850.0,85709.9007,408891.9812,Nederland,,,Moerdijk,Noord-Brabant,land,2026-01-11,POINT (85709.9007 408891.9812)
rivm_windturbines_ashoogte_actueel.1103,115.0,122.0,3000.0,68583.0247,408897.7303,Nederland,,,Schouwen-Duiveland,Zeeland,land,2026-01-11,POINT (68583.0247 408897.7303)
rivm_windturbines_ashoogte_actueel.1104,133.0,85.0,4800.0,81879.5364233,408899.166174,Nederland,,,Goeree-Overflakkee,Zuid-Holland,land,2026-01-11,POINT (81879.5364 408899.1662)
rivm_windturbines_ashoogte_actueel.1105,167.0,109.0,8400.0,-19911.610212,408905.661725,België,,Siemens D8.0-167,,,zee,2026-01-11,POINT (-19911.6102 408905.6617)
rivm_windturbines_ashoogte_actueel.1106,126.0,91.0,4000.0,76025.5630679,408934.950927,Nederland,,,Goeree-Overflakkee,Zuid-Holland,land,2026-01-11,POINT (76025.5631 408934.9509)
rivm_windturbines_ashoogte_actueel.1107,167.0,116.0,8000.0,-3599.72364019,408960.495972,Nederland,Borssele II,SG 8.0-167 DD,,,zee,2026-01-11,POINT (-3599.7236 408960.496)
rivm_windturbines_ashoogte_actueel.1108,90.0,72.0,3000.0,-25092.2143933,408987.655524,België,,V90,,,zee,2026-01-11,POINT (-25092.2144 408987.6555)
rivm_windturbines_ashoogte_actueel.1109,90.0,72.0,3000.0,-24174.8531505,408993.810887,België,,V90,,,zee,2026-01-11,POINT (-24174.8532 408993.8109)
rivm_windturbines_ashoogte_actueel.1110,115.0,122.0,3000.0,70314.5937,409016.1316,Nederland,,,Schouwen-Duiveland,Zeeland,land,2026-01-11,POINT (70314.5937 409016.1316)
rivm_windturbines_ashoogte_actueel.1111,167.0,116.0,8000.0,-7626.48350326,409021.249595,Nederland,Borssele II,SG 8.0-167 DD,,,zee,2026-01-11,POINT (-7626.4835 409021.2496)
rivm_windturbines_ashoogte_actueel.1112,167.0,109.0,8400.0,-18100.9391737,409040.293904,België,,Siemens D8.0-167,,,zee,2026-01-11,POINT (-18100.9392 409040.2939)
rivm_windturbines_ashoogte_actueel.1113,164.0,116.0,9500.0,-12396.6692661,409047.681545,Nederland,Borssele III,MHI Vestas V164-9.5 MW,,,zee,2026-01-11,POINT (-12396.6693 409047.6815)
rivm_windturbines_ashoogte_actueel.1114,115.0,122.0,3000.0,71523.2128,409060.5817,Nederland,,,Schouwen-Duiveland,Zeeland,land,2026-01-11,POINT (71523.2128 409060.5817)
rivm_windturbines_ashoogte_actueel.1115,133.0,85.0,4800.0,82354.3011519,409062.739055,Nederland,,,Goeree-Overflakkee,Zuid-Holland,land,2026-01-11,POINT (82354.3012 409062.7391)
rivm_windturbines_ashoogte_actueel.1116,112.0,79.0,3300.0,-22328.030979,409074.693834,België,,,,,zee,2026-01-11,POINT (-22328.031 409074.6938)
rivm_windturbines_ashoogte_actueel.1117,115.0,122.0,3000.0,68956.0879,409078.7057,Nederland,,,Schouwen-Duiveland,Zeeland,land,2026-01-11,POINT (68956.0879 409078.7057)
rivm_windturbines_ashoogte_actueel.1118,126.0,91.0,4000.0,75664.9352633,409086.980815,Nederland,,,Goeree-Overflakkee,Zuid-Holland,land,2026-01-11,POINT (75664.9353 409086.9808)
rivm_windturbines_ashoogte_actueel.1119,115.0,122.0,3000.0,69321.2136,409091.4057,Nederland,,,Schouwen-Duiveland,Zeeland,land,2026-01-11,POINT (69321.2136 409091.4057)
rivm_windturbines_ashoogte_actueel.1120,115.0,122.0,3000.0,69668.8768,409105.6932,Nederland,,,Schouwen-Duiveland,Zeeland,land,2026-01-11,POINT (69668.8768 409105.6932)
rivm_windturbines_ashoogte_actueel.1121,112.0,71.0,3000.0,-16297.1598223,409117.977495,België,,V112,,,zee,2026-01-11,POINT (-16297.1598 409117.9775)
rivm_windturbines_ashoogte_actueel.1122,52.0,48.0,850.0,85808.9014,409120.981,Nederland,,,Moerdijk,Noord-Brabant,land,2026-01-11,POINT (85808.9014 409120.981)
rivm_windturbines_ashoogte_actueel.1123,115.0,122.0,3000.0,70716.7612,409138.8985,Nederland,,,Schouwen-Duiveland,Zeeland,land,2026-01-11,POINT (70716.7612 409138.8985)
rivm_windturbines_ashoogte_actueel.1124,112.0,79.0,3300.0,-23317.3846724,409144.171916,België,,,,,zee,2026-01-11,POINT (-23317.3847 409144.1719)
rivm_windturbines_ashoogte_actueel.1125,120.0,120.0,3900.0,97767.4814244,409150.569124,Nederland,,,Moerdijk,Noord-Brabant,land,2026-01-11,POINT (97767.4814 409150.5691)
rivm_windturbines_ashoogte_actueel.1126,115.0,122.0,3000.0,71171.8455,409151.5985,Nederland,,,Schouwen-Duiveland,Zeeland,land,2026-01-11,POINT (71171.8455 409151.5985)
rivm_windturbines_ashoogte_actueel.1127,115.0,122.0,3000.0,70014.0265,409271.1904,Nederland,,,Schouwen-Duiveland,Zeeland,land,2026-01-11,POINT (70014.0265 409271.1904)
rivm_windturbines_ashoogte_actueel.1128,90.0,100.0,2500.0,116986.9383,409296.924,Nederland,,,Oosterhout,Noord-Brabant,land,2026-01-11,POINT (116986.9383 409296.924)
rivm_windturbines_ashoogte_actueel.1129,133.0,85.0,4800.0,82790.5530214,409298.531624,Nederland,,,Goeree-Overflakkee,Zuid-Holland,land,2026-01-11,POINT (82790.553 409298.5316)
rivm_windturbines_ashoogte_actueel.1130,90.0,72.0,3000.0,-24506.0800581,409299.210257,België,,V90,,,zee,2026-01-11,POINT (-24506.0801 409299.2103)
rivm_windturbines_ashoogte_actueel.1131,90.0,72.0,3000.0,-25421.0511058,409311.58233,België,,V90,,,zee,2026-01-11,POINT (-25421.0511 409311.5823)
rivm_windturbines_ashoogte_actueel.1132,167.0,109.0,8400.0,-20378.6567472,409348.092655,België,,Siemens D8.0-167,,,zee,2026-01-11,POINT (-20378.6567 409348.0927)
rivm_windturbines_ashoogte_actueel.1133,52.0,48.0,850.0,85906.902,409350.9808,Nederland,,,Moerdijk,Noord-Brabant,land,2026-01-11,POINT (85906.902 409350.9808)
rivm_windturbines_ashoogte_actueel.1134,105.0,90.0,3000.0,86445.2143882,409367.188841,Nederland,,,Moerdijk,Noord-Brabant,land,2026-01-11,POINT (86445.2144 409367.1888)
rivm_windturbines_ashoogte_actueel.1135,126.0,91.0,4000.0,75369.6133706,409369.115407,Nederland,,,Goeree-Overflakkee,Zuid-Holland,land,2026-01-11,POINT (75369.6134 409369.1154)
rivm_windturbines_ashoogte_actueel.1136,90.0,100.0,2500.0,117317.9388,409379.9235,Nederland,,,Oosterhout,Noord-Brabant,land,2026-01-11,POINT (117317.9388 409379.9235)
rivm_windturbines_ashoogte_actueel.1137,115.0,122.0,3000.0,70392.9106,409415.1241,Nederland,,,Schouwen-Duiveland,Zeeland,land,2026-01-11,POINT (70392.9106 409415.1241)
rivm_windturbines_ashoogte_actueel.1138,112.0,79.0,3300.0,-22641.0339462,409418.717569,België,,,,,zee,2026-01-11,POINT (-22641.0339 409418.7176)
rivm_windturbines_ashoogte_actueel.1139,167.0,116.0,8000.0,-2210.62384753,409434.124381,Nederland,Borssele II,SG 8.0-167 DD,,,zee,2026-01-11,POINT (-2210.6238 409434.1244)
rivm_windturbines_ashoogte_actueel.1140,164.0,116.0,9500.0,-9000.26136295,409446.736362,Nederland,Borssele III,MHI Vestas V164-9.5 MW,,,zee,2026-01-11,POINT (-9000.2614 409446.7364)
rivm_windturbines_ashoogte_actueel.1141,115.0,122.0,3000.0,70941.1283,409457.4575,Nederland,,,Schouwen-Duiveland,Zeeland,land,2026-01-11,POINT (70941.1283 409457.4575)
rivm_windturbines_ashoogte_actueel.1142,90.0,100.0,2500.0,117649.9393,409462.9231,Nederland,,,Oosterhout,Noord-Brabant,land,2026-01-11,POINT (117649.9393 409462.9231)
rivm_windturbines_ashoogte_actueel.1143,133.0,85.0,4800.0,83242.9999069,409508.947834,Nederland,,,Goeree-Overflakkee,Zuid-Holland,land,2026-01-11,POINT (83242.9999 409508.9478)
rivm_windturbines_ashoogte_actueel.1144,167.0,109.0,8400.0,-18552.8355245,409513.938432,België,,Siemens D8.0-167,,,zee,2026-01-11,POINT (-18552.8355 409513.9384)
rivm_windturbines_ashoogte_actueel.1145,167.0,116.0,8000.0,-6117.6717906,409524.308872,Nederland,Borssele II,SG 8.0-167 DD,,,zee,2026-01-11,POINT (-6117.6718 409524.3089)
rivm_windturbines_ashoogte_actueel.1146,112.0,79.0,3300.0,-21698.0290855,409528.720642,België,,,,,zee,2026-01-11,POINT (-21698.0291 409528.7206)
rivm_windturbines_ashoogte_actueel.1147,90.0,72.0,3000.0,-25773.7147981,409575.926665,België,,V90,,,zee,2026-01-11,POINT (-25773.7148 409575.9267)
rivm_windturbines_ashoogte_actueel.1148,120.0,120.0,3900.0,97613.0967407,409578.004354,Nederland,,,Moerdijk,Noord-Brabant,land,2026-01-11,POINT (97613.0967 409578.0044)
rivm_windturbines_ashoogte_actueel.1149,52.0,48.0,850.0,86001.9026,409581.9806,Nederland,,,Moerdijk,Noord-Brabant,land,2026-01-11,POINT (86001.9026 409581.9806)
rivm_windturbines_ashoogte_actueel.1150,90.0,72.0,3000.0,-24848.1493497,409595.50047,België,,V90,,,zee,2026-01-11,POINT (-24848.1493 409595.5005)
rivm_windturbines_ashoogte_actueel.1151,90.0,100.0,2500.0,116735.9384,409595.9243,Nederland,,,Oosterhout,Noord-Brabant,land,2026-01-11,POINT (116735.9384 409595.9243)
rivm_windturbines_ashoogte_actueel.1152,90.0,72.0,3000.0,-23913.0065199,409610.91734,België,,V90,,,zee,2026-01-11,POINT (-23913.0065 409610.9173)
rivm_windturbines_ashoogte_actueel.1153,167.0,109.0,8400.0,-16756.1591431,409612.938682,België,,Siemens D8.0-167,,,zee,2026-01-11,POINT (-16756.1591 409612.9387)
rivm_windturbines_ashoogte_actueel.1154,90.0,100.0,2500.0,117072.9389,409671.9239,Nederland,,,Oosterhout,Noord-Brabant,land,2026-01-11,POINT (117072.9389 409671.9239)
rivm_windturbines_ashoogte_actueel.1155,105.0,90.0,3000.0,86594.081079,409706.641286,Nederland,,,Moerdijk,Noord-Brabant,land,2026-01-11,POINT (86594.0811 409706.6413)
rivm_windturbines_ashoogte_actueel.1156,126.0,91.0,4000.0,75154.8330105,409734.699749,Nederland,,,Goeree-Overflakkee,Zuid-Holland,land,2026-01-11,POINT (75154.833 409734.6997)
rivm_windturbines_ashoogte_actueel.1157,90.0,100.0,2500.0,117399.9394,409744.9234,Nederland,,,Oosterhout,Noord-Brabant,land,2026-01-11,POINT (117399.9394 409744.9234)
rivm_windturbines_ashoogte_actueel.1158,112.0,79.0,3300.0,-23075.8090242,409757.758908,België,,,,,zee,2026-01-11,POINT (-23075.809 409757.7589)
rivm_windturbines_ashoogte_actueel.1159,133.0,85.0,4800.0,83666.9593661,409761.140932,Nederland,,,Goeree-Overflakkee,Zuid-Holland,land,2026-01-11,POINT (83666.9594 409761.1409)
rivm_windturbines_ashoogte_actueel.1160,120.0,120.0,3900.0,100774.166404,409766.269097,Nederland,,,Moerdijk,Noord-Brabant,land,2026-01-11,POINT (100774.1664 409766.2691)
rivm_windturbines_ashoogte_actueel.1161,52.0,48.0,850.0,86101.9032,409810.9803,Nederland,,,Moerdijk,Noord-Brabant,land,2026-01-11,POINT (86101.9032 409810.9803)
rivm_windturbines_ashoogte_actueel.1162,164.0,116.0,9500.0,-15309.2930307,409823.621563,Nederland,Borssele III,MHI Vestas V164-9.5 MW,,,zee,2026-01-11,POINT (-15309.293 409823.6216)
rivm_windturbines_ashoogte_actueel.1163,112.0,79.0,3300.0,-22235.2262409,409861.57282,België,,,,,zee,2026-01-11,POINT (-22235.2262 409861.5728)
rivm_windturbines_ashoogte_actueel.1164,90.0,72.0,3000.0,-25184.1571366,409883.537514,België,,V90,,,zee,2026-01-11,POINT (-25184.1571 409883.5375)
rivm_windturbines_ashoogte_actueel.1165,120.0,120.0,3900.0,97372.4713355,409896.493015,Nederland,,,Moerdijk,Noord-Brabant,land,2026-01-11,POINT (97372.4713 409896.493)
rivm_windturbines_ashoogte_actueel.1166,90.0,72.0,3000.0,-24249.9258551,409914.365685,België,,V90,,,zee,2026-01-11,POINT (-24249.9259 409914.3657)
rivm_windturbines_ashoogte_actueel.1167,112.0,79.0,3300.0,-26267.8251657,409930.890297,België,,,,,zee,2026-01-11,POINT (-26267.8252 409930.8903)
rivm_windturbines_ashoogte_actueel.1168,167.0,109.0,8400.0,-19036.2716947,409975.32327,België,,Siemens D8.0-167,,,zee,2026-01-11,POINT (-19036.2717 409975.3233)
rivm_windturbines_ashoogte_actueel.1169,105.0,90.0,3000.0,86734.0648626,410026.837452,Nederland,,,Moerdijk,Noord-Brabant,land,2026-01-11,POINT (86734.0649 410026.8375)
rivm_windturbines_ashoogte_actueel.1170,164.0,116.0,9500.0,-10722.2021523,410038.689951,Nederland,Borssele III,MHI Vestas V164-9.5 MW,,,zee,2026-01-11,POINT (-10722.2022 410038.69)
rivm_windturbines_ashoogte_actueel.1171,52.0,48.0,850.0,86200.9039,410040.9801,Nederland,,,Moerdijk,Noord-Brabant,land,2026-01-11,POINT (86200.9039 410040.9801)
rivm_windturbines_ashoogte_actueel.1172,167.0,109.0,8400.0,-17194.8891026,410064.699369,België,,Siemens D8.0-167,,,zee,2026-01-11,POINT (-17194.8891 410064.6994)
rivm_windturbines_ashoogte_actueel.1173,112.0,79.0,3300.0,-21218.8378338,410087.379941,België,,,,,zee,2026-01-11,POINT (-21218.8378 410087.3799)
rivm_windturbines_ashoogte_actueel.1174,167.0,116.0,8000.0,-3278.98337473,410160.867997,Nederland,Borssele II,SG 8.0-167 DD,,,zee,2026-01-11,POINT (-3278.9834 410160.868)
rivm_windturbines_ashoogte_actueel.1175,167.0,116.0,8000.0,-4630.44069706,410173.917194,Nederland,Borssele II,SG 8.0-167 DD,,,zee,2026-01-11,POINT (-4630.4407 410173.9172)
rivm_windturbines_ashoogte_actueel.1176,90.0,72.0,3000.0,-25510.1958009,410193.377118,België,,V90,,,zee,2026-01-11,POINT (-25510.1958 410193.3771)
rivm_windturbines_ashoogte_actueel.1177,164.0,116.0,9500.0,-13340.1345737,410194.648306,Nederland,Borssele III,MHI Vestas V164-9.5 MW,,,zee,2026-01-11,POINT (-13340.1346 410194.6483)
rivm_windturbines_ashoogte_actueel.1178,90.0,72.0,3000.0,-24585.1372562,410215.250069,België,,V90,,,zee,2026-01-11,POINT (-24585.1373 410215.2501)
rivm_windturbines_ashoogte_actueel.1179,90.0,72.0,3000.0,-23657.6187706,410236.214029,België,,V90,,,zee,2026-01-11,POINT (-23657.6188 410236.214)
rivm_windturbines_ashoogte_actueel.1180,112.0,79.0,3300.0,-22830.4588374,410360.310222,België,,,,,zee,2026-01-11,POINT (-22830.4588 410360.3102)
rivm_windturbines_ashoogte_actueel.1181,167.0,109.0,8400.0,-19438.665306,410371.666602,België,,Siemens D8.0-167,,,zee,2026-01-11,POINT (-19438.6653 410371.6666)
rivm_windturbines_ashoogte_actueel.1182,112.0,79.0,3300.0,-26342.4674107,410376.171906,België,,,,,zee,2026-01-11,POINT (-26342.4674 410376.1719)
rivm_windturbines_ashoogte_actueel.1183,112.0,79.0,3300.0,-21942.0153243,410400.126145,België,,,,,zee,2026-01-11,POINT (-21942.0153 410400.1261)
rivm_windturbines_ashoogte_actueel.1184,120.0,120.0,3900.0,101633.080281,410430.288477,Nederland,,,Moerdijk,Noord-Brabant,land,2026-01-11,POINT (101633.0803 410430.2885)
rivm_windturbines_ashoogte_actueel.1185,167.0,116.0,8000.0,-7293.13962931,410435.527788,Nederland,Borssele II,SG 8.0-167 DD,,,zee,2026-01-11,POINT (-7293.1396 410435.5278)
rivm_windturbines_ashoogte_actueel.1186,115.0,122.0,3000.0,69767.0719,410437.2472,Nederland,,,Schouwen-Duiveland,Zeeland,land,2026-01-11,POINT (69767.0719 410437.2472)
rivm_windturbines_ashoogte_actueel.1187,167.0,109.0,8400.0,-17650.651922,410511.619272,België,,Siemens D8.0-167,,,zee,2026-01-11,POINT (-17650.6519 410511.6193)
rivm_windturbines_ashoogte_actueel.1188,90.0,72.0,3000.0,-24915.6359867,410517.827506,België,,V90,,,zee,2026-01-11,POINT (-24915.636 410517.8275)
rivm_windturbines_ashoogte_actueel.1189,90.0,72.0,3000.0,-23992.4740885,410537.045867,België,,V90,,,zee,2026-01-11,POINT (-23992.4741 410537.0459)
rivm_windturbines_ashoogte_actueel.1190,167.0,116.0,8000.0,-1973.55698532,410540.501329,Nederland,Borssele II,SG 8.0-167 DD,,,zee,2026-01-11,POINT (-1973.557 410540.5013)
rivm_windturbines_ashoogte_actueel.1191,115.0,122.0,3000.0,69223.9199,410591.1649,Nederland,,,Schouwen-Duiveland,Zeeland,land,2026-01-11,POINT (69223.9199 410591.1649)
rivm_windturbines_ashoogte_actueel.1192,112.0,79.0,3300.0,-20753.3705465,410635.002078,België,,,,,zee,2026-01-11,POINT (-20753.3705 410635.0021)
rivm_windturbines_ashoogte_actueel.1193,115.0,122.0,3000.0,69494.5942232,410704.638369,Nederland,,,Schouwen-Duiveland,Zeeland,land,2026-01-11,POINT (69494.5942 410704.6384)
rivm_windturbines_ashoogte_actueel.1194,90.0,72.0,3000.0,-25260.4902671,410822.234137,België,,V90,,,zee,2026-01-11,POINT (-25260.4903 410822.2341)
rivm_windturbines_ashoogte_actueel.1195,90.0,72.0,3000.0,-24321.9019656,410841.572263,België,,V90,,,zee,2026-01-11,POINT (-24321.902 410841.5723)
rivm_windturbines_ashoogte_actueel.1196,164.0,116.0,9500.0,-8673.70084135,410842.473223,Nederland,Borssele III,MHI Vestas V164-9.5 MW,,,zee,2026-01-11,POINT (-8673.7008 410842.4732)
rivm_windturbines_ashoogte_actueel.1197,90.0,72.0,3000.0,-23401.053129,410866.289529,België,,V90,,,zee,2026-01-11,POINT (-23401.0531 410866.2895)
rivm_windturbines_ashoogte_actueel.1198,112.0,79.0,3300.0,-21635.4786512,410931.156181,België,,,,,zee,2026-01-11,POINT (-21635.4787 410931.1562)
rivm_windturbines_ashoogte_actueel.1199,112.0,79.0,3300.0,-26101.109323,410970.418652,België,,,,,zee,2026-01-11,POINT (-26101.1093 410970.4187)
rivm_windturbines_ashoogte_actueel.1200,112.0,79.0,3300.0,-22570.043946,410973.49646,België,,,,,zee,2026-01-11,POINT (-22570.0439 410973.4965)
rivm_windturbines_ashoogte_actueel.1201,167.0,109.0,8400.0,-18080.3401519,410979.87758,België,,Siemens D8.0-167,,,zee,2026-01-11,POINT (-18080.3402 410979.8776)
rivm_windturbines_ashoogte_actueel.1202,164.0,105.0,9525.0,-27372.1954534,411025.411411,België,,V164,,,zee,2026-01-11,POINT (-27372.1955 411025.4114)
rivm_windturbines_ashoogte_actueel.1203,167.0,116.0,8000.0,-5804.21573058,411028.172876,Nederland,Borssele II,SG 8.0-167 DD,,,zee,2026-01-11,POINT (-5804.2157 411028.1729)
rivm_windturbines_ashoogte_actueel.1204,52.0,44.0,850.0,86252.8063,411129.36,Nederland,,,Moerdijk,Noord-Brabant,land,2026-01-11,POINT (86252.8063 411129.36)
rivm_windturbines_ashoogte_actueel.1205,90.0,72.0,3000.0,-24662.6210332,411134.221387,België,,V90,,,zee,2026-01-11,POINT (-24662.621 411134.2214)
rivm_windturbines_ashoogte_actueel.1206,90.0,72.0,3000.0,-23745.0363118,411166.026936,België,,V90,,,zee,2026-01-11,POINT (-23745.0363 411166.0269)
rivm_windturbines_ashoogte_actueel.1207,112.0,79.0,3300.0,-20290.7366092,411185.845743,België,,,,,zee,2026-01-11,POINT (-20290.7366 411185.8457)
rivm_windturbines_ashoogte_actueel.1208,18.0,31.4,80.0,50552.6267,411209.5564,Nederland,,,Schouwen-Duiveland,Zeeland,land,2026-01-11,POINT (50552.6267 411209.5564)
rivm_windturbines_ashoogte_actueel.1209,52.0,44.0,850.0,86405.1828,411257.5407,Nederland,,,Moerdijk,Noord-Brabant,land,2026-01-11,POINT (86405.1828 411257.5407)
rivm_windturbines_ashoogte_actueel.1210,18.0,31.4,80.0,50529.4856,411260.5802,Nederland,,,Schouwen-Duiveland,Zeeland,land,2026-01-11,POINT (50529.4856 411260.5802)
rivm_windturbines_ashoogte_actueel.1211,117.0,91.0,3600.0,71352.6885791,411292.186676,Nederland,,,Goeree-Overflakkee,Zuid-Holland,land,2026-01-11,POINT (71352.6886 411292.1867)
rivm_windturbines_ashoogte_actueel.1212,18.0,31.4,80.0,41564.4661,411296.8101,Nederland,,,Schouwen-Duiveland,Zeeland,land,2026-01-11,POINT (41564.4661 411296.8101)
rivm_windturbines_ashoogte_actueel.1213,117.0,91.0,3600.0,70966.6431481,411316.697498,Nederland,,,Goeree-Overflakkee,Zuid-Holland,land,2026-01-11,POINT (70966.6431 411316.6975)
rivm_windturbines_ashoogte_actueel.1214,150.0,135.0,5700.0,104662.850981,411318.492973,Nederland,,,Moerdijk,Noord-Brabant,land,2026-01-11,POINT (104662.851 411318.493)
rivm_windturbines_ashoogte_actueel.1215,52.0,44.0,850.0,86582.5555,411351.7001,Nederland,,,Moerdijk,Noord-Brabant,land,2026-01-11,POINT (86582.5555 411351.7001)
rivm_windturbines_ashoogte_actueel.1216,167.0,116.0,8000.0,-3202.58940014,411358.334961,Nederland,Borssele II,SG 8.0-167 DD,,,zee,2026-01-11,POINT (-3202.5894 411358.335)
rivm_windturbines_ashoogte_actueel.1217,167.0,109.0,8400.0,-18495.4564837,411398.317292,België,,Siemens D8.0-167,,,zee,2026-01-11,POINT (-18495.4565 411398.3173)
rivm_windturbines_ashoogte_actueel.1218,90.0,72.0,3000.0,-25002.0588586,411440.890398,België,,V90,,,zee,2026-01-11,POINT (-25002.0589 411440.8904)
rivm_windturbines_ashoogte_actueel.1219,90.0,72.0,3000.0,-24067.2887496,411464.292994,België,,V90,,,zee,2026-01-11,POINT (-24067.2887 411464.293)
rivm_windturbines_ashoogte_actueel.1220,150.0,135.0,5700.0,105139.760007,411465.014815,Nederland,,,Drimmelen,Noord-Brabant,land,2026-01-11,POINT (105139.76 411465.0148)
rivm_windturbines_ashoogte_actueel.1221,52.0,44.0,850.0,86749.1876,411465.0789,Nederland,,,Moerdijk,Noord-Brabant,land,2026-01-11,POINT (86749.1876 411465.0789)
rivm_windturbines_ashoogte_actueel.1222,90.0,72.0,3000.0,-23143.0921316,411486.383185,België,,V90,,,zee,2026-01-11,POINT (-23143.0921 411486.3832)
rivm_windturbines_ashoogte_actueel.1223,112.0,79.0,3300.0,-20612.4297665,411515.360837,België,,,,,zee,2026-01-11,POINT (-20612.4298 411515.3608)
rivm_windturbines_ashoogte_actueel.1224,112.0,79.0,3300.0,-25861.5909223,411547.671323,België,,,,,zee,2026-01-11,POINT (-25861.5909 411547.6713)
rivm_windturbines_ashoogte_actueel.1225,164.0,116.0,9500.0,-9907.10346234,411565.335911,Nederland,Borssele III,MHI Vestas V164-9.5 MW,,,zee,2026-01-11,POINT (-9907.1035 411565.3359)
rivm_windturbines_ashoogte_actueel.1226,117.0,91.0,3600.0,70660.2578854,411569.975981,Nederland,,,Goeree-Overflakkee,Zuid-Holland,land,2026-01-11,POINT (70660.2579 411569.976)
rivm_windturbines_ashoogte_actueel.1227,112.0,79.0,3300.0,-22318.5532113,411584.82572,België,,,,,zee,2026-01-11,POINT (-22318.5532 411584.8257)
rivm_windturbines_ashoogte_actueel.1228,164.0,116.0,9500.0,-16892.8926289,411597.482144,Nederland,Borssele III,MHI Vestas V164-9.5 MW,,,zee,2026-01-11,POINT (-16892.8926 411597.4821)
rivm_windturbines_ashoogte_actueel.1229,167.0,116.0,8000.0,-1759.01244358,411619.847336,Nederland,Borssele II,SG 8.0-167 DD,,,zee,2026-01-11,POINT (-1759.0124 411619.8473)
rivm_windturbines_ashoogte_actueel.1230,66.0,67.0,1750.0,99449.2397,411684.8576,Nederland,,,Moerdijk,Noord-Brabant,land,2026-01-11,POINT (99449.2397 411684.8576)
rivm_windturbines_ashoogte_actueel.1231,167.0,116.0,8000.0,-4452.59326618,411702.773018,Nederland,Borssele II,SG 8.0-167 DD,,,zee,2026-01-11,POINT (-4452.5933 411702.773)
rivm_windturbines_ashoogte_actueel.1232,52.0,44.0,850.0,86862.2083,411702.8787,Nederland,,,Moerdijk,Noord-Brabant,land,2026-01-11,POINT (86862.2083 411702.8787)
rivm_windturbines_ashoogte_actueel.1233,164.0,116.0,9500.0,-15422.4223659,411709.325163,Nederland,Borssele III,MHI Vestas V164-9.5 MW,,,zee,2026-01-11,POINT (-15422.4224 411709.3252)
rivm_windturbines_ashoogte_actueel.1234,112.0,79.0,3300.0,-19823.288777,411731.438752,België,,,,,zee,2026-01-11,POINT (-19823.2888 411731.4388)
rivm_windturbines_ashoogte_actueel.1235,66.0,67.0,1750.0,99711.9538,411756.1271,Nederland,,,Moerdijk,Noord-Brabant,land,2026-01-11,POINT (99711.9538 411756.1271)
rivm_windturbines_ashoogte_actueel.1236,164.0,116.0,9500.0,-11691.8825849,411762.288903,Nederland,Borssele III,MHI Vestas V164-9.5 MW,,,zee,2026-01-11,POINT (-11691.8826 411762.2889)
rivm_windturbines_ashoogte_actueel.1237,90.0,72.0,3000.0,-24405.5845164,411763.821398,België,,V90,,,zee,2026-01-11,POINT (-24405.5845 411763.8214)
rivm_windturbines_ashoogte_actueel.1238,167.0,116.0,8000.0,-7028.62950296,411764.374158,Nederland,Borssele II,SG 8.0-167 DD,,,zee,2026-01-11,POINT (-7028.6295 411764.3742)
rivm_windturbines_ashoogte_actueel.1239,90.0,72.0,3000.0,-23480.4062816,411788.005806,België,,V90,,,zee,2026-01-11,POINT (-23480.4063 411788.0058)
rivm_windturbines_ashoogte_actueel.1240,112.0,79.0,3300.0,-21736.6678689,411818.57935,België,,,,,zee,2026-01-11,POINT (-21736.6679 411818.5793)
rivm_windturbines_ashoogte_actueel.1241,164.0,116.0,9500.0,-13726.2225967,411844.034475,Nederland,Borssele III,MHI Vestas V164-9.5 MW,,,zee,2026-01-11,POINT (-13726.2226 411844.0345)
rivm_windturbines_ashoogte_actueel.1242,101.0,99.0,3050.0,70494.5936,411860.3384,Nederland,,,Goeree-Overflakkee,Zuid-Holland,land,2026-01-11,POINT (70494.5936 411860.3384)
rivm_windturbines_ashoogte_actueel.1243,150.0,135.0,5700.0,104983.352907,411860.840675,Nederland,,,Drimmelen,Noord-Brabant,land,2026-01-11,POINT (104983.3529 411860.8407)
rivm_windturbines_ashoogte_actueel.1244,150.0,135.0,5700.0,104408.352321,411921.073951,Nederland,,,Moerdijk,Noord-Brabant,land,2026-01-11,POINT (104408.3523 411921.074)
rivm_windturbines_ashoogte_actueel.1245,164.0,105.0,9525.0,-27761.7233152,411984.021081,België,,V164,,,zee,2026-01-11,POINT (-27761.7233 411984.0211)
rivm_windturbines_ashoogte_actueel.1246,112.0,79.0,3300.0,-21171.8181928,412003.045797,België,,,,,zee,2026-01-11,POINT (-21171.8182 412003.0458)
rivm_windturbines_ashoogte_actueel.1247,112.0,79.0,3300.0,-20139.7255103,412060.730392,België,,,,,zee,2026-01-11,POINT (-20139.7255 412060.7304)
rivm_windturbines_ashoogte_actueel.1248,90.0,72.0,3000.0,-24742.1352428,412062.632953,België,,V90,,,zee,2026-01-11,POINT (-24742.1352 412062.633)
rivm_windturbines_ashoogte_actueel.1249,90.0,72.0,3000.0,-23809.5743312,412087.838132,België,,V90,,,zee,2026-01-11,POINT (-23809.5743 412087.8381)
rivm_windturbines_ashoogte_actueel.1250,90.0,72.0,3000.0,-22883.6686283,412113.85141,België,,V90,,,zee,2026-01-11,POINT (-22883.6686 412113.8514)
rivm_windturbines_ashoogte_actueel.1251,101.0,99.0,3050.0,70341.4794,412122.7444,Nederland,,,Goeree-Overflakkee,Zuid-Holland,land,2026-01-11,POINT (70341.4794 412122.7444)
rivm_windturbines_ashoogte_actueel.1252,52.0,44.0,850.0,87404.8298,412124.2875,Nederland,,,Moerdijk,Noord-Brabant,land,2026-01-11,POINT (87404.8298 412124.2875)
rivm_windturbines_ashoogte_actueel.1253,164.0,105.0,9525.0,-26882.7780635,412146.90769,België,,V164,,,zee,2026-01-11,POINT (-26882.7781 412146.9077)
rivm_windturbines_ashoogte_actueel.1254,52.0,44.0,850.0,87636.8703,412218.6069,Nederland,,,Moerdijk,Noord-Brabant,land,2026-01-11,POINT (87636.8703 412218.6069)
rivm_windturbines_ashoogte_actueel.1255,117.0,91.0,3600.0,70938.2466969,412219.494094,Nederland,,,Goeree-Overflakkee,Zuid-Holland,land,2026-01-11,POINT (70938.2467 412219.4941)
rivm_windturbines_ashoogte_actueel.1256,112.0,79.0,3300.0,-22063.3239962,412232.376075,België,,,,,zee,2026-01-11,POINT (-22063.324 412232.3761)
rivm_windturbines_ashoogte_actueel.1257,167.0,116.0,8000.0,-2436.40348619,412233.336507,Nederland,Borssele II,SG 8.0-167 DD,,,zee,2026-01-11,POINT (-2436.4035 412233.3365)
rivm_windturbines_ashoogte_actueel.1258,150.0,135.0,5700.0,104831.543123,412237.444777,Nederland,,,Drimmelen,Noord-Brabant,land,2026-01-11,POINT (104831.5431 412237.4448)
rivm_windturbines_ashoogte_actueel.1259,112.0,79.0,3300.0,-19364.9548772,412282.007273,België,,,,,zee,2026-01-11,POINT (-19364.9549 412282.0073)
rivm_windturbines_ashoogte_actueel.1260,112.0,79.0,3300.0,-20616.5645869,412358.829174,België,,,,,zee,2026-01-11,POINT (-20616.5646 412358.8292)
rivm_windturbines_ashoogte_actueel.1261,52.0,44.0,850.0,87822.5708,412373.1565,Nederland,,,Moerdijk,Noord-Brabant,land,2026-01-11,POINT (87822.5708 412373.1565)
rivm_windturbines_ashoogte_actueel.1262,164.0,116.0,9500.0,-8408.55787311,412379.86542,Nederland,Borssele III,MHI Vestas V164-9.5 MW,,,zee,2026-01-11,POINT (-8408.5579 412379.8654)
rivm_windturbines_ashoogte_actueel.1263,101.0,99.0,3050.0,70187.8626351,412385.488357,Nederland,,,Goeree-Overflakkee,Zuid-Holland,land,2026-01-11,POINT (70187.8626 412385.4884)
rivm_windturbines_ashoogte_actueel.1264,90.0,72.0,3000.0,-24145.863982,412393.648254,België,,V90,,,zee,2026-01-11,POINT (-24145.864 412393.6483)
rivm_windturbines_ashoogte_actueel.1265,150.0,135.0,5700.0,104223.795732,412401.310191,Nederland,,,Moerdijk,Noord-Brabant,land,2026-01-11,POINT (104223.7957 412401.3102)
rivm_windturbines_ashoogte_actueel.1266,90.0,72.0,3000.0,-23218.2106523,412410.382872,België,,V90,,,zee,2026-01-11,POINT (-23218.2107 412410.3829)
rivm_windturbines_ashoogte_actueel.1267,167.0,116.0,8000.0,-5609.25305065,412425.466799,Nederland,Borssele II,SG 8.0-167 DD,,,zee,2026-01-11,POINT (-5609.2531 412425.4668)
rivm_windturbines_ashoogte_actueel.1268,164.0,105.0,9525.0,-28166.3451308,412452.946457,België,,V164,,,zee,2026-01-11,POINT (-28166.3451 412452.9465)
rivm_windturbines_ashoogte_actueel.1269,117.0,91.0,3600.0,70753.0379932,412508.155088,Nederland,,,Goeree-Overflakkee,Zuid-Holland,land,2026-01-11,POINT (70753.038 412508.1551)
rivm_windturbines_ashoogte_actueel.1270,52.0,44.0,850.0,88006.9914,412528.1161,Nederland,,,Moerdijk,Noord-Brabant,land,2026-01-11,POINT (88006.9914 412528.1161)
rivm_windturbines_ashoogte_actueel.1271,112.0,79.0,3300.0,-19685.9325296,412614.211725,België,,,,,zee,2026-01-11,POINT (-19685.9325 412614.2117)
rivm_windturbines_ashoogte_actueel.1272,101.0,99.0,3050.0,70039.5978676,412651.966425,Nederland,,,Goeree-Overflakkee,Zuid-Holland,land,2026-01-11,POINT (70039.5979 412651.9664)
rivm_windturbines_ashoogte_actueel.1273,52.0,44.0,850.0,88190.9219,412682.5157,Nederland,,,Moerdijk,Noord-Brabant,land,2026-01-11,POINT (88190.9219 412682.5157)
rivm_windturbines_ashoogte_actueel.1274,90.0,72.0,3000.0,-24487.7266368,412693.4685,België,,V90,,,zee,2026-01-11,POINT (-24487.7266 412693.4685)
rivm_windturbines_ashoogte_actueel.1275,150.0,135.0,5700.0,104652.199582,412703.215702,Nederland,,,Drimmelen,Noord-Brabant,land,2026-01-11,POINT (104652.1996 412703.2157)
rivm_windturbines_ashoogte_actueel.1276,13.0,15.0,10.0,57442.4437798,412704.543221,Nederland,,BW10,Schouwen-Duiveland,Zeeland,land,2026-01-11,POINT (57442.4438 412704.5432)
rivm_windturbines_ashoogte_actueel.1277,90.0,72.0,3000.0,-23552.2864126,412709.983896,België,,V90,,,zee,2026-01-11,POINT (-23552.2864 412709.9839)
rivm_windturbines_ashoogte_actueel.1278,112.0,79.0,3300.0,-20915.8980108,412722.905912,België,,,,,zee,2026-01-11,POINT (-20915.898 412722.9059)
rivm_windturbines_ashoogte_actueel.1279,112.0,79.0,3300.0,-25375.8835703,412727.730853,België,,,,,zee,2026-01-11,POINT (-25375.8836 412727.7309)
rivm_windturbines_ashoogte_actueel.1280,90.0,72.0,3000.0,-22625.5063658,412733.937249,België,,V90,,,zee,2026-01-11,POINT (-22625.5064 412733.9372)
rivm_windturbines_ashoogte_actueel.1281,167.0,116.0,8000.0,-3447.58822654,412796.454593,Nederland,Borssele II,SG 8.0-167 DD,,,zee,2026-01-11,POINT (-3447.5882 412796.4546)
rivm_windturbines_ashoogte_actueel.1282,117.0,91.0,3600.0,70585.8209921,412804.22443,Nederland,,,Goeree-Overflakkee,Zuid-Holland,land,2026-01-11,POINT (70585.821 412804.2244)
rivm_windturbines_ashoogte_actueel.1283,52.0,44.0,850.0,88390.4124,412818.8953,Nederland,,,Moerdijk,Noord-Brabant,land,2026-01-11,POINT (88390.4124 412818.8953)
rivm_windturbines_ashoogte_actueel.1284,164.0,105.0,9525.0,-26587.9191419,412852.661519,België,,V164,,,zee,2026-01-11,POINT (-26587.9191 412852.6615)
rivm_windturbines_ashoogte_actueel.1285,112.0,79.0,3300.0,-21812.729072,412861.438611,België,,,,,zee,2026-01-11,POINT (-21812.7291 412861.4386)
rivm_windturbines_ashoogte_actueel.1286,112.0,79.0,3300.0,-20070.4995205,412990.236661,België,,,,,zee,2026-01-11,POINT (-20070.4995 412990.2367)
rivm_windturbines_ashoogte_actueel.1287,90.0,72.0,3000.0,-23882.2830509,413014.374311,België,,V90,,,zee,2026-01-11,POINT (-23882.2831 413014.3743)
rivm_windturbines_ashoogte_actueel.1288,164.0,105.0,9525.0,-28487.883153,413033.167394,België,,V164,,,zee,2026-01-11,POINT (-28487.8832 413033.1674)
rivm_windturbines_ashoogte_actueel.1289,90.0,72.0,3000.0,-22960.8416034,413038.108136,België,,V90,,,zee,2026-01-11,POINT (-22960.8416 413038.1081)
rivm_windturbines_ashoogte_actueel.1290,112.0,79.0,3300.0,-21213.2997409,413080.209826,België,,,,,zee,2026-01-11,POINT (-21213.2997 413080.2098)
rivm_windturbines_ashoogte_actueel.1291,110.0,90.0,3000.0,86527.3187708,413096.321183,Nederland,,,Goeree-Overflakkee,Zuid-Holland,land,2026-01-11,POINT (86527.3188 413096.3212)
rivm_windturbines_ashoogte_actueel.1292,164.0,116.0,9500.0,-16998.7803971,413102.62539,Nederland,Borssele III,MHI Vestas V164-9.5 MW,,,zee,2026-01-11,POINT (-16998.7804 413102.6254)
rivm_windturbines_ashoogte_actueel.1293,164.0,116.0,9500.0,-10419.9976511,413152.181135,Nederland,Borssele III,MHI Vestas V164-9.5 MW,,,zee,2026-01-11,POINT (-10419.9977 413152.1811)
rivm_windturbines_ashoogte_actueel.1294,117.0,119.0,3600.0,146952.680957,413155.253814,Nederland,,,'s-Hertogenbosch,Noord-Brabant,land,2026-01-11,POINT (146952.681 413155.2538)
rivm_windturbines_ashoogte_actueel.1295,167.0,116.0,8000.0,-6823.94570208,413163.823267,Nederland,Borssele II,SG 8.0-167 DD,,,zee,2026-01-11,POINT (-6823.9457 413163.8233)
rivm_windturbines_ashoogte_actueel.1296,164.0,105.0,9525.0,-27434.5141088,413177.700875,België,,V164,,,zee,2026-01-11,POINT (-27434.5141 413177.7009)
rivm_windturbines_ashoogte_actueel.1297,77.0,85.0,1500.0,133745.7085,413280.0166,Nederland,,,Waalwijk,Noord-Brabant,land,2026-01-11,POINT (133745.7085 413280.0166)
rivm_windturbines_ashoogte_actueel.1298,164.0,116.0,9500.0,-18533.9267668,413292.973945,Nederland,Borssele IV,MHI Vestas V164-9.5 MW,,,zee,2026-01-11,POINT (-18533.9268 413292.9739)
rivm_windturbines_ashoogte_actueel.1299,112.0,79.0,3300.0,-20344.369379,413299.760438,België,,,,,zee,2026-01-11,POINT (-20344.3694 413299.7604)
rivm_windturbines_ashoogte_actueel.1300,167.0,116.0,8000.0,-4487.43058816,413304.2336,Nederland,Borssele II,SG 8.0-167 DD,,,zee,2026-01-11,POINT (-4487.4306 413304.2336)
rivm_windturbines_ashoogte_actueel.1301,90.0,72.0,3000.0,-24225.7621424,413314.391604,België,,V90,,,zee,2026-01-11,POINT (-24225.7621 413314.3916)
rivm_windturbines_ashoogte_actueel.1302,77.0,85.0,1500.0,133257.0606,413325.3057,Nederland,,,Waalwijk,Noord-Brabant,land,2026-01-11,POINT (133257.0606 413325.3057)
rivm_windturbines_ashoogte_actueel.1303,150.0,135.0,5700.0,104403.427544,413327.482189,Nederland,,,Moerdijk,Noord-Brabant,land,2026-01-11,POINT (104403.4275 413327.4822)
rivm_windturbines_ashoogte_actueel.1304,90.0,72.0,3000.0,-23300.0588248,413330.82764,België,,V90,,,zee,2026-01-11,POINT (-23300.0588 413330.8276)
rivm_windturbines_ashoogte_actueel.1305,90.0,72.0,3000.0,-22372.5474277,413358.671041,België,,V90,,,zee,2026-01-11,POINT (-22372.5474 413358.671)
rivm_windturbines_ashoogte_actueel.1306,164.0,116.0,9500.0,-15573.5395561,413361.469527,Nederland,Borssele III,MHI Vestas V164-9.5 MW,,,zee,2026-01-11,POINT (-15573.5396 413361.4695)
rivm_windturbines_ashoogte_actueel.1307,117.0,119.0,3600.0,147269.321695,413363.018292,Nederland,,,'s-Hertogenbosch,Noord-Brabant,land,2026-01-11,POINT (147269.3217 413363.0183)
rivm_windturbines_ashoogte_actueel.1308,110.0,90.0,3000.0,86522.3259031,413403.716916,Nederland,,,Goeree-Overflakkee,Zuid-Holland,land,2026-01-11,POINT (86522.3259 413403.7169)
rivm_windturbines_ashoogte_actueel.1309,112.0,79.0,3300.0,-21563.2334687,413472.044623,België,,,,,zee,2026-01-11,POINT (-21563.2335 413472.0446)
rivm_windturbines_ashoogte_actueel.1310,120.0,120.0,3400.0,95562.7125,413532.1914,Nederland,,,Hoeksche Waard,Zuid-Holland,land,2026-01-11,POINT (95562.7125 413532.1914)
rivm_windturbines_ashoogte_actueel.1311,164.0,105.0,9525.0,-26308.1613558,413549.052439,België,,V164,,,zee,2026-01-11,POINT (-26308.1614 413549.0524)
rivm_windturbines_ashoogte_actueel.1312,77.0,85.0,1500.0,133495.561,413549.2055,Nederland,,,Waalwijk,Noord-Brabant,land,2026-01-11,POINT (133495.561 413549.2055)
rivm_windturbines_ashoogte_actueel.1313,120.0,120.0,3400.0,95094.9605713,413549.963989,Nederland,,,Hoeksche Waard,Zuid-Holland,land,2026-01-11,POINT (95094.9606 413549.964)
rivm_windturbines_ashoogte_actueel.1314,120.0,120.0,3400.0,94648.6387,413559.3165,Nederland,,,Hoeksche Waard,Zuid-Holland,land,2026-01-11,POINT (94648.6387 413559.3165)
rivm_windturbines_ashoogte_actueel.1315,164.0,116.0,9500.0,-13924.228649,413587.41461,Nederland,Borssele III,MHI Vestas V164-9.5 MW,,,zee,2026-01-11,POINT (-13924.2286 413587.4146)
rivm_windturbines_ashoogte_actueel.1316,77.0,85.0,1500.0,132972.4605,413592.806,Nederland,,,Waalwijk,Noord-Brabant,land,2026-01-11,POINT (132972.4605 413592.806)
rivm_windturbines_ashoogte_actueel.1317,90.0,72.0,3000.0,-23632.1085417,413635.621021,België,,V90,,,zee,2026-01-11,POINT (-23632.1085 413635.621)
rivm_windturbines_ashoogte_actueel.1318,112.0,79.0,3300.0,-20669.1397919,413636.975946,België,,,,,zee,2026-01-11,POINT (-20669.1398 413636.9759)
rivm_windturbines_ashoogte_actueel.1319,117.0,119.0,3600.0,146880.409642,413655.562027,Nederland,,,'s-Hertogenbosch,Noord-Brabant,land,2026-01-11,POINT (146880.4096 413655.562)
rivm_windturbines_ashoogte_actueel.1320,90.0,72.0,3000.0,-22708.3281575,413667.975243,België,,V90,,,zee,2026-01-11,POINT (-22708.3282 413667.9752)
rivm_windturbines_ashoogte_actueel.1321,110.0,90.0,3000.0,86557.718637,413668.17465,Nederland,,,Goeree-Overflakkee,Zuid-Holland,land,2026-01-11,POINT (86557.7186 413668.1746)
rivm_windturbines_ashoogte_actueel.1322,120.0,120.0,3400.0,94293.9536133,413694.920898,Nederland,,,Hoeksche Waard,Zuid-Holland,land,2026-01-11,POINT (94293.9536 413694.9209)
rivm_windturbines_ashoogte_actueel.1323,164.0,116.0,9500.0,-12157.2336651,413754.721807,Nederland,Borssele III,MHI Vestas V164-9.5 MW,,,zee,2026-01-11,POINT (-12157.2337 413754.7218)
rivm_windturbines_ashoogte_actueel.1324,150.0,135.0,5700.0,104224.063282,413782.544965,Nederland,,,Drimmelen,Noord-Brabant,land,2026-01-11,POINT (104224.0633 413782.545)
rivm_windturbines_ashoogte_actueel.1325,164.0,116.0,9500.0,-8051.87441172,413790.094098,Nederland,Borssele III,MHI Vestas V164-9.5 MW,,,zee,2026-01-11,POINT (-8051.8744 413790.0941)
rivm_windturbines_ashoogte_actueel.1326,164.0,105.0,9525.0,-28809.1235947,413832.350093,België,,V164,,,zee,2026-01-11,POINT (-28809.1236 413832.3501)
rivm_windturbines_ashoogte_actueel.1327,120.0,120.0,3400.0,93920.3982088,413837.086755,Nederland,,,Hoeksche Waard,Zuid-Holland,land,2026-01-11,POINT (93920.3982 413837.0868)
rivm_windturbines_ashoogte_actueel.1328,167.0,116.0,8000.0,-5566.63057536,413873.398723,Nederland,Borssele II,SG 8.0-167 DD,,,zee,2026-01-11,POINT (-5566.6306 413873.3987)
rivm_windturbines_ashoogte_actueel.1329,112.0,79.0,3300.0,-24903.7699866,413887.269961,België,,,,,zee,2026-01-11,POINT (-24903.77 413887.27)
rivm_windturbines_ashoogte_actueel.1330,164.0,105.0,9525.0,-27976.8214312,413907.835794,België,,V164,,,zee,2026-01-11,POINT (-27976.8214 413907.8358)
rivm_windturbines_ashoogte_actueel.1331,90.0,72.0,3000.0,-23971.4333266,413941.988678,België,,V90,,,zee,2026-01-11,POINT (-23971.4333 413941.9887)
rivm_windturbines_ashoogte_actueel.1332,110.0,90.0,3000.0,86669.4746704,413951.781372,Nederland,,,Goeree-Overflakkee,Zuid-Holland,land,2026-01-11,POINT (86669.4747 413951.7814)
rivm_windturbines_ashoogte_actueel.1333,90.0,72.0,3000.0,-23045.8358806,413959.594388,België,,V90,,,zee,2026-01-11,POINT (-23045.8359 413959.5944)
rivm_windturbines_ashoogte_actueel.1334,120.0,120.0,3400.0,93543.8516846,413985.995972,Nederland,,,Hoeksche Waard,Zuid-Holland,land,2026-01-11,POINT (93543.8517 413985.996)
rivm_windturbines_ashoogte_actueel.1335,90.0,72.0,3000.0,-22111.318639,413990.327888,België,,V90,,,zee,2026-01-11,POINT (-22111.3186 413990.3279)
rivm_windturbines_ashoogte_actueel.1336,164.0,105.0,9525.0,-27130.233564,414013.193911,België,,V164,,,zee,2026-01-11,POINT (-27130.2336 414013.1939)
rivm_windturbines_ashoogte_actueel.1337,120.0,120.0,3400.0,93169.0858,414137.9614,Nederland,,,Hoeksche Waard,Zuid-Holland,land,2026-01-11,POINT (93169.0858 414137.9614)
rivm_windturbines_ashoogte_actueel.1338,112.0,79.0,3300.0,-21359.051049,414145.888413,België,,,,,zee,2026-01-11,POINT (-21359.051 414145.8884)
rivm_windturbines_ashoogte_actueel.1339,117.0,119.0,3600.0,147823.224503,414249.959298,Nederland,,,'s-Hertogenbosch,Noord-Brabant,land,2026-01-11,POINT (147823.2245 414249.9593)
rivm_windturbines_ashoogte_actueel.1340,90.0,72.0,3000.0,-23375.0632836,414263.882675,België,,V90,,,zee,2026-01-11,POINT (-23375.0633 414263.8827)
rivm_windturbines_ashoogte_actueel.1341,167.0,116.0,8000.0,-1211.60532253,414270.035411,Nederland,Borssele I,SG 8.0-167 DD,,,zee,2026-01-11,POINT (-1211.6053 414270.0354)
rivm_windturbines_ashoogte_actueel.1342,120.0,120.0,3400.0,92800.785,414272.8992,Nederland,,,Hoeksche Waard,Zuid-Holland,land,2026-01-11,POINT (92800.785 414272.8992)
rivm_windturbines_ashoogte_actueel.1343,90.0,72.0,3000.0,-22444.6345243,414279.966062,België,,V90,,,zee,2026-01-11,POINT (-22444.6345 414279.9661)
rivm_windturbines_ashoogte_actueel.1344,82.0,97.0,2300.0,148204.5462,414304.6573,Nederland,,,'s-Hertogenbosch,Noord-Brabant,land,2026-01-11,POINT (148204.5462 414304.6573)
rivm_windturbines_ashoogte_actueel.1345,164.0,105.0,9525.0,-25943.0157344,414390.308692,België,,V164,,,zee,2026-01-11,POINT (-25943.0157 414390.3087)
rivm_windturbines_ashoogte_actueel.1346,120.0,120.0,3400.0,92422.9593,414418.9495,Nederland,,,Hoeksche Waard,Zuid-Holland,land,2026-01-11,POINT (92422.9593 414418.9495)
rivm_windturbines_ashoogte_actueel.1347,164.0,116.0,9500.0,-9482.48924854,414422.432507,Nederland,Borssele III,MHI Vestas V164-9.5 MW,,,zee,2026-01-11,POINT (-9482.4892 414422.4325)
rivm_windturbines_ashoogte_actueel.1348,164.0,105.0,9525.0,-29163.5982581,414431.141606,België,,V164,,,zee,2026-01-11,POINT (-29163.5983 414431.1416)
rivm_windturbines_ashoogte_actueel.1349,167.0,116.0,8000.0,-6615.41736023,414488.729469,Nederland,Borssele II,SG 8.0-167 DD,,,zee,2026-01-11,POINT (-6615.4174 414488.7295)
rivm_windturbines_ashoogte_actueel.1350,164.0,116.0,9500.0,-19719.8530341,414522.878353,Nederland,Borssele IV,MHI Vestas V164-9.5 MW,,,zee,2026-01-11,POINT (-19719.853 414522.8784)
rivm_windturbines_ashoogte_actueel.1351,162.0,125.0,6200.0,100520.833994,414551.812459,Nederland,,V162,Hoeksche Waard,Zuid-Holland,land,2026-01-11,POINT (100520.834 414551.8125)
rivm_windturbines_ashoogte_actueel.1352,90.0,72.0,3000.0,-23711.1084438,414563.125497,België,,V90,,,zee,2026-01-11,POINT (-23711.1084 414563.1255)
rivm_windturbines_ashoogte_actueel.1353,90.0,72.0,3000.0,-22776.7820977,414581.422748,België,,V90,,,zee,2026-01-11,POINT (-22776.7821 414581.4227)
rivm_windturbines_ashoogte_actueel.1354,90.0,72.0,3000.0,-21853.1279683,414607.34961,België,,V90,,,zee,2026-01-11,POINT (-21853.128 414607.3496)
rivm_windturbines_ashoogte_actueel.1355,164.0,105.0,9525.0,-27715.3671603,414614.564834,België,,V164,,,zee,2026-01-11,POINT (-27715.3672 414614.5648)
rivm_windturbines_ashoogte_actueel.1356,162.0,125.0,6200.0,100961.171078,414646.402464,Nederland,,V162,Hoeksche Waard,Zuid-Holland,land,2026-01-11,POINT (100961.1711 414646.4025)
rivm_windturbines_ashoogte_actueel.1357,167.0,116.0,8000.0,-2207.42566723,414778.902267,Nederland,Borssele I,SG 8.0-167 DD,,,zee,2026-01-11,POINT (-2207.4257 414778.9023)
rivm_windturbines_ashoogte_actueel.1358,90.0,72.0,3000.0,-23117.3754576,414881.855111,België,,V90,,,zee,2026-01-11,POINT (-23117.3755 414881.8551)
rivm_windturbines_ashoogte_actueel.1359,164.0,105.0,9525.0,-28297.2757466,414906.239986,België,,V164,,,zee,2026-01-11,POINT (-28297.2757 414906.24)
rivm_windturbines_ashoogte_actueel.1360,90.0,72.0,3000.0,-22196.086328,414910.561741,België,,V90,,,zee,2026-01-11,POINT (-22196.0863 414910.5617)
rivm_windturbines_ashoogte_actueel.1361,164.0,116.0,9500.0,-15532.0532211,414926.288812,Nederland,Borssele III,MHI Vestas V164-9.5 MW,,,zee,2026-01-11,POINT (-15532.0532 414926.2888)
rivm_windturbines_ashoogte_actueel.1362,164.0,105.0,9525.0,-25714.5012861,414944.497415,België,,V164,,,zee,2026-01-11,POINT (-25714.5013 414944.4974)
rivm_windturbines_ashoogte_actueel.1363,164.0,116.0,9500.0,-14094.7267022,414959.627598,Nederland,Borssele III,MHI Vestas V164-9.5 MW,,,zee,2026-01-11,POINT (-14094.7267 414959.6276)
rivm_windturbines_ashoogte_actueel.1364,164.0,116.0,9500.0,-17092.150833,414972.298169,Nederland,Borssele IV,MHI Vestas V164-9.5 MW,,,zee,2026-01-11,POINT (-17092.1508 414972.2982)
rivm_windturbines_ashoogte_actueel.1365,162.0,125.0,6200.0,100641.928602,414988.528439,Nederland,,V162,Hoeksche Waard,Zuid-Holland,land,2026-01-11,POINT (100641.9286 414988.5284)
rivm_windturbines_ashoogte_actueel.1366,167.0,109.0,8400.0,-29523.3408944,415001.081993,België,,SG8.0-167,,,zee,2026-01-11,POINT (-29523.3409 415001.082)
rivm_windturbines_ashoogte_actueel.1367,112.0,79.0,3300.0,-24432.1897593,415024.817387,België,,,,,zee,2026-01-11,POINT (-24432.1898 415024.8174)
rivm_windturbines_ashoogte_actueel.1368,162.0,125.0,6200.0,101105.024348,415089.432756,Nederland,,V162,Hoeksche Waard,Zuid-Holland,land,2026-01-11,POINT (101105.0243 415089.4328)
rivm_windturbines_ashoogte_actueel.1369,164.0,116.0,9500.0,-12677.662589,415127.891162,Nederland,Borssele III,MHI Vestas V164-9.5 MW,,,zee,2026-01-11,POINT (-12677.6626 415127.8912)
rivm_windturbines_ashoogte_actueel.1370,164.0,116.0,9500.0,-7701.50642669,415145.029928,Nederland,Borssele III,MHI Vestas V164-9.5 MW,,,zee,2026-01-11,POINT (-7701.5064 415145.0299)
rivm_windturbines_ashoogte_actueel.1371,164.0,105.0,9525.0,-27023.5406175,415170.364039,België,,V164,,,zee,2026-01-11,POINT (-27023.5406 415170.364)
rivm_windturbines_ashoogte_actueel.1372,90.0,72.0,3000.0,-23451.4294475,415186.244737,België,,V90,,,zee,2026-01-11,POINT (-23451.4294 415186.2447)
rivm_windturbines_ashoogte_actueel.1373,164.0,116.0,9500.0,-10978.8255515,415192.321581,Nederland,Borssele III,MHI Vestas V164-9.5 MW,,,zee,2026-01-11,POINT (-10978.8256 415192.3216)
rivm_windturbines_ashoogte_actueel.1374,90.0,72.0,3000.0,-22537.7836321,415209.924473,België,,V90,,,zee,2026-01-11,POINT (-22537.7836 415209.9245)
rivm_windturbines_ashoogte_actueel.1375,164.0,105.0,9525.0,-26266.3448031,415210.480216,België,,V164,,,zee,2026-01-11,POINT (-26266.3448 415210.4802)
rivm_windturbines_ashoogte_actueel.1376,167.0,116.0,8000.0,-3117.42461708,415239.053731,Nederland,Borssele I,SG 8.0-167 DD,,,zee,2026-01-11,POINT (-3117.4246 415239.0537)
rivm_windturbines_ashoogte_actueel.1377,167.0,116.0,8000.0,-1365.51470906,415411.781951,Nederland,Borssele I,SG 8.0-167 DD,,,zee,2026-01-11,POINT (-1365.5147 415411.782)
rivm_windturbines_ashoogte_actueel.1378,167.0,109.0,8400.0,-29773.2174113,415474.158009,België,,SG8.0-167,,,zee,2026-01-11,POINT (-29773.2174 415474.158)
rivm_windturbines_ashoogte_actueel.1379,90.0,72.0,3000.0,-22868.1496469,415510.258811,België,,V90,,,zee,2026-01-11,POINT (-22868.1496 415510.2588)
rivm_windturbines_ashoogte_actueel.1380,167.0,109.0,8400.0,-28760.3313307,415562.913087,België,,SG8.0-167,,,zee,2026-01-11,POINT (-28760.3313 415562.9131)
rivm_windturbines_ashoogte_actueel.1381,164.0,105.0,9525.0,-27517.2898969,415614.571129,België,,V164,,,zee,2026-01-11,POINT (-27517.2899 415614.5711)
rivm_windturbines_ashoogte_actueel.1382,127.0,135.0,4000.0,87167.1578402,415623.463212,Nederland,,,Hoeksche Waard,Zuid-Holland,land,2026-01-11,POINT (87167.1578 415623.4632)
rivm_windturbines_ashoogte_actueel.1383,164.0,116.0,9500.0,-21050.4356227,415763.271938,Nederland,Borssele IV,MHI Vestas V164-9.5 MW,,,zee,2026-01-11,POINT (-21050.4356 415763.2719)
rivm_windturbines_ashoogte_actueel.1384,167.0,116.0,8000.0,-4059.15316479,415765.427286,Nederland,Borssele I,SG 8.0-167 DD,,,zee,2026-01-11,POINT (-4059.1532 415765.4273)
rivm_windturbines_ashoogte_actueel.1385,164.0,116.0,9500.0,-18958.2428084,415769.627061,Nederland,Borssele IV,MHI Vestas V164-9.5 MW,,,zee,2026-01-11,POINT (-18958.2428 415769.6271)
rivm_windturbines_ashoogte_actueel.1386,127.0,135.0,4000.0,86830.297604,415776.582303,Nederland,,,Hoeksche Waard,Zuid-Holland,land,2026-01-11,POINT (86830.2976 415776.5823)
rivm_windturbines_ashoogte_actueel.1387,90.0,72.0,3000.0,-23197.5318956,415812.263187,België,,V90,,,zee,2026-01-11,POINT (-23197.5319 415812.2632)
rivm_windturbines_ashoogte_actueel.1388,164.0,116.0,9500.0,-9283.77076642,415897.645718,Nederland,Borssele V,MHI Vestas V164-9.5 MW,,,zee,2026-01-11,POINT (-9283.7708 415897.6457)
rivm_windturbines_ashoogte_actueel.1389,164.0,105.0,9525.0,-25351.6719041,415934.820818,België,,V164,,,zee,2026-01-11,POINT (-25351.6719 415934.8208)
rivm_windturbines_ashoogte_actueel.1390,127.0,135.0,4000.0,86505.6002879,415938.659762,Nederland,,,Hoeksche Waard,Zuid-Holland,land,2026-01-11,POINT (86505.6003 415938.6598)
rivm_windturbines_ashoogte_actueel.1391,164.0,105.0,9525.0,-26623.2468973,415942.890196,België,,V164,,,zee,2026-01-11,POINT (-26623.2469 415942.8902)
rivm_windturbines_ashoogte_actueel.1392,167.0,109.0,8400.0,-30027.4742986,415948.501398,België,,SG8.0-167,,,zee,2026-01-11,POINT (-30027.4743 415948.5014)
rivm_windturbines_ashoogte_actueel.1393,127.0,135.0,4000.0,86187.6455087,416112.046246,Nederland,,,Hoeksche Waard,Zuid-Holland,land,2026-01-11,POINT (86187.6455 416112.0462)
rivm_windturbines_ashoogte_actueel.1394,167.0,109.0,8400.0,-27906.6398305,416174.454539,België,,SG8.0-167,,,zee,2026-01-11,POINT (-27906.6398 416174.4545)
rivm_windturbines_ashoogte_actueel.1395,112.0,79.0,3300.0,-23950.1144695,416208.480539,België,,,,,zee,2026-01-11,POINT (-23950.1145 416208.4805)
rivm_windturbines_ashoogte_actueel.1396,167.0,109.0,8400.0,-29039.2062366,416218.746737,België,,SG8.0-167,,,zee,2026-01-11,POINT (-29039.2062 416218.7467)
rivm_windturbines_ashoogte_actueel.1397,167.0,116.0,8000.0,-5089.87706995,416242.104645,Nederland,Borssele I,SG 8.0-167 DD,,,zee,2026-01-11,POINT (-5089.8771 416242.1046)
rivm_windturbines_ashoogte_actueel.1398,127.0,135.0,4000.0,85901.652684,416334.796463,Nederland,,,Hoeksche Waard,Zuid-Holland,land,2026-01-11,POINT (85901.6527 416334.7965)
rivm_windturbines_ashoogte_actueel.1399,164.0,116.0,9500.0,-10130.0271265,416350.481527,Nederland,Borssele V,MHI Vestas V164-9.5 MW,,,zee,2026-01-11,POINT (-10130.0271 416350.4815)
rivm_windturbines_ashoogte_actueel.1400,164.0,116.0,9500.0,-12831.6751613,416379.444758,Nederland,Borssele III,MHI Vestas V164-9.5 MW,,,zee,2026-01-11,POINT (-12831.6752 416379.4448)
rivm_windturbines_ashoogte_actueel.1401,164.0,105.0,9525.0,-26075.5212165,416389.626591,België,,V164,,,zee,2026-01-11,POINT (-26075.5212 416389.6266)
rivm_windturbines_ashoogte_actueel.1402,167.0,116.0,8000.0,-1511.85980664,416402.463482,Nederland,Borssele I,SG 8.0-167 DD,,,zee,2026-01-11,POINT (-1511.8598 416402.4635)
rivm_windturbines_ashoogte_actueel.1403,112.0,79.0,3300.0,-23354.8405432,416406.711141,België,,,,,zee,2026-01-11,POINT (-23354.8405 416406.7111)
rivm_windturbines_ashoogte_actueel.1404,167.0,109.0,8400.0,-30277.7252018,416439.315199,België,,SG8.0-167,,,zee,2026-01-11,POINT (-30277.7252 416439.3152)
rivm_windturbines_ashoogte_actueel.1405,164.0,116.0,9500.0,-14200.0749038,416474.242455,Nederland,Borssele III,MHI Vestas V164-9.5 MW,,,zee,2026-01-11,POINT (-14200.0749 416474.2425)
rivm_windturbines_ashoogte_actueel.1406,164.0,116.0,9500.0,-17346.1929113,416537.529779,Nederland,Borssele IV,MHI Vestas V164-9.5 MW,,,zee,2026-01-11,POINT (-17346.1929 416537.5298)
rivm_windturbines_ashoogte_actueel.1407,164.0,116.0,9500.0,-15799.4763835,416541.956626,Nederland,Borssele IV,MHI Vestas V164-9.5 MW,,,zee,2026-01-11,POINT (-15799.4764 416541.9566)
rivm_windturbines_ashoogte_actueel.1408,164.0,105.0,9525.0,-25047.2297487,416606.387694,België,,V164,,,zee,2026-01-11,POINT (-25047.2297 416606.3877)
rivm_windturbines_ashoogte_actueel.1409,167.0,109.0,8400.0,-27225.674704,416661.810604,België,,SG8.0-167,,,zee,2026-01-11,POINT (-27225.6747 416661.8106)
rivm_windturbines_ashoogte_actueel.1410,112.0,79.0,3300.0,-23704.8148525,416777.426751,België,,,,,zee,2026-01-11,POINT (-23704.8149 416777.4268)
rivm_windturbines_ashoogte_actueel.1411,167.0,116.0,8000.0,-6058.62647044,416803.301417,Nederland,Borssele I,SG 8.0-167 DD,,,zee,2026-01-11,POINT (-6058.6265 416803.3014)
rivm_windturbines_ashoogte_actueel.1412,167.0,116.0,8000.0,-2948.08060286,416804.27757,Nederland,Borssele I,SG 8.0-167 DD,,,zee,2026-01-11,POINT (-2948.0806 416804.2776)
rivm_windturbines_ashoogte_actueel.1413,167.0,109.0,8400.0,-29375.3929247,416827.7627,België,,SG8.0-167,,,zee,2026-01-11,POINT (-29375.3929 416827.7627)
rivm_windturbines_ashoogte_actueel.1414,164.0,116.0,9500.0,-11302.382537,416919.469056,Nederland,Borssele III,MHI Vestas V164-9.5 MW,,,zee,2026-01-11,POINT (-11302.3825 416919.4691)
rivm_windturbines_ashoogte_actueel.1415,164.0,116.0,9500.0,-22142.9766024,416944.795,Nederland,Borssele IV,MHI Vestas V164-9.5 MW,,,zee,2026-01-11,POINT (-22142.9766 416944.795)
rivm_windturbines_ashoogte_actueel.1416,167.0,109.0,8400.0,-28497.6365359,416983.67145,België,,SG8.0-167,,,zee,2026-01-11,POINT (-28497.6365 416983.6715)
rivm_windturbines_ashoogte_actueel.1417,167.0,109.0,8400.0,-26255.8683401,417079.98108,België,,SG8.0-167,,,zee,2026-01-11,POINT (-26255.8683 417079.9811)
rivm_windturbines_ashoogte_actueel.1418,167.0,109.0,8400.0,-30069.631632,417263.372912,België,,SG8.0-167,,,zee,2026-01-11,POINT (-30069.6316 417263.3729)
rivm_windturbines_ashoogte_actueel.1419,164.0,116.0,9500.0,-20149.0915535,417305.318786,Nederland,Borssele IV,MHI Vestas V164-9.5 MW,,,zee,2026-01-11,POINT (-20149.0916 417305.3188)
rivm_windturbines_ashoogte_actueel.1420,167.0,109.0,8400.0,-25127.183434,417309.936118,België,,SG8.0-167,,,zee,2026-01-11,POINT (-25127.1834 417309.9361)
rivm_windturbines_ashoogte_actueel.1421,164.0,116.0,9500.0,-12204.9858035,417329.992665,Nederland,Borssele III,MHI Vestas V164-9.5 MW,,,zee,2026-01-11,POINT (-12204.9858 417329.9927)
rivm_windturbines_ashoogte_actueel.1422,167.0,116.0,8000.0,-7364.83425615,417411.093859,Nederland,Borssele I,SG 8.0-167 DD,,,zee,2026-01-11,POINT (-7364.8343 417411.0939)
rivm_windturbines_ashoogte_actueel.1423,167.0,116.0,8000.0,-1663.51281389,417425.005716,Nederland,Borssele I,SG 8.0-167 DD,,,zee,2026-01-11,POINT (-1663.5128 417425.0057)
rivm_windturbines_ashoogte_actueel.1424,167.0,109.0,8400.0,-27421.7130635,417510.009249,België,,SG8.0-167,,,zee,2026-01-11,POINT (-27421.7131 417510.0092)
rivm_windturbines_ashoogte_actueel.1425,167.0,116.0,8000.0,-4300.89512127,417512.346369,Nederland,Borssele I,SG 8.0-167 DD,,,zee,2026-01-11,POINT (-4300.8951 417512.3464)
rivm_windturbines_ashoogte_actueel.1426,164.0,116.0,9500.0,-13117.3823506,417745.023847,Nederland,Borssele III,MHI Vestas V164-9.5 MW,,,zee,2026-01-11,POINT (-13117.3824 417745.0238)
rivm_windturbines_ashoogte_actueel.1427,164.0,116.0,9500.0,-18041.7308606,417766.956828,Nederland,Borssele IV,MHI Vestas V164-9.5 MW,,,zee,2026-01-11,POINT (-18041.7309 417766.9568)
rivm_windturbines_ashoogte_actueel.1428,167.0,109.0,8400.0,-29076.9128783,417783.529988,België,,SG8.0-167,,,zee,2026-01-11,POINT (-29076.9129 417783.53)
rivm_windturbines_ashoogte_actueel.1429,164.0,116.0,9500.0,-23140.639483,417968.845774,Nederland,Borssele IV,MHI Vestas V164-9.5 MW,,,zee,2026-01-11,POINT (-23140.6395 417968.8458)
rivm_windturbines_ashoogte_actueel.1430,167.0,109.0,8400.0,-29881.0519789,418032.111233,België,,SG8.0-167,,,zee,2026-01-11,POINT (-29881.052 418032.1112)
rivm_windturbines_ashoogte_actueel.1431,167.0,109.0,8400.0,-28003.1312817,418090.66911,België,,SG8.0-167,,,zee,2026-01-11,POINT (-28003.1313 418090.6691)
rivm_windturbines_ashoogte_actueel.1432,167.0,116.0,8000.0,-8704.99394097,418156.666036,Nederland,Borssele I,SG 8.0-167 DD,,,zee,2026-01-11,POINT (-8704.9939 418156.666)
rivm_windturbines_ashoogte_actueel.1433,167.0,109.0,8400.0,-25050.5609305,418160.888205,België,,SG8.0-167,,,zee,2026-01-11,POINT (-25050.5609 418160.8882)
rivm_windturbines_ashoogte_actueel.1434,13.0,15.0,15.0,125312.114197,418167.690491,Nederland,,EAZ wind,Altena,Noord-Brabant,land,2026-01-11,POINT (125312.1142 418167.6905)
rivm_windturbines_ashoogte_actueel.1435,164.0,116.0,9500.0,-15990.1520396,418199.782306,Nederland,Borssele IV,MHI Vestas V164-9.5 MW,,,zee,2026-01-11,POINT (-15990.152 418199.7823)
rivm_windturbines_ashoogte_actueel.1436,167.0,116.0,8000.0,-5787.7573757,418220.467816,Nederland,Borssele I,SG 8.0-167 DD,,,zee,2026-01-11,POINT (-5787.7574 418220.4678)
rivm_windturbines_ashoogte_actueel.1437,167.0,109.0,8400.0,-26633.1620928,418221.53993,België,,SG8.0-167,,,zee,2026-01-11,POINT (-26633.1621 418221.5399)
rivm_windturbines_ashoogte_actueel.1438,59.0,90.0,3600.0,74104.4683536,418352.622004,Nederland,,,Goeree-Overflakkee,Zuid-Holland,land,2026-01-11,POINT (74104.4684 418352.622)
rivm_windturbines_ashoogte_actueel.1439,164.0,116.0,9500.0,-21496.052833,418360.62162,Nederland,Borssele IV,MHI Vestas V164-9.5 MW,,,zee,2026-01-11,POINT (-21496.0528 418360.6216)
rivm_windturbines_ashoogte_actueel.1440,167.0,116.0,8000.0,-3099.79005127,418363.094405,Nederland,Borssele I,SG 8.0-167 DD,,,zee,2026-01-11,POINT (-3099.7901 418363.0944)
rivm_windturbines_ashoogte_actueel.1441,90.0,80.0,2500.0,75264.9272,418380.007,Nederland,,,Goeree-Overflakkee,Zuid-Holland,land,2026-01-11,POINT (75264.9272 418380.007)
rivm_windturbines_ashoogte_actueel.1442,167.0,116.0,8000.0,-1822.68472579,418498.866887,Nederland,Borssele I,SG 8.0-167 DD,,,zee,2026-01-11,POINT (-1822.6847 418498.8669)
rivm_windturbines_ashoogte_actueel.1443,90.0,80.0,2500.0,75073.9274,418520.9437,Nederland,,,Goeree-Overflakkee,Zuid-Holland,land,2026-01-11,POINT (75073.9274 418520.9437)
rivm_windturbines_ashoogte_actueel.1444,71.0,85.0,2300.0,102961.1497,418530.3845,Nederland,,,Dordrecht,Zuid-Holland,land,2026-01-11,POINT (102961.1497 418530.3845)
rivm_windturbines_ashoogte_actueel.1445,59.0,90.0,3600.0,73851.4119953,418532.842482,Nederland,,,Goeree-Overflakkee,Zuid-Holland,land,2026-01-11,POINT (73851.412 418532.8425)
rivm_windturbines_ashoogte_actueel.1446,167.0,109.0,8400.0,-28618.955287,418619.323108,België,,SG8.0-167,,,zee,2026-01-11,POINT (-28618.9553 418619.3231)
rivm_windturbines_ashoogte_actueel.1447,90.0,80.0,2500.0,74883.4038,418661.1505,Nederland,,,Goeree-Overflakkee,Zuid-Holland,land,2026-01-11,POINT (74883.4038 418661.1505)
rivm_windturbines_ashoogte_actueel.1448,164.0,116.0,9500.0,-13942.718047,418663.053471,Nederland,Borssele IV,MHI Vestas V164-9.5 MW,,,zee,2026-01-11,POINT (-13942.718 418663.0535)
rivm_windturbines_ashoogte_actueel.1449,167.0,109.0,8400.0,-25519.195106,418663.867323,België,,SG8.0-167,,,zee,2026-01-11,POINT (-25519.1951 418663.8673)
rivm_windturbines_ashoogte_actueel.1450,167.0,116.0,8000.0,-7382.08417843,418675.168235,Nederland,Borssele I,SG 8.0-167 DD,,,zee,2026-01-11,POINT (-7382.0842 418675.1682)
rivm_windturbines_ashoogte_actueel.1451,164.0,116.0,9500.0,-19848.3250721,418691.809709,Nederland,Borssele IV,MHI Vestas V164-9.5 MW,,,zee,2026-01-11,POINT (-19848.3251 418691.8097)
rivm_windturbines_ashoogte_actueel.1452,59.0,90.0,3600.0,73618.8979297,418712.234554,Nederland,,,Goeree-Overflakkee,Zuid-Holland,land,2026-01-11,POINT (73618.8979 418712.2346)
rivm_windturbines_ashoogte_actueel.1453,71.0,85.0,2300.0,102896.5913,418785.9725,Nederland,,,Dordrecht,Zuid-Holland,land,2026-01-11,POINT (102896.5913 418785.9725)
rivm_windturbines_ashoogte_actueel.1454,90.0,80.0,2500.0,74693.0553,418801.7222,Nederland,,,Goeree-Overflakkee,Zuid-Holland,land,2026-01-11,POINT (74693.0553 418801.7222)
rivm_windturbines_ashoogte_actueel.1455,167.0,109.0,8400.0,-29681.7850947,418848.532455,België,,SG8.0-167,,,zee,2026-01-11,POINT (-29681.7851 418848.5325)
rivm_windturbines_ashoogte_actueel.1456,167.0,116.0,8000.0,-10271.6070266,418943.720335,Nederland,Borssele I,SG 8.0-167 DD,,,zee,2026-01-11,POINT (-10271.607 418943.7203)
rivm_windturbines_ashoogte_actueel.1457,167.0,109.0,8400.0,-27262.3438414,418957.670713,België,,SG8.0-167,,,zee,2026-01-11,POINT (-27262.3438 418957.6707)
rivm_windturbines_ashoogte_actueel.1458,59.0,90.0,3600.0,73368.3139323,418965.771023,Nederland,,,Goeree-Overflakkee,Zuid-Holland,land,2026-01-11,POINT (73368.3139 418965.771)
rivm_windturbines_ashoogte_actueel.1459,167.0,116.0,8000.0,-4313.20328471,419014.477785,Nederland,Borssele I,SG 8.0-167 DD,,,zee,2026-01-11,POINT (-4313.2033 419014.4778)
rivm_windturbines_ashoogte_actueel.1460,71.0,85.0,2300.0,102819.2005,419038.3855,Nederland,,,Dordrecht,Zuid-Holland,land,2026-01-11,POINT (102819.2005 419038.3855)
rivm_windturbines_ashoogte_actueel.1461,167.0,109.0,8400.0,-25994.1259394,419154.505889,België,,SG8.0-167,,,zee,2026-01-11,POINT (-25994.1259 419154.5059)
rivm_windturbines_ashoogte_actueel.1462,164.0,116.0,9500.0,-17695.8503642,419156.75603,Nederland,Borssele IV,MHI Vestas V164-9.5 MW,,,zee,2026-01-11,POINT (-17695.8504 419156.756)
rivm_windturbines_ashoogte_actueel.1463,59.0,90.0,3600.0,73129.5730388,419208.987919,Nederland,,,Goeree-Overflakkee,Zuid-Holland,land,2026-01-11,POINT (73129.573 419208.9879)
rivm_windturbines_ashoogte_actueel.1464,164.0,116.0,9500.0,-24334.7321752,419244.667581,Nederland,Borssele IV,MHI Vestas V164-9.5 MW,,,zee,2026-01-11,POINT (-24334.7322 419244.6676)
rivm_windturbines_ashoogte_actueel.1465,71.0,85.0,2300.0,102757.0233,419297.0162,Nederland,,,Dordrecht,Zuid-Holland,land,2026-01-11,POINT (102757.0233 419297.0162)
rivm_windturbines_ashoogte_actueel.1466,167.0,109.0,8400.0,-29120.4908212,419348.031992,België,,SG8.0-167,,,zee,2026-01-11,POINT (-29120.4908 419348.032)
rivm_windturbines_ashoogte_actueel.1467,80.0,60.0,2000.0,74032.204,419417.3524,Nederland,,,Goeree-Overflakkee,Zuid-Holland,land,2026-01-11,POINT (74032.204 419417.3524)
rivm_windturbines_ashoogte_actueel.1468,59.0,90.0,3600.0,72891.6299625,419452.25717,Nederland,,,Goeree-Overflakkee,Zuid-Holland,land,2026-01-11,POINT (72891.63 419452.2572)
rivm_windturbines_ashoogte_actueel.1469,167.0,116.0,8000.0,-1965.88399728,419464.319478,Nederland,Borssele I,SG 8.0-167 DD,,,zee,2026-01-11,POINT (-1965.884 419464.3195)
rivm_windturbines_ashoogte_actueel.1470,167.0,116.0,8000.0,-11588.6680902,419561.391989,Nederland,Borssele I,SG 8.0-167 DD,,,zee,2026-01-11,POINT (-11588.6681 419561.392)
rivm_windturbines_ashoogte_actueel.1471,80.0,60.0,2000.0,73845.704,419614.1283,Nederland,,,Goeree-Overflakkee,Zuid-Holland,land,2026-01-11,POINT (73845.704 419614.1283)
rivm_windturbines_ashoogte_actueel.1472,167.0,109.0,8400.0,-27898.0176318,419673.303347,België,,SG8.0-167,,,zee,2026-01-11,POINT (-27898.0176 419673.3033)
rivm_windturbines_ashoogte_actueel.1473,167.0,116.0,8000.0,-5460.70235496,419676.4004,Nederland,Borssele I,SG 8.0-167 DD,,,zee,2026-01-11,POINT (-5460.7024 419676.4004)
rivm_windturbines_ashoogte_actueel.1474,164.0,116.0,9500.0,-15145.587422,419688.947101,Nederland,Borssele IV,MHI Vestas V164-9.5 MW,,,zee,2026-01-11,POINT (-15145.5874 419688.9471)
rivm_windturbines_ashoogte_actueel.1475,167.0,116.0,8000.0,-9166.08768698,419714.410844,Nederland,Borssele I,SG 8.0-167 DD,,,zee,2026-01-11,POINT (-9166.0877 419714.4108)
rivm_windturbines_ashoogte_actueel.1476,80.0,60.0,2000.0,73658.7018,419810.8344,Nederland,,,Goeree-Overflakkee,Zuid-Holland,land,2026-01-11,POINT (73658.7018 419810.8344)
rivm_windturbines_ashoogte_actueel.1477,164.0,116.0,9500.0,-22663.8518652,419830.450918,Nederland,Borssele IV,MHI Vestas V164-9.5 MW,,,zee,2026-01-11,POINT (-22663.8519 419830.4509)
rivm_windturbines_ashoogte_actueel.1478,167.0,116.0,8000.0,-7359.0876277,419858.81473,Nederland,Borssele I,SG 8.0-167 DD,,,zee,2026-01-11,POINT (-7359.0876 419858.8147)
rivm_windturbines_ashoogte_actueel.1479,167.0,109.0,8400.0,-26875.8935309,419952.533803,België,,SG8.0-167,,,zee,2026-01-11,POINT (-26875.8935 419952.5338)
rivm_windturbines_ashoogte_actueel.1480,80.0,60.0,2000.0,73473.7326,420007.1088,Nederland,,,Goeree-Overflakkee,Zuid-Holland,land,2026-01-11,POINT (73473.7326 420007.1088)
rivm_windturbines_ashoogte_actueel.1481,167.0,116.0,8000.0,-3411.31915686,420106.228062,Nederland,Borssele I,SG 8.0-167 DD,,,zee,2026-01-11,POINT (-3411.3192 420106.2281)
rivm_windturbines_ashoogte_actueel.1482,164.0,116.0,9500.0,-16525.1155073,420194.727879,Nederland,Borssele IV,MHI Vestas V164-9.5 MW,,,zee,2026-01-11,POINT (-16525.1155 420194.7279)
rivm_windturbines_ashoogte_actueel.1483,80.0,60.0,2000.0,73286.7879,420203.7561,Nederland,,,Goeree-Overflakkee,Zuid-Holland,land,2026-01-11,POINT (73286.7879 420203.7561)
rivm_windturbines_ashoogte_actueel.1484,164.0,116.0,9500.0,-20939.5120193,420214.336959,Nederland,Borssele IV,MHI Vestas V164-9.5 MW,,,zee,2026-01-11,POINT (-20939.512 420214.337)
rivm_windturbines_ashoogte_actueel.1485,164.0,116.0,9500.0,-25409.3376294,420356.11257,Nederland,Borssele IV,MHI Vestas V164-9.5 MW,,,zee,2026-01-11,POINT (-25409.3376 420356.1126)
rivm_windturbines_ashoogte_actueel.1486,80.0,60.0,2000.0,73101.1046,420398.1527,Nederland,,,Goeree-Overflakkee,Zuid-Holland,land,2026-01-11,POINT (73101.1046 420398.1527)
rivm_windturbines_ashoogte_actueel.1487,167.0,116.0,8000.0,-2107.88347623,420409.655108,Nederland,Borssele I,SG 8.0-167 DD,,,zee,2026-01-11,POINT (-2107.8835 420409.6551)
rivm_windturbines_ashoogte_actueel.1488,80.0,60.0,2000.0,72915.5421,420595.1457,Nederland,,,Goeree-Overflakkee,Zuid-Holland,land,2026-01-11,POINT (72915.5421 420595.1457)
rivm_windturbines_ashoogte_actueel.1489,164.0,116.0,9500.0,-24083.7402404,420642.680967,Nederland,Borssele IV,MHI Vestas V164-9.5 MW,,,zee,2026-01-11,POINT (-24083.7402 420642.681)
rivm_windturbines_ashoogte_actueel.1490,167.0,116.0,8000.0,-10633.6059921,420645.430038,Nederland,Borssele I,SG 8.0-167 DD,,,zee,2026-01-11,POINT (-10633.606 420645.43)
rivm_windturbines_ashoogte_actueel.1491,117.0,120.0,3675.0,146748.105608,420706.382801,Nederland,,,Zaltbommel,Gelderland,land,2026-01-11,POINT (146748.1056 420706.3828)
rivm_windturbines_ashoogte_actueel.1492,164.0,116.0,9500.0,-13324.9293431,420714.949437,Nederland,Borssele IV,MHI Vestas V164-9.5 MW,,,zee,2026-01-11,POINT (-13324.9293 420714.9494)
rivm_windturbines_ashoogte_actueel.1493,164.0,116.0,9500.0,-17863.176445,420769.013688,Nederland,Borssele IV,MHI Vestas V164-9.5 MW,,,zee,2026-01-11,POINT (-17863.1764 420769.0137)
rivm_windturbines_ashoogte_actueel.1494,47.0,46.0,660.0,71633.5958,420769.895,Nederland,,,Goeree-Overflakkee,Zuid-Holland,land,2026-01-11,POINT (71633.5958 420769.895)
rivm_windturbines_ashoogte_actueel.1495,167.0,116.0,8000.0,-6452.97176174,420771.221032,Nederland,Borssele I,SG 8.0-167 DD,,,zee,2026-01-11,POINT (-6452.9718 420771.221)
rivm_windturbines_ashoogte_actueel.1496,167.0,116.0,8000.0,-8571.40434486,421000.366343,Nederland,Borssele I,SG 8.0-167 DD,,,zee,2026-01-11,POINT (-8571.4043 421000.3663)
rivm_windturbines_ashoogte_actueel.1497,167.0,116.0,8000.0,-4975.67991475,421015.863609,Nederland,Borssele I,SG 8.0-167 DD,,,zee,2026-01-11,POINT (-4975.6799 421015.8636)
rivm_windturbines_ashoogte_actueel.1498,164.0,116.0,9500.0,-22664.2040516,421041.566097,Nederland,Borssele IV,MHI Vestas V164-9.5 MW,,,zee,2026-01-11,POINT (-22664.2041 421041.5661)
rivm_windturbines_ashoogte_actueel.1499,164.0,116.0,9500.0,-18974.1011312,421230.81688,Nederland,Borssele IV,MHI Vestas V164-9.5 MW,,,zee,2026-01-11,POINT (-18974.1011 421230.8169)
rivm_windturbines_ashoogte_actueel.1500,167.0,116.0,8000.0,-2343.47925258,421404.31656,Nederland,Borssele I,SG 8.0-167 DD,,,zee,2026-01-11,POINT (-2343.4793 421404.3166)
rivm_windturbines_ashoogte_actueel.1501,167.0,116.0,8000.0,-3727.72689812,421418.19548,Nederland,Borssele I,SG 8.0-167 DD,,,zee,2026-01-11,POINT (-3727.7269 421418.1955)
rivm_windturbines_ashoogte_actueel.1502,164.0,116.0,9500.0,-21374.1035444,421459.785267,Nederland,Borssele IV,MHI Vestas V164-9.5 MW,,,zee,2026-01-11,POINT (-21374.1035 421459.7853)
rivm_windturbines_ashoogte_actueel.1503,117.0,120.0,3675.0,146694.708008,421468.344329,Nederland,,,Zaltbommel,Gelderland,land,2026-01-11,POINT (146694.708 421468.3443)
rivm_windturbines_ashoogte_actueel.1504,167.0,116.0,8000.0,-9853.50113772,421666.574665,Nederland,Borssele I,SG 8.0-167 DD,,,zee,2026-01-11,POINT (-9853.5011 421666.5747)
rivm_windturbines_ashoogte_actueel.1505,164.0,116.0,9500.0,-19930.5352362,421828.017509,Nederland,Borssele IV,MHI Vestas V164-9.5 MW,,,zee,2026-01-11,POINT (-19930.5352 421828.0175)
rivm_windturbines_ashoogte_actueel.1506,164.0,116.0,9500.0,-16046.9627121,421960.532681,Nederland,Borssele IV,MHI Vestas V164-9.5 MW,,,zee,2026-01-11,POINT (-16046.9627 421960.5327)
rivm_windturbines_ashoogte_actueel.1507,164.0,116.0,9500.0,-14455.2213624,421968.500951,Nederland,Borssele IV,MHI Vestas V164-9.5 MW,,,zee,2026-01-11,POINT (-14455.2214 421968.501)
rivm_windturbines_ashoogte_actueel.1508,164.0,116.0,9500.0,-12266.4660374,422011.638589,Nederland,Borssele IV,MHI Vestas V164-9.5 MW,,,zee,2026-01-11,POINT (-12266.466 422011.6386)
rivm_windturbines_ashoogte_actueel.1509,167.0,116.0,8000.0,-7577.93069062,422075.718461,Nederland,Borssele I,SG 8.0-167 DD,,,zee,2026-01-11,POINT (-7577.9307 422075.7185)
rivm_windturbines_ashoogte_actueel.1510,167.0,116.0,8000.0,-6122.08717977,422251.501997,Nederland,Borssele I,SG 8.0-167 DD,,,zee,2026-01-11,POINT (-6122.0872 422251.502)
rivm_windturbines_ashoogte_actueel.1511,167.0,116.0,8000.0,-2891.59517697,422306.313886,Nederland,Borssele I,SG 8.0-167 DD,,,zee,2026-01-11,POINT (-2891.5952 422306.3139)
rivm_windturbines_ashoogte_actueel.1512,164.0,116.0,9500.0,-17471.1570012,422562.325283,Nederland,Borssele IV,MHI Vestas V164-9.5 MW,,,zee,2026-01-11,POINT (-17471.157 422562.3253)
rivm_windturbines_ashoogte_actueel.1513,117.0,120.0,3675.0,146444.759379,422638.082128,Nederland,,,Zaltbommel,Gelderland,land,2026-01-11,POINT (146444.7594 422638.0821)
rivm_windturbines_ashoogte_actueel.1514,167.0,116.0,8000.0,-4681.81455126,422742.391226,Nederland,Borssele I,SG 8.0-167 DD,,,zee,2026-01-11,POINT (-4681.8146 422742.3912)
rivm_windturbines_ashoogte_actueel.1515,167.0,116.0,8000.0,-8957.6346706,422745.775921,Nederland,Borssele I,SG 8.0-167 DD,,,zee,2026-01-11,POINT (-8957.6347 422745.7759)
rivm_windturbines_ashoogte_actueel.1516,164.0,116.0,9500.0,-16334.5462461,422816.292635,Nederland,Borssele IV,MHI Vestas V164-9.5 MW,,,zee,2026-01-11,POINT (-16334.5462 422816.2926)
rivm_windturbines_ashoogte_actueel.1517,117.0,92.0,4200.0,66404.6013893,423055.198365,Nederland,,,Goeree-Overflakkee,Zuid-Holland,land,2026-01-11,POINT (66404.6014 423055.1984)
rivm_windturbines_ashoogte_actueel.1518,117.0,92.0,4200.0,65991.2979419,423076.209239,Nederland,,,Goeree-Overflakkee,Zuid-Holland,land,2026-01-11,POINT (65991.2979 423076.2092)
rivm_windturbines_ashoogte_actueel.1519,117.0,92.0,4200.0,66839.1391023,423086.724368,Nederland,,,Goeree-Overflakkee,Zuid-Holland,land,2026-01-11,POINT (66839.1391 423086.7244)
rivm_windturbines_ashoogte_actueel.1520,164.0,116.0,9500.0,-11308.6188558,423141.149844,Nederland,Borssele IV,MHI Vestas V164-9.5 MW,,,zee,2026-01-11,POINT (-11308.6189 423141.1498)
rivm_windturbines_ashoogte_actueel.1521,117.0,92.0,4200.0,65283.8132255,423146.964391,Nederland,,,Goeree-Overflakkee,Zuid-Holland,land,2026-01-11,POINT (65283.8132 423146.9644)
rivm_windturbines_ashoogte_actueel.1522,117.0,92.0,4200.0,64870.8753594,423251.729655,Nederland,,,Goeree-Overflakkee,Zuid-Holland,land,2026-01-11,POINT (64870.8754 423251.7297)
rivm_windturbines_ashoogte_actueel.1523,164.0,116.0,9500.0,-14963.7171682,423256.510715,Nederland,Borssele IV,MHI Vestas V164-9.5 MW,,,zee,2026-01-11,POINT (-14963.7172 423256.5107)
rivm_windturbines_ashoogte_actueel.1524,167.0,116.0,8000.0,-6969.73102829,423414.754683,Nederland,Borssele I,SG 8.0-167 DD,,,zee,2026-01-11,POINT (-6969.731 423414.7547)
rivm_windturbines_ashoogte_actueel.1525,167.0,116.0,8000.0,-3670.00724391,423461.313887,Nederland,Borssele I,SG 8.0-167 DD,,,zee,2026-01-11,POINT (-3670.0072 423461.3139)
rivm_windturbines_ashoogte_actueel.1526,117.0,92.0,4200.0,67126.7220926,423615.115201,Nederland,,,Goeree-Overflakkee,Zuid-Holland,land,2026-01-11,POINT (67126.7221 423615.1152)
rivm_windturbines_ashoogte_actueel.1527,164.0,116.0,9500.0,-13643.9597257,423668.522906,Nederland,Borssele IV,MHI Vestas V164-9.5 MW,,,zee,2026-01-11,POINT (-13643.9597 423668.5229)
rivm_windturbines_ashoogte_actueel.1528,117.0,92.0,4200.0,64116.8511692,423705.031645,Nederland,,,Goeree-Overflakkee,Zuid-Holland,land,2026-01-11,POINT (64116.8512 423705.0316)
rivm_windturbines_ashoogte_actueel.1529,167.0,116.0,8000.0,-8144.46623273,423732.205279,Nederland,Borssele I,SG 8.0-167 DD,,,zee,2026-01-11,POINT (-8144.4662 423732.2053)
rivm_windturbines_ashoogte_actueel.1530,167.0,116.0,8000.0,-5772.53585955,423813.444574,Nederland,Borssele I,SG 8.0-167 DD,,,zee,2026-01-11,POINT (-5772.5359 423813.4446)
rivm_windturbines_ashoogte_actueel.1531,117.0,92.0,4200.0,66749.6401755,423844.388642,Nederland,,,Goeree-Overflakkee,Zuid-Holland,land,2026-01-11,POINT (66749.6402 423844.3886)
rivm_windturbines_ashoogte_actueel.1532,164.0,116.0,9500.0,-12458.7535454,423940.001779,Nederland,Borssele IV,MHI Vestas V164-9.5 MW,,,zee,2026-01-11,POINT (-12458.7535 423940.0018)
rivm_windturbines_ashoogte_actueel.1533,117.0,92.0,4200.0,63819.5637091,424001.139935,Nederland,,,Goeree-Overflakkee,Zuid-Holland,land,2026-01-11,POINT (63819.5637 424001.1399)
rivm_windturbines_ashoogte_actueel.1534,117.0,92.0,4200.0,66403.9932846,424083.176962,Nederland,,,Goeree-Overflakkee,Zuid-Holland,land,2026-01-11,POINT (66403.9933 424083.177)
rivm_windturbines_ashoogte_actueel.1535,117.0,92.0,4200.0,63490.6006977,424252.396229,Nederland,,,Goeree-Overflakkee,Zuid-Holland,land,2026-01-11,POINT (63490.6007 424252.3962)
rivm_windturbines_ashoogte_actueel.1536,117.0,92.0,4200.0,65104.581177,424285.497259,Nederland,,,Goeree-Overflakkee,Zuid-Holland,land,2026-01-11,POINT (65104.5812 424285.4973)
rivm_windturbines_ashoogte_actueel.1537,117.0,92.0,4200.0,66056.1796748,424322.842342,Nederland,,,Goeree-Overflakkee,Zuid-Holland,land,2026-01-11,POINT (66056.1797 424322.8423)
rivm_windturbines_ashoogte_actueel.1538,164.0,116.0,9500.0,-11054.1510402,424329.595779,Nederland,Borssele IV,MHI Vestas V164-9.5 MW,,,zee,2026-01-11,POINT (-11054.151 424329.5958)
rivm_windturbines_ashoogte_actueel.1539,127.0,135.0,4200.0,80222.2769,424345.5467,Nederland,,,Hoeksche Waard,Zuid-Holland,land,2026-01-11,POINT (80222.2769 424345.5467)
rivm_windturbines_ashoogte_actueel.1540,117.0,92.0,4200.0,64740.3890473,424354.332305,Nederland,,,Goeree-Overflakkee,Zuid-Holland,land,2026-01-11,POINT (64740.389 424354.3323)
rivm_windturbines_ashoogte_actueel.1541,117.0,92.0,4200.0,64348.5879895,424430.686787,Nederland,,,Goeree-Overflakkee,Zuid-Holland,land,2026-01-11,POINT (64348.588 424430.6868)
rivm_windturbines_ashoogte_actueel.1542,117.0,92.0,4200.0,63156.1709873,424503.308302,Nederland,,,Goeree-Overflakkee,Zuid-Holland,land,2026-01-11,POINT (63156.171 424503.3083)
rivm_windturbines_ashoogte_actueel.1543,167.0,116.0,8000.0,-4380.2272573,424504.36616,Nederland,Borssele I,SG 8.0-167 DD,,,zee,2026-01-11,POINT (-4380.2273 424504.3662)
rivm_windturbines_ashoogte_actueel.1544,127.0,135.0,4200.0,80642.6938,424526.8715,Nederland,,,Hoeksche Waard,Zuid-Holland,land,2026-01-11,POINT (80642.6938 424526.8715)
rivm_windturbines_ashoogte_actueel.1545,117.0,92.0,4200.0,63965.0306654,424549.72825,Nederland,,,Goeree-Overflakkee,Zuid-Holland,land,2026-01-11,POINT (63965.0307 424549.7283)
rivm_windturbines_ashoogte_actueel.1546,117.0,92.0,4200.0,65686.561887,424576.607065,Nederland,,,Goeree-Overflakkee,Zuid-Holland,land,2026-01-11,POINT (65686.5619 424576.6071)
rivm_windturbines_ashoogte_actueel.1547,167.0,116.0,8000.0,-7374.74212808,424636.065828,Nederland,Borssele I,SG 8.0-167 DD,,,zee,2026-01-11,POINT (-7374.7421 424636.0658)
rivm_windturbines_ashoogte_actueel.1548,117.0,92.0,4200.0,63583.5735902,424661.374066,Nederland,,,Goeree-Overflakkee,Zuid-Holland,land,2026-01-11,POINT (63583.5736 424661.3741)
rivm_windturbines_ashoogte_actueel.1549,164.0,116.0,9500.0,-9896.51617133,424686.855127,Nederland,Borssele IV,MHI Vestas V164-9.5 MW,,,zee,2026-01-11,POINT (-9896.5162 424686.8551)
rivm_windturbines_ashoogte_actueel.1550,127.0,135.0,4200.0,81067.9246,424725.8475,Nederland,,,Hoeksche Waard,Zuid-Holland,land,2026-01-11,POINT (81067.9246 424725.8475)
rivm_windturbines_ashoogte_actueel.1551,127.0,135.0,4200.0,81510.0042,424925.6257,Nederland,,,Hoeksche Waard,Zuid-Holland,land,2026-01-11,POINT (81510.0042 424925.6257)
rivm_windturbines_ashoogte_actueel.1552,167.0,116.0,8000.0,-5507.95410373,424998.495713,Nederland,Borssele I,SG 8.0-167 DD,,,zee,2026-01-11,POINT (-5507.9541 424998.4957)
rivm_windturbines_ashoogte_actueel.1553,127.0,135.0,4200.0,81863.026,425081.2763,Nederland,,,Hoeksche Waard,Zuid-Holland,land,2026-01-11,POINT (81863.026 425081.2763)
rivm_windturbines_ashoogte_actueel.1554,167.0,116.0,8000.0,-6545.65373525,425664.383032,Nederland,Borssele I,SG 8.0-167 DD,,,zee,2026-01-11,POINT (-6545.6537 425664.383)
rivm_windturbines_ashoogte_actueel.1555,167.0,116.0,8000.0,-5311.66337404,426011.274782,Nederland,Borssele I,SG 8.0-167 DD,,,zee,2026-01-11,POINT (-5311.6634 426011.2748)
rivm_windturbines_ashoogte_actueel.1556,131.0,120.0,3600.0,96402.97,426729.08,Nederland,,Nordex N131,Hoeksche Waard,Zuid-Holland,land,2026-01-11,POINT (96402.97 426729.08)
rivm_windturbines_ashoogte_actueel.1557,131.0,120.0,3600.0,95367.13,426850.82,Nederland,,Nordex N131,Hoeksche Waard,Zuid-Holland,land,2026-01-11,POINT (95367.13 426850.82)
rivm_windturbines_ashoogte_actueel.1558,131.0,120.0,3600.0,94960.0360107,427050.914612,Nederland,,Nordex N131,Hoeksche Waard,Zuid-Holland,land,2026-01-11,POINT (94960.036 427050.9146)
rivm_windturbines_ashoogte_actueel.1559,131.0,120.0,3600.0,94178.1380005,427157.21759,Nederland,,Nordex N131,Hoeksche Waard,Zuid-Holland,land,2026-01-11,POINT (94178.138 427157.2176)
rivm_windturbines_ashoogte_actueel.1560,131.0,120.0,3600.0,93804.0593872,427233.946716,Nederland,,Nordex N131,Hoeksche Waard,Zuid-Holland,land,2026-01-11,POINT (93804.0594 427233.9467)
rivm_windturbines_ashoogte_actueel.1561,82.0,108.0,3000.0,120446.9646,427441.9196,Nederland,,,Molenlanden,Zuid-Holland,land,2026-01-11,POINT (120446.9646 427441.9196)
rivm_windturbines_ashoogte_actueel.1562,82.0,108.0,3000.0,120813.965,427559.9192,Nederland,,,Molenlanden,Zuid-Holland,land,2026-01-11,POINT (120813.965 427559.9192)
rivm_windturbines_ashoogte_actueel.1563,82.0,108.0,3000.0,121171.9654,427706.9187,Nederland,,,Molenlanden,Zuid-Holland,land,2026-01-11,POINT (121171.9654 427706.9187)
rivm_windturbines_ashoogte_actueel.1564,13.0,15.0,15.0,222451.43,427960.56,Nederland,,EAZ wind,Oude IJsselstreek,Gelderland,land,2026-01-11,POINT (222451.43 427960.56)
rivm_windturbines_ashoogte_actueel.1565,77.0,90.0,2000.0,219720.187875,428322.722212,Duitsland,,GE Energy 1.5sl,,,land,2026-01-11,POINT (219720.1879 428322.7222)
rivm_windturbines_ashoogte_actueel.1566,44.0,41.0,600.0,63118.9301,428439.041,Nederland,,,Voorne aan Zee,Zuid-Holland,land,2026-01-11,POINT (63118.9301 428439.041)
rivm_windturbines_ashoogte_actueel.1567,44.0,41.0,600.0,63261.9307,428606.0405,Nederland,,,Voorne aan Zee,Zuid-Holland,land,2026-01-11,POINT (63261.9307 428606.0405)
rivm_windturbines_ashoogte_actueel.1568,13.0,15.0,15.0,121615.445725,428743.090957,Nederland,,EAZ wind,Molenlanden,Zuid-Holland,land,2026-01-11,POINT (121615.4457 428743.091)
rivm_windturbines_ashoogte_actueel.1569,44.0,41.0,600.0,63414.1375,428764.4526,Nederland,,,Voorne aan Zee,Zuid-Holland,land,2026-01-11,POINT (63414.1375 428764.4526)
rivm_windturbines_ashoogte_actueel.1570,136.0,140.0,4200.0,142091.891002,428887.537868,Nederland,,,West Betuwe,Gelderland,land,2026-01-11,POINT (142091.891 428887.5379)
rivm_windturbines_ashoogte_actueel.1571,44.0,41.0,600.0,63584.9318,428903.0396,Nederland,,,Voorne aan Zee,Zuid-Holland,land,2026-01-11,POINT (63584.9318 428903.0396)
rivm_windturbines_ashoogte_actueel.1572,136.0,140.0,4200.0,142495.683377,429000.54328,Nederland,,,West Betuwe,Gelderland,land,2026-01-11,POINT (142495.6834 429000.5433)
rivm_windturbines_ashoogte_actueel.1573,44.0,41.0,600.0,63769.9322,429022.039,Nederland,,,Voorne aan Zee,Zuid-Holland,land,2026-01-11,POINT (63769.9322 429022.039)
rivm_windturbines_ashoogte_actueel.1574,136.0,140.0,4200.0,142883.200136,429116.578929,Nederland,,,West Betuwe,Gelderland,land,2026-01-11,POINT (142883.2001 429116.5789)
rivm_windturbines_ashoogte_actueel.1575,44.0,41.0,600.0,63964.9327,429125.0385,Nederland,,,Voorne aan Zee,Zuid-Holland,land,2026-01-11,POINT (63964.9327 429125.0385)
rivm_windturbines_ashoogte_actueel.1576,136.0,140.0,4200.0,143250.317429,429294.380113,Nederland,,,West Betuwe,Gelderland,land,2026-01-11,POINT (143250.3174 429294.3801)
rivm_windturbines_ashoogte_actueel.1577,136.0,140.0,4200.0,143601.63713,429487.473899,Nederland,,,West Betuwe,Gelderland,land,2026-01-11,POINT (143601.6371 429487.4739)
rivm_windturbines_ashoogte_actueel.1578,136.0,140.0,4200.0,144006.868917,429492.8242,Nederland,,,West Betuwe,Gelderland,land,2026-01-11,POINT (144006.8689 429492.8242)
rivm_windturbines_ashoogte_actueel.1579,136.0,140.0,4200.0,146002.026827,429604.407913,Nederland,,,West Betuwe,Gelderland,land,2026-01-11,POINT (146002.0268 429604.4079)
rivm_windturbines_ashoogte_actueel.1580,136.0,140.0,4200.0,144401.15707,429607.07908,Nederland,,,West Betuwe,Gelderland,land,2026-01-11,POINT (144401.1571 429607.0791)
rivm_windturbines_ashoogte_actueel.1581,136.0,140.0,4200.0,144801.768193,429609.539104,Nederland,,,West Betuwe,Gelderland,land,2026-01-11,POINT (144801.7682 429609.5391)
rivm_windturbines_ashoogte_actueel.1582,136.0,140.0,4200.0,145201.959639,429613.008707,Nederland,,,West Betuwe,Gelderland,land,2026-01-11,POINT (145201.9596 429613.0087)
rivm_windturbines_ashoogte_actueel.1583,136.0,140.0,4200.0,145601.418115,429614.494859,Nederland,,,West Betuwe,Gelderland,land,2026-01-11,POINT (145601.4181 429614.4949)
rivm_windturbines_ashoogte_actueel.1584,117.0,125.0,3675.0,219874.946535,429934.255036,Nederland,,N-117,Oude IJsselstreek,Gelderland,land,2026-01-11,POINT (219874.9465 429934.255)
rivm_windturbines_ashoogte_actueel.1585,132.0,112.0,3600.0,185640.402591,430048.151737,Nederland,,,Nijmegen,Gelderland,land,2026-01-11,POINT (185640.4026 430048.1517)
rivm_windturbines_ashoogte_actueel.1586,117.0,125.0,3675.0,220772.651698,430217.98034,Nederland,,N-117,Oude IJsselstreek,Gelderland,land,2026-01-11,POINT (220772.6517 430217.9803)
rivm_windturbines_ashoogte_actueel.1587,132.0,112.0,3600.0,185464.354593,430275.325717,Nederland,,,Nijmegen,Gelderland,land,2026-01-11,POINT (185464.3546 430275.3257)
rivm_windturbines_ashoogte_actueel.1588,117.0,125.0,3675.0,219755.467634,430316.793012,Nederland,,N-117,Oude IJsselstreek,Gelderland,land,2026-01-11,POINT (219755.4676 430316.793)
rivm_windturbines_ashoogte_actueel.1589,82.0,98.0,2300.0,218114.7618,430478.7365,Nederland,,Lagerwey-82,Oude IJsselstreek,Gelderland,land,2026-01-11,POINT (218114.7618 430478.7365)
rivm_windturbines_ashoogte_actueel.1590,117.0,125.0,3675.0,220657.371954,430587.056585,Nederland,,N-117,Oude IJsselstreek,Gelderland,land,2026-01-11,POINT (220657.372 430587.0566)
rivm_windturbines_ashoogte_actueel.1591,77.0,90.0,1500.0,215144.965671,430596.15553,Duitsland,,,,,land,2026-01-11,POINT (215144.9657 430596.1555)
rivm_windturbines_ashoogte_actueel.1592,77.0,90.0,1500.0,214804.292602,430632.131108,Duitsland,,,,,land,2026-01-11,POINT (214804.2926 430632.1311)
rivm_windturbines_ashoogte_actueel.1593,77.0,90.0,1500.0,214463.651841,430673.971674,Duitsland,,,,,land,2026-01-11,POINT (214463.6518 430673.9717)
rivm_windturbines_ashoogte_actueel.1594,117.0,125.0,3675.0,219630.865034,430703.217656,Nederland,,N-117,Oude IJsselstreek,Gelderland,land,2026-01-11,POINT (219630.865 430703.2177)
rivm_windturbines_ashoogte_actueel.1595,82.0,98.0,2300.0,218100.4742,430793.0621,Nederland,,Lagerwey-82,Oude IJsselstreek,Gelderland,land,2026-01-11,POINT (218100.4742 430793.0621)
rivm_windturbines_ashoogte_actueel.1596,130.0,120.0,3600.0,150558.375735,430930.987161,Nederland,,,West Betuwe,Gelderland,land,2026-01-11,POINT (150558.3757 430930.9872)
rivm_windturbines_ashoogte_actueel.1597,100.0,99.0,3600.0,150880.244826,431017.932943,Nederland,,,West Betuwe,Gelderland,land,2026-01-11,POINT (150880.2448 431017.9329)
rivm_windturbines_ashoogte_actueel.1598,117.0,125.0,3675.0,220730.309829,431019.399601,Nederland,,N-117,Oude IJsselstreek,Gelderland,land,2026-01-11,POINT (220730.3098 431019.3996)
rivm_windturbines_ashoogte_actueel.1599,82.0,98.0,2300.0,218052.8491,431085.1627,Nederland,,Lagerwey-82,Oude IJsselstreek,Gelderland,land,2026-01-11,POINT (218052.8491 431085.1627)
rivm_windturbines_ashoogte_actueel.1600,117.0,125.0,3675.0,219511.322504,431089.710391,Nederland,,N-117,Oude IJsselstreek,Gelderland,land,2026-01-11,POINT (219511.3225 431089.7104)
rivm_windturbines_ashoogte_actueel.1601,130.0,120.0,3600.0,151203.809204,431099.944011,Nederland,,,West Betuwe,Gelderland,land,2026-01-11,POINT (151203.8092 431099.944)
rivm_windturbines_ashoogte_actueel.1602,77.0,90.0,1500.0,214446.868149,431249.415362,Duitsland,,,,,land,2026-01-11,POINT (214446.8681 431249.4154)
rivm_windturbines_ashoogte_actueel.1603,117.0,125.0,3675.0,221050.716872,431313.837113,Nederland,,N-117,Oude IJsselstreek,Gelderland,land,2026-01-11,POINT (221050.7169 431313.8371)
rivm_windturbines_ashoogte_actueel.1604,82.0,98.0,2300.0,217949.6614,431349.482,Nederland,,Lagerwey-82,Oude IJsselstreek,Gelderland,land,2026-01-11,POINT (217949.6614 431349.482)
rivm_windturbines_ashoogte_actueel.1605,101.0,99.0,3000.0,78082.87,431431.7878,Nederland,,,Rotterdam,Zuid-Holland,land,2026-01-11,POINT (78082.87 431431.7878)
rivm_windturbines_ashoogte_actueel.1606,101.0,99.0,3000.0,78399.3563843,431450.037292,Nederland,,,Rotterdam,Zuid-Holland,land,2026-01-11,POINT (78399.3564 431450.0373)
rivm_windturbines_ashoogte_actueel.1607,117.0,125.0,3675.0,219388.193161,431471.008063,Nederland,,N-117,Oude IJsselstreek,Gelderland,land,2026-01-11,POINT (219388.1932 431471.0081)
rivm_windturbines_ashoogte_actueel.1608,101.0,99.0,3000.0,77504.8287,431534.1193,Nederland,,,Rotterdam,Zuid-Holland,land,2026-01-11,POINT (77504.8287 431534.1193)
rivm_windturbines_ashoogte_actueel.1609,82.0,98.0,2300.0,217794.0861,431567.7637,Nederland,,Lagerwey-82,Montferland,Gelderland,land,2026-01-11,POINT (217794.0861 431567.7637)
rivm_windturbines_ashoogte_actueel.1610,101.0,99.0,3000.0,77158.4526,431720.6811,Nederland,,,Rotterdam,Zuid-Holland,land,2026-01-11,POINT (77158.4526 431720.6811)
rivm_windturbines_ashoogte_actueel.1611,13.0,15.0,15.0,109733.538831,431725.633653,Nederland,,EAZ wind,Molenlanden,Zuid-Holland,land,2026-01-11,POINT (109733.5388 431725.6337)
rivm_windturbines_ashoogte_actueel.1612,44.0,65.0,600.0,78518.4382,431732.1578,Nederland,,,Rotterdam,Zuid-Holland,land,2026-01-11,POINT (78518.4382 431732.1578)
rivm_windturbines_ashoogte_actueel.1613,82.0,98.0,2300.0,217565.4857,431753.5016,Nederland,,Lagerwey-82,Montferland,Gelderland,land,2026-01-11,POINT (217565.4857 431753.5016)
rivm_windturbines_ashoogte_actueel.1614,13.0,15.0,15.0,108731.786938,431792.751975,Nederland,,EAZ wind,Molenlanden,Zuid-Holland,land,2026-01-11,POINT (108731.7869 431792.752)
rivm_windturbines_ashoogte_actueel.1615,101.0,99.0,3000.0,76720.7587891,431978.887329,Nederland,,,Rotterdam,Zuid-Holland,land,2026-01-11,POINT (76720.7588 431978.8873)
rivm_windturbines_ashoogte_actueel.1616,101.0,99.0,3000.0,76328.7939,432208.3086,Nederland,,,Rotterdam,Zuid-Holland,land,2026-01-11,POINT (76328.7939 432208.3086)
rivm_windturbines_ashoogte_actueel.1617,101.0,99.0,3000.0,75972.6489868,432481.558105,Nederland,,,Rotterdam,Zuid-Holland,land,2026-01-11,POINT (75972.649 432481.5581)
rivm_windturbines_ashoogte_actueel.1618,13.0,15.0,15.0,106230.763883,432859.841106,Nederland,,EAZ wind,Molenlanden,Zuid-Holland,land,2026-01-11,POINT (106230.7639 432859.8411)
rivm_windturbines_ashoogte_actueel.1619,101.0,99.0,3000.0,75780.1604,432887.6813,Nederland,,,Rotterdam,Zuid-Holland,land,2026-01-11,POINT (75780.1604 432887.6813)
rivm_windturbines_ashoogte_actueel.1620,13.0,15.0,15.0,107820.605591,433138.083679,Nederland,,EAZ wind,Molenlanden,Zuid-Holland,land,2026-01-11,POINT (107820.6056 433138.0837)
rivm_windturbines_ashoogte_actueel.1621,13.0,15.0,15.0,110738.064471,433775.402143,Nederland,,EAZ wind,Molenlanden,Zuid-Holland,land,2026-01-11,POINT (110738.0645 433775.4021)
rivm_windturbines_ashoogte_actueel.1622,13.0,15.0,10.0,225437.538995,433855.132055,Nederland,,WB10,Oude IJsselstreek,Gelderland,land,2026-01-11,POINT (225437.539 433855.1321)
rivm_windturbines_ashoogte_actueel.1623,100.0,99.0,2520.0,185567.0152,433884.3345,Nederland,,,Nijmegen,Gelderland,land,2026-01-11,POINT (185567.0152 433884.3345)
rivm_windturbines_ashoogte_actueel.1624,100.0,99.0,2520.0,186087.3476,433938.4821,Nederland,,,Nijmegen,Gelderland,land,2026-01-11,POINT (186087.3476 433938.4821)
rivm_windturbines_ashoogte_actueel.1625,100.0,99.0,2520.0,186440.5961,433961.6882,Nederland,,,Nijmegen,Gelderland,land,2026-01-11,POINT (186440.5961 433961.6882)
rivm_windturbines_ashoogte_actueel.1626,100.0,99.0,2520.0,186804.1584,433992.6296,Nederland,,,Nijmegen,Gelderland,land,2026-01-11,POINT (186804.1584 433992.6296)
rivm_windturbines_ashoogte_actueel.1627,13.0,15.0,15.0,113702.49,434938.26,Nederland,,EAZ wind,Molenlanden,Zuid-Holland,land,2026-01-11,POINT (113702.49 434938.26)
rivm_windturbines_ashoogte_actueel.1628,13.0,15.0,15.0,113686.62,434964.08,Nederland,,EAZ wind,Molenlanden,Zuid-Holland,land,2026-01-11,POINT (113686.62 434964.08)
rivm_windturbines_ashoogte_actueel.1629,90.0,80.0,3000.0,80379.4496989,435059.617013,Nederland,,,Vlaardingen,Zuid-Holland,land,2026-01-11,POINT (80379.4497 435059.617)
rivm_windturbines_ashoogte_actueel.1630,90.0,80.0,3000.0,80049.083817,435134.975523,Nederland,,,Vlaardingen,Zuid-Holland,land,2026-01-11,POINT (80049.0838 435134.9755)
rivm_windturbines_ashoogte_actueel.1631,90.0,110.0,3000.0,74636.1143799,435144.667114,Nederland,,,Rotterdam,Zuid-Holland,land,2026-01-11,POINT (74636.1144 435144.6671)
rivm_windturbines_ashoogte_actueel.1632,13.0,24.0,15.0,230792.521276,435247.068244,Nederland,,EAZ wind,Aalten,Gelderland,land,2026-01-11,POINT (230792.5213 435247.0682)
rivm_windturbines_ashoogte_actueel.1633,117.0,80.0,3600.0,79722.7986458,435262.703879,Nederland,,"V117-3,6",Vlaardingen,Zuid-Holland,land,2026-01-11,POINT (79722.7986 435262.7039)
rivm_windturbines_ashoogte_actueel.1634,90.0,110.0,3000.0,74375.2348,435348.3715,Nederland,,,Rotterdam,Zuid-Holland,land,2026-01-11,POINT (74375.2348 435348.3715)
rivm_windturbines_ashoogte_actueel.1635,13.0,15.0,15.0,126821.61792,435481.607605,Nederland,,EAZ wind,Vijfheerenlanden,Utrecht,land,2026-01-11,POINT (126821.6179 435481.6076)
rivm_windturbines_ashoogte_actueel.1636,117.0,80.0,3600.0,79320.3694742,435534.10532,Nederland,,"V117-3,6",Vlaardingen,Zuid-Holland,land,2026-01-11,POINT (79320.3695 435534.1053)
rivm_windturbines_ashoogte_actueel.1637,90.0,110.0,3000.0,74055.5647353,435597.982928,Nederland,,,Rotterdam,Zuid-Holland,land,2026-01-11,POINT (74055.5647 435597.9829)
rivm_windturbines_ashoogte_actueel.1638,13.0,15.0,15.0,114348.631531,435619.385193,Nederland,,EAZ wind,Molenlanden,Zuid-Holland,land,2026-01-11,POINT (114348.6315 435619.3852)
rivm_windturbines_ashoogte_actueel.1639,13.0,15.0,15.0,131108.369507,435866.690186,Nederland,,EAZ wind,Vijfheerenlanden,Utrecht,land,2026-01-11,POINT (131108.3695 435866.6902)
rivm_windturbines_ashoogte_actueel.1640,100.0,99.0,3000.0,96763.2557,435957.6419,Nederland,,,Capelle aan den IJssel,Zuid-Holland,land,2026-01-11,POINT (96763.2557 435957.6419)
rivm_windturbines_ashoogte_actueel.1641,90.0,110.0,3000.0,73531.8653,436066.5365,Nederland,,,Rotterdam,Zuid-Holland,land,2026-01-11,POINT (73531.8653 436066.5365)
rivm_windturbines_ashoogte_actueel.1642,90.0,110.0,3000.0,73275.2032,436266.0962,Nederland,,,Rotterdam,Zuid-Holland,land,2026-01-11,POINT (73275.2032 436266.0962)
rivm_windturbines_ashoogte_actueel.1643,13.0,15.0,15.0,115565.834,436425.292,Nederland,,EAZ wind,Molenlanden,Zuid-Holland,land,2026-01-11,POINT (115565.834 436425.292)
rivm_windturbines_ashoogte_actueel.1644,13.0,15.0,15.0,108376.005268,436453.531679,Nederland,,EAZ wind,Krimpenerwaard,Zuid-Holland,land,2026-01-11,POINT (108376.0053 436453.5317)
rivm_windturbines_ashoogte_actueel.1645,13.0,15.0,15.0,115544.5295,436455.3425,Nederland,,EAZ wind,Molenlanden,Zuid-Holland,land,2026-01-11,POINT (115544.5295 436455.3425)
rivm_windturbines_ashoogte_actueel.1646,90.0,110.0,3000.0,73023.5419,436465.1707,Nederland,,,Rotterdam,Zuid-Holland,land,2026-01-11,POINT (73023.5419 436465.1707)
rivm_windturbines_ashoogte_actueel.1647,13.0,15.0,15.0,108536.263292,436561.436496,Nederland,,EAZ wind,Krimpenerwaard,Zuid-Holland,land,2026-01-11,POINT (108536.2633 436561.4365)
rivm_windturbines_ashoogte_actueel.1648,13.0,15.0,15.0,119462.546734,436639.924164,Nederland,,EAZ wind,Molenlanden,Zuid-Holland,land,2026-01-11,POINT (119462.5467 436639.9242)
rivm_windturbines_ashoogte_actueel.1649,13.0,15.0,15.0,119492.414999,436652.655531,Nederland,,EAZ wind,Molenlanden,Zuid-Holland,land,2026-01-11,POINT (119492.415 436652.6555)
rivm_windturbines_ashoogte_actueel.1650,90.0,110.0,3000.0,72770.4701,436674.0344,Nederland,,,Rotterdam,Zuid-Holland,land,2026-01-11,POINT (72770.4701 436674.0344)
rivm_windturbines_ashoogte_actueel.1651,82.0,78.0,2000.0,163286.9909,436789.8924,Nederland,,,Neder-Betuwe,Gelderland,land,2026-01-11,POINT (163286.9909 436789.8924)
rivm_windturbines_ashoogte_actueel.1652,13.0,15.0,15.0,120173.475788,436828.002383,Nederland,,EAZ wind,Molenlanden,Zuid-Holland,land,2026-01-11,POINT (120173.4758 436828.0024)
rivm_windturbines_ashoogte_actueel.1653,82.0,78.0,2000.0,163563.991,436851.8924,Nederland,,,Neder-Betuwe,Gelderland,land,2026-01-11,POINT (163563.991 436851.8924)
rivm_windturbines_ashoogte_actueel.1654,82.0,78.0,2000.0,163846.9911,436899.8924,Nederland,,,Neder-Betuwe,Gelderland,land,2026-01-11,POINT (163846.9911 436899.8924)
rivm_windturbines_ashoogte_actueel.1655,82.0,78.0,2000.0,164126.9912,436906.8924,Nederland,,,Neder-Betuwe,Gelderland,land,2026-01-11,POINT (164126.9912 436906.8924)
rivm_windturbines_ashoogte_actueel.1656,90.0,110.0,3000.0,72472.9597,436919.4349,Nederland,,,Rotterdam,Zuid-Holland,land,2026-01-11,POINT (72472.9597 436919.4349)
rivm_windturbines_ashoogte_actueel.1657,90.0,80.0,2000.0,165115.336121,437175.522217,Nederland,,,Buren,Gelderland,land,2026-01-11,POINT (165115.3361 437175.5222)
rivm_windturbines_ashoogte_actueel.1658,90.0,80.0,2000.0,165443.95813,437208.230713,Nederland,,,Buren,Gelderland,land,2026-01-11,POINT (165443.9581 437208.2307)
rivm_windturbines_ashoogte_actueel.1659,90.0,80.0,2000.0,165765.18512,437243.515625,Nederland,,,Buren,Gelderland,land,2026-01-11,POINT (165765.1851 437243.5156)
rivm_windturbines_ashoogte_actueel.1660,90.0,80.0,2000.0,166073.043845,437246.343365,Nederland,,,Buren,Gelderland,land,2026-01-11,POINT (166073.0438 437246.3434)
rivm_windturbines_ashoogte_actueel.1661,13.0,15.0,15.0,63710.4373684,437263.196407,Nederland,,EAZ wind,Voorne aan Zee,Zuid-Holland,land,2026-01-11,POINT (63710.4374 437263.1964)
rivm_windturbines_ashoogte_actueel.1662,13.0,15.0,15.0,63689.5370335,437276.862011,Nederland,,EAZ wind,Voorne aan Zee,Zuid-Holland,land,2026-01-11,POINT (63689.537 437276.862)
rivm_windturbines_ashoogte_actueel.1663,13.0,15.0,15.0,118594.683406,437364.116383,Nederland,,EAZ wind,Molenlanden,Zuid-Holland,land,2026-01-11,POINT (118594.6834 437364.1164)
rivm_windturbines_ashoogte_actueel.1664,13.0,15.0,15.0,118580.71984,437389.958661,Nederland,,EAZ wind,Molenlanden,Zuid-Holland,land,2026-01-11,POINT (118580.7198 437389.9587)
rivm_windturbines_ashoogte_actueel.1665,110.0,94.0,3600.0,59659.467,437500.0355,Nederland,,,Rotterdam,Zuid-Holland,land,2026-01-11,POINT (59659.467 437500.0355)
rivm_windturbines_ashoogte_actueel.1666,110.0,94.0,3600.0,59247.1131,437566.7106,Nederland,,,Rotterdam,Zuid-Holland,land,2026-01-11,POINT (59247.1131 437566.7106)
rivm_windturbines_ashoogte_actueel.1667,110.0,94.0,3600.0,60080.5523,437635.3701,Nederland,,,Rotterdam,Zuid-Holland,land,2026-01-11,POINT (60080.5523 437635.3701)
rivm_windturbines_ashoogte_actueel.1668,110.0,94.0,3600.0,60496.875,437778.2454,Nederland,,,Voorne aan Zee,Zuid-Holland,land,2026-01-11,POINT (60496.875 437778.2454)
rivm_windturbines_ashoogte_actueel.1669,110.0,94.0,3600.0,58963.3065,437920.2597,Nederland,,,Rotterdam,Zuid-Holland,land,2026-01-11,POINT (58963.3065 437920.2597)
rivm_windturbines_ashoogte_actueel.1670,110.0,94.0,3600.0,61118.7793,437942.1551,Nederland,,,Voorne aan Zee,Zuid-Holland,land,2026-01-11,POINT (61118.7793 437942.1551)
rivm_windturbines_ashoogte_actueel.1671,110.0,94.0,3600.0,60765.163,438132.4173,Nederland,,,Rotterdam,Zuid-Holland,land,2026-01-11,POINT (60765.163 438132.4173)
rivm_windturbines_ashoogte_actueel.1672,110.0,94.0,3600.0,58972.5946,438273.3287,Nederland,,,Rotterdam,Zuid-Holland,land,2026-01-11,POINT (58972.5946 438273.3287)
rivm_windturbines_ashoogte_actueel.1673,16.0,36.0,15.0,240187.369134,438455.990558,Nederland,,EAZ wind,Aalten,Gelderland,land,2026-01-11,POINT (240187.3691 438455.9906)
rivm_windturbines_ashoogte_actueel.1674,80.0,80.0,2000.0,142116.7848,438510.2989,Nederland,,,Culemborg,Gelderland,land,2026-01-11,POINT (142116.7848 438510.2989)
rivm_windturbines_ashoogte_actueel.1675,80.0,80.0,2000.0,141839.0848,438540.4991,Nederland,,,Culemborg,Gelderland,land,2026-01-11,POINT (141839.0848 438540.4991)
rivm_windturbines_ashoogte_actueel.1676,110.0,94.0,3600.0,60756.2654,438567.0352,Nederland,,,Rotterdam,Zuid-Holland,land,2026-01-11,POINT (60756.2654 438567.0352)
rivm_windturbines_ashoogte_actueel.1677,80.0,80.0,2000.0,141583.1722,438613.5054,Nederland,,,Culemborg,Gelderland,land,2026-01-11,POINT (141583.1722 438613.5054)
rivm_windturbines_ashoogte_actueel.1678,110.0,94.0,3600.0,59184.6771,438614.4093,Nederland,,,Rotterdam,Zuid-Holland,land,2026-01-11,POINT (59184.6771 438614.4093)
rivm_windturbines_ashoogte_actueel.1679,110.0,94.0,3600.0,60723.7786,438958.2419,Nederland,,,Rotterdam,Zuid-Holland,land,2026-01-11,POINT (60723.7786 438958.2419)
rivm_windturbines_ashoogte_actueel.1680,110.0,94.0,3600.0,59430.2409,438978.1024,Nederland,,,Rotterdam,Zuid-Holland,land,2026-01-11,POINT (59430.2409 438978.1024)
rivm_windturbines_ashoogte_actueel.1681,82.0,98.0,3000.0,69167.2880758,439124.133327,Nederland,,,Rotterdam,Zuid-Holland,land,2026-01-11,POINT (69167.2881 439124.1333)
rivm_windturbines_ashoogte_actueel.1682,82.0,98.0,3000.0,68877.8628929,439175.876523,Nederland,,,Rotterdam,Zuid-Holland,land,2026-01-11,POINT (68877.8629 439175.8765)
rivm_windturbines_ashoogte_actueel.1683,110.0,94.0,3600.0,60241.7484,439191.7808,Nederland,,,Rotterdam,Zuid-Holland,land,2026-01-11,POINT (60241.7484 439191.7808)
rivm_windturbines_ashoogte_actueel.1684,82.0,98.0,3000.0,68553.1319865,439247.032733,Nederland,,,Rotterdam,Zuid-Holland,land,2026-01-11,POINT (68553.132 439247.0327)
rivm_windturbines_ashoogte_actueel.1685,110.0,94.0,3600.0,59664.4982,439308.739,Nederland,,,Rotterdam,Zuid-Holland,land,2026-01-11,POINT (59664.4982 439308.739)
rivm_windturbines_ashoogte_actueel.1686,82.0,98.0,3000.0,68227.5960452,439323.743885,Nederland,,,Rotterdam,Zuid-Holland,land,2026-01-11,POINT (68227.596 439323.7439)
rivm_windturbines_ashoogte_actueel.1687,70.0,90.0,3000.0,72616.8228,439471.9398,Nederland,,,Rotterdam,Zuid-Holland,land,2026-01-11,POINT (72616.8228 439471.9398)
rivm_windturbines_ashoogte_actueel.1688,162.0,103.0,6000.0,57808.8288234,439663.454941,Nederland,,,Rotterdam,Zuid-Holland,land,2026-01-11,POINT (57808.8288 439663.4549)
rivm_windturbines_ashoogte_actueel.1689,70.0,90.0,3000.0,72341.0869,439699.5092,Nederland,,,Rotterdam,Zuid-Holland,land,2026-01-11,POINT (72341.0869 439699.5092)
rivm_windturbines_ashoogte_actueel.1690,112.0,119.0,3450.0,73541.2816,439823.7195,Nederland,,,Rotterdam,Zuid-Holland,land,2026-01-11,POINT (73541.2816 439823.7195)
rivm_windturbines_ashoogte_actueel.1691,90.0,80.0,3800.0,71961.48,440015.06,Nederland,,,Rotterdam,Zuid-Holland,land,2026-01-11,POINT (71961.48 440015.06)
rivm_windturbines_ashoogte_actueel.1692,112.0,119.0,3450.0,73166.5647474,440042.331956,Nederland,,,Rotterdam,Zuid-Holland,land,2026-01-11,POINT (73166.5647 440042.332)
rivm_windturbines_ashoogte_actueel.1693,162.0,103.0,6000.0,57640.5176065,440086.89117,Nederland,,,Rotterdam,Zuid-Holland,land,2026-01-11,POINT (57640.5176 440086.8912)
rivm_windturbines_ashoogte_actueel.1694,90.0,80.0,3800.0,71659.9801025,440267.042603,Nederland,,,Rotterdam,Zuid-Holland,land,2026-01-11,POINT (71659.9801 440267.0426)
rivm_windturbines_ashoogte_actueel.1695,112.0,119.0,3450.0,72803.3420142,440277.992691,Nederland,,,Rotterdam,Zuid-Holland,land,2026-01-11,POINT (72803.342 440277.9927)
rivm_windturbines_ashoogte_actueel.1696,13.0,15.0,15.0,104289.457185,440463.91982,Nederland,,EAZ wind,Krimpenerwaard,Zuid-Holland,land,2026-01-11,POINT (104289.4572 440463.9198)
rivm_windturbines_ashoogte_actueel.1697,90.0,105.0,3000.0,67961.7257,440465.3481,Nederland,,,Rotterdam,Zuid-Holland,land,2026-01-11,POINT (67961.7257 440465.3481)
rivm_windturbines_ashoogte_actueel.1698,162.0,103.0,6000.0,57486.2171832,440514.177441,Nederland,,,Rotterdam,Zuid-Holland,land,2026-01-11,POINT (57486.2172 440514.1774)
rivm_windturbines_ashoogte_actueel.1699,90.0,80.0,3800.0,71350.1,440524.46,Nederland,,,Rotterdam,Zuid-Holland,land,2026-01-11,POINT (71350.1 440524.46)
rivm_windturbines_ashoogte_actueel.1700,112.0,119.0,3450.0,72441.8272733,440539.428629,Nederland,,,Rotterdam,Zuid-Holland,land,2026-01-11,POINT (72441.8273 440539.4286)
rivm_windturbines_ashoogte_actueel.1701,13.0,15.0,15.0,109270.157325,440545.17708,Nederland,,EAZ wind,Krimpenerwaard,Zuid-Holland,land,2026-01-11,POINT (109270.1573 440545.1771)
rivm_windturbines_ashoogte_actueel.1702,90.0,80.0,3800.0,71017.9246826,440793.879883,Nederland,,,Rotterdam,Zuid-Holland,land,2026-01-11,POINT (71017.9247 440793.8799)
rivm_windturbines_ashoogte_actueel.1703,112.0,119.0,3450.0,72098.573004,440816.238696,Nederland,,,Rotterdam,Zuid-Holland,land,2026-01-11,POINT (72098.573 440816.2387)
rivm_windturbines_ashoogte_actueel.1704,162.0,103.0,6000.0,57334.7211111,440941.380963,Nederland,,,Rotterdam,Zuid-Holland,land,2026-01-11,POINT (57334.7211 440941.381)
rivm_windturbines_ashoogte_actueel.1705,112.0,119.0,3450.0,71767.1600387,441093.710163,Nederland,,,Rotterdam,Zuid-Holland,land,2026-01-11,POINT (71767.16 441093.7102)
rivm_windturbines_ashoogte_actueel.1706,90.0,80.0,3800.0,70364.9536133,441347.93811,Nederland,,,Rotterdam,Zuid-Holland,land,2026-01-11,POINT (70364.9536 441347.9381)
rivm_windturbines_ashoogte_actueel.1707,162.0,103.0,6000.0,57180.528591,441371.379654,Nederland,,,Rotterdam,Zuid-Holland,land,2026-01-11,POINT (57180.5286 441371.3797)
rivm_windturbines_ashoogte_actueel.1708,82.0,98.0,2000.0,235189.0048,441516.9691,Nederland,,E-82,Aalten,Gelderland,land,2026-01-11,POINT (235189.0048 441516.9691)
rivm_windturbines_ashoogte_actueel.1709,115.0,120.0,4250.0,193181.130372,441546.493813,Nederland,,,Arnhem,Gelderland,land,2026-01-11,POINT (193181.1304 441546.4938)
rivm_windturbines_ashoogte_actueel.1710,90.0,80.0,3800.0,70069.0371704,441593.997192,Nederland,,,Rotterdam,Zuid-Holland,land,2026-01-11,POINT (70069.0372 441593.9972)
rivm_windturbines_ashoogte_actueel.1711,115.0,120.0,4250.0,193472.808548,441794.923551,Nederland,,,Arnhem,Gelderland,land,2026-01-11,POINT (193472.8085 441794.9236)
rivm_windturbines_ashoogte_actueel.1712,162.0,103.0,6000.0,57064.0051326,441807.533405,Nederland,,,Rotterdam,Zuid-Holland,land,2026-01-11,POINT (57064.0051 441807.5334)
rivm_windturbines_ashoogte_actueel.1713,90.0,80.0,3800.0,69773.0447998,441837.993591,Nederland,,,Rotterdam,Zuid-Holland,land,2026-01-11,POINT (69773.0448 441837.9936)
rivm_windturbines_ashoogte_actueel.1714,82.0,98.0,2000.0,234751.004,441882.9682,Nederland,,E-82,Aalten,Gelderland,land,2026-01-11,POINT (234751.004 441882.9682)
rivm_windturbines_ashoogte_actueel.1715,82.0,98.0,2000.0,235423.004,441919.9696,Nederland,,E-82,Aalten,Gelderland,land,2026-01-11,POINT (235423.004 441919.9696)
rivm_windturbines_ashoogte_actueel.1716,13.0,15.0,15.0,196151.7095,441932.2165,Nederland,,EAZ wind,Duiven,Gelderland,land,2026-01-11,POINT (196151.7095 441932.2165)
rivm_windturbines_ashoogte_actueel.1717,13.0,15.0,15.0,196127.3715,441945.3495,Nederland,,EAZ wind,Duiven,Gelderland,land,2026-01-11,POINT (196127.3715 441945.3495)
rivm_windturbines_ashoogte_actueel.1718,13.0,15.0,15.0,113832.113236,442025.977584,Nederland,,EAZ wind,Krimpenerwaard,Zuid-Holland,land,2026-01-11,POINT (113832.1132 442025.9776)
rivm_windturbines_ashoogte_actueel.1719,90.0,80.0,3800.0,69478.0211182,442088.027771,Nederland,,,Rotterdam,Zuid-Holland,land,2026-01-11,POINT (69478.0211 442088.0278)
rivm_windturbines_ashoogte_actueel.1720,115.0,120.0,4250.0,193700.6997,442101.035291,Nederland,,,Arnhem,Gelderland,land,2026-01-11,POINT (193700.6997 442101.0353)
rivm_windturbines_ashoogte_actueel.1721,131.0,100.0,3000.0,135841.20813,442109.861023,Nederland,,,Vijfheerenlanden,Utrecht,land,2026-01-11,POINT (135841.2081 442109.861)
rivm_windturbines_ashoogte_actueel.1722,82.0,98.0,2000.0,235056.0033,442237.9688,Nederland,,E-82,Aalten,Gelderland,land,2026-01-11,POINT (235056.0033 442237.9688)
rivm_windturbines_ashoogte_actueel.1723,162.0,103.0,6000.0,57034.0015117,442261.366352,Nederland,,,Rotterdam,Zuid-Holland,land,2026-01-11,POINT (57034.0015 442261.3664)
rivm_windturbines_ashoogte_actueel.1724,82.0,98.0,2000.0,234120.003,442283.9668,Nederland,,E-82,Aalten,Gelderland,land,2026-01-11,POINT (234120.003 442283.9668)
rivm_windturbines_ashoogte_actueel.1725,90.0,80.0,3800.0,69180.9844971,442334.942017,Nederland,,,Rotterdam,Zuid-Holland,land,2026-01-11,POINT (69180.9845 442334.942)
rivm_windturbines_ashoogte_actueel.1726,131.0,100.0,3000.0,135777.792114,442425.43103,Nederland,,,Vijfheerenlanden,Utrecht,land,2026-01-11,POINT (135777.7921 442425.431)
rivm_windturbines_ashoogte_actueel.1727,220.0,135.0,12000.0,60476.366709,442441.108373,Nederland,,,Rotterdam,Zuid-Holland,land,2026-01-11,POINT (60476.3667 442441.1084)
rivm_windturbines_ashoogte_actueel.1728,82.0,98.0,2000.0,233669.0024,442506.9659,Nederland,,E-82,Aalten,Gelderland,land,2026-01-11,POINT (233669.0024 442506.9659)
rivm_windturbines_ashoogte_actueel.1729,115.0,120.0,4250.0,193839.274322,442540.552699,Nederland,,,Arnhem,Gelderland,land,2026-01-11,POINT (193839.2743 442540.5527)
rivm_windturbines_ashoogte_actueel.1730,82.0,98.0,2000.0,234383.3836,442639.2007,Nederland,,E-82,Aalten,Gelderland,land,2026-01-11,POINT (234383.3836 442639.2007)
rivm_windturbines_ashoogte_actueel.1731,131.0,100.0,3000.0,135551.842102,442657.773987,Nederland,,,Vijfheerenlanden,Utrecht,land,2026-01-11,POINT (135551.8421 442657.774)
rivm_windturbines_ashoogte_actueel.1732,162.0,103.0,6000.0,57096.9730766,442709.168744,Nederland,,,Rotterdam,Zuid-Holland,land,2026-01-11,POINT (57096.9731 442709.1687)
rivm_windturbines_ashoogte_actueel.1733,82.0,98.0,2000.0,233994.002,442745.9665,Nederland,,E-82,Aalten,Gelderland,land,2026-01-11,POINT (233994.002 442745.9665)
rivm_windturbines_ashoogte_actueel.1734,90.0,105.0,2000.0,198445.13,442810.664,Nederland,,,Duiven,Gelderland,land,2026-01-11,POINT (198445.13 442810.664)
rivm_windturbines_ashoogte_actueel.1735,138.0,130.0,4200.0,197579.313453,442823.695128,Nederland,,E-138 EP3 E2,Duiven,Gelderland,land,2026-01-11,POINT (197579.3135 442823.6951)
rivm_windturbines_ashoogte_actueel.1736,13.0,15.0,15.0,113755.355987,442869.783317,Nederland,,EAZ wind,Krimpenerwaard,Zuid-Holland,land,2026-01-11,POINT (113755.356 442869.7833)
rivm_windturbines_ashoogte_actueel.1737,138.0,130.0,4200.0,197213.261114,442993.423072,Nederland,,E-138 EP3 E2,Duiven,Gelderland,land,2026-01-11,POINT (197213.2611 442993.4231)
rivm_windturbines_ashoogte_actueel.1738,71.0,85.0,2300.0,74686.2288708,443065.78394,Nederland,,,Westland,Zuid-Holland,land,2026-01-11,POINT (74686.2289 443065.7839)
rivm_windturbines_ashoogte_actueel.1739,90.0,105.0,2000.0,198666.471,443103.472,Nederland,,,Duiven,Gelderland,land,2026-01-11,POINT (198666.471 443103.472)
rivm_windturbines_ashoogte_actueel.1740,162.0,103.0,6000.0,57252.6848358,443139.87493,Nederland,,,Rotterdam,Zuid-Holland,land,2026-01-11,POINT (57252.6848 443139.8749)
rivm_windturbines_ashoogte_actueel.1741,90.0,105.0,2000.0,198269.222,443171.739,Nederland,,,Duiven,Gelderland,land,2026-01-11,POINT (198269.222 443171.739)
rivm_windturbines_ashoogte_actueel.1742,117.0,117.0,3000.0,205541.437688,443286.580015,Nederland,,,Zevenaar,Gelderland,land,2026-01-11,POINT (205541.4377 443286.58)
rivm_windturbines_ashoogte_actueel.1743,90.0,105.0,2000.0,198524.4,443424.511,Nederland,,,Duiven,Gelderland,land,2026-01-11,POINT (198524.4 443424.511)
rivm_windturbines_ashoogte_actueel.1744,162.0,103.0,6000.0,57485.2654786,443524.70209,Nederland,,,Rotterdam,Zuid-Holland,land,2026-01-11,POINT (57485.2655 443524.7021)
rivm_windturbines_ashoogte_actueel.1745,16.0,25.0,25.0,236090.811325,443528.513114,Nederland,,,Oost Gelre,Gelderland,land,2026-01-11,POINT (236090.8113 443528.5131)
rivm_windturbines_ashoogte_actueel.1746,117.0,117.0,3000.0,205878.047903,443573.993353,Nederland,,,Zevenaar,Gelderland,land,2026-01-11,POINT (205878.0479 443573.9934)
rivm_windturbines_ashoogte_actueel.1747,117.0,117.0,3000.0,206303.557739,443741.435358,Nederland,,,Zevenaar,Gelderland,land,2026-01-11,POINT (206303.5577 443741.4354)
rivm_windturbines_ashoogte_actueel.1748,117.0,117.0,3000.0,206734.246194,443849.323247,Nederland,,,Zevenaar,Gelderland,land,2026-01-11,POINT (206734.2462 443849.3232)
rivm_windturbines_ashoogte_actueel.1749,162.0,103.0,6000.0,57742.7030507,443903.490277,Nederland,,,Rotterdam,Zuid-Holland,land,2026-01-11,POINT (57742.7031 443903.4903)
rivm_windturbines_ashoogte_actueel.1750,90.0,80.0,3000.0,64431.3073,443998.8655,Nederland,,,Rotterdam,Zuid-Holland,land,2026-01-11,POINT (64431.3073 443998.8655)
rivm_windturbines_ashoogte_actueel.1751,90.0,80.0,3000.0,64163.0857,444128.3137,Nederland,,,Rotterdam,Zuid-Holland,land,2026-01-11,POINT (64163.0857 444128.3137)
rivm_windturbines_ashoogte_actueel.1752,162.0,103.0,6000.0,58008.9266289,444236.358998,Nederland,,,Rotterdam,Zuid-Holland,land,2026-01-11,POINT (58008.9266 444236.359)
rivm_windturbines_ashoogte_actueel.1753,90.0,80.0,3000.0,63898.7909,444257.2923,Nederland,,,Rotterdam,Zuid-Holland,land,2026-01-11,POINT (63898.7909 444257.2923)
rivm_windturbines_ashoogte_actueel.1754,80.0,80.0,2000.0,125958.503,444264.206,Nederland,,,Lopik,Utrecht,land,2026-01-11,POINT (125958.503 444264.206)
rivm_windturbines_ashoogte_actueel.1755,90.0,80.0,3000.0,63623.5499,444365.3913,Nederland,,,Rotterdam,Zuid-Holland,land,2026-01-11,POINT (63623.5499 444365.3913)
rivm_windturbines_ashoogte_actueel.1756,90.0,80.0,3000.0,63344.7447,444461.9645,Nederland,,,Rotterdam,Zuid-Holland,land,2026-01-11,POINT (63344.7447 444461.9645)
rivm_windturbines_ashoogte_actueel.1757,90.0,80.0,3000.0,63051.9566,444542.0895,Nederland,,,Rotterdam,Zuid-Holland,land,2026-01-11,POINT (63051.9566 444542.0895)
rivm_windturbines_ashoogte_actueel.1758,162.0,103.0,6000.0,58392.0546592,444583.579823,Nederland,,,Rotterdam,Zuid-Holland,land,2026-01-11,POINT (58392.0547 444583.5798)
rivm_windturbines_ashoogte_actueel.1759,80.0,80.0,2000.0,125828.6513,444609.5507,Nederland,,,Lopik,Utrecht,land,2026-01-11,POINT (125828.6513 444609.5507)
rivm_windturbines_ashoogte_actueel.1760,90.0,80.0,3000.0,62769.9196,444641.5702,Nederland,,,Rotterdam,Zuid-Holland,land,2026-01-11,POINT (62769.9196 444641.5702)
rivm_windturbines_ashoogte_actueel.1761,90.0,80.0,3000.0,62490.9756,444753.9914,Nederland,,,Rotterdam,Zuid-Holland,land,2026-01-11,POINT (62490.9756 444753.9914)
rivm_windturbines_ashoogte_actueel.1762,117.0,74.0,4300.0,61229.6808269,444890.990289,Nederland,,,Rotterdam,Zuid-Holland,land,2026-01-11,POINT (61229.6808 444890.9903)
rivm_windturbines_ashoogte_actueel.1763,80.0,80.0,2000.0,125694.5249,444966.7859,Nederland,,,Lopik,Utrecht,land,2026-01-11,POINT (125694.5249 444966.7859)
rivm_windturbines_ashoogte_actueel.1764,117.0,74.0,4300.0,58989.8027289,444972.386277,Nederland,,,Rotterdam,Zuid-Holland,land,2026-01-11,POINT (58989.8027 444972.3863)
rivm_windturbines_ashoogte_actueel.1765,117.0,74.0,4300.0,60950.9044008,444983.508182,Nederland,,,Rotterdam,Zuid-Holland,land,2026-01-11,POINT (60950.9044 444983.5082)
rivm_windturbines_ashoogte_actueel.1766,117.0,74.0,4300.0,59265.2762272,445070.986704,Nederland,,,Rotterdam,Zuid-Holland,land,2026-01-11,POINT (59265.2762 445070.9867)
rivm_windturbines_ashoogte_actueel.1767,117.0,74.0,4300.0,60673.7798951,445089.85407,Nederland,,,Rotterdam,Zuid-Holland,land,2026-01-11,POINT (60673.7799 445089.8541)
rivm_windturbines_ashoogte_actueel.1768,117.0,74.0,4300.0,59543.2480111,445155.688107,Nederland,,,Rotterdam,Zuid-Holland,land,2026-01-11,POINT (59543.248 445155.6881)
rivm_windturbines_ashoogte_actueel.1769,13.0,15.0,15.0,214160.350553,445177.872312,Nederland,,EAZ wind,Bronckhorst,Gelderland,land,2026-01-11,POINT (214160.3506 445177.8723)
rivm_windturbines_ashoogte_actueel.1770,117.0,74.0,4300.0,60403.584388,445194.704144,Nederland,,,Rotterdam,Zuid-Holland,land,2026-01-11,POINT (60403.5844 445194.7041)
rivm_windturbines_ashoogte_actueel.1771,117.0,74.0,4300.0,59826.6080267,445231.999926,Nederland,,,Rotterdam,Zuid-Holland,land,2026-01-11,POINT (59826.608 445231.9999)
rivm_windturbines_ashoogte_actueel.1772,117.0,74.0,4300.0,60115.7966167,445250.037361,Nederland,,,Rotterdam,Zuid-Holland,land,2026-01-11,POINT (60115.7966 445250.0374)
rivm_windturbines_ashoogte_actueel.1773,13.0,15.0,15.0,113910.824419,446007.908134,Nederland,,EAZ wind,Krimpenerwaard,Zuid-Holland,land,2026-01-11,POINT (113910.8244 446007.9081)
rivm_windturbines_ashoogte_actueel.1774,13.0,15.0,15.0,113934.864707,446030.148047,Nederland,,EAZ wind,Krimpenerwaard,Zuid-Holland,land,2026-01-11,POINT (113934.8647 446030.148)
rivm_windturbines_ashoogte_actueel.1775,13.0,15.0,15.0,118521.890256,446330.775983,Nederland,,EAZ wind,Oudewater,Utrecht,land,2026-01-11,POINT (118521.8903 446330.776)
rivm_windturbines_ashoogte_actueel.1776,13.0,15.0,15.0,240356.76,446345.77,Nederland,,EAZ wind,Oost Gelre,Gelderland,land,2026-01-11,POINT (240356.76 446345.77)
rivm_windturbines_ashoogte_actueel.1777,13.0,15.0,15.0,240386.18,446353.39,Nederland,,EAZ wind,Oost Gelre,Gelderland,land,2026-01-11,POINT (240386.18 446353.39)
rivm_windturbines_ashoogte_actueel.1778,13.0,15.0,15.0,110139.381079,446490.859527,Nederland,,EAZ wind,Krimpenerwaard,Zuid-Holland,land,2026-01-11,POINT (110139.3811 446490.8595)
rivm_windturbines_ashoogte_actueel.1779,105.0,90.0,2000.0,136437.865972,446987.828379,Nederland,,,Nieuwegein,Utrecht,land,2026-01-11,POINT (136437.866 446987.8284)
rivm_windturbines_ashoogte_actueel.1780,105.0,90.0,2000.0,136576.17531,447280.922245,Nederland,,,Nieuwegein,Utrecht,land,2026-01-11,POINT (136576.1753 447280.9222)
rivm_windturbines_ashoogte_actueel.1781,90.0,105.0,2000.0,138809.93192,447326.105968,Nederland,,,Houten,Utrecht,land,2026-01-11,POINT (138809.9319 447326.106)
rivm_windturbines_ashoogte_actueel.1782,44.0,47.0,600.0,106822.4792,447559.6791,Nederland,,,Gouda,Zuid-Holland,land,2026-01-11,POINT (106822.4792 447559.6791)
rivm_windturbines_ashoogte_actueel.1783,105.0,90.0,2000.0,136795.903833,447716.589476,Nederland,,,Nieuwegein,Utrecht,land,2026-01-11,POINT (136795.9038 447716.5895)
rivm_windturbines_ashoogte_actueel.1784,90.0,105.0,2000.0,138173.722732,447892.875649,Nederland,,,Houten,Utrecht,land,2026-01-11,POINT (138173.7227 447892.8756)
rivm_windturbines_ashoogte_actueel.1785,105.0,90.0,2000.0,136970.0864,448020.7463,Nederland,,,Nieuwegein,Utrecht,land,2026-01-11,POINT (136970.0864 448020.7463)
rivm_windturbines_ashoogte_actueel.1786,90.0,75.0,3000.0,102722.8681,448156.3892,Nederland,,,Waddinxveen,Zuid-Holland,land,2026-01-11,POINT (102722.8681 448156.3892)
rivm_windturbines_ashoogte_actueel.1787,90.0,75.0,3000.0,103063.9232,448159.3055,Nederland,,,Waddinxveen,Zuid-Holland,land,2026-01-11,POINT (103063.9232 448159.3055)
rivm_windturbines_ashoogte_actueel.1788,90.0,75.0,3000.0,103404.9039,448163.9261,Nederland,,,Waddinxveen,Zuid-Holland,land,2026-01-11,POINT (103404.9039 448163.9261)
rivm_windturbines_ashoogte_actueel.1789,90.0,75.0,3000.0,103741.9753,448174.7744,Nederland,,,Waddinxveen,Zuid-Holland,land,2026-01-11,POINT (103741.9753 448174.7744)
rivm_windturbines_ashoogte_actueel.1790,105.0,90.0,2000.0,137146.495733,448323.781422,Nederland,,,Nieuwegein,Utrecht,land,2026-01-11,POINT (137146.4957 448323.7814)
rivm_windturbines_ashoogte_actueel.1791,90.0,105.0,2000.0,137577.16063,448498.214905,Nederland,,,Houten,Utrecht,land,2026-01-11,POINT (137577.1606 448498.2149)
rivm_windturbines_ashoogte_actueel.1792,13.0,15.0,15.0,212701.424316,449032.714783,Nederland,,EAZ wind,Bronckhorst,Gelderland,land,2026-01-11,POINT (212701.4243 449032.7148)
rivm_windturbines_ashoogte_actueel.1793,101.0,99.5,3200.0,170423.7805,449150.242,Nederland,,,Ede,Gelderland,land,2026-01-11,POINT (170423.7805 449150.242)
rivm_windturbines_ashoogte_actueel.1794,13.0,15.0,15.0,219238.540737,449482.315847,Nederland,,EAZ wind,Bronckhorst,Gelderland,land,2026-01-11,POINT (219238.5407 449482.3158)
rivm_windturbines_ashoogte_actueel.1795,13.0,15.0,15.0,219208.034078,449497.426622,Nederland,,EAZ wind,Bronckhorst,Gelderland,land,2026-01-11,POINT (219208.0341 449497.4266)
rivm_windturbines_ashoogte_actueel.1796,101.0,99.5,3200.0,170529.7597,449506.0013,Nederland,,,Ede,Gelderland,land,2026-01-11,POINT (170529.7597 449506.0013)
rivm_windturbines_ashoogte_actueel.1797,13.0,15.0,15.0,117386.15,449550.11,Nederland,,EAZ wind,Oudewater,Utrecht,land,2026-01-11,POINT (117386.15 449550.11)
rivm_windturbines_ashoogte_actueel.1798,13.0,15.0,15.0,117425.88,449565.24,Nederland,,EAZ wind,Oudewater,Utrecht,land,2026-01-11,POINT (117425.88 449565.24)
rivm_windturbines_ashoogte_actueel.1799,90.0,80.0,3000.0,94563.5157,449913.0139,Nederland,,,Zoetermeer,Zuid-Holland,land,2026-01-11,POINT (94563.5157 449913.0139)
rivm_windturbines_ashoogte_actueel.1800,13.0,15.0,15.0,210689.022095,449966.663879,Nederland,,EAZ wind,Bronckhorst,Gelderland,land,2026-01-11,POINT (210689.0221 449966.6639)
rivm_windturbines_ashoogte_actueel.1801,90.0,80.0,3000.0,94812.5489,450209.2623,Nederland,,,Zoetermeer,Zuid-Holland,land,2026-01-11,POINT (94812.5489 450209.2623)
rivm_windturbines_ashoogte_actueel.1802,13.0,15.0,15.0,125963.051032,450291.696863,Nederland,,EAZ wind,Montfoort,Utrecht,land,2026-01-11,POINT (125963.051 450291.6969)
rivm_windturbines_ashoogte_actueel.1803,90.0,80.0,3000.0,95021.6772,450535.8927,Nederland,,,Zoetermeer,Zuid-Holland,land,2026-01-11,POINT (95021.6772 450535.8927)
rivm_windturbines_ashoogte_actueel.1804,13.0,38.0,15.0,211073.215321,451238.648595,Nederland,,,Bronckhorst,Gelderland,land,2026-01-11,POINT (211073.2153 451238.6486)
rivm_windturbines_ashoogte_actueel.1805,11.0,25.0,25.0,236049.492504,451811.174147,Nederland,,,Berkelland,Gelderland,land,2026-01-11,POINT (236049.4925 451811.1741)
rivm_windturbines_ashoogte_actueel.1806,20.0,25.0,25.0,237574.341524,451984.066667,Nederland,,,Berkelland,Gelderland,land,2026-01-11,POINT (237574.3415 451984.0667)
rivm_windturbines_ashoogte_actueel.1807,13.0,15.0,15.0,116325.616174,452122.171761,Nederland,,EAZ wind,Bodegraven-Reeuwijk,Zuid-Holland,land,2026-01-11,POINT (116325.6162 452122.1718)
rivm_windturbines_ashoogte_actueel.1808,13.0,15.0,15.0,209163.023804,452352.592773,Nederland,,EAZ wind,Bronckhorst,Gelderland,land,2026-01-11,POINT (209163.0238 452352.5928)
rivm_windturbines_ashoogte_actueel.1809,13.0,15.0,15.0,209109.278809,452364.15979,Nederland,,EAZ wind,Bronckhorst,Gelderland,land,2026-01-11,POINT (209109.2788 452364.1598)
rivm_windturbines_ashoogte_actueel.1810,13.0,15.0,15.0,116889.838493,452549.396722,Nederland,,EAZ wind,Bodegraven-Reeuwijk,Zuid-Holland,land,2026-01-11,POINT (116889.8385 452549.3967)
rivm_windturbines_ashoogte_actueel.1811,13.0,15.0,15.0,238724.063662,452974.46083,Nederland,,EAZ wind,Oost Gelre,Gelderland,land,2026-01-11,POINT (238724.0637 452974.4608)
rivm_windturbines_ashoogte_actueel.1812,13.0,15.0,15.0,169519.916016,454008.972595,Nederland,,EAZ wind,Ede,Gelderland,land,2026-01-11,POINT (169519.916 454008.9726)
rivm_windturbines_ashoogte_actueel.1813,112.0,97.0,3300.0,86387.097,454115.9095,Nederland,,,'s-Gravenhage,Zuid-Holland,land,2026-01-11,POINT (86387.097 454115.9095)
rivm_windturbines_ashoogte_actueel.1814,13.0,15.0,15.0,165061.894163,455229.727285,Nederland,,EAZ wind,Renswoude,Utrecht,land,2026-01-11,POINT (165061.8942 455229.7273)
rivm_windturbines_ashoogte_actueel.1815,13.0,15.0,15.0,212734.976624,456471.614685,Nederland,,,Bronckhorst,Gelderland,land,2026-01-11,POINT (212734.9766 456471.6147)
rivm_windturbines_ashoogte_actueel.1816,13.0,15.0,15.0,116423.037764,457744.71743,Nederland,,EAZ wind,Bodegraven-Reeuwijk,Zuid-Holland,land,2026-01-11,POINT (116423.0378 457744.7174)
rivm_windturbines_ashoogte_actueel.1817,13.0,15.0,15.0,239752.223703,458140.822984,Nederland,,EAZ wind,Berkelland,Gelderland,land,2026-01-11,POINT (239752.2237 458140.823)
rivm_windturbines_ashoogte_actueel.1818,13.0,15.0,15.0,239742.317711,458169.820527,Nederland,,EAZ wind,Berkelland,Gelderland,land,2026-01-11,POINT (239742.3177 458169.8205)
rivm_windturbines_ashoogte_actueel.1819,13.0,15.0,15.0,113136.476432,458539.714758,Nederland,,EAZ wind,Bodegraven-Reeuwijk,Zuid-Holland,land,2026-01-11,POINT (113136.4764 458539.7148)
rivm_windturbines_ashoogte_actueel.1820,90.0,80.0,3000.0,102712.7634,459619.0788,Nederland,,,Alphen aan den Rijn,Zuid-Holland,land,2026-01-11,POINT (102712.7634 459619.0788)
rivm_windturbines_ashoogte_actueel.1821,90.0,80.0,3000.0,101610.5079,459858.7938,Nederland,,,Alphen aan den Rijn,Zuid-Holland,land,2026-01-11,POINT (101610.5079 459858.7938)
rivm_windturbines_ashoogte_actueel.1822,90.0,80.0,3000.0,102406.9051,459884.7215,Nederland,,,Alphen aan den Rijn,Zuid-Holland,land,2026-01-11,POINT (102406.9051 459884.7215)
rivm_windturbines_ashoogte_actueel.1823,90.0,80.0,3000.0,102006.8544,459899.539,Nederland,,,Alphen aan den Rijn,Zuid-Holland,land,2026-01-11,POINT (102006.8544 459899.539)
rivm_windturbines_ashoogte_actueel.1824,82.0,69.0,3000.0,93271.6213321,460114.659829,Nederland,,,Zoeterwoude,Zuid-Holland,land,2026-01-11,POINT (93271.6213 460114.6598)
rivm_windturbines_ashoogte_actueel.1825,82.0,69.0,3000.0,93420.6576775,460245.352831,Nederland,,,Zoeterwoude,Zuid-Holland,land,2026-01-11,POINT (93420.6577 460245.3528)
rivm_windturbines_ashoogte_actueel.1826,13.0,15.0,15.0,173837.056885,460396.20343,Nederland,,EAZ wind,Ede,Gelderland,land,2026-01-11,POINT (173837.0569 460396.2034)
rivm_windturbines_ashoogte_actueel.1827,82.0,85.0,3000.0,97307.9770348,460572.798901,Nederland,,,Zoeterwoude,Zuid-Holland,land,2026-01-11,POINT (97307.977 460572.7989)
rivm_windturbines_ashoogte_actueel.1828,82.0,85.0,3000.0,96991.4105658,460747.919326,Nederland,,,Zoeterwoude,Zuid-Holland,land,2026-01-11,POINT (96991.4106 460747.9193)
rivm_windturbines_ashoogte_actueel.1829,82.0,85.0,3000.0,96677.3554,460925.7462,Nederland,,,Zoeterwoude,Zuid-Holland,land,2026-01-11,POINT (96677.3554 460925.7462)
rivm_windturbines_ashoogte_actueel.1830,82.0,85.0,3000.0,96358.0314,461098.4767,Nederland,,,Zoeterwoude,Zuid-Holland,land,2026-01-11,POINT (96358.0314 461098.4767)
rivm_windturbines_ashoogte_actueel.1831,15.0,20.0,10.0,111682.03,462101.3,Nederland,,,Nieuwkoop,Zuid-Holland,land,2026-01-11,POINT (111682.03 462101.3)
rivm_windturbines_ashoogte_actueel.1832,13.0,15.0,15.0,121889.43,462512.86,Nederland,,EAZ wind,Woerden,Utrecht,land,2026-01-11,POINT (121889.43 462512.86)
rivm_windturbines_ashoogte_actueel.1833,13.0,15.0,15.0,174413.714905,463095.289185,Nederland,,EAZ wind,Barneveld,Gelderland,land,2026-01-11,POINT (174413.7149 463095.2892)
rivm_windturbines_ashoogte_actueel.1834,15.0,14.0,25.0,175513.24,463236.92,Nederland,,,Barneveld,Gelderland,land,2026-01-11,POINT (175513.24 463236.92)
rivm_windturbines_ashoogte_actueel.1835,10.0,30.0,80.0,167309.02063,463459.486877,Nederland,,,Barneveld,Gelderland,land,2026-01-11,POINT (167309.0206 463459.4869)
rivm_windturbines_ashoogte_actueel.1836,13.0,15.0,15.0,242565.211203,463511.231873,Nederland,,EAZ wind,Berkelland,Gelderland,land,2026-01-11,POINT (242565.2112 463511.2319)
rivm_windturbines_ashoogte_actueel.1837,13.0,15.0,15.0,134848.05,463570.83,Nederland,,EAZ wind,Stichtse Vecht,Utrecht,land,2026-01-11,POINT (134848.05 463570.83)
rivm_windturbines_ashoogte_actueel.1838,13.0,15.0,15.0,98854.101635,463665.70229,Nederland,,EAZ wind,Kaag en Braassem,Zuid-Holland,land,2026-01-11,POINT (98854.1016 463665.7023)
rivm_windturbines_ashoogte_actueel.1839,71.0,85.0,2000.0,210002.8239,463706.0248,Nederland,,,Zutphen,Gelderland,land,2026-01-11,POINT (210002.8239 463706.0248)
rivm_windturbines_ashoogte_actueel.1840,13.0,15.0,15.0,101445.788779,463780.731492,Nederland,,EAZ wind,Kaag en Braassem,Zuid-Holland,land,2026-01-11,POINT (101445.7888 463780.7315)
rivm_windturbines_ashoogte_actueel.1841,71.0,85.0,2000.0,210043.0521,464026.9499,Nederland,,,Zutphen,Gelderland,land,2026-01-11,POINT (210043.0521 464026.9499)
rivm_windturbines_ashoogte_actueel.1842,13.0,15.0,15.0,113040.601972,464221.711318,Nederland,,EAZ wind,Nieuwkoop,Zuid-Holland,land,2026-01-11,POINT (113040.602 464221.7113)
rivm_windturbines_ashoogte_actueel.1843,13.0,15.0,15.0,113020.597019,464265.952313,Nederland,,EAZ wind,Nieuwkoop,Zuid-Holland,land,2026-01-11,POINT (113020.597 464265.9523)
rivm_windturbines_ashoogte_actueel.1844,13.0,15.0,15.0,103605.507676,464280.63474,Nederland,,EAZ wind,Kaag en Braassem,Zuid-Holland,land,2026-01-11,POINT (103605.5077 464280.6347)
rivm_windturbines_ashoogte_actueel.1845,71.0,85.0,2000.0,210084.955,464345.5537,Nederland,,,Zutphen,Gelderland,land,2026-01-11,POINT (210084.955 464345.5537)
rivm_windturbines_ashoogte_actueel.1846,13.0,15.0,15.0,101493.575433,464584.939565,Nederland,,EAZ wind,Kaag en Braassem,Zuid-Holland,land,2026-01-11,POINT (101493.5754 464584.9396)
rivm_windturbines_ashoogte_actueel.1847,13.0,15.0,15.0,208631.19,464983.24,Nederland,,EAZ wind,Voorst,Gelderland,land,2026-01-11,POINT (208631.19 464983.24)
rivm_windturbines_ashoogte_actueel.1848,13.0,15.0,15.0,103790.542375,465539.9135,Nederland,,EAZ wind,Kaag en Braassem,Zuid-Holland,land,2026-01-11,POINT (103790.5424 465539.9135)
rivm_windturbines_ashoogte_actueel.1849,13.0,15.0,15.0,101141.843655,465623.250639,Nederland,,EAZ wind,Kaag en Braassem,Zuid-Holland,land,2026-01-11,POINT (101141.8437 465623.2506)
rivm_windturbines_ashoogte_actueel.1850,13.0,15.0,15.0,98983.5293125,465773.91699,Nederland,,EAZ wind,Kaag en Braassem,Zuid-Holland,land,2026-01-11,POINT (98983.5293 465773.917)
rivm_windturbines_ashoogte_actueel.1851,13.0,15.0,15.0,202801.72,466021.72,Nederland,,EAZ wind,Voorst,Gelderland,land,2026-01-11,POINT (202801.72 466021.72)
rivm_windturbines_ashoogte_actueel.1852,13.0,15.0,15.0,98327.1706731,466117.206614,Nederland,,EAZ wind,Kaag en Braassem,Zuid-Holland,land,2026-01-11,POINT (98327.1707 466117.2066)
rivm_windturbines_ashoogte_actueel.1853,13.0,15.0,15.0,103100.669375,466140.471499,Nederland,,EAZ wind,Kaag en Braassem,Zuid-Holland,land,2026-01-11,POINT (103100.6694 466140.4715)
rivm_windturbines_ashoogte_actueel.1854,13.0,15.0,15.0,112325.751081,466192.320151,Nederland,,EAZ wind,Nieuwkoop,Zuid-Holland,land,2026-01-11,POINT (112325.7511 466192.3202)
rivm_windturbines_ashoogte_actueel.1855,13.0,15.0,15.0,103717.363568,466200.363885,Nederland,,EAZ wind,Kaag en Braassem,Zuid-Holland,land,2026-01-11,POINT (103717.3636 466200.3639)
rivm_windturbines_ashoogte_actueel.1856,13.0,15.0,15.0,244284.559238,466590.705105,Nederland,,EAZ wind,Haaksbergen,Overijssel,land,2026-01-11,POINT (244284.5592 466590.7051)
rivm_windturbines_ashoogte_actueel.1857,13.0,15.0,15.0,100615.954686,466707.040721,Nederland,,EAZ wind,Kaag en Braassem,Zuid-Holland,land,2026-01-11,POINT (100615.9547 466707.0407)
rivm_windturbines_ashoogte_actueel.1858,193.0,155.0,11000.0,59757.0085534,466867.587011,Nederland,Windpark Hollandse Kust Zuid,SG 11.0-200,,,zee,2026-01-11,POINT (59757.0086 466867.587)
rivm_windturbines_ashoogte_actueel.1859,13.0,15.0,15.0,100015.852364,467092.778523,Nederland,,EAZ wind,Kaag en Braassem,Zuid-Holland,land,2026-01-11,POINT (100015.8524 467092.7785)
rivm_windturbines_ashoogte_actueel.1860,13.0,15.0,15.0,107205.122824,467163.678107,Nederland,,EAZ wind,Kaag en Braassem,Zuid-Holland,land,2026-01-11,POINT (107205.1228 467163.6781)
rivm_windturbines_ashoogte_actueel.1861,13.0,15.0,15.0,107046.01033,467464.397209,Nederland,,EAZ wind,Kaag en Braassem,Zuid-Holland,land,2026-01-11,POINT (107046.0103 467464.3972)
rivm_windturbines_ashoogte_actueel.1862,193.0,155.0,11000.0,60402.6741231,467633.17751,Nederland,Windpark Hollandse Kust Zuid,SG 11.0-200,,,zee,2026-01-11,POINT (60402.6741 467633.1775)
rivm_windturbines_ashoogte_actueel.1863,193.0,155.0,11000.0,59076.9497466,467646.369667,Nederland,Windpark Hollandse Kust Zuid,SG 11.0-200,,,zee,2026-01-11,POINT (59076.9497 467646.3697)
rivm_windturbines_ashoogte_actueel.1864,193.0,155.0,11000.0,61276.7378008,468121.677959,Nederland,Windpark Hollandse Kust Zuid,SG 11.0-200,,,zee,2026-01-11,POINT (61276.7378 468121.678)
rivm_windturbines_ashoogte_actueel.1865,13.0,15.0,15.0,244046.010472,468189.658826,Nederland,,EAZ wind,Haaksbergen,Overijssel,land,2026-01-11,POINT (244046.0105 468189.6588)
rivm_windturbines_ashoogte_actueel.1866,193.0,155.0,11000.0,58403.7934063,468417.552106,Nederland,Windpark Hollandse Kust Zuid,SG 11.0-200,,,zee,2026-01-11,POINT (58403.7934 468417.5521)
rivm_windturbines_ashoogte_actueel.1867,193.0,155.0,11000.0,60148.3127026,468602.866826,Nederland,Windpark Hollandse Kust Zuid,SG 11.0-200,,,zee,2026-01-11,POINT (60148.3127 468602.8668)
rivm_windturbines_ashoogte_actueel.1868,193.0,155.0,11000.0,62079.5562324,468718.859504,Nederland,Windpark Hollandse Kust Zuid,SG 11.0-200,,,zee,2026-01-11,POINT (62079.5562 468718.8595)
rivm_windturbines_ashoogte_actueel.1869,13.0,15.0,15.0,106658.085664,469332.752097,Nederland,,EAZ wind,Kaag en Braassem,Zuid-Holland,land,2026-01-11,POINT (106658.0857 469332.7521)
rivm_windturbines_ashoogte_actueel.1870,193.0,155.0,11000.0,57550.7033415,469394.876315,Nederland,Windpark Hollandse Kust Zuid,SG 11.0-200,,,zee,2026-01-11,POINT (57550.7033 469394.8763)
rivm_windturbines_ashoogte_actueel.1871,90.0,80.0,3000.0,120197.8797,469430.5033,Nederland,,,De Ronde Venen,Utrecht,land,2026-01-11,POINT (120197.8797 469430.5033)
rivm_windturbines_ashoogte_actueel.1872,193.0,155.0,11000.0,58677.2559496,469525.259909,Nederland,Windpark Hollandse Kust Zuid,SG 11.0-200,,,zee,2026-01-11,POINT (58677.2559 469525.2599)
rivm_windturbines_ashoogte_actueel.1873,193.0,155.0,11000.0,60016.9453376,469595.181642,Nederland,Windpark Hollandse Kust Zuid,SG 11.0-200,,,zee,2026-01-11,POINT (60016.9453 469595.1816)
rivm_windturbines_ashoogte_actueel.1874,193.0,155.0,11000.0,61857.8726094,469764.948263,Nederland,Windpark Hollandse Kust Zuid,SG 11.0-200,,,zee,2026-01-11,POINT (61857.8726 469764.9483)
rivm_windturbines_ashoogte_actueel.1875,193.0,155.0,11000.0,63019.0290591,469910.172655,Nederland,Windpark Hollandse Kust Zuid,SG 11.0-200,,,zee,2026-01-11,POINT (63019.0291 469910.1727)
rivm_windturbines_ashoogte_actueel.1876,13.0,15.0,15.0,171258.237012,470066.378484,Nederland,,EAZ wind,Putten,Gelderland,land,2026-01-11,POINT (171258.237 470066.3785)
rivm_windturbines_ashoogte_actueel.1877,193.0,155.0,11000.0,57274.5713453,470357.435348,Nederland,Windpark Hollandse Kust Zuid,SG 11.0-200,,,zee,2026-01-11,POINT (57274.5713 470357.4353)
rivm_windturbines_ashoogte_actueel.1878,193.0,155.0,11000.0,58520.9623089,470665.656632,Nederland,Windpark Hollandse Kust Zuid,SG 11.0-200,,,zee,2026-01-11,POINT (58520.9623 470665.6566)
rivm_windturbines_ashoogte_actueel.1879,193.0,155.0,11000.0,59971.250151,470787.949458,Nederland,Windpark Hollandse Kust Zuid,SG 11.0-200,,,zee,2026-01-11,POINT (59971.2502 470787.9495)
rivm_windturbines_ashoogte_actueel.1880,193.0,155.0,11000.0,61737.7129286,470853.672934,Nederland,Windpark Hollandse Kust Zuid,SG 11.0-200,,,zee,2026-01-11,POINT (61737.7129 470853.6729)
rivm_windturbines_ashoogte_actueel.1881,193.0,155.0,11000.0,64074.0248808,471067.970901,Nederland,Windpark Hollandse Kust Zuid,SG 11.0-200,,,zee,2026-01-11,POINT (64074.0249 471067.9709)
rivm_windturbines_ashoogte_actueel.1882,15.0,20.0,10.0,165155.59,471322.43,Nederland,,,Putten,Gelderland,land,2026-01-11,POINT (165155.59 471322.43)
rivm_windturbines_ashoogte_actueel.1883,70.0,57.0,2050.0,104450.031,471438.9414,Nederland,,,Haarlemmermeer,Noord-Holland,land,2026-01-11,POINT (104450.031 471438.9414)
rivm_windturbines_ashoogte_actueel.1884,193.0,155.0,11000.0,57088.3485781,471475.459249,Nederland,Windpark Hollandse Kust Zuid,SG 11.0-200,,,zee,2026-01-11,POINT (57088.3486 471475.4592)
rivm_windturbines_ashoogte_actueel.1885,193.0,155.0,11000.0,63146.1270134,471618.790722,Nederland,Windpark Hollandse Kust Zuid,SG 11.0-200,,,zee,2026-01-11,POINT (63146.127 471618.7907)
rivm_windturbines_ashoogte_actueel.1886,71.0,57.0,2300.0,104679.9007,471688.4679,Nederland,,,Haarlemmermeer,Noord-Holland,land,2026-01-11,POINT (104679.9007 471688.4679)
rivm_windturbines_ashoogte_actueel.1887,70.0,57.0,2300.0,104150.0318,471745.9419,Nederland,,,Haarlemmermeer,Noord-Holland,land,2026-01-11,POINT (104150.0318 471745.9419)
rivm_windturbines_ashoogte_actueel.1888,71.0,57.0,2300.0,104905.2075,471943.3492,Nederland,,,Haarlemmermeer,Noord-Holland,land,2026-01-11,POINT (104905.2075 471943.3492)
rivm_windturbines_ashoogte_actueel.1889,193.0,155.0,11000.0,59503.1320012,472079.552911,Nederland,Windpark Hollandse Kust Zuid,SG 11.0-200,,,zee,2026-01-11,POINT (59503.132 472079.5529)
rivm_windturbines_ashoogte_actueel.1890,193.0,155.0,11000.0,64607.7206486,472081.077154,Nederland,Windpark Hollandse Kust Zuid,SG 11.0-200,,,zee,2026-01-11,POINT (64607.7206 472081.0772)
rivm_windturbines_ashoogte_actueel.1891,71.0,57.0,2300.0,105132.9068,472198.3103,Nederland,,,Haarlemmermeer,Noord-Holland,land,2026-01-11,POINT (105132.9068 472198.3103)
rivm_windturbines_ashoogte_actueel.1892,92.0,85.0,2300.0,209428.2118,472277.4904,Nederland,,,Deventer,Overijssel,land,2026-01-11,POINT (209428.2118 472277.4904)
rivm_windturbines_ashoogte_actueel.1893,92.0,85.0,2300.0,210367.144921,472288.143099,Nederland,,,Deventer,Overijssel,land,2026-01-11,POINT (210367.1449 472288.1431)
rivm_windturbines_ashoogte_actueel.1894,193.0,155.0,11000.0,61723.8003936,472346.694265,Nederland,Windpark Hollandse Kust Zuid,SG 11.0-200,,,zee,2026-01-11,POINT (61723.8004 472346.6943)
rivm_windturbines_ashoogte_actueel.1895,48.0,55.0,800.0,105316.8138,472402.8668,Nederland,,,Haarlemmermeer,Noord-Holland,land,2026-01-11,POINT (105316.8138 472402.8668)
rivm_windturbines_ashoogte_actueel.1896,193.0,155.0,11000.0,56918.7758446,472495.843171,Nederland,Windpark Hollandse Kust Zuid,SG 11.0-200,,,zee,2026-01-11,POINT (56918.7758 472495.8432)
rivm_windturbines_ashoogte_actueel.1897,193.0,155.0,11000.0,65738.7882395,472543.408696,Nederland,Windpark Hollandse Kust Zuid,SG 11.0-200,,,zee,2026-01-11,POINT (65738.7882 472543.4087)
rivm_windturbines_ashoogte_actueel.1898,48.0,55.0,800.0,105512.0329,472619.8903,Nederland,,,Haarlemmermeer,Noord-Holland,land,2026-01-11,POINT (105512.0329 472619.8903)
rivm_windturbines_ashoogte_actueel.1899,15.0,20.0,10.0,168276.08,472643.42,Nederland,,,Putten,Gelderland,land,2026-01-11,POINT (168276.08 472643.42)
rivm_windturbines_ashoogte_actueel.1900,193.0,155.0,11000.0,66610.0036107,473193.291749,Nederland,Windpark Hollandse Kust Zuid,SG 11.0-200,,,zee,2026-01-11,POINT (66610.0036 473193.2917)
rivm_windturbines_ashoogte_actueel.1901,193.0,155.0,11000.0,61505.4181388,473459.514691,Nederland,Windpark Hollandse Kust Zuid,SG 11.0-200,,,zee,2026-01-11,POINT (61505.4181 473459.5147)
rivm_windturbines_ashoogte_actueel.1902,193.0,155.0,11000.0,56749.0035648,473515.127355,Nederland,Windpark Hollandse Kust Zuid,SG 11.0-200,,,zee,2026-01-11,POINT (56749.0036 473515.1274)
rivm_windturbines_ashoogte_actueel.1903,193.0,155.0,11000.0,59465.5477876,473526.853468,Nederland,Windpark Hollandse Kust Zuid,SG 11.0-200,,,zee,2026-01-11,POINT (59465.5478 473526.8535)
rivm_windturbines_ashoogte_actueel.1904,13.0,15.0,15.0,167537.989211,473602.663252,Nederland,,EAZ wind,Putten,Gelderland,land,2026-01-11,POINT (167537.9892 473602.6633)
rivm_windturbines_ashoogte_actueel.1905,13.0,15.0,15.0,167486.927929,473610.505998,Nederland,,EAZ wind,Putten,Gelderland,land,2026-01-11,POINT (167486.9279 473610.506)
rivm_windturbines_ashoogte_actueel.1906,193.0,155.0,11000.0,67414.6793876,473866.854744,Nederland,Windpark Hollandse Kust Zuid,SG 11.0-200,,,zee,2026-01-11,POINT (67414.6794 473866.8547)
rivm_windturbines_ashoogte_actueel.1907,15.0,20.0,10.0,167308.89,473912.74,Nederland,,,Putten,Gelderland,land,2026-01-11,POINT (167308.89 473912.74)
rivm_windturbines_ashoogte_actueel.1908,13.0,15.0,15.0,165129.61,474045.75,Nederland,,EAZ wind,Putten,Gelderland,land,2026-01-11,POINT (165129.61 474045.75)
rivm_windturbines_ashoogte_actueel.1909,193.0,155.0,11000.0,63456.536673,474266.970366,Nederland,Windpark Hollandse Kust Zuid,SG 11.0-200,,,zee,2026-01-11,POINT (63456.5367 474266.9704)
rivm_windturbines_ashoogte_actueel.1910,193.0,155.0,11000.0,66487.6156903,474281.718952,Nederland,Windpark Hollandse Kust Zuid,SG 11.0-200,,,zee,2026-01-11,POINT (66487.6157 474281.719)
rivm_windturbines_ashoogte_actueel.1911,193.0,155.0,11000.0,58185.5977128,474309.678945,Nederland,Windpark Hollandse Kust Zuid,SG 11.0-200,,,zee,2026-01-11,POINT (58185.5977 474309.6789)
rivm_windturbines_ashoogte_actueel.1912,14.0,15.0,25.0,165207.220093,474586.693115,Nederland,,,Putten,Gelderland,land,2026-01-11,POINT (165207.2201 474586.6931)
rivm_windturbines_ashoogte_actueel.1913,193.0,155.0,11000.0,61459.5229668,474652.476868,Nederland,Windpark Hollandse Kust Zuid,SG 11.0-200,,,zee,2026-01-11,POINT (61459.523 474652.4769)
rivm_windturbines_ashoogte_actueel.1914,193.0,155.0,11000.0,65231.6028141,475072.990471,Nederland,Windpark Hollandse Kust Zuid,SG 11.0-200,,,zee,2026-01-11,POINT (65231.6028 475072.9905)
rivm_windturbines_ashoogte_actueel.1915,193.0,155.0,11000.0,56459.154133,475258.218914,Nederland,Windpark Hollandse Kust Zuid,SG 11.0-200,,,zee,2026-01-11,POINT (56459.1541 475258.2189)
rivm_windturbines_ashoogte_actueel.1916,193.0,155.0,11000.0,68585.2994556,475332.497073,Nederland,Windpark Hollandse Kust Zuid,SG 11.0-200,,,zee,2026-01-11,POINT (68585.2995 475332.4971)
rivm_windturbines_ashoogte_actueel.1917,193.0,155.0,11000.0,57473.1939016,475382.988607,Nederland,Windpark Hollandse Kust Zuid,SG 11.0-200,,,zee,2026-01-11,POINT (57473.1939 475382.9886)
rivm_windturbines_ashoogte_actueel.1918,193.0,155.0,11000.0,58454.1546954,475599.874969,Nederland,Windpark Hollandse Kust Zuid,SG 11.0-200,,,zee,2026-01-11,POINT (58454.1547 475599.875)
rivm_windturbines_ashoogte_actueel.1919,193.0,155.0,11000.0,64045.0333284,475609.62466,Nederland,Windpark Hollandse Kust Zuid,SG 11.0-200,,,zee,2026-01-11,POINT (64045.0333 475609.6247)
rivm_windturbines_ashoogte_actueel.1920,193.0,155.0,11000.0,59480.5511666,475827.373322,Nederland,Windpark Hollandse Kust Zuid,SG 11.0-200,,,zee,2026-01-11,POINT (59480.5512 475827.3733)
rivm_windturbines_ashoogte_actueel.1921,13.0,13.0,75.0,120167.386597,476018.525574,Nederland,,,Amstelveen,Noord-Holland,land,2026-01-11,POINT (120167.3866 476018.5256)
rivm_windturbines_ashoogte_actueel.1922,13.0,15.0,15.0,120173.929376,476037.857772,Nederland,,EAZ wind,Amstelveen,Noord-Holland,land,2026-01-11,POINT (120173.9294 476037.8578)
rivm_windturbines_ashoogte_actueel.1923,193.0,155.0,11000.0,60961.346027,476155.857712,Nederland,Windpark Hollandse Kust Zuid,SG 11.0-200,,,zee,2026-01-11,POINT (60961.346 476155.8577)
rivm_windturbines_ashoogte_actueel.1924,104.0,98.0,3400.0,156403.231305,476200.501633,Nederland,,,Zeewolde,Flevoland,land,2026-01-11,POINT (156403.2313 476200.5016)
rivm_windturbines_ashoogte_actueel.1925,15.6,24.5,50.0,168782.8876,476232.3009,Nederland,,,Putten,Gelderland,land,2026-01-11,POINT (168782.8876 476232.3009)
rivm_windturbines_ashoogte_actueel.1926,193.0,155.0,11000.0,56289.6064761,476277.719173,Nederland,Windpark Hollandse Kust Zuid,SG 11.0-200,,,zee,2026-01-11,POINT (56289.6065 476277.7192)
rivm_windturbines_ashoogte_actueel.1927,193.0,155.0,11000.0,67762.5039173,476315.022617,Nederland,Windpark Hollandse Kust Zuid,SG 11.0-200,,,zee,2026-01-11,POINT (67762.5039 476315.0226)
rivm_windturbines_ashoogte_actueel.1928,14.0,15.0,25.0,165802.20069,476347.639388,Nederland,,,Putten,Gelderland,land,2026-01-11,POINT (165802.2007 476347.6394)
rivm_windturbines_ashoogte_actueel.1929,193.0,155.0,11000.0,69387.6533916,476394.198824,Nederland,Windpark Hollandse Kust Zuid,SG 11.0-200,,,zee,2026-01-11,POINT (69387.6534 476394.1988)
rivm_windturbines_ashoogte_actueel.1930,193.0,155.0,11000.0,62138.431179,476417.375606,Nederland,Windpark Hollandse Kust Zuid,SG 11.0-200,,,zee,2026-01-11,POINT (62138.4312 476417.3756)
rivm_windturbines_ashoogte_actueel.1931,104.0,98.0,3400.0,156116.258273,476479.095882,Nederland,,,Zeewolde,Flevoland,land,2026-01-11,POINT (156116.2583 476479.0959)
rivm_windturbines_ashoogte_actueel.1932,193.0,155.0,11000.0,63311.7464128,476676.837877,Nederland,Windpark Hollandse Kust Zuid,SG 11.0-200,,,zee,2026-01-11,POINT (63311.7464 476676.8379)
rivm_windturbines_ashoogte_actueel.1933,104.0,98.0,3400.0,155832.4475,476747.853,Nederland,,,Zeewolde,Flevoland,land,2026-01-11,POINT (155832.4475 476747.853)
rivm_windturbines_ashoogte_actueel.1934,193.0,155.0,11000.0,58405.7087966,476899.613535,Nederland,Windpark Hollandse Kust Zuid,SG 11.0-200,,,zee,2026-01-11,POINT (58405.7088 476899.6135)
rivm_windturbines_ashoogte_actueel.1935,104.0,98.0,3400.0,157172.2218,476909.8163,Nederland,,,Zeewolde,Flevoland,land,2026-01-11,POINT (157172.2218 476909.8163)
rivm_windturbines_ashoogte_actueel.1936,15.0,20.0,10.0,167958.68,476929.29,Nederland,,,Putten,Gelderland,land,2026-01-11,POINT (167958.68 476929.29)
rivm_windturbines_ashoogte_actueel.1937,104.0,98.0,3400.0,155550.6341,477027.0828,Nederland,,,Zeewolde,Flevoland,land,2026-01-11,POINT (155550.6341 477027.0828)
rivm_windturbines_ashoogte_actueel.1938,193.0,155.0,11000.0,56963.9435267,477032.160978,Nederland,Windpark Hollandse Kust Zuid,SG 11.0-200,,,zee,2026-01-11,POINT (56963.9435 477032.161)
rivm_windturbines_ashoogte_actueel.1939,104.0,98.0,3400.0,156938.9755,477240.7259,Nederland,,,Zeewolde,Flevoland,land,2026-01-11,POINT (156938.9755 477240.7259)
rivm_windturbines_ashoogte_actueel.1940,104.0,98.0,3400.0,159851.9939,477267.8898,Nederland,,,Zeewolde,Flevoland,land,2026-01-11,POINT (159851.9939 477267.8898)
rivm_windturbines_ashoogte_actueel.1941,104.0,98.0,3400.0,155264.0078,477303.9919,Nederland,,,Zeewolde,Flevoland,land,2026-01-11,POINT (155264.0078 477303.9919)
rivm_windturbines_ashoogte_actueel.1942,193.0,155.0,11000.0,60634.9731984,477421.768725,Nederland,Windpark Hollandse Kust Zuid,SG 11.0-200,,,zee,2026-01-11,POINT (60634.9732 477421.7687)
rivm_windturbines_ashoogte_actueel.1943,193.0,155.0,11000.0,66765.4227779,477429.829086,Nederland,Windpark Hollandse Kust Zuid,SG 11.0-200,,,zee,2026-01-11,POINT (66765.4228 477429.8291)
rivm_windturbines_ashoogte_actueel.1944,193.0,155.0,11000.0,62510.0432972,477530.177453,Nederland,Windpark Hollandse Kust Zuid,SG 11.0-200,,,zee,2026-01-11,POINT (62510.0433 477530.1775)
rivm_windturbines_ashoogte_actueel.1945,193.0,155.0,11000.0,56077.3384204,477554.919932,Nederland,Windpark Hollandse Kust Zuid,SG 11.0-200,,,zee,2026-01-11,POINT (56077.3384 477554.9199)
rivm_windturbines_ashoogte_actueel.1946,104.0,98.0,3400.0,156706.1696,477572.4258,Nederland,,,Zeewolde,Flevoland,land,2026-01-11,POINT (156706.1696 477572.4258)
rivm_windturbines_ashoogte_actueel.1947,104.0,98.0,3400.0,154976.5265,477581.5854,Nederland,,,Zeewolde,Flevoland,land,2026-01-11,POINT (154976.5265 477581.5854)
rivm_windturbines_ashoogte_actueel.1948,104.0,98.0,3400.0,159689.9941,477643.8898,Nederland,,,Zeewolde,Flevoland,land,2026-01-11,POINT (159689.9941 477643.8898)
rivm_windturbines_ashoogte_actueel.1949,193.0,155.0,11000.0,70272.1511254,477647.556182,Nederland,Windpark Hollandse Kust Zuid,SG 11.0-200,,,zee,2026-01-11,POINT (70272.1511 477647.5562)
rivm_windturbines_ashoogte_actueel.1950,104.0,98.0,3400.0,154690.3056,477857.9717,Nederland,,,Zeewolde,Flevoland,land,2026-01-11,POINT (154690.3056 477857.9717)
rivm_windturbines_ashoogte_actueel.1951,71.0,85.0,2050.0,124615.225,477899.0116,Nederland,,,Ouder-Amstel,Noord-Holland,land,2026-01-11,POINT (124615.225 477899.0116)
rivm_windturbines_ashoogte_actueel.1952,104.0,98.0,3400.0,156473.3271,477902.5791,Nederland,,,Zeewolde,Flevoland,land,2026-01-11,POINT (156473.3271 477902.5791)
rivm_windturbines_ashoogte_actueel.1953,104.0,98.0,3400.0,159527.9942,478020.8897,Nederland,,,Zeewolde,Flevoland,land,2026-01-11,POINT (159527.9942 478020.8897)
rivm_windturbines_ashoogte_actueel.1954,104.0,98.0,3400.0,154403.0933,478135.0424,Nederland,,,Zeewolde,Flevoland,land,2026-01-11,POINT (154403.0933 478135.0424)
rivm_windturbines_ashoogte_actueel.1955,193.0,155.0,11000.0,57172.9724326,478216.439256,Nederland,Windpark Hollandse Kust Zuid,SG 11.0-200,,,zee,2026-01-11,POINT (57172.9724 478216.4393)
rivm_windturbines_ashoogte_actueel.1956,104.0,98.0,3400.0,156239.9695,478234.5236,Nederland,,,Zeewolde,Flevoland,land,2026-01-11,POINT (156239.9695 478234.5236)
rivm_windturbines_ashoogte_actueel.1957,193.0,155.0,11000.0,63076.9190056,478367.13053,Nederland,Windpark Hollandse Kust Zuid,SG 11.0-200,,,zee,2026-01-11,POINT (63076.919 478367.1305)
rivm_windturbines_ashoogte_actueel.1958,104.0,98.0,3400.0,159365.9944,478396.8897,Nederland,,,Zeewolde,Flevoland,land,2026-01-11,POINT (159365.9944 478396.8897)
rivm_windturbines_ashoogte_actueel.1959,104.0,98.0,3400.0,154116.8683,478411.9073,Nederland,,,Zeewolde,Flevoland,land,2026-01-11,POINT (154116.8683 478411.9073)
rivm_windturbines_ashoogte_actueel.1960,193.0,155.0,11000.0,60501.2324049,478531.987387,Nederland,Windpark Hollandse Kust Zuid,SG 11.0-200,,,zee,2026-01-11,POINT (60501.2324 478531.9874)
rivm_windturbines_ashoogte_actueel.1961,193.0,155.0,11000.0,55912.6952437,478542.654221,Nederland,Windpark Hollandse Kust Zuid,SG 11.0-200,,,zee,2026-01-11,POINT (55912.6952 478542.6542)
rivm_windturbines_ashoogte_actueel.1962,104.0,98.0,3400.0,156006.5752,478565.5891,Nederland,,,Zeewolde,Flevoland,land,2026-01-11,POINT (156006.5752 478565.5891)
rivm_windturbines_ashoogte_actueel.1963,104.0,98.0,3400.0,153832.040686,478689.41994,Nederland,,,Zeewolde,Flevoland,land,2026-01-11,POINT (153832.0407 478689.4199)
rivm_windturbines_ashoogte_actueel.1964,104.0,98.0,3400.0,159203.9946,478773.8897,Nederland,,,Zeewolde,Flevoland,land,2026-01-11,POINT (159203.9946 478773.8897)
rivm_windturbines_ashoogte_actueel.1965,193.0,155.0,11000.0,70919.7904593,478811.469889,Nederland,Windpark Hollandse Kust Zuid,SG 11.0-200,,,zee,2026-01-11,POINT (70919.7905 478811.4699)
rivm_windturbines_ashoogte_actueel.1966,104.0,98.0,3400.0,155773.6213,478896.9998,Nederland,,,Zeewolde,Flevoland,land,2026-01-11,POINT (155773.6213 478896.9998)
rivm_windturbines_ashoogte_actueel.1967,104.0,98.0,3400.0,153553.396167,478954.190352,Nederland,,,Zeewolde,Flevoland,land,2026-01-11,POINT (153553.3962 478954.1904)
rivm_windturbines_ashoogte_actueel.1968,193.0,155.0,11000.0,66560.801185,478967.948574,Nederland,Windpark Hollandse Kust Zuid,SG 11.0-200,,,zee,2026-01-11,POINT (66560.8012 478967.9486)
rivm_windturbines_ashoogte_actueel.1969,13.0,15.0,10.0,202258.970354,479007.237521,Nederland,,,Voorst,Gelderland,land,2026-01-11,POINT (202258.9704 479007.2375)
rivm_windturbines_ashoogte_actueel.1970,104.0,98.0,3400.0,159039.829445,479150.753089,Nederland,,,Zeewolde,Flevoland,land,2026-01-11,POINT (159039.8294 479150.7531)
rivm_windturbines_ashoogte_actueel.1971,104.0,98.0,3400.0,155540.5623,479228.0878,Nederland,,,Zeewolde,Flevoland,land,2026-01-11,POINT (155540.5623 479228.0878)
rivm_windturbines_ashoogte_actueel.1972,193.0,155.0,11000.0,62566.1965792,479229.616392,Nederland,Windpark Hollandse Kust Zuid,SG 11.0-200,,,zee,2026-01-11,POINT (62566.1966 479229.6164)
rivm_windturbines_ashoogte_actueel.1973,104.0,98.0,3400.0,153264.611492,479240.348865,Nederland,,,Zeewolde,Flevoland,land,2026-01-11,POINT (153264.6115 479240.3489)
rivm_windturbines_ashoogte_actueel.1974,104.0,98.0,3400.0,158879.6419,479526.536409,Nederland,,,Zeewolde,Flevoland,land,2026-01-11,POINT (158879.6419 479526.5364)
rivm_windturbines_ashoogte_actueel.1975,193.0,155.0,11000.0,58662.7134575,479528.205434,Nederland,Windpark Hollandse Kust Zuid,SG 11.0-200,,,zee,2026-01-11,POINT (58662.7135 479528.2054)
rivm_windturbines_ashoogte_actueel.1976,193.0,155.0,11000.0,55748.4263492,479530.737687,Nederland,Windpark Hollandse Kust Zuid,SG 11.0-200,,,zee,2026-01-11,POINT (55748.4263 479530.7377)
rivm_windturbines_ashoogte_actueel.1977,104.0,98.0,3400.0,155307.2617,479559.7432,Nederland,,,Zeewolde,Flevoland,land,2026-01-11,POINT (155307.2617 479559.7432)
rivm_windturbines_ashoogte_actueel.1978,193.0,155.0,11000.0,70032.3891653,479721.366404,Nederland,Windpark Hollandse Kust Zuid,SG 11.0-200,,,zee,2026-01-11,POINT (70032.3892 479721.3664)
rivm_windturbines_ashoogte_actueel.1979,193.0,155.0,11000.0,60455.5530929,479724.597751,Nederland,Windpark Hollandse Kust Zuid,SG 11.0-200,,,zee,2026-01-11,POINT (60455.5531 479724.5978)
rivm_windturbines_ashoogte_actueel.1980,18.0,24.5,80.0,154431.8593,479724.8105,Nederland,,,Zeewolde,Flevoland,land,2026-01-11,POINT (154431.8593 479724.8105)
rivm_windturbines_ashoogte_actueel.1981,104.0,98.0,3400.0,155073.9987,479889.8903,Nederland,,,Zeewolde,Flevoland,land,2026-01-11,POINT (155073.9987 479889.8903)
rivm_windturbines_ashoogte_actueel.1982,104.0,98.0,3400.0,158717.791876,479904.603566,Nederland,,,Zeewolde,Flevoland,land,2026-01-11,POINT (158717.7919 479904.6036)
rivm_windturbines_ashoogte_actueel.1983,193.0,155.0,11000.0,68466.760216,480011.15211,Nederland,Windpark Hollandse Kust Zuid,SG 11.0-200,,,zee,2026-01-11,POINT (68466.7602 480011.1521)
rivm_windturbines_ashoogte_actueel.1984,193.0,155.0,11000.0,71728.0816268,480144.52288,Nederland,Windpark Hollandse Kust Zuid,SG 11.0-200,,,zee,2026-01-11,POINT (71728.0816 480144.5229)
rivm_windturbines_ashoogte_actueel.1985,115.0,135.0,3000.0,269094.595455,480192.981004,Duitsland,,,,,land,2026-01-11,POINT (269094.5955 480192.981)
rivm_windturbines_ashoogte_actueel.1986,104.0,98.0,3400.0,154840.999,480221.8903,Nederland,,,Zeewolde,Flevoland,land,2026-01-11,POINT (154840.999 480221.8903)
rivm_windturbines_ashoogte_actueel.1987,193.0,155.0,11000.0,62815.065723,480250.2247,Nederland,Windpark Hollandse Kust Zuid,SG 11.0-200,,,zee,2026-01-11,POINT (62815.0657 480250.2247)
rivm_windturbines_ashoogte_actueel.1988,104.0,98.0,3400.0,158544.1975,480282.5544,Nederland,,,Zeewolde,Flevoland,land,2026-01-11,POINT (158544.1975 480282.5544)
rivm_windturbines_ashoogte_actueel.1989,193.0,155.0,11000.0,57755.9162089,480408.931756,Nederland,Windpark Hollandse Kust Zuid,SG 11.0-200,,,zee,2026-01-11,POINT (57755.9162 480408.9318)
rivm_windturbines_ashoogte_actueel.1990,193.0,155.0,11000.0,56096.4803061,480468.618283,Nederland,Windpark Hollandse Kust Zuid,SG 11.0-200,,,zee,2026-01-11,POINT (56096.4803 480468.6183)
rivm_windturbines_ashoogte_actueel.1991,104.0,98.0,3400.0,154607.9993,480552.8903,Nederland,,,Zeewolde,Flevoland,land,2026-01-11,POINT (154607.9993 480552.8903)
rivm_windturbines_ashoogte_actueel.1992,115.0,135.0,3000.0,269022.87368,480576.082981,Duitsland,,,,,land,2026-01-11,POINT (269022.8737 480576.083)
rivm_windturbines_ashoogte_actueel.1993,104.0,98.0,3400.0,158395.9933,480654.5777,Nederland,,,Zeewolde,Flevoland,land,2026-01-11,POINT (158395.9933 480654.5777)
rivm_windturbines_ashoogte_actueel.1994,141.0,150.0,4200.0,151486.101906,480767.441519,Nederland,,V136-4.3,Almere,Flevoland,land,2026-01-11,POINT (151486.1019 480767.4415)
rivm_windturbines_ashoogte_actueel.1995,193.0,155.0,11000.0,60322.0648268,480835.280793,Nederland,Windpark Hollandse Kust Zuid,SG 11.0-200,,,zee,2026-01-11,POINT (60322.0648 480835.2808)
rivm_windturbines_ashoogte_actueel.1996,115.0,135.0,3000.0,268819.135259,480895.116537,Duitsland,,,,,land,2026-01-11,POINT (268819.1353 480895.1165)
rivm_windturbines_ashoogte_actueel.1997,193.0,155.0,11000.0,62059.9865408,481000.867093,Nederland,Windpark Hollandse Kust Zuid,SG 11.0-200,,,zee,2026-01-11,POINT (62059.9865 481000.8671)
rivm_windturbines_ashoogte_actueel.1998,104.0,98.0,3400.0,158234.4542,481034.2992,Nederland,,,Zeewolde,Flevoland,land,2026-01-11,POINT (158234.4542 481034.2992)
rivm_windturbines_ashoogte_actueel.1999,193.0,155.0,11000.0,59090.7752058,481136.59775,Nederland,Windpark Hollandse Kust Zuid,SG 11.0-200,,,zee,2026-01-11,POINT (59090.7752 481136.5977)
rivm_windturbines_ashoogte_actueel.2000,141.0,150.0,4200.0,151789.711888,481172.585558,Nederland,,V136-4.3,Almere,Flevoland,land,2026-01-11,POINT (151789.7119 481172.5856)
rivm_windturbines_ashoogte_actueel.2001,193.0,155.0,11000.0,57100.9039665,481196.089985,Nederland,Windpark Hollandse Kust Zuid,SG 11.0-200,,,zee,2026-01-11,POINT (57100.904 481196.09)
rivm_windturbines_ashoogte_actueel.2002,193.0,155.0,11000.0,55463.3944202,481245.168567,Nederland,Windpark Hollandse Kust Zuid,SG 11.0-200,,,zee,2026-01-11,POINT (55463.3944 481245.1686)
rivm_windturbines_ashoogte_actueel.2003,193.0,155.0,11000.0,71146.110241,481283.961919,Nederland,Windpark Hollandse Kust Zuid,SG 11.0-200,,,zee,2026-01-11,POINT (71146.1102 481283.9619)
rivm_windturbines_ashoogte_actueel.2004,52.0,70.0,850.0,154879.6993,481299.4902,Nederland,,,Zeewolde,Flevoland,land,2026-01-11,POINT (154879.6993 481299.4902)
rivm_windturbines_ashoogte_actueel.2005,193.0,155.0,11000.0,72396.7244939,481333.580494,Nederland,Windpark Hollandse Kust Zuid,SG 11.0-200,,,zee,2026-01-11,POINT (72396.7245 481333.5805)
rivm_windturbines_ashoogte_actueel.2006,104.0,98.0,3400.0,158072.0863,481409.7916,Nederland,,,Zeewolde,Flevoland,land,2026-01-11,POINT (158072.0863 481409.7916)
rivm_windturbines_ashoogte_actueel.2007,52.0,70.0,850.0,154734.9995,481504.3902,Nederland,,,Zeewolde,Flevoland,land,2026-01-11,POINT (154734.9995 481504.3902)
rivm_windturbines_ashoogte_actueel.2008,141.0,150.0,4200.0,152073.478081,481623.370314,Nederland,,V136-4.3,Almere,Flevoland,land,2026-01-11,POINT (152073.4781 481623.3703)
rivm_windturbines_ashoogte_actueel.2009,52.0,70.0,850.0,153830.7005,481796.6904,Nederland,,,Zeewolde,Flevoland,land,2026-01-11,POINT (153830.7005 481796.6904)
rivm_windturbines_ashoogte_actueel.2010,54.5,70.0,950.0,156999.9973,481796.9897,Nederland,,,Zeewolde,Flevoland,land,2026-01-11,POINT (156999.9973 481796.9897)
rivm_windturbines_ashoogte_actueel.2011,52.0,70.0,850.0,155583.4987,481820.39,Nederland,,,Zeewolde,Flevoland,land,2026-01-11,POINT (155583.4987 481820.39)
rivm_windturbines_ashoogte_actueel.2012,132.0,94.0,3000.0,157700.696902,481826.43268,Nederland,,,Zeewolde,Flevoland,land,2026-01-11,POINT (157700.6969 481826.4327)
rivm_windturbines_ashoogte_actueel.2013,193.0,155.0,11000.0,69717.8858145,481841.409862,Nederland,Windpark Hollandse Kust Zuid,SG 11.0-200,,,zee,2026-01-11,POINT (69717.8858 481841.4099)
rivm_windturbines_ashoogte_actueel.2014,54.5,70.0,1000.0,155792.7985,481966.6899,Nederland,,,Zeewolde,Flevoland,land,2026-01-11,POINT (155792.7985 481966.6899)
rivm_windturbines_ashoogte_actueel.2015,193.0,155.0,11000.0,56361.5753166,481986.170547,Nederland,Windpark Hollandse Kust Zuid,SG 11.0-200,,,zee,2026-01-11,POINT (56361.5753 481986.1705)
rivm_windturbines_ashoogte_actueel.2016,13.0,15.0,15.0,202635.178317,481996.224247,Nederland,,EAZ wind,Olst-Wijhe,Overijssel,land,2026-01-11,POINT (202635.1783 481996.2242)
rivm_windturbines_ashoogte_actueel.2017,54.5,70.0,1000.0,153688.1882,482002.7367,Nederland,,,Zeewolde,Flevoland,land,2026-01-11,POINT (153688.1882 482002.7367)
rivm_windturbines_ashoogte_actueel.2018,193.0,155.0,11000.0,62530.7913892,482078.314714,Nederland,Windpark Hollandse Kust Zuid,SG 11.0-200,,,zee,2026-01-11,POINT (62530.7914 482078.3147)
rivm_windturbines_ashoogte_actueel.2019,52.0,70.0,850.0,154236.6001,482082.3902,Nederland,,,Zeewolde,Flevoland,land,2026-01-11,POINT (154236.6001 482082.3902)
rivm_windturbines_ashoogte_actueel.2020,193.0,155.0,11000.0,61384.1192065,482085.337906,Nederland,Windpark Hollandse Kust Zuid,SG 11.0-200,,,zee,2026-01-11,POINT (61384.1192 482085.3379)
rivm_windturbines_ashoogte_actueel.2021,141.0,150.0,4200.0,152273.900357,482089.699372,Nederland,,V136-4.3,Almere,Flevoland,land,2026-01-11,POINT (152273.9004 482089.6994)
rivm_windturbines_ashoogte_actueel.2022,132.0,94.0,3000.0,159034.657102,482133.897898,Nederland,,,Zeewolde,Flevoland,land,2026-01-11,POINT (159034.6571 482133.8979)
rivm_windturbines_ashoogte_actueel.2023,193.0,155.0,11000.0,67857.2397511,482157.545133,Nederland,Windpark Hollandse Kust Zuid,SG 11.0-200,,,zee,2026-01-11,POINT (67857.2398 482157.5451)
rivm_windturbines_ashoogte_actueel.2024,52.0,70.0,850.0,155641.1987,482165.0899,Nederland,,,Zeewolde,Flevoland,land,2026-01-11,POINT (155641.1987 482165.0899)
rivm_windturbines_ashoogte_actueel.2025,132.0,94.0,3000.0,157449.131902,482181.280597,Nederland,,,Zeewolde,Flevoland,land,2026-01-11,POINT (157449.1319 482181.2806)
rivm_windturbines_ashoogte_actueel.2026,193.0,155.0,11000.0,58752.3978679,482220.971716,Nederland,Windpark Hollandse Kust Zuid,SG 11.0-200,,,zee,2026-01-11,POINT (58752.3979 482220.9717)
rivm_windturbines_ashoogte_actueel.2027,193.0,155.0,11000.0,65816.3082283,482222.106917,Nederland,Windpark Hollandse Kust Zuid,SG 11.0-200,,,zee,2026-01-11,POINT (65816.3082 482222.1069)
rivm_windturbines_ashoogte_actueel.2028,193.0,155.0,11000.0,57455.5309827,482287.11131,Nederland,Windpark Hollandse Kust Zuid,SG 11.0-200,,,zee,2026-01-11,POINT (57455.531 482287.1113)
rivm_windturbines_ashoogte_actueel.2029,47.0,55.0,660.0,154094.7403,482288.2303,Nederland,,,Zeewolde,Flevoland,land,2026-01-11,POINT (154094.7403 482288.2303)
rivm_windturbines_ashoogte_actueel.2030,54.5,70.0,1000.0,156353.098,482356.3897,Nederland,,,Zeewolde,Flevoland,land,2026-01-11,POINT (156353.098 482356.3897)
rivm_windturbines_ashoogte_actueel.2031,193.0,155.0,11000.0,55420.2203312,482383.637695,Nederland,Windpark Hollandse Kust Zuid,SG 11.0-200,,,zee,2026-01-11,POINT (55420.2203 482383.6377)
rivm_windturbines_ashoogte_actueel.2032,132.0,94.0,3000.0,158768.845902,482511.471902,Nederland,,,Zeewolde,Flevoland,land,2026-01-11,POINT (158768.8459 482511.4719)
rivm_windturbines_ashoogte_actueel.2033,52.0,70.0,850.0,156210.8982,482561.2897,Nederland,,,Zeewolde,Flevoland,land,2026-01-11,POINT (156210.8982 482561.2897)
rivm_windturbines_ashoogte_actueel.2034,141.0,150.0,4200.0,152380.395361,482612.91396,Nederland,,V136-4.3,Almere,Flevoland,land,2026-01-11,POINT (152380.3954 482612.914)
rivm_windturbines_ashoogte_actueel.2035,132.0,94.0,3000.0,157134.063098,482624.9,Nederland,,,Zeewolde,Flevoland,land,2026-01-11,POINT (157134.0631 482624.9)
rivm_windturbines_ashoogte_actueel.2036,52.0,70.0,850.0,155014.5995,482630.89,Nederland,,,Zeewolde,Flevoland,land,2026-01-11,POINT (155014.5995 482630.89)
rivm_windturbines_ashoogte_actueel.2037,126.0,126.0,3300.0,270705.145033,482633.481416,Duitsland,,,,,land,2026-01-11,POINT (270705.145 482633.4814)
rivm_windturbines_ashoogte_actueel.2038,54.5,70.0,1000.0,157691.4967,482748.2894,Nederland,,,Zeewolde,Flevoland,land,2026-01-11,POINT (157691.4967 482748.2894)
rivm_windturbines_ashoogte_actueel.2039,52.0,70.0,850.0,155219.5993,482775.5899,Nederland,,,Zeewolde,Flevoland,land,2026-01-11,POINT (155219.5993 482775.5899)
rivm_windturbines_ashoogte_actueel.2040,193.0,155.0,11000.0,72216.0540158,482779.788822,Nederland,Windpark Hollandse Kust Zuid,SG 11.0-200,,,zee,2026-01-11,POINT (72216.054 482779.7888)
rivm_windturbines_ashoogte_actueel.2041,54.5,70.0,950.0,154874.9997,482839.29,Nederland,,,Zeewolde,Flevoland,land,2026-01-11,POINT (154874.9997 482839.29)
rivm_windturbines_ashoogte_actueel.2042,126.0,126.0,3300.0,270514.644652,482855.73186,Duitsland,,,,,land,2026-01-11,POINT (270514.6447 482855.7319)
rivm_windturbines_ashoogte_actueel.2043,126.0,126.0,3300.0,270867.134422,482884.18938,Duitsland,,,,,land,2026-01-11,POINT (270867.1344 482884.1894)
rivm_windturbines_ashoogte_actueel.2044,132.0,94.0,3000.0,158504.931403,482886.351403,Nederland,,,Zeewolde,Flevoland,land,2026-01-11,POINT (158504.9314 482886.3514)
rivm_windturbines_ashoogte_actueel.2045,52.0,70.0,850.0,157895.6966,482892.0894,Nederland,,,Zeewolde,Flevoland,land,2026-01-11,POINT (157895.6966 482892.0894)
rivm_windturbines_ashoogte_actueel.2046,52.0,70.0,850.0,155079.9995,482983.2899,Nederland,,,Zeewolde,Flevoland,land,2026-01-11,POINT (155079.9995 482983.2899)
rivm_windturbines_ashoogte_actueel.2047,132.0,94.0,3000.0,156850.8,483024.2,Nederland,,,Zeewolde,Flevoland,land,2026-01-11,POINT (156850.8 483024.2)
rivm_windturbines_ashoogte_actueel.2048,141.0,150.0,4200.0,152380.395361,483116.284758,Nederland,,V136-4.3,Almere,Flevoland,land,2026-01-11,POINT (152380.3954 483116.2848)
rivm_windturbines_ashoogte_actueel.2049,77.0,90.0,1500.0,270270.399387,483147.178842,Duitsland,,,,,land,2026-01-11,POINT (270270.3994 483147.1788)
rivm_windturbines_ashoogte_actueel.2050,112.0,126.0,3300.0,270652.007255,483159.451121,Duitsland,,,,,land,2026-01-11,POINT (270652.0073 483159.4511)
rivm_windturbines_ashoogte_actueel.2051,77.0,90.0,1500.0,269870.877755,483221.262323,Duitsland,,,,,land,2026-01-11,POINT (269870.8778 483221.2623)
rivm_windturbines_ashoogte_actueel.2052,132.0,94.0,3000.0,158213.019902,483300.999902,Nederland,,,Zeewolde,Flevoland,land,2026-01-11,POINT (158213.0199 483300.9999)
rivm_windturbines_ashoogte_actueel.2053,52.0,70.0,850.0,154514.5002,483348.29,Nederland,,,Zeewolde,Flevoland,land,2026-01-11,POINT (154514.5002 483348.29)
rivm_windturbines_ashoogte_actueel.2054,193.0,155.0,11000.0,73524.796549,483411.282423,Nederland,Windpark Hollandse Kust Zuid,SG 11.0-200,,,zee,2026-01-11,POINT (73524.7965 483411.2824)
rivm_windturbines_ashoogte_actueel.2055,132.0,94.0,3000.0,156567.385403,483423.4,Nederland,,,Zeewolde,Flevoland,land,2026-01-11,POINT (156567.3854 483423.4)
rivm_windturbines_ashoogte_actueel.2056,52.0,70.0,850.0,152920.1019,483446.2905,Nederland,,,Zeewolde,Flevoland,land,2026-01-11,POINT (152920.1019 483446.2905)
rivm_windturbines_ashoogte_actueel.2057,54.5,70.0,1000.0,158706.2958,483463.0892,Nederland,,,Zeewolde,Flevoland,land,2026-01-11,POINT (158706.2958 483463.0892)
rivm_windturbines_ashoogte_actueel.2058,77.0,90.0,1500.0,270257.699362,483490.079528,Duitsland,,,,,land,2026-01-11,POINT (270257.6994 483490.0795)
rivm_windturbines_ashoogte_actueel.2059,193.0,155.0,11000.0,70538.992146,483515.317277,Nederland,Windpark Hollandse Kust Zuid,SG 11.0-200,,,zee,2026-01-11,POINT (70538.9921 483515.3173)
rivm_windturbines_ashoogte_actueel.2060,80.0,115.0,2000.0,270750.709848,483624.480333,Duitsland,,,,,land,2026-01-11,POINT (270750.7098 483624.4803)
rivm_windturbines_ashoogte_actueel.2061,141.0,150.0,4200.0,152275.884736,483627.923802,Nederland,,V136-4.3,Almere,Flevoland,land,2026-01-11,POINT (152275.8847 483627.9238)
rivm_windturbines_ashoogte_actueel.2062,52.0,70.0,850.0,153207.0017,483650.9903,Nederland,,,Zeewolde,Flevoland,land,2026-01-11,POINT (153207.0017 483650.9903)
rivm_windturbines_ashoogte_actueel.2063,132.0,94.0,3000.0,157939.148902,483690.022167,Nederland,,,Zeewolde,Flevoland,land,2026-01-11,POINT (157939.1489 483690.0222)
rivm_windturbines_ashoogte_actueel.2064,52.0,70.0,850.0,154213.1006,483752.1901,Nederland,,,Zeewolde,Flevoland,land,2026-01-11,POINT (154213.1006 483752.1901)
rivm_windturbines_ashoogte_actueel.2065,80.0,115.0,2000.0,270631.64711,483819.743224,Duitsland,,,,,land,2026-01-11,POINT (270631.6471 483819.7432)
rivm_windturbines_ashoogte_actueel.2066,132.0,94.0,3000.0,156284.1,483822.744,Nederland,,,Zeewolde,Flevoland,land,2026-01-11,POINT (156284.1 483822.744)
rivm_windturbines_ashoogte_actueel.2067,54.5,70.0,1000.0,158453.1961,483828.5892,Nederland,,,Zeewolde,Flevoland,land,2026-01-11,POINT (158453.1961 483828.5892)
rivm_windturbines_ashoogte_actueel.2068,52.0,70.0,850.0,152629.3024,483855.6905,Nederland,,,Zeewolde,Flevoland,land,2026-01-11,POINT (152629.3024 483855.6905)
rivm_windturbines_ashoogte_actueel.2069,193.0,155.0,11000.0,65358.2600372,483868.349112,Nederland,Windpark Hollandse Kust Zuid,SG 11.0-200,,,zee,2026-01-11,POINT (65358.26 483868.3491)
rivm_windturbines_ashoogte_actueel.2070,52.0,70.0,850.0,154414.4005,483898.39,Nederland,,,Zeewolde,Flevoland,land,2026-01-11,POINT (154414.4005 483898.39)
rivm_windturbines_ashoogte_actueel.2071,52.0,55.0,850.0,156893.8778,483970.9894,Nederland,,,Zeewolde,Flevoland,land,2026-01-11,POINT (156893.8778 483970.9894)
rivm_windturbines_ashoogte_actueel.2072,54.5,70.0,1000.0,158655.0959,483971.1892,Nederland,,,Zeewolde,Flevoland,land,2026-01-11,POINT (158655.0959 483971.1892)
rivm_windturbines_ashoogte_actueel.2073,52.0,70.0,850.0,152918.7021,484059.0904,Nederland,,,Zeewolde,Flevoland,land,2026-01-11,POINT (152918.7021 484059.0904)
rivm_windturbines_ashoogte_actueel.2074,132.0,94.0,3000.0,157675.568098,484064.427902,Nederland,,,Zeewolde,Flevoland,land,2026-01-11,POINT (157675.5681 484064.4279)
rivm_windturbines_ashoogte_actueel.2075,141.0,150.0,4200.0,152083.399976,484111.450811,Nederland,,V136-4.3,Zeewolde,Flevoland,land,2026-01-11,POINT (152083.4 484111.4508)
rivm_windturbines_ashoogte_actueel.2076,54.5,70.0,1000.0,158859.7957,484114.9891,Nederland,,,Zeewolde,Flevoland,land,2026-01-11,POINT (158859.7957 484114.9891)
rivm_windturbines_ashoogte_actueel.2077,52.0,70.0,850.0,153913.6011,484160.3901,Nederland,,,Zeewolde,Flevoland,land,2026-01-11,POINT (153913.6011 484160.3901)
rivm_windturbines_ashoogte_actueel.2078,132.0,94.0,3000.0,156000.8,484222.0,Nederland,,,Zeewolde,Flevoland,land,2026-01-11,POINT (156000.8 484222)
rivm_windturbines_ashoogte_actueel.2079,193.0,155.0,11000.0,67484.0612915,484290.64049,Nederland,Windpark Hollandse Kust Zuid,SG 11.0-200,,,zee,2026-01-11,POINT (67484.0613 484290.6405)
rivm_windturbines_ashoogte_actueel.2080,193.0,155.0,11000.0,74035.4262755,484302.01934,Nederland,Windpark Hollandse Kust Zuid,SG 11.0-200,,,zee,2026-01-11,POINT (74035.4263 484302.0193)
rivm_windturbines_ashoogte_actueel.2081,52.0,70.0,850.0,154118.2009,484304.19,Nederland,,,Zeewolde,Flevoland,land,2026-01-11,POINT (154118.2009 484304.19)
rivm_windturbines_ashoogte_actueel.2082,13.0,15.0,15.0,206519.050944,484417.561919,Nederland,,EAZ wind,Olst-Wijhe,Overijssel,land,2026-01-11,POINT (206519.0509 484417.5619)
rivm_windturbines_ashoogte_actueel.2083,193.0,155.0,11000.0,72611.9559267,484468.338572,Nederland,Windpark Hollandse Kust Zuid,SG 11.0-200,,,zee,2026-01-11,POINT (72611.9559 484468.3386)
rivm_windturbines_ashoogte_actueel.2084,132.0,94.0,3000.0,157369.446167,484499.264597,Nederland,,,Zeewolde,Flevoland,land,2026-01-11,POINT (157369.4462 484499.2646)
rivm_windturbines_ashoogte_actueel.2085,141.0,150.0,4200.0,151808.894218,484552.644402,Nederland,,V136-4.3,Zeewolde,Flevoland,land,2026-01-11,POINT (151808.8942 484552.6444)
rivm_windturbines_ashoogte_actueel.2086,52.0,70.0,850.0,153629.0015,484571.9901,Nederland,,,Zeewolde,Flevoland,land,2026-01-11,POINT (153629.0015 484571.9901)
rivm_windturbines_ashoogte_actueel.2087,132.0,94.0,3000.0,155717.5,484621.2,Nederland,,,Zeewolde,Flevoland,land,2026-01-11,POINT (155717.5 484621.2)
rivm_windturbines_ashoogte_actueel.2088,193.0,155.0,11000.0,69466.4247173,484678.759898,Nederland,Windpark Hollandse Kust Zuid,SG 11.0-200,,,zee,2026-01-11,POINT (69466.4247 484678.7599)
rivm_windturbines_ashoogte_actueel.2089,52.0,70.0,850.0,153833.5211,484715.0515,Nederland,,,Zeewolde,Flevoland,land,2026-01-11,POINT (153833.5211 484715.0515)
rivm_windturbines_ashoogte_actueel.2090,132.0,94.0,3000.0,157091.842902,484893.585898,Nederland,,,Zeewolde,Flevoland,land,2026-01-11,POINT (157091.8429 484893.5859)
rivm_windturbines_ashoogte_actueel.2091,52.0,70.0,850.0,154964.4001,484913.6897,Nederland,,,Zeewolde,Flevoland,land,2026-01-11,POINT (154964.4001 484913.6897)
rivm_windturbines_ashoogte_actueel.2092,52.0,70.0,850.0,153352.8019,484988.1901,Nederland,,,Zeewolde,Flevoland,land,2026-01-11,POINT (153352.8019 484988.1901)
rivm_windturbines_ashoogte_actueel.2093,141.0,150.0,4200.0,151487.424825,484993.837993,Nederland,,V136-4.3,Zeewolde,Flevoland,land,2026-01-11,POINT (151487.4248 484993.838)
rivm_windturbines_ashoogte_actueel.2094,54.5,70.0,1000.0,160214.740723,485013.476196,Nederland,,,Zeewolde,Flevoland,land,2026-01-11,POINT (160214.7407 485013.4762)
rivm_windturbines_ashoogte_actueel.2095,132.0,94.0,3000.0,155434.2,485020.5,Nederland,,,Zeewolde,Flevoland,land,2026-01-11,POINT (155434.2 485020.5)
rivm_windturbines_ashoogte_actueel.2096,193.0,155.0,11000.0,58499.4703623,485053.436176,Nederland,Windpark Hollandse Kust Zuid,SG 11.0-200,,,zee,2026-01-11,POINT (58499.4704 485053.4362)
rivm_windturbines_ashoogte_actueel.2097,193.0,155.0,11000.0,71284.5698356,485060.999382,Nederland,Windpark Hollandse Kust Zuid,SG 11.0-200,,,zee,2026-01-11,POINT (71284.5698 485060.9994)
rivm_windturbines_ashoogte_actueel.2098,193.0,155.0,11000.0,60117.0828052,485090.317628,Nederland,Windpark Hollandse Kust Zuid,SG 11.0-200,,,zee,2026-01-11,POINT (60117.0828 485090.3176)
rivm_windturbines_ashoogte_actueel.2099,193.0,155.0,11000.0,57139.9417871,485097.241065,Nederland,Windpark Hollandse Kust Zuid,SG 11.0-200,,,zee,2026-01-11,POINT (57139.9418 485097.2411)
rivm_windturbines_ashoogte_actueel.2100,193.0,155.0,11000.0,56045.3506527,485231.596264,Nederland,Windpark Hollandse Kust Zuid,SG 11.0-200,,,zee,2026-01-11,POINT (56045.3507 485231.5963)
rivm_windturbines_ashoogte_actueel.2101,193.0,155.0,11000.0,61830.2903665,485262.913714,Nederland,Windpark Hollandse Kust Zuid,SG 11.0-200,,,zee,2026-01-11,POINT (61830.2904 485262.9137)
rivm_windturbines_ashoogte_actueel.2102,132.0,94.0,3000.0,156801.912597,485305.858098,Nederland,,,Zeewolde,Flevoland,land,2026-01-11,POINT (156801.9126 485305.8581)
rivm_windturbines_ashoogte_actueel.2103,52.0,70.0,850.0,154679.3006,485319.2897,Nederland,,,Zeewolde,Flevoland,land,2026-01-11,POINT (154679.3006 485319.2897)
rivm_windturbines_ashoogte_actueel.2104,52.0,70.0,850.0,153069.6024,485400.1902,Nederland,,,Zeewolde,Flevoland,land,2026-01-11,POINT (153069.6024 485400.1902)
rivm_windturbines_ashoogte_actueel.2105,141.0,150.0,4200.0,151203.658633,485404.604439,Nederland,,V136-4.3,Zeewolde,Flevoland,land,2026-01-11,POINT (151203.6586 485404.6044)
rivm_windturbines_ashoogte_actueel.2106,132.0,94.0,3000.0,155150.868902,485419.714098,Nederland,,,Zeewolde,Flevoland,land,2026-01-11,POINT (155150.8689 485419.7141)
rivm_windturbines_ashoogte_actueel.2107,52.0,55.0,850.0,165425.3886,485419.8888,Nederland,,,Zeewolde,Flevoland,land,2026-01-11,POINT (165425.3886 485419.8888)
rivm_windturbines_ashoogte_actueel.2108,52.0,70.0,850.0,153274.0022,485544.9901,Nederland,,,Zeewolde,Flevoland,land,2026-01-11,POINT (153274.0022 485544.9901)
rivm_windturbines_ashoogte_actueel.2109,193.0,155.0,11000.0,63647.1708493,485711.50463,Nederland,Windpark Hollandse Kust Zuid,SG 11.0-200,,,zee,2026-01-11,POINT (63647.1708 485711.5046)
rivm_windturbines_ashoogte_actueel.2110,132.0,94.0,3000.0,156516.525902,485711.672902,Nederland,,,Zeewolde,Flevoland,land,2026-01-11,POINT (156516.5259 485711.6729)
rivm_windturbines_ashoogte_actueel.2111,141.0,150.0,4200.0,150917.246602,485813.717237,Nederland,,V136-4.3,Zeewolde,Flevoland,land,2026-01-11,POINT (150917.2466 485813.7172)
rivm_windturbines_ashoogte_actueel.2112,120.0,90.0,3600.0,154867.554597,485818.967597,Nederland,,,Zeewolde,Flevoland,land,2026-01-11,POINT (154867.5546 485818.9676)
rivm_windturbines_ashoogte_actueel.2113,52.2,55.0,900.0,165445.0885,485826.4887,Nederland,,,Zeewolde,Flevoland,land,2026-01-11,POINT (165445.0885 485826.4887)
rivm_windturbines_ashoogte_actueel.2114,52.0,70.0,850.0,152771.867641,485828.297238,Nederland,,,Zeewolde,Flevoland,land,2026-01-11,POINT (152771.8676 485828.2972)
rivm_windturbines_ashoogte_actueel.2115,193.0,155.0,11000.0,65412.7843761,485954.45588,Nederland,Windpark Hollandse Kust Zuid,SG 11.0-200,,,zee,2026-01-11,POINT (65412.7844 485954.4559)
rivm_windturbines_ashoogte_actueel.2116,52.0,70.0,850.0,152975.671912,485968.412674,Nederland,,,Zeewolde,Flevoland,land,2026-01-11,POINT (152975.6719 485968.4127)
rivm_windturbines_ashoogte_actueel.2117,110.0,105.0,2000.0,162311.463902,486019.696597,Nederland,,,Zeewolde,Flevoland,land,2026-01-11,POINT (162311.4639 486019.6966)
rivm_windturbines_ashoogte_actueel.2118,52.2,55.0,900.0,164812.0893,486028.2887,Nederland,,,Zeewolde,Flevoland,land,2026-01-11,POINT (164812.0893 486028.2887)
rivm_windturbines_ashoogte_actueel.2119,52.0,70.0,850.0,151301.256673,486029.614401,Nederland,,,Zeewolde,Flevoland,land,2026-01-11,POINT (151301.2567 486029.6144)
rivm_windturbines_ashoogte_actueel.2120,54.5,55.0,950.0,165246.9888,486053.4887,Nederland,,,Zeewolde,Flevoland,land,2026-01-11,POINT (165246.9888 486053.4887)
rivm_windturbines_ashoogte_actueel.2121,132.0,94.0,3000.0,156229.043403,486119.156902,Nederland,,,Zeewolde,Flevoland,land,2026-01-11,POINT (156229.0434 486119.1569)
rivm_windturbines_ashoogte_actueel.2122,52.0,55.0,850.0,165786.4881,486197.2887,Nederland,,,Zeewolde,Flevoland,land,2026-01-11,POINT (165786.4881 486197.2887)
rivm_windturbines_ashoogte_actueel.2123,54.5,55.0,1000.0,161817.0927,486198.8886,Nederland,,,Zeewolde,Flevoland,land,2026-01-11,POINT (161817.0927 486198.8886)
rivm_windturbines_ashoogte_actueel.2124,41.0,52.0,500.0,166200.8977,486214.7787,Nederland,,,Zeewolde,Flevoland,land,2026-01-11,POINT (166200.8977 486214.7787)
rivm_windturbines_ashoogte_actueel.2125,141.0,150.0,4200.0,150634.803328,486224.483683,Nederland,,V136-4.3,Zeewolde,Flevoland,land,2026-01-11,POINT (150634.8033 486224.4837)
rivm_windturbines_ashoogte_actueel.2126,52.0,70.0,850.0,152488.06189,486239.889713,Nederland,,,Zeewolde,Flevoland,land,2026-01-11,POINT (152488.0619 486239.8897)
rivm_windturbines_ashoogte_actueel.2127,120.0,90.0,3600.0,154544.764403,486273.851597,Nederland,,,Zeewolde,Flevoland,land,2026-01-11,POINT (154544.7644 486273.8516)
rivm_windturbines_ashoogte_actueel.2128,110.0,105.0,2000.0,162682.027403,486287.041098,Nederland,,,Zeewolde,Flevoland,land,2026-01-11,POINT (162682.0274 486287.0411)
rivm_windturbines_ashoogte_actueel.2129,193.0,155.0,11000.0,67136.6701339,486288.014056,Nederland,Windpark Hollandse Kust Zuid,SG 11.0-200,,,zee,2026-01-11,POINT (67136.6701 486288.0141)
rivm_windturbines_ashoogte_actueel.2130,193.0,155.0,11000.0,56283.7774284,486331.634906,Nederland,Windpark Hollandse Kust Zuid,SG 11.0-200,,,zee,2026-01-11,POINT (56283.7774 486331.6349)
rivm_windturbines_ashoogte_actueel.2131,52.0,40.0,850.0,161382.0932,486363.3886,Nederland,,,Zeewolde,Flevoland,land,2026-01-11,POINT (161382.0932 486363.3886)
rivm_windturbines_ashoogte_actueel.2132,52.0,70.0,850.0,152693.04,486383.2,Nederland,,,Zeewolde,Flevoland,land,2026-01-11,POINT (152693.04 486383.2)
rivm_windturbines_ashoogte_actueel.2133,52.0,70.0,850.0,151014.71235,486436.412089,Nederland,,,Zeewolde,Flevoland,land,2026-01-11,POINT (151014.7123 486436.4121)
rivm_windturbines_ashoogte_actueel.2134,47.0,55.0,660.0,163574.8807,486487.5286,Nederland,,,Zeewolde,Flevoland,land,2026-01-11,POINT (163574.8807 486487.5286)
rivm_windturbines_ashoogte_actueel.2135,132.0,94.0,3000.0,155940.238898,486529.394898,Nederland,,,Zeewolde,Flevoland,land,2026-01-11,POINT (155940.2389 486529.3949)
rivm_windturbines_ashoogte_actueel.2136,132.0,94.0,3000.0,162046.185597,486581.716902,Nederland,,,Zeewolde,Flevoland,land,2026-01-11,POINT (162046.1856 486581.7169)
rivm_windturbines_ashoogte_actueel.2137,47.0,38.5,660.0,156507.8988,486586.5892,Nederland,,,Zeewolde,Flevoland,land,2026-01-11,POINT (156507.8988 486586.5892)
rivm_windturbines_ashoogte_actueel.2138,110.0,105.0,2000.0,163007.35632,486606.684898,Nederland,,,Zeewolde,Flevoland,land,2026-01-11,POINT (163007.3563 486606.6849)
rivm_windturbines_ashoogte_actueel.2139,141.0,150.0,4200.0,150347.068378,486636.573049,Nederland,,V136-4.3,Zeewolde,Flevoland,land,2026-01-11,POINT (150347.0684 486636.573)
rivm_windturbines_ashoogte_actueel.2140,193.0,155.0,11000.0,69019.9210635,486651.631008,Nederland,Windpark Hollandse Kust Zuid,SG 11.0-200,,,zee,2026-01-11,POINT (69019.9211 486651.631)
rivm_windturbines_ashoogte_actueel.2141,54.5,70.0,1000.0,152189.9038,486652.5903,Nederland,,,Zeewolde,Flevoland,land,2026-01-11,POINT (152189.9038 486652.5903)
rivm_windturbines_ashoogte_actueel.2142,120.0,90.0,3600.0,154257.861403,486678.162403,Nederland,,,Zeewolde,Flevoland,land,2026-01-11,POINT (154257.8614 486678.1624)
rivm_windturbines_ashoogte_actueel.2143,193.0,155.0,11000.0,59910.551265,486777.456479,Nederland,Windpark Hollandse Kust Zuid,SG 11.0-200,,,zee,2026-01-11,POINT (59910.5513 486777.4565)
rivm_windturbines_ashoogte_actueel.2144,47.0,55.0,660.0,163897.0103,486840.5485,Nederland,,,Zeewolde,Flevoland,land,2026-01-11,POINT (163897.0103 486840.5485)
rivm_windturbines_ashoogte_actueel.2145,54.5,55.0,950.0,160346.0944,486843.1886,Nederland,,,Zeewolde,Flevoland,land,2026-01-11,POINT (160346.0944 486843.1886)
rivm_windturbines_ashoogte_actueel.2146,52.0,55.0,850.0,162641.2918,486852.2885,Nederland,,,Zeewolde,Flevoland,land,2026-01-11,POINT (162641.2918 486852.2885)
rivm_windturbines_ashoogte_actueel.2147,52.2,40.0,900.0,161025.278,486871.4803,Nederland,,,Zeewolde,Flevoland,land,2026-01-11,POINT (161025.278 486871.4803)
rivm_windturbines_ashoogte_actueel.2148,117.0,91.0,3600.0,137521.45571,486910.040134,Nederland,,Vestas V117,Almere,Flevoland,land,2026-01-11,POINT (137521.4557 486910.0401)
rivm_windturbines_ashoogte_actueel.2149,110.0,105.0,2000.0,163283.842597,486911.488902,Nederland,,,Zeewolde,Flevoland,land,2026-01-11,POINT (163283.8426 486911.4889)
rivm_windturbines_ashoogte_actueel.2150,132.0,94.0,3000.0,161799.621403,486932.95032,Nederland,,,Zeewolde,Flevoland,land,2026-01-11,POINT (161799.6214 486932.9503)
rivm_windturbines_ashoogte_actueel.2151,54.5,55.0,1000.0,160532.6942,486974.6886,Nederland,,,Zeewolde,Flevoland,land,2026-01-11,POINT (160532.6942 486974.6886)
rivm_windturbines_ashoogte_actueel.2152,120.0,90.0,3600.0,155615.573098,486990.563902,Nederland,,,Zeewolde,Flevoland,land,2026-01-11,POINT (155615.5731 486990.5639)
rivm_windturbines_ashoogte_actueel.2153,48.0,45.0,750.0,166095.8877,487000.3886,Nederland,,,Zeewolde,Flevoland,land,2026-01-11,POINT (166095.8877 487000.3886)
rivm_windturbines_ashoogte_actueel.2154,193.0,155.0,11000.0,62018.1758051,487043.16789,Nederland,Windpark Hollandse Kust Zuid,SG 11.0-200,,,zee,2026-01-11,POINT (62018.1758 487043.1679)
rivm_windturbines_ashoogte_actueel.2155,141.0,150.0,4200.0,150061.979266,487046.016576,Nederland,,V136-4.3,Zeewolde,Flevoland,land,2026-01-11,POINT (150061.9793 487046.0166)
rivm_windturbines_ashoogte_actueel.2156,52.0,70.0,850.0,151875.86,487068.87,Nederland,,,Zeewolde,Flevoland,land,2026-01-11,POINT (151875.86 487068.87)
rivm_windturbines_ashoogte_actueel.2157,52.2,40.0,900.0,160881.3053,487076.3635,Nederland,,,Zeewolde,Flevoland,land,2026-01-11,POINT (160881.3053 487076.3635)
rivm_windturbines_ashoogte_actueel.2158,120.0,90.0,3600.0,153970.958597,487082.473098,Nederland,,,Zeewolde,Flevoland,land,2026-01-11,POINT (153970.9586 487082.4731)
rivm_windturbines_ashoogte_actueel.2159,193.0,155.0,11000.0,71322.6225735,487155.072913,Nederland,Windpark Hollandse Kust Zuid,SG 11.0-200,,,zee,2026-01-11,POINT (71322.6226 487155.0729)
rivm_windturbines_ashoogte_actueel.2160,18.0,40.0,80.0,157625.0288,487191.2899,Nederland,,,Zeewolde,Flevoland,land,2026-01-11,POINT (157625.0288 487191.2899)
rivm_windturbines_ashoogte_actueel.2161,52.0,70.0,850.0,152080.79,487211.74,Nederland,,,Zeewolde,Flevoland,land,2026-01-11,POINT (152080.79 487211.74)
rivm_windturbines_ashoogte_actueel.2162,117.0,91.0,3600.0,137341.538684,487213.25324,Nederland,,Vestas V117,Almere,Flevoland,land,2026-01-11,POINT (137341.5387 487213.2532)
rivm_windturbines_ashoogte_actueel.2163,54.5,55.0,950.0,160063.3948,487241.9886,Nederland,,,Zeewolde,Flevoland,land,2026-01-11,POINT (160063.3948 487241.9886)
rivm_windturbines_ashoogte_actueel.2164,110.0,105.0,2000.0,163583.759102,487242.123102,Nederland,,,Zeewolde,Flevoland,land,2026-01-11,POINT (163583.7591 487242.1231)
rivm_windturbines_ashoogte_actueel.2165,48.0,55.0,600.0,163044.2913,487274.5885,Nederland,,,Zeewolde,Flevoland,land,2026-01-11,POINT (163044.2913 487274.5885)
rivm_windturbines_ashoogte_actueel.2166,132.0,94.0,3000.0,161555.499213,487280.705102,Nederland,,,Zeewolde,Flevoland,land,2026-01-11,POINT (161555.4992 487280.7051)
rivm_windturbines_ashoogte_actueel.2167,193.0,155.0,11000.0,64359.6240104,487332.489143,Nederland,Windpark Hollandse Kust Zuid,SG 11.0-200,,,zee,2026-01-11,POINT (64359.624 487332.4891)
rivm_windturbines_ashoogte_actueel.2168,120.0,90.0,3600.0,155358.90832,487355.147902,Nederland,,,Zeewolde,Flevoland,land,2026-01-11,POINT (155358.9083 487355.1479)
rivm_windturbines_ashoogte_actueel.2169,117.0,91.0,3600.0,137901.398137,487368.299384,Nederland,,Vestas V117,Almere,Flevoland,land,2026-01-11,POINT (137901.3981 487368.2994)
rivm_windturbines_ashoogte_actueel.2170,54.5,55.0,950.0,160252.4946,487375.2886,Nederland,,,Zeewolde,Flevoland,land,2026-01-11,POINT (160252.4946 487375.2886)
rivm_windturbines_ashoogte_actueel.2171,52.0,70.0,850.0,153219.59,487403.01,Nederland,,,Zeewolde,Flevoland,land,2026-01-11,POINT (153219.59 487403.01)
rivm_windturbines_ashoogte_actueel.2172,52.0,36.0,850.0,155931.2997,487415.5892,Nederland,,,Zeewolde,Flevoland,land,2026-01-11,POINT (155931.2997 487415.5892)
rivm_windturbines_ashoogte_actueel.2173,193.0,155.0,11000.0,56522.8555403,487422.79342,Nederland,Windpark Hollandse Kust Zuid,SG 11.0-200,,,zee,2026-01-11,POINT (56522.8555 487422.7934)
rivm_windturbines_ashoogte_actueel.2174,141.0,150.0,4200.0,149775.567235,487455.460103,Nederland,,V136-4.3,Zeewolde,Flevoland,land,2026-01-11,POINT (149775.5672 487455.4601)
rivm_windturbines_ashoogte_actueel.2175,52.0,70.0,850.0,151580.439048,487471.988475,Nederland,,,Zeewolde,Flevoland,land,2026-01-11,POINT (151580.439 487471.9885)
rivm_windturbines_ashoogte_actueel.2176,120.0,90.0,3600.0,153684.055597,487486.784,Nederland,,,Zeewolde,Flevoland,land,2026-01-11,POINT (153684.0556 487486.784)
rivm_windturbines_ashoogte_actueel.2177,120.0,90.0,3600.0,158260.0,487496.0,Nederland,,,Zeewolde,Flevoland,land,2026-01-11,POINT (158260 487496)
rivm_windturbines_ashoogte_actueel.2178,117.0,91.0,3600.0,138409.399153,487504.507156,Nederland,,Vestas V117,Almere,Flevoland,land,2026-01-11,POINT (138409.3992 487504.5072)
rivm_windturbines_ashoogte_actueel.2179,54.5,55.0,950.0,160437.8944,487505.4885,Nederland,,,Zeewolde,Flevoland,land,2026-01-11,POINT (160437.8944 487505.4885)
rivm_windturbines_ashoogte_actueel.2180,117.0,91.0,3600.0,137161.621657,487515.937179,Nederland,,Vestas V117,Almere,Flevoland,land,2026-01-11,POINT (137161.6217 487515.9372)
rivm_windturbines_ashoogte_actueel.2181,110.0,105.0,2000.0,163900.583833,487591.397098,Nederland,,,Zeewolde,Flevoland,land,2026-01-11,POINT (163900.5838 487591.3971)
rivm_windturbines_ashoogte_actueel.2182,132.0,94.0,3000.0,161311.377098,487628.460102,Nederland,,,Zeewolde,Flevoland,land,2026-01-11,POINT (161311.3771 487628.4601)
rivm_windturbines_ashoogte_actueel.2183,52.0,36.0,850.0,154462.9046,487631.2801,Nederland,,,Zeewolde,Flevoland,land,2026-01-11,POINT (154462.9046 487631.2801)
rivm_windturbines_ashoogte_actueel.2184,52.0,70.0,850.0,160621.4159,487635.6119,Nederland,,,Zeewolde,Flevoland,land,2026-01-11,POINT (160621.4159 487635.6119)
rivm_windturbines_ashoogte_actueel.2185,52.0,55.0,850.0,162126.7144,487657.2181,Nederland,,,Zeewolde,Flevoland,land,2026-01-11,POINT (162126.7144 487657.2181)
rivm_windturbines_ashoogte_actueel.2186,117.0,91.0,3600.0,137734.181136,487673.629161,Nederland,,Vestas V117,Almere,Flevoland,land,2026-01-11,POINT (137734.1811 487673.6292)
rivm_windturbines_ashoogte_actueel.2187,54.5,70.0,1000.0,163098.2713,487710.2074,Nederland,,,Zeewolde,Flevoland,land,2026-01-11,POINT (163098.2713 487710.2074)
rivm_windturbines_ashoogte_actueel.2188,52.2,55.0,900.0,163450.1908,487725.7884,Nederland,,,Zeewolde,Flevoland,land,2026-01-11,POINT (163450.1908 487725.7884)
rivm_windturbines_ashoogte_actueel.2189,120.0,90.0,3600.0,155058.068902,487782.478098,Nederland,,,Zeewolde,Flevoland,land,2026-01-11,POINT (155058.0689 487782.4781)
rivm_windturbines_ashoogte_actueel.2190,117.0,91.0,3600.0,138256.998848,487788.141057,Nederland,,Vestas V117,Almere,Flevoland,land,2026-01-11,POINT (138256.9988 487788.1411)
rivm_windturbines_ashoogte_actueel.2191,52.0,70.0,850.0,152931.89,487812.11,Nederland,,,Zeewolde,Flevoland,land,2026-01-11,POINT (152931.89 487812.11)
rivm_windturbines_ashoogte_actueel.2192,52.0,36.0,850.0,155638.5001,487821.2892,Nederland,,,Zeewolde,Flevoland,land,2026-01-11,POINT (155638.5001 487821.2892)
rivm_windturbines_ashoogte_actueel.2193,193.0,155.0,11000.0,66673.6194514,487851.37117,Nederland,Windpark Hollandse Kust Zuid,SG 11.0-200,,,zee,2026-01-11,POINT (66673.6195 487851.3712)
rivm_windturbines_ashoogte_actueel.2194,54.5,55.0,950.0,161977.3926,487852.9884,Nederland,,,Zeewolde,Flevoland,land,2026-01-11,POINT (161977.3926 487852.9884)
rivm_windturbines_ashoogte_actueel.2195,132.0,94.0,3000.0,158000.836,487863.949597,Nederland,,,Zeewolde,Flevoland,land,2026-01-11,POINT (158000.836 487863.9496)
rivm_windturbines_ashoogte_actueel.2196,141.0,150.0,4200.0,149490.478123,487867.549469,Nederland,,V136-4.3,Zeewolde,Flevoland,land,2026-01-11,POINT (149490.4781 487867.5495)
rivm_windturbines_ashoogte_actueel.2197,120.0,90.0,3600.0,153397.152597,487891.094902,Nederland,,,Zeewolde,Flevoland,land,2026-01-11,POINT (153397.1526 487891.0949)
rivm_windturbines_ashoogte_actueel.2198,54.5,70.0,950.0,163266.791,487895.0884,Nederland,,,Zeewolde,Flevoland,land,2026-01-11,POINT (163266.791 487895.0884)
rivm_windturbines_ashoogte_actueel.2199,110.0,105.0,2000.0,164208.514102,487930.830102,Nederland,,,Zeewolde,Flevoland,land,2026-01-11,POINT (164208.5141 487930.8301)
rivm_windturbines_ashoogte_actueel.2200,52.0,36.0,850.0,155843.7999,487966.2891,Nederland,,,Zeewolde,Flevoland,land,2026-01-11,POINT (155843.7999 487966.2891)
rivm_windturbines_ashoogte_actueel.2201,132.0,94.0,3000.0,161067.255098,487976.215102,Nederland,,,Zeewolde,Flevoland,land,2026-01-11,POINT (161067.2551 487976.2151)
rivm_windturbines_ashoogte_actueel.2202,117.0,91.0,3600.0,137564.847464,487982.663112,Nederland,,Vestas V117,Almere,Flevoland,land,2026-01-11,POINT (137564.8475 487982.6631)
rivm_windturbines_ashoogte_actueel.2203,82.0,108.0,3000.0,167592.0499,488016.3877,Nederland,,,Zeewolde,Flevoland,land,2026-01-11,POINT (167592.0499 488016.3877)
rivm_windturbines_ashoogte_actueel.2204,82.0,108.0,3000.0,167007.3486,488030.9456,Nederland,,,Zeewolde,Flevoland,land,2026-01-11,POINT (167007.3486 488030.9456)
rivm_windturbines_ashoogte_actueel.2205,52.0,70.0,850.0,151485.13,488040.32,Nederland,,,Zeewolde,Flevoland,land,2026-01-11,POINT (151485.13 488040.32)
rivm_windturbines_ashoogte_actueel.2206,54.5,70.0,1000.0,162709.4,488062.1113,Nederland,,,Zeewolde,Flevoland,land,2026-01-11,POINT (162709.4 488062.1113)
rivm_windturbines_ashoogte_actueel.2207,54.5,70.0,950.0,163775.7904,488082.8884,Nederland,,,Zeewolde,Flevoland,land,2026-01-11,POINT (163775.7904 488082.8884)
rivm_windturbines_ashoogte_actueel.2208,82.0,108.0,3000.0,168031.4003,488084.5137,Nederland,,,Zeewolde,Flevoland,land,2026-01-11,POINT (168031.4003 488084.5137)
rivm_windturbines_ashoogte_actueel.2209,117.0,91.0,3600.0,138096.13186,488097.704176,Nederland,,Vestas V117,Almere,Flevoland,land,2026-01-11,POINT (138096.1319 488097.7042)
rivm_windturbines_ashoogte_actueel.2210,82.0,108.0,3000.0,166605.36,488108.6205,Nederland,,,Zeewolde,Flevoland,land,2026-01-11,POINT (166605.36 488108.6205)
rivm_windturbines_ashoogte_actueel.2211,193.0,155.0,11000.0,70019.1431886,488115.556144,Nederland,Windpark Hollandse Kust Zuid,SG 11.0-200,,,zee,2026-01-11,POINT (70019.1432 488115.5561)
rivm_windturbines_ashoogte_actueel.2212,120.0,90.0,3600.0,154773.324902,488186.945098,Nederland,,,Zeewolde,Flevoland,land,2026-01-11,POINT (154773.3249 488186.9451)
rivm_windturbines_ashoogte_actueel.2213,193.0,155.0,11000.0,57815.5541224,488205.805637,Nederland,Windpark Hollandse Kust Zuid,SG 11.0-200,,,zee,2026-01-11,POINT (57815.5541 488205.8056)
rivm_windturbines_ashoogte_actueel.2214,82.0,108.0,3000.0,168455.3278,488218.5138,Nederland,,,Zeewolde,Flevoland,land,2026-01-11,POINT (168455.3278 488218.5138)
rivm_windturbines_ashoogte_actueel.2215,132.0,94.0,3000.0,157741.0,488232.0,Nederland,,,Zeewolde,Flevoland,land,2026-01-11,POINT (157741 488232)
rivm_windturbines_ashoogte_actueel.2216,54.5,70.0,1000.0,162521.592,488235.7883,Nederland,,,Zeewolde,Flevoland,land,2026-01-11,POINT (162521.592 488235.7883)
rivm_windturbines_ashoogte_actueel.2217,82.0,108.0,3000.0,166218.2965,488242.0735,Nederland,,,Zeewolde,Flevoland,land,2026-01-11,POINT (166218.2965 488242.0735)
rivm_windturbines_ashoogte_actueel.2218,54.5,70.0,1000.0,163591.1907,488250.2883,Nederland,,,Zeewolde,Flevoland,land,2026-01-11,POINT (163591.1907 488250.2883)
rivm_windturbines_ashoogte_actueel.2219,110.0,105.0,2000.0,164518.151102,488272.216102,Nederland,,,Zeewolde,Flevoland,land,2026-01-11,POINT (164518.1511 488272.2161)
rivm_windturbines_ashoogte_actueel.2220,54.5,70.0,950.0,162841.4916,488282.3883,Nederland,,,Zeewolde,Flevoland,land,2026-01-11,POINT (162841.4916 488282.3883)
rivm_windturbines_ashoogte_actueel.2221,132.0,94.0,3000.0,160823.132902,488323.970098,Nederland,,,Zeewolde,Flevoland,land,2026-01-11,POINT (160823.1329 488323.9701)
rivm_windturbines_ashoogte_actueel.2222,120.0,90.0,3600.0,153087.775902,488327.076098,Nederland,,,Zeewolde,Flevoland,land,2026-01-11,POINT (153087.7759 488327.0761)
rivm_windturbines_ashoogte_actueel.2223,193.0,155.0,11000.0,73335.8561248,488357.63869,Nederland,Windpark Hollandse Kust Zuid,SG 11.0-200,,,zee,2026-01-11,POINT (73335.8561 488357.6387)
rivm_windturbines_ashoogte_actueel.2224,52.0,36.0,850.0,155530.3004,488381.1892,Nederland,,,Zeewolde,Flevoland,land,2026-01-11,POINT (155530.3004 488381.1892)
rivm_windturbines_ashoogte_actueel.2225,54.5,70.0,950.0,164058.2901,488392.2883,Nederland,,,Zeewolde,Flevoland,land,2026-01-11,POINT (164058.2901 488392.2883)
rivm_windturbines_ashoogte_actueel.2226,117.0,91.0,3600.0,137929.973194,488413.617308,Nederland,,Vestas V117,Almere,Flevoland,land,2026-01-11,POINT (137929.9732 488413.6173)
rivm_windturbines_ashoogte_actueel.2227,82.0,108.0,3000.0,168854.0143,488415.2838,Nederland,,,Zeewolde,Flevoland,land,2026-01-11,POINT (168854.0143 488415.2838)
rivm_windturbines_ashoogte_actueel.2228,54.5,70.0,1000.0,162687.0742,488422.9287,Nederland,,,Zeewolde,Flevoland,land,2026-01-11,POINT (162687.0742 488422.9287)
rivm_windturbines_ashoogte_actueel.2229,112.0,81.0,3000.0,71758.6998,488427.8158,Nederland,Luchterduinen,V112,,,zee,2026-01-11,POINT (71758.6998 488427.8158)
rivm_windturbines_ashoogte_actueel.2230,82.0,108.0,3000.0,165853.8569,488428.6524,Nederland,,,Zeewolde,Flevoland,land,2026-01-11,POINT (165853.8569 488428.6524)
rivm_windturbines_ashoogte_actueel.2231,193.0,155.0,11000.0,61588.901868,488444.637262,Nederland,Windpark Hollandse Kust Zuid,SG 11.0-200,,,zee,2026-01-11,POINT (61588.9019 488444.6373)
rivm_windturbines_ashoogte_actueel.2232,52.0,70.0,850.0,151205.76,488455.24,Nederland,,,Zeewolde,Flevoland,land,2026-01-11,POINT (151205.76 488455.24)
rivm_windturbines_ashoogte_actueel.2233,48.0,55.0,750.0,163777.9106,488460.7414,Nederland,,,Zeewolde,Flevoland,land,2026-01-11,POINT (163777.9106 488460.7414)
rivm_windturbines_ashoogte_actueel.2234,52.0,36.0,850.0,156642.6991,488528.1889,Nederland,,,Zeewolde,Flevoland,land,2026-01-11,POINT (156642.6991 488528.1889)
rivm_windturbines_ashoogte_actueel.2235,110.0,105.0,2000.0,164801.703102,488584.810102,Nederland,,,Zeewolde,Flevoland,land,2026-01-11,POINT (164801.7031 488584.8101)
rivm_windturbines_ashoogte_actueel.2236,120.0,90.0,3600.0,157481.0,488601.0,Nederland,,,Zeewolde,Flevoland,land,2026-01-11,POINT (157481 488601)
rivm_windturbines_ashoogte_actueel.2237,120.0,90.0,3600.0,154481.568597,488601.373098,Nederland,,,Zeewolde,Flevoland,land,2026-01-11,POINT (154481.5686 488601.3731)
rivm_windturbines_ashoogte_actueel.2238,193.0,155.0,11000.0,56782.3787542,488612.092278,Nederland,Windpark Hollandse Kust Zuid,SG 11.0-200,,,zee,2026-01-11,POINT (56782.3788 488612.0923)
rivm_windturbines_ashoogte_actueel.2239,52.0,36.0,850.0,155032.0011,488641.8892,Nederland,,,Zeewolde,Flevoland,land,2026-01-11,POINT (155032.0011 488641.8892)
rivm_windturbines_ashoogte_actueel.2240,193.0,155.0,11000.0,65019.6477055,488654.523929,Nederland,Windpark Hollandse Kust Zuid,SG 11.0-200,,,zee,2026-01-11,POINT (65019.6477 488654.5239)
rivm_windturbines_ashoogte_actueel.2241,52.2,55.0,900.0,162059.5125,488657.1083,Nederland,,,Zeewolde,Flevoland,land,2026-01-11,POINT (162059.5125 488657.1083)
rivm_windturbines_ashoogte_actueel.2242,13.0,15.0,15.0,267233.219,488668.996994,Nederland,,EAZ wind,Dinkelland,Overijssel,land,2026-01-11,POINT (267233.219 488668.997)
rivm_windturbines_ashoogte_actueel.2243,82.0,108.0,3000.0,169218.2308,488670.2679,Nederland,,,Zeewolde,Flevoland,land,2026-01-11,POINT (169218.2308 488670.2679)
rivm_windturbines_ashoogte_actueel.2244,132.0,94.0,3000.0,160579.010898,488671.725098,Nederland,,,Zeewolde,Flevoland,land,2026-01-11,POINT (160579.0109 488671.7251)
rivm_windturbines_ashoogte_actueel.2245,120.0,90.0,3600.0,152823.346898,488699.716403,Nederland,,,Zeewolde,Flevoland,land,2026-01-11,POINT (152823.3469 488699.7164)
rivm_windturbines_ashoogte_actueel.2246,193.0,155.0,11000.0,74740.4757158,488734.700315,Nederland,Windpark Hollandse Kust Zuid,SG 11.0-200,,,zee,2026-01-11,POINT (74740.4757 488734.7003)
rivm_windturbines_ashoogte_actueel.2247,112.0,81.0,3000.0,71225.9209,488737.3081,Nederland,Luchterduinen,V112,,,zee,2026-01-11,POINT (71225.9209 488737.3081)
rivm_windturbines_ashoogte_actueel.2248,52.0,36.0,850.0,155236.4009,488785.5892,Nederland,,,Zeewolde,Flevoland,land,2026-01-11,POINT (155236.4009 488785.5892)
rivm_windturbines_ashoogte_actueel.2249,54.5,70.0,950.0,164402.3897,488815.7883,Nederland,,,Zeewolde,Flevoland,land,2026-01-11,POINT (164402.3897 488815.7883)
rivm_windturbines_ashoogte_actueel.2250,54.5,70.0,950.0,162181.7037,488883.0833,Nederland,,,Zeewolde,Flevoland,land,2026-01-11,POINT (162181.7037 488883.0833)
rivm_windturbines_ashoogte_actueel.2251,193.0,155.0,11000.0,76109.3612508,488885.401094,Nederland,Windpark Hollandse Kust Zuid,SG 11.0-200,,,zee,2026-01-11,POINT (76109.3613 488885.4011)
rivm_windturbines_ashoogte_actueel.2252,52.0,36.0,850.0,156355.0995,488937.5889,Nederland,,,Zeewolde,Flevoland,land,2026-01-11,POINT (156355.0995 488937.5889)
rivm_windturbines_ashoogte_actueel.2253,54.5,55.0,1000.0,164675.1893,488942.6883,Nederland,,,Lelystad,Flevoland,land,2026-01-11,POINT (164675.1893 488942.6883)
rivm_windturbines_ashoogte_actueel.2254,54.5,70.0,950.0,161718.393,488967.1883,Nederland,,,Zeewolde,Flevoland,land,2026-01-11,POINT (161718.393 488967.1883)
rivm_windturbines_ashoogte_actueel.2255,120.0,90.0,3600.0,157221.0,488969.0,Nederland,,,Zeewolde,Flevoland,land,2026-01-11,POINT (157221 488969)
rivm_windturbines_ashoogte_actueel.2256,54.5,70.0,950.0,164219.0899,488986.4883,Nederland,,,Zeewolde,Flevoland,land,2026-01-11,POINT (164219.0899 488986.4883)
rivm_windturbines_ashoogte_actueel.2257,12.0,18.0,10.0,213808.06,488998.39,Nederland,,,Raalte,Overijssel,land,2026-01-11,POINT (213808.06 488998.39)
rivm_windturbines_ashoogte_actueel.2258,132.0,94.0,3000.0,160340.054098,489012.121902,Nederland,,,Zeewolde,Flevoland,land,2026-01-11,POINT (160340.0541 489012.1219)
rivm_windturbines_ashoogte_actueel.2259,120.0,90.0,3600.0,154184.55268,489023.267102,Nederland,,,Zeewolde,Flevoland,land,2026-01-11,POINT (154184.5527 489023.2671)
rivm_windturbines_ashoogte_actueel.2260,112.0,81.0,3000.0,70686.4006,489046.9748,Nederland,Luchterduinen,V112,,,zee,2026-01-11,POINT (70686.4006 489046.9748)
rivm_windturbines_ashoogte_actueel.2261,13.0,15.0,15.0,217140.628448,489055.055136,Nederland,,EAZ wind,Raalte,Overijssel,land,2026-01-11,POINT (217140.6284 489055.0551)
rivm_windturbines_ashoogte_actueel.2262,141.0,150.0,4200.0,152536.443898,489104.027098,Nederland,,,Zeewolde,Flevoland,land,2026-01-11,POINT (152536.4439 489104.0271)
rivm_windturbines_ashoogte_actueel.2263,54.5,55.0,1000.0,164489.4896,489109.2883,Nederland,,,Lelystad,Flevoland,land,2026-01-11,POINT (164489.4896 489109.2883)
rivm_windturbines_ashoogte_actueel.2264,54.5,70.0,950.0,161880.4928,489157.1882,Nederland,,,Zeewolde,Flevoland,land,2026-01-11,POINT (161880.4928 489157.1882)
rivm_windturbines_ashoogte_actueel.2265,112.0,81.0,3000.0,72084.9911,489201.3182,Nederland,Luchterduinen,V112,,,zee,2026-01-11,POINT (72084.9911 489201.3182)
rivm_windturbines_ashoogte_actueel.2266,54.5,55.0,1000.0,164303.2898,489277.0882,Nederland,,,Lelystad,Flevoland,land,2026-01-11,POINT (164303.2898 489277.0882)
rivm_windturbines_ashoogte_actueel.2267,52.0,55.0,850.0,153299.5034,489279.8896,Nederland,,,Zeewolde,Flevoland,land,2026-01-11,POINT (153299.5034 489279.8896)
rivm_windturbines_ashoogte_actueel.2268,66.0,67.0,1750.0,166844.3898,489294.4763,Nederland,,,Zeewolde,Flevoland,land,2026-01-11,POINT (166844.3898 489294.4763)
rivm_windturbines_ashoogte_actueel.2269,193.0,155.0,11000.0,63574.2464897,489315.098441,Nederland,Windpark Hollandse Kust Zuid,SG 11.0-200,,,zee,2026-01-11,POINT (63574.2465 489315.0984)
rivm_windturbines_ashoogte_actueel.2270,120.0,90.0,3600.0,156962.0,489337.0,Nederland,,,Zeewolde,Flevoland,land,2026-01-11,POINT (156962 489337)
rivm_windturbines_ashoogte_actueel.2271,52.2,55.0,900.0,165403.3994,489338.3923,Nederland,,,Lelystad,Flevoland,land,2026-01-11,POINT (165403.3994 489338.3923)
rivm_windturbines_ashoogte_actueel.2272,54.5,55.0,950.0,161340.2935,489343.4882,Nederland,,,Zeewolde,Flevoland,land,2026-01-11,POINT (161340.2935 489343.4882)
rivm_windturbines_ashoogte_actueel.2273,112.0,81.0,3000.0,70153.7549,489356.584,Nederland,Luchterduinen,V112,,,zee,2026-01-11,POINT (70153.7549 489356.584)
rivm_windturbines_ashoogte_actueel.2274,132.0,94.0,3000.0,160084.446102,489376.238098,Nederland,,,Zeewolde,Flevoland,land,2026-01-11,POINT (160084.4461 489376.2381)
rivm_windturbines_ashoogte_actueel.2275,18.0,34.0,80.0,154783.0022,489397.6423,Nederland,,,Zeewolde,Flevoland,land,2026-01-11,POINT (154783.0022 489397.6423)
rivm_windturbines_ashoogte_actueel.2276,120.0,90.0,3600.0,153890.86632,489440.438597,Nederland,,,Zeewolde,Flevoland,land,2026-01-11,POINT (153890.8663 489440.4386)
rivm_windturbines_ashoogte_actueel.2277,54.5,55.0,1000.0,164118.09,489443.6882,Nederland,,,Lelystad,Flevoland,land,2026-01-11,POINT (164118.09 489443.6882)
rivm_windturbines_ashoogte_actueel.2278,90.0,90.0,2200.0,115629.677068,489473.054654,Nederland,,,Amsterdam,Noord-Holland,land,2026-01-11,POINT (115629.6771 489473.0547)
rivm_windturbines_ashoogte_actueel.2279,52.0,55.0,850.0,154453.702,489481.0893,Nederland,,,Zeewolde,Flevoland,land,2026-01-11,POINT (154453.702 489481.0893)
rivm_windturbines_ashoogte_actueel.2280,112.0,81.0,3000.0,71565.704,489499.4202,Nederland,Luchterduinen,V112,,,zee,2026-01-11,POINT (71565.704 489499.4202)
rivm_windturbines_ashoogte_actueel.2281,141.0,150.0,4200.0,152249.540898,489508.338,Nederland,,,Zeewolde,Flevoland,land,2026-01-11,POINT (152249.5409 489508.338)
rivm_windturbines_ashoogte_actueel.2282,52.0,55.0,850.0,161526.2814,489511.1082,Nederland,,,Zeewolde,Flevoland,land,2026-01-11,POINT (161526.2814 489511.1082)
rivm_windturbines_ashoogte_actueel.2283,52.0,36.0,850.0,158075.4975,489536.8885,Nederland,,,Zeewolde,Flevoland,land,2026-01-11,POINT (158075.4975 489536.8885)
rivm_windturbines_ashoogte_actueel.2284,66.0,67.0,1750.0,167098.9863,489542.4884,Nederland,,,Zeewolde,Flevoland,land,2026-01-11,POINT (167098.9863 489542.4884)
rivm_windturbines_ashoogte_actueel.2285,54.5,70.0,950.0,162803.3917,489561.3882,Nederland,,,Zeewolde,Flevoland,land,2026-01-11,POINT (162803.3917 489561.3882)
rivm_windturbines_ashoogte_actueel.2286,193.0,155.0,11000.0,57136.0862822,489568.314378,Nederland,Windpark Hollandse Kust Zuid,SG 11.0-200,,,zee,2026-01-11,POINT (57136.0863 489568.3144)
rivm_windturbines_ashoogte_actueel.2287,193.0,155.0,11000.0,58180.7743324,489594.869037,Nederland,Windpark Hollandse Kust Zuid,SG 11.0-200,,,zee,2026-01-11,POINT (58180.7743 489594.869)
rivm_windturbines_ashoogte_actueel.2288,193.0,155.0,11000.0,67111.4572975,489599.715711,Nederland,Windpark Hollandse Kust Zuid,SG 11.0-200,,,zee,2026-01-11,POINT (67111.4573 489599.7157)
rivm_windturbines_ashoogte_actueel.2289,54.5,55.0,1000.0,163931.0903,489610.7882,Nederland,,,Lelystad,Flevoland,land,2026-01-11,POINT (163931.0903 489610.7882)
rivm_windturbines_ashoogte_actueel.2290,52.0,55.0,850.0,154657.1018,489626.6892,Nederland,,,Zeewolde,Flevoland,land,2026-01-11,POINT (154657.1018 489626.6892)
rivm_windturbines_ashoogte_actueel.2291,193.0,155.0,11000.0,59500.1995094,489632.468062,Nederland,Windpark Hollandse Kust Zuid,SG 11.0-200,,,zee,2026-01-11,POINT (59500.1995 489632.4681)
rivm_windturbines_ashoogte_actueel.2292,112.0,81.0,3000.0,69614.3685,489666.369,Nederland,Luchterduinen,V112,,,zee,2026-01-11,POINT (69614.3685 489666.369)
rivm_windturbines_ashoogte_actueel.2293,193.0,155.0,11000.0,61117.0901509,489676.317721,Nederland,Windpark Hollandse Kust Zuid,SG 11.0-200,,,zee,2026-01-11,POINT (61117.0902 489676.3177)
rivm_windturbines_ashoogte_actueel.2294,52.2,35.0,900.0,158279.6973,489681.7885,Nederland,,,Zeewolde,Flevoland,land,2026-01-11,POINT (158279.6973 489681.7885)
rivm_windturbines_ashoogte_actueel.2295,90.0,90.0,2200.0,115422.407277,489705.8293,Nederland,,,Amsterdam,Noord-Holland,land,2026-01-11,POINT (115422.4073 489705.8293)
rivm_windturbines_ashoogte_actueel.2296,120.0,90.0,3600.0,156702.0,489706.0,Nederland,,,Zeewolde,Flevoland,land,2026-01-11,POINT (156702 489706)
rivm_windturbines_ashoogte_actueel.2297,193.0,155.0,11000.0,62310.1011421,489708.886453,Nederland,Windpark Hollandse Kust Zuid,SG 11.0-200,,,zee,2026-01-11,POINT (62310.1011 489708.8865)
rivm_windturbines_ashoogte_actueel.2298,132.0,94.0,3000.0,159846.644102,489714.990098,Nederland,,,Zeewolde,Flevoland,land,2026-01-11,POINT (159846.6441 489714.9901)
rivm_windturbines_ashoogte_actueel.2299,54.5,70.0,950.0,162614.6919,489725.6881,Nederland,,,Zeewolde,Flevoland,land,2026-01-11,POINT (162614.6919 489725.6881)
rivm_windturbines_ashoogte_actueel.2300,54.5,70.0,950.0,160994.4939,489769.5882,Nederland,,,Zeewolde,Flevoland,land,2026-01-11,POINT (160994.4939 489769.5882)
rivm_windturbines_ashoogte_actueel.2301,54.5,55.0,1000.0,163745.6905,489777.1881,Nederland,,,Lelystad,Flevoland,land,2026-01-11,POINT (163745.6905 489777.1881)
rivm_windturbines_ashoogte_actueel.2302,66.0,67.0,1750.0,167356.986,489790.1884,Nederland,,,Zeewolde,Flevoland,land,2026-01-11,POINT (167356.986 489790.1884)
rivm_windturbines_ashoogte_actueel.2303,112.0,81.0,3000.0,71046.4791,489797.5773,Nederland,Luchterduinen,V112,,,zee,2026-01-11,POINT (71046.4791 489797.5773)
rivm_windturbines_ashoogte_actueel.2304,193.0,155.0,11000.0,74915.4870001,489836.809586,Nederland,Windpark Hollandse Kust Zuid,SG 11.0-200,,,zee,2026-01-11,POINT (74915.487 489836.8096)
rivm_windturbines_ashoogte_actueel.2305,52.2,55.0,900.0,164829.9291,489850.5182,Nederland,,,Lelystad,Flevoland,land,2026-01-11,POINT (164829.9291 489850.5182)
rivm_windturbines_ashoogte_actueel.2306,70.0,70.0,2000.0,165654.4881,489856.5882,Nederland,,,Lelystad,Flevoland,land,2026-01-11,POINT (165654.4881 489856.5882)
rivm_windturbines_ashoogte_actueel.2307,141.0,150.0,4200.0,153596.696,489858.298,Nederland,,,Zeewolde,Flevoland,land,2026-01-11,POINT (153596.696 489858.298)
rivm_windturbines_ashoogte_actueel.2308,52.0,70.0,850.0,152835.7042,489937.2897,Nederland,,,Zeewolde,Flevoland,land,2026-01-11,POINT (152835.7042 489937.2897)
rivm_windturbines_ashoogte_actueel.2309,54.5,55.0,1000.0,163559.8907,489943.9881,Nederland,,,Lelystad,Flevoland,land,2026-01-11,POINT (163559.8907 489943.9881)
rivm_windturbines_ashoogte_actueel.2310,52.0,36.0,850.0,157766.498,489963.2885,Nederland,,,Zeewolde,Flevoland,land,2026-01-11,POINT (157766.498 489963.2885)
rivm_windturbines_ashoogte_actueel.2311,112.0,81.0,3000.0,72417.8044,489963.6033,Nederland,Luchterduinen,V112,,,zee,2026-01-11,POINT (72417.8044 489963.6033)
rivm_windturbines_ashoogte_actueel.2312,112.0,81.0,3000.0,69081.8559,489976.095,Nederland,Luchterduinen,V112,,,zee,2026-01-11,POINT (69081.8559 489976.095)
rivm_windturbines_ashoogte_actueel.2313,90.0,90.0,2200.0,115254.932248,489988.091349,Nederland,,,Amsterdam,Noord-Holland,land,2026-01-11,POINT (115254.9322 489988.0913)
rivm_windturbines_ashoogte_actueel.2314,66.0,67.0,1750.0,167614.9856,490036.5884,Nederland,,,Zeewolde,Flevoland,land,2026-01-11,POINT (167614.9856 490036.5884)
rivm_windturbines_ashoogte_actueel.2315,52.0,55.0,850.0,154372.5023,490060.1892,Nederland,,,Zeewolde,Flevoland,land,2026-01-11,POINT (154372.5023 490060.1892)
rivm_windturbines_ashoogte_actueel.2316,120.0,90.0,3600.0,156442.0,490074.0,Nederland,,,Zeewolde,Flevoland,land,2026-01-11,POINT (156442 490074)
rivm_windturbines_ashoogte_actueel.2317,70.0,70.0,2000.0,165870.8641,490084.917,Nederland,,,Lelystad,Flevoland,land,2026-01-11,POINT (165870.8641 490084.917)
rivm_windturbines_ashoogte_actueel.2318,112.0,81.0,3000.0,70520.5102,490095.9062,Nederland,Luchterduinen,V112,,,zee,2026-01-11,POINT (70520.5102 490095.9062)
rivm_windturbines_ashoogte_actueel.2319,52.2,35.0,900.0,157974.0019,490102.6124,Nederland,,,Zeewolde,Flevoland,land,2026-01-11,POINT (157974.0019 490102.6124)
rivm_windturbines_ashoogte_actueel.2320,54.5,55.0,1000.0,163373.691,490111.0881,Nederland,,,Lelystad,Flevoland,land,2026-01-11,POINT (163373.691 490111.0881)
rivm_windturbines_ashoogte_actueel.2321,54.5,70.0,1000.0,162986.6982,490133.8749,Nederland,,,Zeewolde,Flevoland,land,2026-01-11,POINT (162986.6982 490133.8749)
rivm_windturbines_ashoogte_actueel.2322,193.0,155.0,11000.0,65559.3979999,490185.694727,Nederland,Windpark Hollandse Kust Zuid,SG 11.0-200,,,zee,2026-01-11,POINT (65559.398 490185.6947)
rivm_windturbines_ashoogte_actueel.2323,141.0,150.0,4200.0,153336.024167,490228.571167,Nederland,,,Zeewolde,Flevoland,land,2026-01-11,POINT (153336.0242 490228.5712)
rivm_windturbines_ashoogte_actueel.2324,52.0,55.0,850.0,155538.4009,490258.8889,Nederland,,,Zeewolde,Flevoland,land,2026-01-11,POINT (155538.4009 490258.8889)
rivm_windturbines_ashoogte_actueel.2325,112.0,81.0,3000.0,71912.1922,490261.4415,Nederland,Luchterduinen,V112,,,zee,2026-01-11,POINT (71912.1922 490261.4415)
rivm_windturbines_ashoogte_actueel.2326,54.5,55.0,950.0,160644.2944,490263.9881,Nederland,,,Zeewolde,Flevoland,land,2026-01-11,POINT (160644.2944 490263.9881)
rivm_windturbines_ashoogte_actueel.2327,90.0,90.0,2200.0,115131.198258,490273.794332,Nederland,,,Amsterdam,Noord-Holland,land,2026-01-11,POINT (115131.1983 490273.7943)
rivm_windturbines_ashoogte_actueel.2328,54.5,55.0,1000.0,163188.0912,490278.8881,Nederland,,,Lelystad,Flevoland,land,2026-01-11,POINT (163188.0912 490278.8881)
rivm_windturbines_ashoogte_actueel.2329,66.0,67.0,1750.0,167873.3853,490283.1884,Nederland,,,Zeewolde,Flevoland,land,2026-01-11,POINT (167873.3853 490283.1884)
rivm_windturbines_ashoogte_actueel.2330,70.0,70.0,2000.0,166088.2875,490312.8882,Nederland,,,Lelystad,Flevoland,land,2026-01-11,POINT (166088.2875 490312.8882)
rivm_windturbines_ashoogte_actueel.2331,52.0,55.0,850.0,153881.203,490325.4893,Nederland,,,Zeewolde,Flevoland,land,2026-01-11,POINT (153881.203 490325.4893)
rivm_windturbines_ashoogte_actueel.2332,52.2,55.0,900.0,164271.0292,490360.4075,Nederland,,,Lelystad,Flevoland,land,2026-01-11,POINT (164271.0292 490360.4075)
rivm_windturbines_ashoogte_actueel.2333,52.0,36.0,850.0,157478.8984,490361.3885,Nederland,,,Zeewolde,Flevoland,land,2026-01-11,POINT (157478.8984 490361.3885)
rivm_windturbines_ashoogte_actueel.2334,52.0,55.0,850.0,155741.3006,490401.2888,Nederland,,,Zeewolde,Flevoland,land,2026-01-11,POINT (155741.3006 490401.2888)
rivm_windturbines_ashoogte_actueel.2335,112.0,81.0,3000.0,70001.6021,490405.2998,Nederland,Luchterduinen,V112,,,zee,2026-01-11,POINT (70001.6021 490405.2998)
rivm_windturbines_ashoogte_actueel.2336,54.5,55.0,950.0,160849.3942,490408.7881,Nederland,,,Zeewolde,Flevoland,land,2026-01-11,POINT (160849.3942 490408.7881)
rivm_windturbines_ashoogte_actueel.2337,193.0,155.0,11000.0,77013.7191787,490436.112101,Nederland,Windpark Hollandse Kust Zuid,SG 11.0-200,,,zee,2026-01-11,POINT (77013.7192 490436.1121)
rivm_windturbines_ashoogte_actueel.2338,120.0,90.0,3600.0,156182.0,490443.0,Nederland,,,Zeewolde,Flevoland,land,2026-01-11,POINT (156182 490443)
rivm_windturbines_ashoogte_actueel.2339,54.5,70.0,950.0,160506.0946,490454.5881,Nederland,,,Zeewolde,Flevoland,land,2026-01-11,POINT (160506.0946 490454.5881)
rivm_windturbines_ashoogte_actueel.2340,52.0,55.0,850.0,154085.1028,490469.9892,Nederland,,,Zeewolde,Flevoland,land,2026-01-11,POINT (154085.1028 490469.9892)
rivm_windturbines_ashoogte_actueel.2341,13.0,15.0,15.0,210668.904114,490472.244995,Nederland,,EAZ wind,Olst-Wijhe,Overijssel,land,2026-01-11,POINT (210668.9041 490472.245)
rivm_windturbines_ashoogte_actueel.2342,54.5,55.0,950.0,157683.4982,490508.4885,Nederland,,,Zeewolde,Flevoland,land,2026-01-11,POINT (157683.4982 490508.4885)
rivm_windturbines_ashoogte_actueel.2343,66.0,67.0,1750.0,168131.1849,490530.1884,Nederland,,,Zeewolde,Flevoland,land,2026-01-11,POINT (168131.1849 490530.1884)
rivm_windturbines_ashoogte_actueel.2344,70.0,70.0,2000.0,166305.0872,490541.7882,Nederland,,,Lelystad,Flevoland,land,2026-01-11,POINT (166305.0872 490541.7882)
rivm_windturbines_ashoogte_actueel.2345,112.0,81.0,3000.0,71399.6462,490548.322,Nederland,Luchterduinen,V112,,,zee,2026-01-11,POINT (71399.6462 490548.322)
rivm_windturbines_ashoogte_actueel.2346,141.0,150.0,4200.0,153103.568597,490558.765098,Nederland,,,Zeewolde,Flevoland,land,2026-01-11,POINT (153103.5686 490558.7651)
rivm_windturbines_ashoogte_actueel.2347,52.0,70.0,850.0,153681.4033,490582.5893,Nederland,,,Zeewolde,Flevoland,land,2026-01-11,POINT (153681.4033 490582.5893)
rivm_windturbines_ashoogte_actueel.2348,54.5,55.0,950.0,160710.5944,490599.2881,Nederland,,,Zeewolde,Flevoland,land,2026-01-11,POINT (160710.5944 490599.2881)
rivm_windturbines_ashoogte_actueel.2349,52.0,55.0,850.0,155243.9013,490674.3889,Nederland,,,Zeewolde,Flevoland,land,2026-01-11,POINT (155243.9013 490674.3889)
rivm_windturbines_ashoogte_actueel.2350,112.0,81.0,3000.0,69475.7601,490703.7411,Nederland,Luchterduinen,V112,,,zee,2026-01-11,POINT (69475.7601 490703.7411)
rivm_windturbines_ashoogte_actueel.2351,112.0,81.0,3000.0,72736.7224,490715.013,Nederland,Luchterduinen,V112,,,zee,2026-01-11,POINT (72736.7224 490715.013)
rivm_windturbines_ashoogte_actueel.2352,52.0,70.0,850.0,153890.2031,490741.5892,Nederland,,,Zeewolde,Flevoland,land,2026-01-11,POINT (153890.2031 490741.5892)
rivm_windturbines_ashoogte_actueel.2353,70.0,58.0,1800.0,164485.7895,490766.588,Nederland,,,Lelystad,Flevoland,land,2026-01-11,POINT (164485.7895 490766.588)
rivm_windturbines_ashoogte_actueel.2354,70.0,70.0,2000.0,166521.7869,490769.5882,Nederland,,,Lelystad,Flevoland,land,2026-01-11,POINT (166521.7869 490769.5882)
rivm_windturbines_ashoogte_actueel.2355,66.0,67.0,1750.0,168389.5845,490776.8884,Nederland,,,Zeewolde,Flevoland,land,2026-01-11,POINT (168389.5845 490776.8884)
rivm_windturbines_ashoogte_actueel.2356,54.5,55.0,950.0,157179.2989,490790.8885,Nederland,,,Zeewolde,Flevoland,land,2026-01-11,POINT (157179.2989 490790.8885)
rivm_windturbines_ashoogte_actueel.2357,52.2,55.0,900.0,163645.5306,490805.088,Nederland,,,Lelystad,Flevoland,land,2026-01-11,POINT (163645.5306 490805.088)
rivm_windturbines_ashoogte_actueel.2358,120.0,90.0,3600.0,155923.0,490811.0,Nederland,,,Zeewolde,Flevoland,land,2026-01-11,POINT (155923 490811)
rivm_windturbines_ashoogte_actueel.2359,52.0,55.0,850.0,155448.1011,490818.8888,Nederland,,,Zeewolde,Flevoland,land,2026-01-11,POINT (155448.1011 490818.8888)
rivm_windturbines_ashoogte_actueel.2360,16.0,30.0,25.0,233533.558174,490820.781058,Nederland,,,Wierden,Overijssel,land,2026-01-11,POINT (233533.5582 490820.7811)
rivm_windturbines_ashoogte_actueel.2361,112.0,81.0,3000.0,70894.1545,490846.2655,Nederland,Luchterduinen,V112,,,zee,2026-01-11,POINT (70894.1545 490846.2655)
rivm_windturbines_ashoogte_actueel.2362,90.0,80.0,3000.0,115045.3439,490848.6563,Nederland,,,Amsterdam,Noord-Holland,land,2026-01-11,POINT (115045.3439 490848.6563)
rivm_windturbines_ashoogte_actueel.2363,95.0,95.0,2200.0,117889.0,490849.0,Nederland,,,Amsterdam,Noord-Holland,land,2026-01-11,POINT (117889 490849)
rivm_windturbines_ashoogte_actueel.2364,193.0,155.0,11000.0,64777.8132333,490914.552034,Nederland,Windpark Hollandse Kust Zuid,SG 11.0-200,,,zee,2026-01-11,POINT (64777.8132 490914.552)
rivm_windturbines_ashoogte_actueel.2365,54.5,55.0,950.0,157384.0987,490934.0884,Nederland,,,Zeewolde,Flevoland,land,2026-01-11,POINT (157384.0987 490934.0884)
rivm_windturbines_ashoogte_actueel.2366,70.0,70.0,2000.0,166738.9866,490997.9882,Nederland,,,Lelystad,Flevoland,land,2026-01-11,POINT (166738.9866 490997.9882)
rivm_windturbines_ashoogte_actueel.2367,112.0,81.0,3000.0,72237.7887,491001.5795,Nederland,Luchterduinen,V112,,,zee,2026-01-11,POINT (72237.7887 491001.5795)
rivm_windturbines_ashoogte_actueel.2368,95.0,95.0,2200.0,117660.0,491012.0,Nederland,,,Amsterdam,Noord-Holland,land,2026-01-11,POINT (117660 491012)
rivm_windturbines_ashoogte_actueel.2369,70.0,58.0,1800.0,164786.0891,491083.188,Nederland,,,Lelystad,Flevoland,land,2026-01-11,POINT (164786.0891 491083.188)
rivm_windturbines_ashoogte_actueel.2370,54.5,70.0,950.0,160041.2953,491088.3881,Nederland,,,Zeewolde,Flevoland,land,2026-01-11,POINT (160041.2953 491088.3881)
rivm_windturbines_ashoogte_actueel.2371,112.0,81.0,3000.0,70388.5324,491133.136,Nederland,Luchterduinen,V112,,,zee,2026-01-11,POINT (70388.5324 491133.136)
rivm_windturbines_ashoogte_actueel.2372,132.0,94.0,3000.0,155661.899257,491178.153344,Nederland,,,Zeewolde,Flevoland,land,2026-01-11,POINT (155661.8993 491178.1533)
rivm_windturbines_ashoogte_actueel.2373,95.0,95.0,2200.0,117423.0,491188.0,Nederland,,,Amsterdam,Noord-Holland,land,2026-01-11,POINT (117423 491188)
rivm_windturbines_ashoogte_actueel.2374,52.2,55.0,900.0,156894.3093,491203.2085,Nederland,,,Zeewolde,Flevoland,land,2026-01-11,POINT (156894.3093 491203.2085)
rivm_windturbines_ashoogte_actueel.2375,54.5,55.0,950.0,160245.895,491232.2881,Nederland,,,Zeewolde,Flevoland,land,2026-01-11,POINT (160245.895 491232.2881)
rivm_windturbines_ashoogte_actueel.2376,90.0,80.0,3000.0,115047.2459,491240.729,Nederland,,,Amsterdam,Noord-Holland,land,2026-01-11,POINT (115047.2459 491240.729)
rivm_windturbines_ashoogte_actueel.2377,112.0,81.0,3000.0,71745.5292,491276.9565,Nederland,Luchterduinen,V112,,,zee,2026-01-11,POINT (71745.5292 491276.9565)
rivm_windturbines_ashoogte_actueel.2378,54.5,70.0,950.0,159893.7955,491289.7881,Nederland,,,Zeewolde,Flevoland,land,2026-01-11,POINT (159893.7955 491289.7881)
rivm_windturbines_ashoogte_actueel.2379,193.0,155.0,11000.0,74623.6205704,491292.147887,Nederland,Windpark Hollandse Kust Zuid,SG 11.0-200,,,zee,2026-01-11,POINT (74623.6206 491292.1479)
rivm_windturbines_ashoogte_actueel.2380,90.0,80.0,3000.0,111694.4648,491299.3897,Nederland,,,Amsterdam,Noord-Holland,land,2026-01-11,POINT (111694.4648 491299.3897)
rivm_windturbines_ashoogte_actueel.2381,54.5,55.0,950.0,157100.2991,491340.5884,Nederland,,,Zeewolde,Flevoland,land,2026-01-11,POINT (157100.2991 491340.5884)
rivm_windturbines_ashoogte_actueel.2382,95.0,95.0,2200.0,117207.0,491348.0,Nederland,,,Amsterdam,Noord-Holland,land,2026-01-11,POINT (117207 491348)
rivm_windturbines_ashoogte_actueel.2383,90.0,75.0,3000.0,111357.432,491373.2073,Nederland,,,Amsterdam,Noord-Holland,land,2026-01-11,POINT (111357.432 491373.2073)
rivm_windturbines_ashoogte_actueel.2384,70.0,58.0,1800.0,165090.4887,491403.688,Nederland,,,Lelystad,Flevoland,land,2026-01-11,POINT (165090.4887 491403.688)
rivm_windturbines_ashoogte_actueel.2385,193.0,155.0,11000.0,66961.1907988,491414.780308,Nederland,Windpark Hollandse Kust Zuid,SG 11.0-200,,,zee,2026-01-11,POINT (66961.1908 491414.7803)
rivm_windturbines_ashoogte_actueel.2386,112.0,81.0,3000.0,69876.3563,491431.3016,Nederland,Luchterduinen,V112,,,zee,2026-01-11,POINT (69876.3563 491431.3016)
rivm_windturbines_ashoogte_actueel.2387,54.5,55.0,950.0,160097.1952,491436.988,Nederland,,,Zeewolde,Flevoland,land,2026-01-11,POINT (160097.1952 491436.988)
rivm_windturbines_ashoogte_actueel.2388,112.0,81.0,3000.0,73102.8085,491443.4013,Nederland,Luchterduinen,V112,,,zee,2026-01-11,POINT (73102.8085 491443.4013)
rivm_windturbines_ashoogte_actueel.2389,10.0,25.0,80.0,166421.3868,491496.1266,Nederland,,,Lelystad,Flevoland,land,2026-01-11,POINT (166421.3868 491496.1266)
rivm_windturbines_ashoogte_actueel.2390,193.0,155.0,11000.0,68638.9010103,491500.534853,Nederland,Windpark Hollandse Kust Zuid,SG 11.0-200,,,zee,2026-01-11,POINT (68638.901 491500.5349)
rivm_windturbines_ashoogte_actueel.2391,52.0,70.0,850.0,154893.602,491517.1889,Nederland,,,Zeewolde,Flevoland,land,2026-01-11,POINT (154893.602 491517.1889)
rivm_windturbines_ashoogte_actueel.2392,95.0,95.0,2200.0,116980.0,491536.0,Nederland,,,Amsterdam,Noord-Holland,land,2026-01-11,POINT (116980 491536)
rivm_windturbines_ashoogte_actueel.2393,132.0,94.0,3000.0,155403.006597,491548.0,Nederland,,,Zeewolde,Flevoland,land,2026-01-11,POINT (155403.0066 491548)
rivm_windturbines_ashoogte_actueel.2394,112.0,81.0,3000.0,71253.5133,491563.5085,Nederland,Luchterduinen,V112,,,zee,2026-01-11,POINT (71253.5133 491563.5085)
rivm_windturbines_ashoogte_actueel.2395,54.5,70.0,1000.0,167236.6859,491594.0882,Nederland,,,Lelystad,Flevoland,land,2026-01-11,POINT (167236.6859 491594.0882)
rivm_windturbines_ashoogte_actueel.2396,90.0,80.0,3000.0,115048.9658,491600.0651,Nederland,,,Amsterdam,Noord-Holland,land,2026-01-11,POINT (115048.9658 491600.0651)
rivm_windturbines_ashoogte_actueel.2397,52.2,55.0,900.0,156602.1998,491630.8885,Nederland,,,Zeewolde,Flevoland,land,2026-01-11,POINT (156602.1998 491630.8885)
rivm_windturbines_ashoogte_actueel.2398,112.0,81.0,3000.0,72624.1558,491718.4646,Nederland,Luchterduinen,V112,,,zee,2026-01-11,POINT (72624.1558 491718.4646)
rivm_windturbines_ashoogte_actueel.2399,70.0,58.0,1800.0,165394.9883,491723.888,Nederland,,,Lelystad,Flevoland,land,2026-01-11,POINT (165394.9883 491723.888)
rivm_windturbines_ashoogte_actueel.2400,90.0,80.0,3000.0,111018.6808,491759.4954,Nederland,,,Amsterdam,Noord-Holland,land,2026-01-11,POINT (111018.6808 491759.4954)
rivm_windturbines_ashoogte_actueel.2401,95.0,95.0,2200.0,116826.0,491763.0,Nederland,,,Amsterdam,Noord-Holland,land,2026-01-11,POINT (116826 491763)
rivm_windturbines_ashoogte_actueel.2402,54.5,70.0,1000.0,167403.4857,491771.0882,Nederland,,,Lelystad,Flevoland,land,2026-01-11,POINT (167403.4857 491771.0882)
rivm_windturbines_ashoogte_actueel.2403,52.2,55.0,900.0,156804.7996,491776.5884,Nederland,,,Zeewolde,Flevoland,land,2026-01-11,POINT (156804.7996 491776.5884)
rivm_windturbines_ashoogte_actueel.2404,18.0,34.0,80.0,156533.7807,491777.8237,Nederland,,,Zeewolde,Flevoland,land,2026-01-11,POINT (156533.7807 491777.8237)
rivm_windturbines_ashoogte_actueel.2405,90.0,80.0,3000.0,113660.8556,491779.2242,Nederland,,,Amsterdam,Noord-Holland,land,2026-01-11,POINT (113660.8556 491779.2242)
rivm_windturbines_ashoogte_actueel.2406,54.5,70.0,950.0,159514.196,491820.888,Nederland,,,Zeewolde,Flevoland,land,2026-01-11,POINT (159514.196 491820.888)
rivm_windturbines_ashoogte_actueel.2407,112.0,81.0,3000.0,70754.7502,491850.2264,Nederland,Luchterduinen,V112,,,zee,2026-01-11,POINT (70754.7502 491850.2264)
rivm_windturbines_ashoogte_actueel.2408,132.0,94.0,3000.0,155143.0,491916.0,Nederland,,,Zeewolde,Flevoland,land,2026-01-11,POINT (155143 491916)
rivm_windturbines_ashoogte_actueel.2409,18.0,34.0,80.0,156426.9988,491919.3635,Nederland,,,Zeewolde,Flevoland,land,2026-01-11,POINT (156426.9988 491919.3635)
rivm_windturbines_ashoogte_actueel.2410,80.0,67.0,2000.0,119700.048,491919.9158,Nederland,,,Amsterdam,Noord-Holland,land,2026-01-11,POINT (119700.048 491919.9158)
rivm_windturbines_ashoogte_actueel.2411,193.0,155.0,11000.0,77658.5693188,491943.809831,Nederland,Windpark Hollandse Kust Zuid,SG 11.0-200,,,zee,2026-01-11,POINT (77658.5693 491943.8098)
rivm_windturbines_ashoogte_actueel.2412,54.5,70.0,1000.0,167571.2855,491946.1882,Nederland,,,Lelystad,Flevoland,land,2026-01-11,POINT (167571.2855 491946.1882)
rivm_windturbines_ashoogte_actueel.2413,54.5,55.0,950.0,159717.9958,491964.888,Nederland,,,Zeewolde,Flevoland,land,2026-01-11,POINT (159717.9958 491964.888)
rivm_windturbines_ashoogte_actueel.2414,18.0,40.0,80.0,167293.7158,491985.3781,Nederland,,,Lelystad,Flevoland,land,2026-01-11,POINT (167293.7158 491985.3781)
rivm_windturbines_ashoogte_actueel.2415,90.0,80.0,3000.0,115050.695,491990.3712,Nederland,,,Amsterdam,Noord-Holland,land,2026-01-11,POINT (115050.695 491990.3712)
rivm_windturbines_ashoogte_actueel.2416,112.0,81.0,3000.0,72145.5561,491993.5748,Nederland,Luchterduinen,V112,,,zee,2026-01-11,POINT (72145.5561 491993.5748)
rivm_windturbines_ashoogte_actueel.2417,47.0,55.0,660.0,156332.3303,492033.1585,Nederland,,,Zeewolde,Flevoland,land,2026-01-11,POINT (156332.3303 492033.1585)
rivm_windturbines_ashoogte_actueel.2418,90.0,80.0,3000.0,110970.1452,492034.7005,Nederland,,,Amsterdam,Noord-Holland,land,2026-01-11,POINT (110970.1452 492034.7005)
rivm_windturbines_ashoogte_actueel.2419,126.0,93.0,3450.0,172408.97,492035.78,Nederland,,V126-3.45,Dronten,Flevoland,land,2026-01-11,POINT (172408.97 492035.78)
rivm_windturbines_ashoogte_actueel.2420,70.0,58.0,1800.0,165699.4879,492044.7879,Nederland,,,Lelystad,Flevoland,land,2026-01-11,POINT (165699.4879 492044.7879)
rivm_windturbines_ashoogte_actueel.2421,193.0,155.0,11000.0,65754.4155777,492083.024518,Nederland,Windpark Hollandse Kust Zuid,SG 11.0-200,,,zee,2026-01-11,POINT (65754.4156 492083.0245)
rivm_windturbines_ashoogte_actueel.2422,54.5,70.0,950.0,159327.5963,492083.488,Nederland,,,Zeewolde,Flevoland,land,2026-01-11,POINT (159327.5963 492083.488)
rivm_windturbines_ashoogte_actueel.2423,54.5,70.0,1000.0,167739.0677,492122.3419,Nederland,,,Lelystad,Flevoland,land,2026-01-11,POINT (167739.0677 492122.3419)
rivm_windturbines_ashoogte_actueel.2424,112.0,81.0,3000.0,70262.8482,492136.8782,Nederland,Luchterduinen,V112,,,zee,2026-01-11,POINT (70262.8482 492136.8782)
rivm_windturbines_ashoogte_actueel.2425,52.0,70.0,850.0,155807.201,492164.4886,Nederland,,,Zeewolde,Flevoland,land,2026-01-11,POINT (155807.201 492164.4886)
rivm_windturbines_ashoogte_actueel.2426,52.2,55.0,900.0,156542.3,492167.0884,Nederland,,,Zeewolde,Flevoland,land,2026-01-11,POINT (156542.3 492167.0884)
rivm_windturbines_ashoogte_actueel.2427,112.0,81.0,3000.0,73468.7899,492171.8171,Nederland,Luchterduinen,V112,,,zee,2026-01-11,POINT (73468.7899 492171.8171)
rivm_windturbines_ashoogte_actueel.2428,54.5,55.0,950.0,159538.1961,492218.488,Nederland,,,Zeewolde,Flevoland,land,2026-01-11,POINT (159538.1961 492218.488)
rivm_windturbines_ashoogte_actueel.2429,112.0,81.0,3000.0,71667.0094,492268.7318,Nederland,Luchterduinen,V112,,,zee,2026-01-11,POINT (71667.0094 492268.7318)
rivm_windturbines_ashoogte_actueel.2430,54.5,70.0,1000.0,167905.885,492299.1882,Nederland,,,Lelystad,Flevoland,land,2026-01-11,POINT (167905.885 492299.1882)
rivm_windturbines_ashoogte_actueel.2431,90.0,80.0,3000.0,110922.6103,492309.9055,Nederland,,,Amsterdam,Noord-Holland,land,2026-01-11,POINT (110922.6103 492309.9055)
rivm_windturbines_ashoogte_actueel.2432,90.0,80.0,3000.0,113476.2567,492327.1244,Nederland,,,Amsterdam,Noord-Holland,land,2026-01-11,POINT (113476.2567 492327.1244)
rivm_windturbines_ashoogte_actueel.2433,126.0,93.0,3450.0,172799.732971,492347.720093,Nederland,,V126-3.45,Dronten,Flevoland,land,2026-01-11,POINT (172799.733 492347.7201)
rivm_windturbines_ashoogte_actueel.2434,70.0,58.0,1800.0,166003.7575,492364.0342,Nederland,,,Lelystad,Flevoland,land,2026-01-11,POINT (166003.7575 492364.0342)
rivm_windturbines_ashoogte_actueel.2435,112.0,81.0,3000.0,73003.6108,492435.4935,Nederland,Luchterduinen,V112,,,zee,2026-01-11,POINT (73003.6108 492435.4935)
rivm_windturbines_ashoogte_actueel.2436,54.5,70.0,1000.0,168074.0022,492474.1832,Nederland,,,Lelystad,Flevoland,land,2026-01-11,POINT (168074.0022 492474.1832)
rivm_windturbines_ashoogte_actueel.2437,193.0,155.0,11000.0,67505.0348933,492512.791821,Nederland,Windpark Hollandse Kust Zuid,SG 11.0-200,,,zee,2026-01-11,POINT (67505.0349 492512.7918)
rivm_windturbines_ashoogte_actueel.2438,112.0,81.0,3000.0,71188.5157,492543.9358,Nederland,Luchterduinen,V112,,,zee,2026-01-11,POINT (71188.5157 492543.9358)
rivm_windturbines_ashoogte_actueel.2439,52.0,70.0,850.0,118001.9845,492551.9859,Nederland,,,Zaanstad,Noord-Holland,land,2026-01-11,POINT (118001.9845 492551.9859)
rivm_windturbines_ashoogte_actueel.2440,90.0,75.0,3000.0,110873.5743,492587.6123,Nederland,,,Amsterdam,Noord-Holland,land,2026-01-11,POINT (110873.5743 492587.6123)
rivm_windturbines_ashoogte_actueel.2441,54.5,55.0,950.0,159246.2965,492637.888,Nederland,,,Zeewolde,Flevoland,land,2026-01-11,POINT (159246.2965 492637.888)
rivm_windturbines_ashoogte_actueel.2442,70.0,58.0,1800.0,166301.8871,492677.6879,Nederland,,,Lelystad,Flevoland,land,2026-01-11,POINT (166301.8871 492677.6879)
rivm_windturbines_ashoogte_actueel.2443,126.0,93.0,3450.0,173245.2,492703.33,Nederland,,V126-3.45,Dronten,Flevoland,land,2026-01-11,POINT (173245.2 492703.33)
rivm_windturbines_ashoogte_actueel.2444,112.0,81.0,3000.0,72538.6673,492710.3397,Nederland,Luchterduinen,V112,,,zee,2026-01-11,POINT (72538.6673 492710.3397)
rivm_windturbines_ashoogte_actueel.2445,90.0,80.0,3000.0,113344.3462,492756.1308,Nederland,,,Amsterdam,Noord-Holland,land,2026-01-11,POINT (113344.3462 492756.1308)
rivm_windturbines_ashoogte_actueel.2446,12.0,15.0,10.0,215881.08,492814.28,Nederland,,,Raalte,Overijssel,land,2026-01-11,POINT (215881.08 492814.28)
rivm_windturbines_ashoogte_actueel.2447,112.0,81.0,3000.0,70710.075,492819.1866,Nederland,Luchterduinen,V112,,,zee,2026-01-11,POINT (70710.075 492819.1866)
rivm_windturbines_ashoogte_actueel.2448,90.0,80.0,3000.0,110840.84,492836.7792,Nederland,,,Amsterdam,Noord-Holland,land,2026-01-11,POINT (110840.84 492836.7792)
rivm_windturbines_ashoogte_actueel.2449,193.0,155.0,11000.0,68945.7195794,492866.468548,Nederland,Windpark Hollandse Kust Zuid,SG 11.0-200,,,zee,2026-01-11,POINT (68945.7196 492866.4685)
rivm_windturbines_ashoogte_actueel.2450,112.0,81.0,3000.0,73861.51,492877.5613,Nederland,Luchterduinen,V112,,,zee,2026-01-11,POINT (73861.51 492877.5613)
rivm_windturbines_ashoogte_actueel.2451,193.0,155.0,11000.0,75168.3055523,492901.51827,Nederland,Windpark Hollandse Kust Zuid,SG 11.0-200,,,zee,2026-01-11,POINT (75168.3056 492901.5183)
rivm_windturbines_ashoogte_actueel.2452,10.0,24.0,20.0,221200.491135,492936.203889,Nederland,,,Raalte,Overijssel,land,2026-01-11,POINT (221200.4911 492936.2039)
rivm_windturbines_ashoogte_actueel.2453,90.0,80.0,3000.0,114514.9535,492936.2081,Nederland,,,Amsterdam,Noord-Holland,land,2026-01-11,POINT (114514.9535 492936.2081)
rivm_windturbines_ashoogte_actueel.2454,193.0,155.0,11000.0,78080.77902,492967.59412,Nederland,Windpark Hollandse Kust Zuid,SG 11.0-200,,,zee,2026-01-11,POINT (78080.779 492967.5941)
rivm_windturbines_ashoogte_actueel.2455,112.0,81.0,3000.0,72066.7857,492974.2192,Nederland,Luchterduinen,V112,,,zee,2026-01-11,POINT (72066.7857 492974.2192)
rivm_windturbines_ashoogte_actueel.2456,54.5,55.0,950.0,159013.1969,492974.7879,Nederland,,,Zeewolde,Flevoland,land,2026-01-11,POINT (159013.1969 492974.7879)
rivm_windturbines_ashoogte_actueel.2457,70.0,58.0,1800.0,166599.3867,492990.7879,Nederland,,,Lelystad,Flevoland,land,2026-01-11,POINT (166599.3867 492990.7879)
rivm_windturbines_ashoogte_actueel.2458,164.0,166.0,6000.0,173690.656128,493058.919983,Nederland,,Cypress 6.0-164,Dronten,Flevoland,land,2026-01-11,POINT (173690.6561 493058.92)
rivm_windturbines_ashoogte_actueel.2459,193.0,155.0,11000.0,76981.4534388,493103.474538,Nederland,Windpark Hollandse Kust Zuid,SG 11.0-200,,,zee,2026-01-11,POINT (76981.4534 493103.4745)
rivm_windturbines_ashoogte_actueel.2460,90.0,80.0,3000.0,110902.5967,493114.5046,Nederland,,,Amsterdam,Noord-Holland,land,2026-01-11,POINT (110902.5967 493114.5046)
rivm_windturbines_ashoogte_actueel.2461,126.0,93.0,3450.0,170862.0,493145.0,Nederland,,V126-3.45,Dronten,Flevoland,land,2026-01-11,POINT (170862 493145)
rivm_windturbines_ashoogte_actueel.2462,54.5,70.0,950.0,158576.1975,493174.688,Nederland,,,Zeewolde,Flevoland,land,2026-01-11,POINT (158576.1975 493174.688)
rivm_windturbines_ashoogte_actueel.2463,112.0,81.0,3000.0,73275.0483,493209.9841,Nederland,Luchterduinen,V112,,,zee,2026-01-11,POINT (73275.0483 493209.9841)
rivm_windturbines_ashoogte_actueel.2464,112.0,81.0,3000.0,71601.9445,493249.1546,Nederland,Luchterduinen,V112,,,zee,2026-01-11,POINT (71601.9445 493249.1546)
rivm_windturbines_ashoogte_actueel.2465,70.0,58.0,1800.0,166910.4812,493317.9529,Nederland,,,Lelystad,Flevoland,land,2026-01-11,POINT (166910.4812 493317.9529)
rivm_windturbines_ashoogte_actueel.2466,54.5,55.0,950.0,158780.4972,493319.0879,Nederland,,,Zeewolde,Flevoland,land,2026-01-11,POINT (158780.4972 493319.0879)
rivm_windturbines_ashoogte_actueel.2467,80.0,78.0,2000.0,115967.9786,493337.3907,Nederland,,,Zaanstad,Noord-Holland,land,2026-01-11,POINT (115967.9786 493337.3907)
rivm_windturbines_ashoogte_actueel.2468,90.0,80.0,3000.0,110963.4645,493387.5366,Nederland,,,Amsterdam,Noord-Holland,land,2026-01-11,POINT (110963.4645 493387.5366)
rivm_windturbines_ashoogte_actueel.2469,164.0,166.0,6000.0,174136.13,493414.55,Nederland,,Cypress 6.0-164,Dronten,Flevoland,land,2026-01-11,POINT (174136.13 493414.55)
rivm_windturbines_ashoogte_actueel.2470,126.0,93.0,3450.0,170625.420345,493455.47062,Nederland,,V126-3.45,Dronten,Flevoland,land,2026-01-11,POINT (170625.4203 493455.4706)
rivm_windturbines_ashoogte_actueel.2471,112.0,81.0,3000.0,72789.9457,493496.2714,Nederland,Luchterduinen,V112,,,zee,2026-01-11,POINT (72789.9457 493496.2714)
rivm_windturbines_ashoogte_actueel.2472,112.0,81.0,3000.0,71136.9653,493513.0087,Nederland,Luchterduinen,V112,,,zee,2026-01-11,POINT (71136.9653 493513.0087)
rivm_windturbines_ashoogte_actueel.2473,112.0,81.0,3000.0,74246.5897,493538.9465,Nederland,Luchterduinen,V112,,,zee,2026-01-11,POINT (74246.5897 493538.9465)
rivm_windturbines_ashoogte_actueel.2474,70.0,58.0,1800.0,167221.3983,493646.2841,Nederland,,,Lelystad,Flevoland,land,2026-01-11,POINT (167221.3983 493646.2841)
rivm_windturbines_ashoogte_actueel.2475,126.0,93.0,3450.0,170388.807129,493765.064026,Nederland,,V126-3.45,Dronten,Flevoland,land,2026-01-11,POINT (170388.8071 493765.064)
rivm_windturbines_ashoogte_actueel.2476,164.0,166.0,6000.0,174581.688798,493770.908521,Nederland,,Cypress 6.0-164,Dronten,Flevoland,land,2026-01-11,POINT (174581.6888 493770.9085)
rivm_windturbines_ashoogte_actueel.2477,112.0,81.0,3000.0,72304.7122,493771.4814,Nederland,Luchterduinen,V112,,,zee,2026-01-11,POINT (72304.7122 493771.4814)
rivm_windturbines_ashoogte_actueel.2478,54.5,55.0,950.0,158454.4978,493804.3879,Nederland,,,Zeewolde,Flevoland,land,2026-01-11,POINT (158454.4978 493804.3879)
rivm_windturbines_ashoogte_actueel.2479,71.0,70.0,2300.0,134553.011,493866.9516,Nederland,,,Waterland,Noord-Holland,land,2026-01-11,POINT (134553.011 493866.9516)
rivm_windturbines_ashoogte_actueel.2480,112.0,81.0,3000.0,73254.3337,494011.5867,Nederland,Luchterduinen,V112,,,zee,2026-01-11,POINT (73254.3337 494011.5867)
rivm_windturbines_ashoogte_actueel.2481,71.0,98.0,2050.0,111547.0463,494015.8802,Nederland,,,Zaanstad,Noord-Holland,land,2026-01-11,POINT (111547.0463 494015.8802)
rivm_windturbines_ashoogte_actueel.2482,54.5,70.0,1000.0,158300.698,494033.4879,Nederland,,,Zeewolde,Flevoland,land,2026-01-11,POINT (158300.698 494033.4879)
rivm_windturbines_ashoogte_actueel.2483,71.0,70.0,2300.0,134674.046,494042.921,Nederland,,,Waterland,Noord-Holland,land,2026-01-11,POINT (134674.046 494042.921)
rivm_windturbines_ashoogte_actueel.2484,126.0,93.0,3450.0,170152.144232,494074.626635,Nederland,,V126-3.45,Dronten,Flevoland,land,2026-01-11,POINT (170152.1442 494074.6266)
rivm_windturbines_ashoogte_actueel.2485,164.0,166.0,6000.0,175027.088074,494125.731995,Nederland,,Cypress 6.0-164,Dronten,Flevoland,land,2026-01-11,POINT (175027.0881 494125.732)
rivm_windturbines_ashoogte_actueel.2486,71.0,98.0,2050.0,110086.5155,494275.8633,Nederland,,,Zaanstad,Noord-Holland,land,2026-01-11,POINT (110086.5155 494275.8633)
rivm_windturbines_ashoogte_actueel.2487,112.0,81.0,3000.0,74592.9449,494334.5351,Nederland,Luchterduinen,V112,,,zee,2026-01-11,POINT (74592.9449 494334.5351)
rivm_windturbines_ashoogte_actueel.2488,126.0,93.0,3450.0,169915.603088,494385.055115,Nederland,,V126-3.45,Dronten,Flevoland,land,2026-01-11,POINT (169915.6031 494385.0551)
rivm_windturbines_ashoogte_actueel.2489,164.0,166.0,6000.0,175472.528076,494481.310974,Nederland,,Cypress 6.0-164,Dronten,Flevoland,land,2026-01-11,POINT (175472.5281 494481.311)
rivm_windturbines_ashoogte_actueel.2490,162.0,166.0,6000.0,172680.43,494735.56,Nederland,,V162-6.2,Dronten,Flevoland,land,2026-01-11,POINT (172680.43 494735.56)
rivm_windturbines_ashoogte_actueel.2491,164.0,166.0,6000.0,175918.770911,494836.689529,Nederland,,Cypress 6.0-164,Dronten,Flevoland,land,2026-01-11,POINT (175918.7709 494836.6895)
rivm_windturbines_ashoogte_actueel.2492,13.0,15.0,15.0,229155.430368,495026.638123,Nederland,,EAZ wind,Hellendoorn,Overijssel,land,2026-01-11,POINT (229155.4304 495026.6381)
rivm_windturbines_ashoogte_actueel.2493,162.0,166.0,6000.0,172342.552124,495169.63501,Nederland,,V162-6.2,Dronten,Flevoland,land,2026-01-11,POINT (172342.5521 495169.635)
rivm_windturbines_ashoogte_actueel.2494,162.0,166.0,6000.0,172004.75708,495603.569092,Nederland,,V162-6.2,Dronten,Flevoland,land,2026-01-11,POINT (172004.7571 495603.5691)
rivm_windturbines_ashoogte_actueel.2495,162.0,166.0,6000.0,174062.53,495800.6,Nederland,,V162-6.2,Dronten,Flevoland,land,2026-01-11,POINT (174062.53 495800.6)
rivm_windturbines_ashoogte_actueel.2496,162.0,166.0,6000.0,171666.86,496037.55,Nederland,,V162-6.2,Dronten,Flevoland,land,2026-01-11,POINT (171666.86 496037.55)
rivm_windturbines_ashoogte_actueel.2497,162.0,166.0,6200.0,178057.9,496057.42,Nederland,,V162-6.2,Dronten,Flevoland,land,2026-01-11,POINT (178057.9 496057.42)
rivm_windturbines_ashoogte_actueel.2498,162.0,166.0,6000.0,173725.43,496235.18,Nederland,,V162-6.2,Dronten,Flevoland,land,2026-01-11,POINT (173725.43 496235.18)
rivm_windturbines_ashoogte_actueel.2499,162.0,166.0,6200.0,178517.3,496386.32,Nederland,,V162-6.2,Dronten,Flevoland,land,2026-01-11,POINT (178517.3 496386.32)
rivm_windturbines_ashoogte_actueel.2500,162.0,166.0,6000.0,171329.049072,496471.489014,Nederland,,V162-6.2,Dronten,Flevoland,land,2026-01-11,POINT (171329.0491 496471.489)
rivm_windturbines_ashoogte_actueel.2501,162.0,166.0,6000.0,173388.33,496669.77,Nederland,,V162-6.2,Dronten,Flevoland,land,2026-01-11,POINT (173388.33 496669.77)
rivm_windturbines_ashoogte_actueel.2502,162.0,166.0,6200.0,178976.704102,496715.205078,Nederland,,V162-6.2,Dronten,Flevoland,land,2026-01-11,POINT (178976.7041 496715.2051)
rivm_windturbines_ashoogte_actueel.2503,47.0,55.0,660.0,166902.0859,496889.0874,Nederland,,,Lelystad,Flevoland,land,2026-01-11,POINT (166902.0859 496889.0874)
rivm_windturbines_ashoogte_actueel.2504,162.0,166.0,6000.0,170991.14,496905.55,Nederland,,V162-6.2,Dronten,Flevoland,land,2026-01-11,POINT (170991.14 496905.55)
rivm_windturbines_ashoogte_actueel.2505,162.0,166.0,6200.0,179436.058105,497044.121094,Nederland,,V162-6.2,Dronten,Flevoland,land,2026-01-11,POINT (179436.0581 497044.1211)
rivm_windturbines_ashoogte_actueel.2506,13.0,15.0,15.0,99919.3905,497079.0535,Nederland,,EAZ wind,Velsen,Noord-Holland,land,2026-01-11,POINT (99919.3905 497079.0535)
rivm_windturbines_ashoogte_actueel.2507,162.0,166.0,6000.0,173051.24408,497104.356018,Nederland,,V162-6.2,Dronten,Flevoland,land,2026-01-11,POINT (173051.2441 497104.356)
rivm_windturbines_ashoogte_actueel.2508,162.0,166.0,6200.0,179895.483093,497373.029114,Nederland,,V162-6.2,Dronten,Flevoland,land,2026-01-11,POINT (179895.4831 497373.0291)
rivm_windturbines_ashoogte_actueel.2509,162.0,166.0,6000.0,172714.13,497538.94,Nederland,,V162-6.2,Dronten,Flevoland,land,2026-01-11,POINT (172714.13 497538.94)
rivm_windturbines_ashoogte_actueel.2510,163.0,161.0,6800.0,180347.59,497728.31,Nederland,,N163-6-x,Dronten,Flevoland,land,2026-01-11,POINT (180347.59 497728.31)
rivm_windturbines_ashoogte_actueel.2511,13.0,15.0,15.0,214203.942102,497754.464977,Nederland,,EAZ wind,Dalfsen,Overijssel,land,2026-01-11,POINT (214203.9421 497754.465)
rivm_windturbines_ashoogte_actueel.2512,13.0,15.0,15.0,208161.372918,497788.223729,Nederland,,EAZ wind,Raalte,Overijssel,land,2026-01-11,POINT (208161.3729 497788.2237)
rivm_windturbines_ashoogte_actueel.2513,162.0,166.0,6200.0,177276.62,497806.51,Nederland,,V162-6.2,Dronten,Flevoland,land,2026-01-11,POINT (177276.62 497806.51)
rivm_windturbines_ashoogte_actueel.2514,163.0,133.0,6800.0,170404.130081,497973.224664,Nederland,,N163-6-x,Dronten,Flevoland,land,2026-01-11,POINT (170404.1301 497973.2247)
rivm_windturbines_ashoogte_actueel.2515,162.0,166.0,6000.0,172377.04,497973.53,Nederland,,V162-6.2,Dronten,Flevoland,land,2026-01-11,POINT (172377.04 497973.53)
rivm_windturbines_ashoogte_actueel.2516,13.0,15.0,15.0,207917.35026,497997.849973,Nederland,,EAZ wind,Raalte,Overijssel,land,2026-01-11,POINT (207917.3503 497997.85)
rivm_windturbines_ashoogte_actueel.2517,162.0,166.0,6200.0,177720.9,498147.42,Nederland,,V162-6.2,Dronten,Flevoland,land,2026-01-11,POINT (177720.9 498147.42)
rivm_windturbines_ashoogte_actueel.2518,117.0,117.0,3450.0,103300.689419,498159.925031,Nederland,,,Velsen,Noord-Holland,land,2026-01-11,POINT (103300.6894 498159.925)
rivm_windturbines_ashoogte_actueel.2519,163.0,161.0,6800.0,180698.84,498168.31,Nederland,,N163-6-x,Dronten,Flevoland,land,2026-01-11,POINT (180698.84 498168.31)
rivm_windturbines_ashoogte_actueel.2520,117.0,117.0,3450.0,103008.462384,498225.552289,Nederland,,,Velsen,Noord-Holland,land,2026-01-11,POINT (103008.4624 498225.5523)
rivm_windturbines_ashoogte_actueel.2521,13.0,15.0,15.0,213131.594987,498278.693333,Nederland,,EAZ wind,Dalfsen,Overijssel,land,2026-01-11,POINT (213131.595 498278.6933)
rivm_windturbines_ashoogte_actueel.2522,117.0,117.0,3450.0,102690.644845,498307.689549,Nederland,,,Velsen,Noord-Holland,land,2026-01-11,POINT (102690.6448 498307.6895)
rivm_windturbines_ashoogte_actueel.2523,163.0,133.0,6800.0,170879.693655,498318.71736,Nederland,,N163-6-x,Dronten,Flevoland,land,2026-01-11,POINT (170879.6937 498318.7174)
rivm_windturbines_ashoogte_actueel.2524,90.0,80.0,3000.0,99681.0863,498341.9468,Nederland,,,Velsen,Noord-Holland,land,2026-01-11,POINT (99681.0863 498341.9468)
rivm_windturbines_ashoogte_actueel.2525,117.0,117.0,3450.0,102346.824053,498380.746308,Nederland,,,Velsen,Noord-Holland,land,2026-01-11,POINT (102346.8241 498380.7463)
rivm_windturbines_ashoogte_actueel.2526,117.0,117.0,3450.0,102022.192235,498442.298842,Nederland,,,Velsen,Noord-Holland,land,2026-01-11,POINT (102022.1922 498442.2988)
rivm_windturbines_ashoogte_actueel.2527,162.0,166.0,6200.0,178165.17,498488.32,Nederland,,V162-6.2,Dronten,Flevoland,land,2026-01-11,POINT (178165.17 498488.32)
rivm_windturbines_ashoogte_actueel.2528,117.0,117.0,3450.0,101451.099221,498565.028273,Nederland,,,Velsen,Noord-Holland,land,2026-01-11,POINT (101451.0992 498565.0283)
rivm_windturbines_ashoogte_actueel.2529,163.0,161.0,6800.0,181050.08,498608.31,Nederland,,N163-6-x,Dronten,Flevoland,land,2026-01-11,POINT (181050.08 498608.31)
rivm_windturbines_ashoogte_actueel.2530,90.0,80.0,3000.0,99780.0868,498658.9466,Nederland,,,Velsen,Noord-Holland,land,2026-01-11,POINT (99780.0868 498658.9466)
rivm_windturbines_ashoogte_actueel.2531,163.0,133.0,6800.0,171347.019695,498661.54245,Nederland,,N163-6-x,Dronten,Flevoland,land,2026-01-11,POINT (171347.0197 498661.5424)
rivm_windturbines_ashoogte_actueel.2532,162.0,166.0,6200.0,178609.45,498829.23,Nederland,,V162-6.2,Dronten,Flevoland,land,2026-01-11,POINT (178609.45 498829.23)
rivm_windturbines_ashoogte_actueel.2533,164.0,166.0,6000.0,176516.0,498847.0,Nederland,,Cypress 6.0-164,Dronten,Flevoland,land,2026-01-11,POINT (176516 498847)
rivm_windturbines_ashoogte_actueel.2534,163.0,133.0,6800.0,171930.085173,498911.039431,Nederland,,N163-6-x,Dronten,Flevoland,land,2026-01-11,POINT (171930.0852 498911.0394)
rivm_windturbines_ashoogte_actueel.2535,90.0,80.0,3000.0,99905.3884,498964.9938,Nederland,,,Velsen,Noord-Holland,land,2026-01-11,POINT (99905.3884 498964.9938)
rivm_windturbines_ashoogte_actueel.2536,164.0,166.0,6000.0,176079.11908,499045.669006,Nederland,,Cypress 6.0-164,Dronten,Flevoland,land,2026-01-11,POINT (176079.1191 499045.669)
rivm_windturbines_ashoogte_actueel.2537,163.0,161.0,6800.0,181401.32,499048.3,Nederland,,N163-6-x,Dronten,Flevoland,land,2026-01-11,POINT (181401.32 499048.3)
rivm_windturbines_ashoogte_actueel.2538,162.0,166.0,6200.0,179053.73,499170.14,Nederland,,V162-6.2,Dronten,Flevoland,land,2026-01-11,POINT (179053.73 499170.14)
rivm_windturbines_ashoogte_actueel.2539,47.0,45.0,660.0,166744.3259,499222.927,Nederland,,,Lelystad,Flevoland,land,2026-01-11,POINT (166744.3259 499222.927)
rivm_windturbines_ashoogte_actueel.2540,14.0,15.0,25.0,210615.870183,499230.146726,Nederland,,,Dalfsen,Overijssel,land,2026-01-11,POINT (210615.8702 499230.1467)
rivm_windturbines_ashoogte_actueel.2541,164.0,166.0,6000.0,175642.086121,499244.320984,Nederland,,Cypress 6.0-164,Dronten,Flevoland,land,2026-01-11,POINT (175642.0861 499244.321)
rivm_windturbines_ashoogte_actueel.2542,163.0,133.0,6800.0,172399.676372,499261.04534,Nederland,,N163-6-x,Dronten,Flevoland,land,2026-01-11,POINT (172399.6764 499261.0453)
rivm_windturbines_ashoogte_actueel.2543,52.0,44.0,850.0,109958.1495,499278.8056,Nederland,,,Zaanstad,Noord-Holland,land,2026-01-11,POINT (109958.1495 499278.8056)
rivm_windturbines_ashoogte_actueel.2544,90.0,80.0,2350.0,100158.761067,499349.597567,Nederland,,,Velsen,Noord-Holland,land,2026-01-11,POINT (100158.7611 499349.5976)
rivm_windturbines_ashoogte_actueel.2545,12.0,20.0,10.0,117219.846856,499412.644669,Nederland,,EAZ wind,Wormerland,Noord-Holland,land,2026-01-11,POINT (117219.8469 499412.6447)
rivm_windturbines_ashoogte_actueel.2546,13.0,15.0,15.0,117217.064277,499414.193563,Nederland,,EAZ wind,Wormerland,Noord-Holland,land,2026-01-11,POINT (117217.0643 499414.1936)
rivm_windturbines_ashoogte_actueel.2547,8.0,25.0,10.0,210537.113172,499433.674389,Nederland,,,Dalfsen,Overijssel,land,2026-01-11,POINT (210537.1132 499433.6744)
rivm_windturbines_ashoogte_actueel.2548,164.0,166.0,6000.0,175205.14,499443.02,Nederland,,Cypress 6.0-164,Dronten,Flevoland,land,2026-01-11,POINT (175205.14 499443.02)
rivm_windturbines_ashoogte_actueel.2549,163.0,161.0,6800.0,181752.57,499488.3,Nederland,,N163-6-x,Dronten,Flevoland,land,2026-01-11,POINT (181752.57 499488.3)
rivm_windturbines_ashoogte_actueel.2550,162.0,166.0,6200.0,179498.01,499511.04,Nederland,,V162-6.2,Dronten,Flevoland,land,2026-01-11,POINT (179498.01 499511.04)
rivm_windturbines_ashoogte_actueel.2551,163.0,133.0,6800.0,172873.647213,499609.275699,Nederland,,N163-6-x,Dronten,Flevoland,land,2026-01-11,POINT (172873.6472 499609.2757)
rivm_windturbines_ashoogte_actueel.2552,164.0,166.0,6000.0,174768.18,499641.69,Nederland,,Cypress 6.0-164,Dronten,Flevoland,land,2026-01-11,POINT (174768.18 499641.69)
rivm_windturbines_ashoogte_actueel.2553,90.0,80.0,2350.0,100290.644492,499649.848052,Nederland,,,Velsen,Noord-Holland,land,2026-01-11,POINT (100290.6445 499649.8481)
rivm_windturbines_ashoogte_actueel.2554,8.0,25.0,10.0,211439.565951,499839.825531,Nederland,,,Dalfsen,Overijssel,land,2026-01-11,POINT (211439.566 499839.8255)
rivm_windturbines_ashoogte_actueel.2555,162.0,166.0,6200.0,179942.28,499851.95,Nederland,,V162-6.2,Dronten,Flevoland,land,2026-01-11,POINT (179942.28 499851.95)
rivm_windturbines_ashoogte_actueel.2556,44.0,55.0,600.0,167845.9242,499865.7371,Nederland,,,Lelystad,Flevoland,land,2026-01-11,POINT (167845.9242 499865.7371)
rivm_windturbines_ashoogte_actueel.2557,163.0,161.0,6800.0,182103.81,499928.29,Nederland,,N163-6-x,Dronten,Flevoland,land,2026-01-11,POINT (182103.81 499928.29)
rivm_windturbines_ashoogte_actueel.2558,163.0,133.0,6800.0,173344.420347,499957.512734,Nederland,,N163-6-x,Dronten,Flevoland,land,2026-01-11,POINT (173344.4203 499957.5127)
rivm_windturbines_ashoogte_actueel.2559,90.0,80.0,2350.0,100421.786822,499962.055406,Nederland,,,Velsen,Noord-Holland,land,2026-01-11,POINT (100421.7868 499962.0554)
rivm_windturbines_ashoogte_actueel.2560,29.6,36.0,225.0,169168.9821,500308.8872,Nederland,,,Lelystad,Flevoland,land,2026-01-11,POINT (169168.9821 500308.8872)
rivm_windturbines_ashoogte_actueel.2561,162.0,166.0,6200.0,180288.33,500311.16,Nederland,,V162-6.2,Dronten,Flevoland,land,2026-01-11,POINT (180288.33 500311.16)
rivm_windturbines_ashoogte_actueel.2562,163.0,161.0,6800.0,182341.02,500449.99,Nederland,,N163-6-x,Dronten,Flevoland,land,2026-01-11,POINT (182341.02 500449.99)
rivm_windturbines_ashoogte_actueel.2563,120.0,90.0,3600.0,197520.068409,500574.538255,Nederland,,,Oldebroek,Gelderland,land,2026-01-11,POINT (197520.0684 500574.5383)
rivm_windturbines_ashoogte_actueel.2564,18.0,31.4,80.0,110804.3537,500586.9939,Nederland,,,Zaanstad,Noord-Holland,land,2026-01-11,POINT (110804.3537 500586.9939)
rivm_windturbines_ashoogte_actueel.2565,13.0,15.0,15.0,218965.684837,500668.390798,Nederland,,EAZ wind,Dalfsen,Overijssel,land,2026-01-11,POINT (218965.6848 500668.3908)
rivm_windturbines_ashoogte_actueel.2566,13.0,15.0,15.0,237049.85,500766.84,Nederland,,EAZ wind,Ommen,Overijssel,land,2026-01-11,POINT (237049.85 500766.84)
rivm_windturbines_ashoogte_actueel.2567,13.0,15.0,15.0,237079.0,500807.89,Nederland,,EAZ wind,Ommen,Overijssel,land,2026-01-11,POINT (237079 500807.89)
rivm_windturbines_ashoogte_actueel.2568,162.0,166.0,6200.0,180432.42,500874.01,Nederland,,V162-6.2,Dronten,Flevoland,land,2026-01-11,POINT (180432.42 500874.01)
rivm_windturbines_ashoogte_actueel.2569,120.0,90.0,3600.0,197241.924623,500874.840939,Nederland,,,Oldebroek,Gelderland,land,2026-01-11,POINT (197241.9246 500874.8409)
rivm_windturbines_ashoogte_actueel.2570,13.0,15.0,15.0,215803.448303,500892.86969,Nederland,,EAZ wind,Dalfsen,Overijssel,land,2026-01-11,POINT (215803.4483 500892.8697)
rivm_windturbines_ashoogte_actueel.2571,163.0,161.0,6800.0,182443.44,501019.25,Nederland,,N163-6-x,Dronten,Flevoland,land,2026-01-11,POINT (182443.44 501019.25)
rivm_windturbines_ashoogte_actueel.2572,47.0,55.0,660.0,166932.7949,501148.9607,Nederland,,,Lelystad,Flevoland,land,2026-01-11,POINT (166932.7949 501148.9607)
rivm_windturbines_ashoogte_actueel.2573,120.0,90.0,3600.0,196962.93417,501172.114138,Nederland,,,Oldebroek,Gelderland,land,2026-01-11,POINT (196962.9342 501172.1141)
rivm_windturbines_ashoogte_actueel.2574,15.0,25.0,10.0,240137.922097,501372.848339,Nederland,,,Hardenberg,Overijssel,land,2026-01-11,POINT (240137.9221 501372.8483)
rivm_windturbines_ashoogte_actueel.2575,162.0,166.0,6200.0,180576.52,501436.86,Nederland,,V162-6.2,Dronten,Flevoland,land,2026-01-11,POINT (180576.52 501436.86)
rivm_windturbines_ashoogte_actueel.2576,120.0,90.0,3600.0,196683.407213,501469.241261,Nederland,,,Oldebroek,Gelderland,land,2026-01-11,POINT (196683.4072 501469.2413)
rivm_windturbines_ashoogte_actueel.2577,18.0,40.0,80.0,168229.9834,501561.8869,Nederland,,,Lelystad,Flevoland,land,2026-01-11,POINT (168229.9834 501561.8869)
rivm_windturbines_ashoogte_actueel.2578,162.0,166.0,6200.0,182545.87,501588.51,Nederland,,V162-6.2,Dronten,Flevoland,land,2026-01-11,POINT (182545.87 501588.51)
rivm_windturbines_ashoogte_actueel.2579,44.0,55.0,600.0,167971.2538,501738.3568,Nederland,,,Lelystad,Flevoland,land,2026-01-11,POINT (167971.2538 501738.3568)
rivm_windturbines_ashoogte_actueel.2580,52.0,55.0,850.0,168566.5568,501822.0229,Nederland,,,Lelystad,Flevoland,land,2026-01-11,POINT (168566.5568 501822.0229)
rivm_windturbines_ashoogte_actueel.2581,162.0,166.0,6200.0,180720.62,501999.71,Nederland,,V162-6.2,Dronten,Flevoland,land,2026-01-11,POINT (180720.62 501999.71)
rivm_windturbines_ashoogte_actueel.2582,13.0,15.0,15.0,209975.230256,502064.40585,Nederland,,EAZ wind,Dalfsen,Overijssel,land,2026-01-11,POINT (209975.2303 502064.4058)
rivm_windturbines_ashoogte_actueel.2583,54.5,70.0,1000.0,165353.988,502108.1864,Nederland,,,Lelystad,Flevoland,land,2026-01-11,POINT (165353.988 502108.1864)
rivm_windturbines_ashoogte_actueel.2584,13.0,15.0,15.0,209944.451,502119.404604,Nederland,,EAZ wind,Dalfsen,Overijssel,land,2026-01-11,POINT (209944.451 502119.4046)
rivm_windturbines_ashoogte_actueel.2585,13.0,15.0,15.0,209471.99942,502122.696738,Nederland,,EAZ wind,Dalfsen,Overijssel,land,2026-01-11,POINT (209471.9994 502122.6967)
rivm_windturbines_ashoogte_actueel.2586,13.0,15.0,15.0,209451.565724,502156.510499,Nederland,,EAZ wind,Dalfsen,Overijssel,land,2026-01-11,POINT (209451.5657 502156.5105)
rivm_windturbines_ashoogte_actueel.2587,162.0,166.0,6200.0,182648.3,502157.76,Nederland,,V162-6.2,Dronten,Flevoland,land,2026-01-11,POINT (182648.3 502157.76)
rivm_windturbines_ashoogte_actueel.2588,54.5,70.0,1000.0,165620.1875,502257.3864,Nederland,,,Lelystad,Flevoland,land,2026-01-11,POINT (165620.1875 502257.3864)
rivm_windturbines_ashoogte_actueel.2589,54.5,70.0,1000.0,165885.4871,502408.7864,Nederland,,,Lelystad,Flevoland,land,2026-01-11,POINT (165885.4871 502408.7864)
rivm_windturbines_ashoogte_actueel.2590,80.0,78.0,2000.0,108579.7801,502424.3305,Nederland,,,Heemskerk,Noord-Holland,land,2026-01-11,POINT (108579.7801 502424.3305)
rivm_windturbines_ashoogte_actueel.2591,54.5,70.0,1000.0,166155.6866,502548.3864,Nederland,,,Lelystad,Flevoland,land,2026-01-11,POINT (166155.6866 502548.3864)
rivm_windturbines_ashoogte_actueel.2592,162.0,166.0,6200.0,180869.18,502579.99,Nederland,,V162-6.2,Dronten,Flevoland,land,2026-01-11,POINT (180869.18 502579.99)
rivm_windturbines_ashoogte_actueel.2593,54.5,70.0,1000.0,166436.9862,502667.3864,Nederland,,,Lelystad,Flevoland,land,2026-01-11,POINT (166436.9862 502667.3864)
rivm_windturbines_ashoogte_actueel.2594,162.0,166.0,6200.0,182750.72,502727.02,Nederland,,V162-6.2,Dronten,Flevoland,land,2026-01-11,POINT (182750.72 502727.02)
rivm_windturbines_ashoogte_actueel.2595,54.5,70.0,1000.0,166728.4857,502758.8865,Nederland,,,Lelystad,Flevoland,land,2026-01-11,POINT (166728.4857 502758.8865)
rivm_windturbines_ashoogte_actueel.2596,54.5,70.0,1000.0,167025.0852,502826.9865,Nederland,,,Lelystad,Flevoland,land,2026-01-11,POINT (167025.0852 502826.9865)
rivm_windturbines_ashoogte_actueel.2597,54.5,70.0,1000.0,167328.4477,502867.6398,Nederland,,,Lelystad,Flevoland,land,2026-01-11,POINT (167328.4477 502867.6398)
rivm_windturbines_ashoogte_actueel.2598,101.0,99.0,3000.0,167800.989574,502957.499364,Nederland,,,Lelystad,Flevoland,land,2026-01-11,POINT (167800.9896 502957.4994)
rivm_windturbines_ashoogte_actueel.2599,61.0,69.0,900.0,168233.3686,502984.6656,Nederland,,,Lelystad,Flevoland,land,2026-01-11,POINT (168233.3686 502984.6656)
rivm_windturbines_ashoogte_actueel.2600,93.0,90.0,2600.0,168726.9824,503020.8867,Nederland,,,Lelystad,Flevoland,land,2026-01-11,POINT (168726.9824 503020.8867)
rivm_windturbines_ashoogte_actueel.2601,120.0,110.0,2300.0,166075.4519,503112.8584,Nederland,,,Lelystad,Flevoland,land,2026-01-11,POINT (166075.4519 503112.8584)
rivm_windturbines_ashoogte_actueel.2602,162.0,166.0,6200.0,181013.27,503142.84,Nederland,,V162-6.2,Dronten,Flevoland,land,2026-01-11,POINT (181013.27 503142.84)
rivm_windturbines_ashoogte_actueel.2603,13.0,15.0,15.0,208266.46,503271.45,Nederland,,EAZ wind,Zwolle,Overijssel,land,2026-01-11,POINT (208266.46 503271.45)
rivm_windturbines_ashoogte_actueel.2604,162.0,166.0,6200.0,182853.194092,503296.298096,Nederland,,V162-6.2,Dronten,Flevoland,land,2026-01-11,POINT (182853.1941 503296.2981)
rivm_windturbines_ashoogte_actueel.2605,93.0,90.0,2600.0,168698.9824,503365.8867,Nederland,,,Lelystad,Flevoland,land,2026-01-11,POINT (168698.9824 503365.8867)
rivm_windturbines_ashoogte_actueel.2606,130.0,130.0,4200.0,166048.2875,503504.0258,Nederland,,,Lelystad,Flevoland,land,2026-01-11,POINT (166048.2875 503504.0258)
rivm_windturbines_ashoogte_actueel.2607,48.0,55.0,600.0,167080.685,503544.8864,Nederland,,,Lelystad,Flevoland,land,2026-01-11,POINT (167080.685 503544.8864)
rivm_windturbines_ashoogte_actueel.2608,162.0,166.0,6200.0,181157.37,503705.69,Nederland,,V162-6.2,Dronten,Flevoland,land,2026-01-11,POINT (181157.37 503705.69)
rivm_windturbines_ashoogte_actueel.2609,101.0,99.0,3000.0,168670.927002,503709.919495,Nederland,,,Lelystad,Flevoland,land,2026-01-11,POINT (168670.927 503709.9195)
rivm_windturbines_ashoogte_actueel.2610,71.0,65.0,2300.0,165264.7881,503739.3862,Nederland,,,Lelystad,Flevoland,land,2026-01-11,POINT (165264.7881 503739.3862)
rivm_windturbines_ashoogte_actueel.2611,71.0,70.0,2300.0,166345.9469,503805.4597,Nederland,,,Lelystad,Flevoland,land,2026-01-11,POINT (166345.9469 503805.4597)
rivm_windturbines_ashoogte_actueel.2612,11.0,25.0,10.0,216040.160021,503810.819893,Nederland,,,Dalfsen,Overijssel,land,2026-01-11,POINT (216040.16 503810.8199)
rivm_windturbines_ashoogte_actueel.2613,162.0,166.0,6200.0,182955.602112,503865.561096,Nederland,,V162-6.2,Dronten,Flevoland,land,2026-01-11,POINT (182955.6021 503865.5611)
rivm_windturbines_ashoogte_actueel.2614,71.0,65.0,2300.0,165243.7881,504007.8861,Nederland,,,Lelystad,Flevoland,land,2026-01-11,POINT (165243.7881 504007.8861)
rivm_windturbines_ashoogte_actueel.2615,71.0,70.0,2300.0,166325.1547,504074.7013,Nederland,,,Lelystad,Flevoland,land,2026-01-11,POINT (166325.1547 504074.7013)
rivm_windturbines_ashoogte_actueel.2616,13.0,15.0,15.0,211776.158964,504119.58497,Nederland,,EAZ wind,Dalfsen,Overijssel,land,2026-01-11,POINT (211776.159 504119.585)
rivm_windturbines_ashoogte_actueel.2617,101.0,99.0,3000.0,168640.2308,504130.1947,Nederland,,,Lelystad,Flevoland,land,2026-01-11,POINT (168640.2308 504130.1947)
rivm_windturbines_ashoogte_actueel.2618,13.0,15.0,15.0,211774.80073,504151.886273,Nederland,,EAZ wind,Dalfsen,Overijssel,land,2026-01-11,POINT (211774.8007 504151.8863)
rivm_windturbines_ashoogte_actueel.2619,13.0,15.0,15.0,211125.539307,504171.966919,Nederland,,EAZ wind,Dalfsen,Overijssel,land,2026-01-11,POINT (211125.5393 504171.9669)
rivm_windturbines_ashoogte_actueel.2620,13.0,15.0,15.0,211187.356323,504176.533325,Nederland,,EAZ wind,Dalfsen,Overijssel,land,2026-01-11,POINT (211187.3563 504176.5333)
rivm_windturbines_ashoogte_actueel.2621,162.0,166.0,6200.0,181301.46,504268.53,Nederland,,V162-6.2,Dronten,Flevoland,land,2026-01-11,POINT (181301.46 504268.53)
rivm_windturbines_ashoogte_actueel.2622,71.0,65.0,2300.0,165224.8881,504279.3861,Nederland,,,Lelystad,Flevoland,land,2026-01-11,POINT (165224.8881 504279.3861)
rivm_windturbines_ashoogte_actueel.2623,71.0,70.0,2300.0,166304.6588,504343.8074,Nederland,,,Lelystad,Flevoland,land,2026-01-11,POINT (166304.6588 504343.8074)
rivm_windturbines_ashoogte_actueel.2624,13.0,15.0,15.0,239577.186499,504405.395136,Nederland,,EAZ wind,Hardenberg,Overijssel,land,2026-01-11,POINT (239577.1865 504405.3951)
rivm_windturbines_ashoogte_actueel.2625,164.0,166.0,6000.0,183058.008972,504434.825012,Nederland,,Cypress 6.0-164,Dronten,Flevoland,land,2026-01-11,POINT (183058.009 504434.825)
rivm_windturbines_ashoogte_actueel.2626,13.0,15.0,15.0,209445.047405,504472.00912,Nederland,,EAZ wind,Dalfsen,Overijssel,land,2026-01-11,POINT (209445.0474 504472.0091)
rivm_windturbines_ashoogte_actueel.2627,71.0,65.0,2300.0,165203.3768,504548.0385,Nederland,,,Lelystad,Flevoland,land,2026-01-11,POINT (165203.3768 504548.0385)
rivm_windturbines_ashoogte_actueel.2628,71.0,70.0,2300.0,166284.4335,504613.3108,Nederland,,,Lelystad,Flevoland,land,2026-01-11,POINT (166284.4335 504613.3108)
rivm_windturbines_ashoogte_actueel.2629,101.0,99.0,3000.0,168594.8247,504654.4292,Nederland,,,Lelystad,Flevoland,land,2026-01-11,POINT (168594.8247 504654.4292)
rivm_windturbines_ashoogte_actueel.2630,71.0,65.0,2300.0,165187.9516,504817.4976,Nederland,,,Lelystad,Flevoland,land,2026-01-11,POINT (165187.9516 504817.4976)
rivm_windturbines_ashoogte_actueel.2631,164.0,166.0,6000.0,181445.55,504831.92,Nederland,,Cypress 6.0-164,Dronten,Flevoland,land,2026-01-11,POINT (181445.55 504831.92)
rivm_windturbines_ashoogte_actueel.2632,71.0,70.0,2300.0,166264.4324,504882.1245,Nederland,,,Lelystad,Flevoland,land,2026-01-11,POINT (166264.4324 504882.1245)
rivm_windturbines_ashoogte_actueel.2633,164.0,166.0,6000.0,183058.0,504954.8,Nederland,,Cypress 6.0-164,Dronten,Flevoland,land,2026-01-11,POINT (183058 504954.8)
rivm_windturbines_ashoogte_actueel.2634,70.0,70.0,2000.0,167450.6487,504988.7711,Nederland,,,Lelystad,Flevoland,land,2026-01-11,POINT (167450.6487 504988.7711)
rivm_windturbines_ashoogte_actueel.2635,70.0,70.0,2000.0,167892.4939,505005.6112,Nederland,,,Lelystad,Flevoland,land,2026-01-11,POINT (167892.4939 505005.6112)
rivm_windturbines_ashoogte_actueel.2636,70.0,70.0,2000.0,168333.9249,505022.1907,Nederland,,,Lelystad,Flevoland,land,2026-01-11,POINT (168333.9249 505022.1907)
rivm_windturbines_ashoogte_actueel.2637,82.0,69.0,2350.0,168787.182,505037.3864,Nederland,,,Dronten,Flevoland,land,2026-01-11,POINT (168787.182 505037.3864)
rivm_windturbines_ashoogte_actueel.2638,82.0,69.0,2350.0,169227.2812,505068.6865,Nederland,,,Dronten,Flevoland,land,2026-01-11,POINT (169227.2812 505068.6865)
rivm_windturbines_ashoogte_actueel.2639,71.0,65.0,2300.0,165174.6419,505087.9198,Nederland,,,Lelystad,Flevoland,land,2026-01-11,POINT (165174.6419 505087.9198)
rivm_windturbines_ashoogte_actueel.2640,82.0,69.0,2350.0,169669.1805,505100.1866,Nederland,,,Dronten,Flevoland,land,2026-01-11,POINT (169669.1805 505100.1866)
rivm_windturbines_ashoogte_actueel.2641,80.0,68.0,2000.0,171868.3767,505119.2871,Nederland,,,Dronten,Flevoland,land,2026-01-11,POINT (171868.3767 505119.2871)
rivm_windturbines_ashoogte_actueel.2642,82.0,69.0,2350.0,170109.2797,505131.6866,Nederland,,,Dronten,Flevoland,land,2026-01-11,POINT (170109.2797 505131.6866)
rivm_windturbines_ashoogte_actueel.2643,71.0,70.0,2300.0,166255.0567,505151.6548,Nederland,,,Lelystad,Flevoland,land,2026-01-11,POINT (166255.0567 505151.6548)
rivm_windturbines_ashoogte_actueel.2644,80.0,68.0,2000.0,172251.5257,505157.9665,Nederland,,,Dronten,Flevoland,land,2026-01-11,POINT (172251.5257 505157.9665)
rivm_windturbines_ashoogte_actueel.2645,82.0,69.0,2350.0,170550.6789,505162.7867,Nederland,,,Dronten,Flevoland,land,2026-01-11,POINT (170550.6789 505162.7867)
rivm_windturbines_ashoogte_actueel.2646,82.0,69.0,2350.0,170991.4087,505194.3588,Nederland,,,Dronten,Flevoland,land,2026-01-11,POINT (170991.4087 505194.3588)
rivm_windturbines_ashoogte_actueel.2647,80.0,68.0,2000.0,172635.2434,505196.8738,Nederland,,,Dronten,Flevoland,land,2026-01-11,POINT (172635.2434 505196.8738)
rivm_windturbines_ashoogte_actueel.2648,82.0,69.0,2350.0,171432.5986,505225.7226,Nederland,,,Dronten,Flevoland,land,2026-01-11,POINT (171432.5986 505225.7226)
rivm_windturbines_ashoogte_actueel.2649,80.0,68.0,2000.0,173017.9747,505236.2874,Nederland,,,Dronten,Flevoland,land,2026-01-11,POINT (173017.9747 505236.2874)
rivm_windturbines_ashoogte_actueel.2650,80.0,68.0,2000.0,173400.814,505275.2107,Nederland,,,Dronten,Flevoland,land,2026-01-11,POINT (173400.814 505275.2107)
rivm_windturbines_ashoogte_actueel.2651,80.0,68.0,2000.0,173783.9099,505314.1924,Nederland,,,Dronten,Flevoland,land,2026-01-11,POINT (173783.9099 505314.1924)
rivm_windturbines_ashoogte_actueel.2652,80.0,68.0,2000.0,174166.7727,505352.9877,Nederland,,,Dronten,Flevoland,land,2026-01-11,POINT (174166.7727 505352.9877)
rivm_windturbines_ashoogte_actueel.2653,71.0,65.0,2300.0,165164.7007,505356.8672,Nederland,,,Lelystad,Flevoland,land,2026-01-11,POINT (165164.7007 505356.8672)
rivm_windturbines_ashoogte_actueel.2654,164.0,166.0,6000.0,181474.375122,505384.755005,Nederland,,Cypress 6.0-164,Dronten,Flevoland,land,2026-01-11,POINT (181474.3751 505384.755)
rivm_windturbines_ashoogte_actueel.2655,71.0,70.0,2300.0,166244.8404,505421.9693,Nederland,,,Lelystad,Flevoland,land,2026-01-11,POINT (166244.8404 505421.9693)
rivm_windturbines_ashoogte_actueel.2656,164.0,166.0,6000.0,183058.0,505474.8,Nederland,,Cypress 6.0-164,Dronten,Flevoland,land,2026-01-11,POINT (183058 505474.8)
rivm_windturbines_ashoogte_actueel.2657,71.0,65.0,2300.0,165153.9826,505627.8599,Nederland,,,Lelystad,Flevoland,land,2026-01-11,POINT (165153.9826 505627.8599)
rivm_windturbines_ashoogte_actueel.2658,44.0,55.0,600.0,166705.318385,505677.046095,Nederland,,,Lelystad,Flevoland,land,2026-01-11,POINT (166705.3184 505677.0461)
rivm_windturbines_ashoogte_actueel.2659,71.0,70.0,2300.0,166235.4849,505692.2181,Nederland,,,Lelystad,Flevoland,land,2026-01-11,POINT (166235.4849 505692.2181)
rivm_windturbines_ashoogte_actueel.2660,13.0,15.0,15.0,218613.086121,505704.311096,Nederland,,EAZ wind,Dalfsen,Overijssel,land,2026-01-11,POINT (218613.0861 505704.3111)
rivm_windturbines_ashoogte_actueel.2661,44.0,55.0,600.0,166703.491103,505712.080456,Nederland,,,Lelystad,Flevoland,land,2026-01-11,POINT (166703.4911 505712.0805)
rivm_windturbines_ashoogte_actueel.2662,44.0,55.0,600.0,166702.065057,505746.726334,Nederland,,,Lelystad,Flevoland,land,2026-01-11,POINT (166702.0651 505746.7263)
rivm_windturbines_ashoogte_actueel.2663,44.0,55.0,600.0,166700.400435,505781.850105,Nederland,,,Lelystad,Flevoland,land,2026-01-11,POINT (166700.4004 505781.8501)
rivm_windturbines_ashoogte_actueel.2664,48.0,55.0,750.0,168005.5832,505788.5862,Nederland,,,Lelystad,Flevoland,land,2026-01-11,POINT (168005.5832 505788.5862)
rivm_windturbines_ashoogte_actueel.2665,71.0,65.0,2300.0,165143.134,505912.9741,Nederland,,,Lelystad,Flevoland,land,2026-01-11,POINT (165143.134 505912.9741)
rivm_windturbines_ashoogte_actueel.2666,164.0,166.0,6000.0,181312.606079,505930.690979,Nederland,,Cypress 6.0-164,Dronten,Flevoland,land,2026-01-11,POINT (181312.6061 505930.691)
rivm_windturbines_ashoogte_actueel.2667,71.0,70.0,2300.0,166225.9701,505961.4717,Nederland,,,Lelystad,Flevoland,land,2026-01-11,POINT (166225.9701 505961.4717)
rivm_windturbines_ashoogte_actueel.2668,164.0,166.0,6000.0,183058.0,505994.8,Nederland,,Cypress 6.0-164,Dronten,Flevoland,land,2026-01-11,POINT (183058 505994.8)
rivm_windturbines_ashoogte_actueel.2669,13.0,15.0,15.0,212135.7575,506132.3085,Nederland,,EAZ wind,Dalfsen,Overijssel,land,2026-01-11,POINT (212135.7575 506132.3085)
rivm_windturbines_ashoogte_actueel.2670,44.0,53.0,600.0,174236.5723,506153.6876,Nederland,,,Dronten,Flevoland,land,2026-01-11,POINT (174236.5723 506153.6876)
rivm_windturbines_ashoogte_actueel.2671,71.0,65.0,2300.0,165134.1454,506182.7486,Nederland,,,Lelystad,Flevoland,land,2026-01-11,POINT (165134.1454 506182.7486)
rivm_windturbines_ashoogte_actueel.2672,71.0,70.0,2300.0,166216.9822,506230.7996,Nederland,,,Lelystad,Flevoland,land,2026-01-11,POINT (166216.9822 506230.7996)
rivm_windturbines_ashoogte_actueel.2673,13.0,15.0,15.0,217539.900098,506255.445414,Nederland,,EAZ wind,Dalfsen,Overijssel,land,2026-01-11,POINT (217539.9001 506255.4454)
rivm_windturbines_ashoogte_actueel.2674,18.0,40.0,80.0,173005.7296,506373.3622,Nederland,,,Dronten,Flevoland,land,2026-01-11,POINT (173005.7296 506373.3622)
rivm_windturbines_ashoogte_actueel.2675,164.0,166.0,6000.0,181164.88,506423.04,Nederland,,Cypress 6.0-164,Dronten,Flevoland,land,2026-01-11,POINT (181164.88 506423.04)
rivm_windturbines_ashoogte_actueel.2676,164.0,166.0,6000.0,182910.98,506472.7,Nederland,,Cypress 6.0-164,Dronten,Flevoland,land,2026-01-11,POINT (182910.98 506472.7)
rivm_windturbines_ashoogte_actueel.2677,18.0,40.0,80.0,169747.0189,506573.4751,Nederland,,,Dronten,Flevoland,land,2026-01-11,POINT (169747.0189 506573.4751)
rivm_windturbines_ashoogte_actueel.2678,116.0,135.0,3000.0,166488.6871,506600.2848,Nederland,,,Lelystad,Flevoland,land,2026-01-11,POINT (166488.6871 506600.2848)
rivm_windturbines_ashoogte_actueel.2679,115.0,135.0,3000.0,167081.3549,506618.8057,Nederland,,,Lelystad,Flevoland,land,2026-01-11,POINT (167081.3549 506618.8057)
rivm_windturbines_ashoogte_actueel.2680,115.0,135.0,3000.0,168228.151001,506662.975098,Nederland,,,Lelystad,Flevoland,land,2026-01-11,POINT (168228.151 506662.9751)
rivm_windturbines_ashoogte_actueel.2681,13.0,15.0,15.0,217223.552,506672.092738,Nederland,,EAZ wind,Dalfsen,Overijssel,land,2026-01-11,POINT (217223.552 506672.0927)
rivm_windturbines_ashoogte_actueel.2682,44.0,55.0,600.0,161736.2642,506748.7106,Nederland,,,Lelystad,Flevoland,land,2026-01-11,POINT (161736.2642 506748.7106)
rivm_windturbines_ashoogte_actueel.2683,164.0,166.0,6000.0,181019.19,506908.65,Nederland,,Cypress 6.0-164,Dronten,Flevoland,land,2026-01-11,POINT (181019.19 506908.65)
rivm_windturbines_ashoogte_actueel.2684,164.0,166.0,6000.0,182763.968079,506950.612,Nederland,,Cypress 6.0-164,Dronten,Flevoland,land,2026-01-11,POINT (182763.9681 506950.612)
rivm_windturbines_ashoogte_actueel.2685,11.0,20.0,10.0,238194.147004,506957.967515,Nederland,,,Hardenberg,Overijssel,land,2026-01-11,POINT (238194.147 506957.9675)
rivm_windturbines_ashoogte_actueel.2686,13.0,15.0,15.0,211707.097696,507050.427618,Nederland,,EAZ wind,Dalfsen,Overijssel,land,2026-01-11,POINT (211707.0977 507050.4276)
rivm_windturbines_ashoogte_actueel.2687,162.0,136.0,5600.0,168731.941286,507340.619366,Nederland,,,Dronten,Flevoland,land,2026-01-11,POINT (168731.9413 507340.6194)
rivm_windturbines_ashoogte_actueel.2688,164.0,166.0,6000.0,180875.474976,507387.55603,Nederland,,Cypress 6.0-164,Dronten,Flevoland,land,2026-01-11,POINT (180875.475 507387.556)
rivm_windturbines_ashoogte_actueel.2689,162.0,136.0,5600.0,170570.420952,507413.120035,Nederland,,,Dronten,Flevoland,land,2026-01-11,POINT (170570.421 507413.12)
rivm_windturbines_ashoogte_actueel.2690,162.0,168.0,5600.0,175553.87418,507461.786474,Nederland,,,Dronten,Flevoland,land,2026-01-11,POINT (175553.8742 507461.7865)
rivm_windturbines_ashoogte_actueel.2691,13.0,15.0,15.0,213901.160644,507725.014,Nederland,,EAZ wind,Dalfsen,Overijssel,land,2026-01-11,POINT (213901.1606 507725.014)
rivm_windturbines_ashoogte_actueel.2692,162.0,136.0,5600.0,168716.685715,507767.519832,Nederland,,,Dronten,Flevoland,land,2026-01-11,POINT (168716.6857 507767.5198)
rivm_windturbines_ashoogte_actueel.2693,162.0,136.0,5600.0,170556.598091,507840.320598,Nederland,,,Dronten,Flevoland,land,2026-01-11,POINT (170556.5981 507840.3206)
rivm_windturbines_ashoogte_actueel.2694,164.0,166.0,6000.0,180731.83,507866.47,Nederland,,Cypress 6.0-164,Dronten,Flevoland,land,2026-01-11,POINT (180731.83 507866.47)
rivm_windturbines_ashoogte_actueel.2695,162.0,168.0,5600.0,175800.13831,507884.452489,Nederland,,,Dronten,Flevoland,land,2026-01-11,POINT (175800.1383 507884.4525)
rivm_windturbines_ashoogte_actueel.2696,82.0,85.0,3000.0,210816.8742,507921.8861,Nederland,,E-82,Dalfsen,Overijssel,land,2026-01-11,POINT (210816.8742 507921.8861)
rivm_windturbines_ashoogte_actueel.2697,82.0,85.0,3000.0,210340.9356,508187.9018,Nederland,,E-82,Zwolle,Overijssel,land,2026-01-11,POINT (210340.9356 508187.9018)
rivm_windturbines_ashoogte_actueel.2698,162.0,136.0,5600.0,168700.189716,508194.996064,Nederland,,,Dronten,Flevoland,land,2026-01-11,POINT (168700.1897 508194.9961)
rivm_windturbines_ashoogte_actueel.2699,162.0,136.0,5600.0,170541.617741,508269.632248,Nederland,,,Dronten,Flevoland,land,2026-01-11,POINT (170541.6177 508269.6322)
rivm_windturbines_ashoogte_actueel.2700,82.0,85.0,2300.0,210972.9189,508303.9036,Nederland,,E-82,Dalfsen,Overijssel,land,2026-01-11,POINT (210972.9189 508303.9036)
rivm_windturbines_ashoogte_actueel.2701,162.0,168.0,5600.0,176048.136723,508310.210173,Nederland,,,Dronten,Flevoland,land,2026-01-11,POINT (176048.1367 508310.2102)
rivm_windturbines_ashoogte_actueel.2702,164.0,166.0,6000.0,180588.159119,508345.416016,Nederland,,Cypress 6.0-164,Dronten,Flevoland,land,2026-01-11,POINT (180588.1591 508345.416)
rivm_windturbines_ashoogte_actueel.2703,13.0,15.0,15.0,218387.422946,508439.322056,Nederland,,EAZ wind,Dalfsen,Overijssel,land,2026-01-11,POINT (218387.4229 508439.3221)
rivm_windturbines_ashoogte_actueel.2704,82.0,85.0,2300.0,210473.9063,508519.9013,Nederland,,E-82,Zwolle,Overijssel,land,2026-01-11,POINT (210473.9063 508519.9013)
rivm_windturbines_ashoogte_actueel.2705,162.0,136.0,5600.0,168588.04338,508607.986249,Nederland,,,Dronten,Flevoland,land,2026-01-11,POINT (168588.0434 508607.9862)
rivm_windturbines_ashoogte_actueel.2706,162.0,168.0,5600.0,174497.399053,508663.069711,Nederland,,,Dronten,Flevoland,land,2026-01-11,POINT (174497.3991 508663.0697)
rivm_windturbines_ashoogte_actueel.2707,82.0,85.0,2300.0,211129.888,508685.9373,Nederland,,E-82,Dalfsen,Overijssel,land,2026-01-11,POINT (211129.888 508685.9373)
rivm_windturbines_ashoogte_actueel.2708,162.0,136.0,5600.0,170526.072834,508698.108006,Nederland,,,Dronten,Flevoland,land,2026-01-11,POINT (170526.0728 508698.108)
rivm_windturbines_ashoogte_actueel.2709,162.0,168.0,5600.0,176296.667552,508737.708095,Nederland,,,Dronten,Flevoland,land,2026-01-11,POINT (176296.6676 508737.7081)
rivm_windturbines_ashoogte_actueel.2710,164.0,166.0,6000.0,180444.47,508824.3,Nederland,,Cypress 6.0-164,Dronten,Flevoland,land,2026-01-11,POINT (180444.47 508824.3)
rivm_windturbines_ashoogte_actueel.2711,82.0,85.0,2300.0,210605.8979,508852.8954,Nederland,,E-82,Zwolle,Overijssel,land,2026-01-11,POINT (210605.8979 508852.8954)
rivm_windturbines_ashoogte_actueel.2712,13.0,15.0,15.0,210036.715088,508879.518311,Nederland,,EAZ wind,Zwolle,Overijssel,land,2026-01-11,POINT (210036.7151 508879.5183)
rivm_windturbines_ashoogte_actueel.2713,13.0,15.0,15.0,213196.441589,508983.065613,Nederland,,EAZ wind,Dalfsen,Overijssel,land,2026-01-11,POINT (213196.4416 508983.0656)
rivm_windturbines_ashoogte_actueel.2714,162.0,136.0,5600.0,168475.839609,509021.491162,Nederland,,,Dronten,Flevoland,land,2026-01-11,POINT (168475.8396 509021.4912)
rivm_windturbines_ashoogte_actueel.2715,82.0,85.0,2300.0,211285.8712,509068.9669,Nederland,,E-82,Dalfsen,Overijssel,land,2026-01-11,POINT (211285.8712 509068.9669)
rivm_windturbines_ashoogte_actueel.2716,162.0,168.0,5600.0,174758.504677,509077.709995,Nederland,,,Dronten,Flevoland,land,2026-01-11,POINT (174758.5047 509077.71)
rivm_windturbines_ashoogte_actueel.2717,162.0,136.0,5600.0,170510.704795,509137.812315,Nederland,,,Dronten,Flevoland,land,2026-01-11,POINT (170510.7048 509137.8123)
rivm_windturbines_ashoogte_actueel.2718,103.0,98.0,2350.0,227767.0723,509144.163262,Nederland,,E-103,Ommen,Overijssel,land,2026-01-11,POINT (227767.0723 509144.1633)
rivm_windturbines_ashoogte_actueel.2719,103.0,98.0,2350.0,228369.794362,509149.851906,Nederland,,E-103,Ommen,Overijssel,land,2026-01-11,POINT (228369.7944 509149.8519)
rivm_windturbines_ashoogte_actueel.2720,162.0,168.0,5600.0,176544.572305,509165.049989,Nederland,,,Dronten,Flevoland,land,2026-01-11,POINT (176544.5723 509165.05)
rivm_windturbines_ashoogte_actueel.2721,82.0,85.0,2300.0,210737.871,509185.8933,Nederland,,E-82,Zwolle,Overijssel,land,2026-01-11,POINT (210737.871 509185.8933)
rivm_windturbines_ashoogte_actueel.2722,82.0,98.0,3000.0,188183.065847,509211.99794,Nederland,,,Kampen,Overijssel,land,2026-01-11,POINT (188183.0658 509211.9979)
rivm_windturbines_ashoogte_actueel.2723,13.0,15.0,15.0,210157.057678,509411.236511,Nederland,,EAZ wind,Zwolle,Overijssel,land,2026-01-11,POINT (210157.0577 509411.2365)
rivm_windturbines_ashoogte_actueel.2724,162.0,136.0,5600.0,168363.080074,509434.340931,Nederland,,,Dronten,Flevoland,land,2026-01-11,POINT (168363.0801 509434.3409)
rivm_windturbines_ashoogte_actueel.2725,103.0,98.0,2350.0,228369.132901,509457.562905,Nederland,,E-103,Ommen,Overijssel,land,2026-01-11,POINT (228369.1329 509457.5629)
rivm_windturbines_ashoogte_actueel.2726,103.0,98.0,2350.0,227311.723449,509457.827487,Nederland,,E-103,Ommen,Overijssel,land,2026-01-11,POINT (227311.7234 509457.8275)
rivm_windturbines_ashoogte_actueel.2727,103.0,98.0,2350.0,227764.690956,509458.224368,Nederland,,E-103,Ommen,Overijssel,land,2026-01-11,POINT (227764.691 509458.2244)
rivm_windturbines_ashoogte_actueel.2728,162.0,168.0,5600.0,175019.216357,509491.684388,Nederland,,,Dronten,Flevoland,land,2026-01-11,POINT (175019.2164 509491.6844)
rivm_windturbines_ashoogte_actueel.2729,130.0,140.0,4200.0,212242.610686,509540.725537,Nederland,,Enercon,Dalfsen,Overijssel,land,2026-01-11,POINT (212242.6107 509540.7255)
rivm_windturbines_ashoogte_actueel.2730,82.0,98.0,3000.0,187992.913693,509547.045754,Nederland,,,Kampen,Overijssel,land,2026-01-11,POINT (187992.9137 509547.0458)
rivm_windturbines_ashoogte_actueel.2731,162.0,136.0,5600.0,170398.44749,509550.617852,Nederland,,,Dronten,Flevoland,land,2026-01-11,POINT (170398.4475 509550.6179)
rivm_windturbines_ashoogte_actueel.2732,130.0,140.0,4200.0,211786.292216,509573.876879,Nederland,,Enercon,Dalfsen,Overijssel,land,2026-01-11,POINT (211786.2922 509573.8769)
rivm_windturbines_ashoogte_actueel.2733,162.0,168.0,5600.0,176792.483514,509591.882034,Nederland,,,Dronten,Flevoland,land,2026-01-11,POINT (176792.4835 509591.882)
rivm_windturbines_ashoogte_actueel.2734,103.0,98.0,2350.0,227311.855743,509777.510962,Nederland,,E-103,Hardenberg,Overijssel,land,2026-01-11,POINT (227311.8557 509777.511)
rivm_windturbines_ashoogte_actueel.2735,103.0,98.0,2350.0,228370.720275,509779.098424,Nederland,,E-103,Hardenberg,Overijssel,land,2026-01-11,POINT (228370.7203 509779.0984)
rivm_windturbines_ashoogte_actueel.2736,103.0,98.0,2350.0,227767.601475,509783.860975,Nederland,,E-103,Hardenberg,Overijssel,land,2026-01-11,POINT (227767.6015 509783.861)
rivm_windturbines_ashoogte_actueel.2737,162.0,136.0,5600.0,168251.540222,509849.277836,Nederland,,,Dronten,Flevoland,land,2026-01-11,POINT (168251.5402 509849.2778)
rivm_windturbines_ashoogte_actueel.2738,162.0,168.0,5600.0,175281.097521,509905.589472,Nederland,,,Dronten,Flevoland,land,2026-01-11,POINT (175281.0975 509905.5895)
rivm_windturbines_ashoogte_actueel.2739,82.0,98.0,3000.0,187764.705542,509942.521879,Nederland,,,Kampen,Overijssel,land,2026-01-11,POINT (187764.7055 509942.5219)
rivm_windturbines_ashoogte_actueel.2740,82.0,98.0,3000.0,187362.480547,509952.255674,Nederland,,,Kampen,Overijssel,land,2026-01-11,POINT (187362.4805 509952.2557)
rivm_windturbines_ashoogte_actueel.2741,80.0,57.0,2000.0,76672.151,509956.9965,Nederland,Prinses Amalia Windparken,Vestas V80-2MW,,,zee,2026-01-11,POINT (76672.151 509956.9965)
rivm_windturbines_ashoogte_actueel.2742,162.0,136.0,5600.0,170285.903912,509963.381051,Nederland,,,Dronten,Flevoland,land,2026-01-11,POINT (170285.9039 509963.3811)
rivm_windturbines_ashoogte_actueel.2743,80.0,57.0,2000.0,77625.1493,509963.994,Nederland,Prinses Amalia Windparken,Vestas V80-2MW,,,zee,2026-01-11,POINT (77625.1493 509963.994)
rivm_windturbines_ashoogte_actueel.2744,162.0,168.0,5600.0,177039.926602,510018.224671,Nederland,,,Dronten,Flevoland,land,2026-01-11,POINT (177039.9266 510018.2247)
rivm_windturbines_ashoogte_actueel.2745,103.0,98.0,2350.0,227762.4862,510092.8949,Nederland,,E-103,Hardenberg,Overijssel,land,2026-01-11,POINT (227762.4862 510092.8949)
rivm_windturbines_ashoogte_actueel.2746,103.0,98.0,2350.0,228373.366175,510099.774094,Nederland,,E-103,Hardenberg,Overijssel,land,2026-01-11,POINT (228373.3662 510099.7741)
rivm_windturbines_ashoogte_actueel.2747,80.0,57.0,2000.0,75237.1542,510194.0002,Nederland,Prinses Amalia Windparken,Vestas V80-2MW,,,zee,2026-01-11,POINT (75237.1542 510194.0002)
rivm_windturbines_ashoogte_actueel.2748,80.0,57.0,2000.0,76189.1526,510217.9977,Nederland,Prinses Amalia Windparken,Vestas V80-2MW,,,zee,2026-01-11,POINT (76189.1526 510217.9977)
rivm_windturbines_ashoogte_actueel.2749,80.0,57.0,2000.0,78107.1491,510234.9927,Nederland,Prinses Amalia Windparken,Vestas V80-2MW,,,zee,2026-01-11,POINT (78107.1491 510234.9927)
rivm_windturbines_ashoogte_actueel.2750,80.0,57.0,2000.0,77148.1509,510234.9952,Nederland,Prinses Amalia Windparken,Vestas V80-2MW,,,zee,2026-01-11,POINT (77148.1509 510234.9952)
rivm_windturbines_ashoogte_actueel.2751,162.0,136.0,5600.0,168136.058843,510274.933673,Nederland,,,Dronten,Flevoland,land,2026-01-11,POINT (168136.0588 510274.9337)
rivm_windturbines_ashoogte_actueel.2752,162.0,168.0,5600.0,175541.848911,510321.329441,Nederland,,,Dronten,Flevoland,land,2026-01-11,POINT (175541.8489 510321.3294)
rivm_windturbines_ashoogte_actueel.2753,162.0,136.0,5600.0,170174.578732,510376.162034,Nederland,,,Dronten,Flevoland,land,2026-01-11,POINT (170174.5787 510376.162)
rivm_windturbines_ashoogte_actueel.2754,162.0,168.0,5600.0,177278.399348,510428.282748,Nederland,,,Dronten,Flevoland,land,2026-01-11,POINT (177278.3993 510428.2827)
rivm_windturbines_ashoogte_actueel.2755,80.0,57.0,2000.0,74750.1558,510446.0014,Nederland,Prinses Amalia Windparken,Vestas V80-2MW,,,zee,2026-01-11,POINT (74750.1558 510446.0014)
rivm_windturbines_ashoogte_actueel.2756,80.0,57.0,2000.0,75703.1542,510483.9989,Nederland,Prinses Amalia Windparken,Vestas V80-2MW,,,zee,2026-01-11,POINT (75703.1542 510483.9989)
rivm_windturbines_ashoogte_actueel.2757,80.0,57.0,2000.0,76669.1525,510507.9964,Nederland,Prinses Amalia Windparken,Vestas V80-2MW,,,zee,2026-01-11,POINT (76669.1525 510507.9964)
rivm_windturbines_ashoogte_actueel.2758,80.0,57.0,2000.0,77633.1507,510513.9939,Nederland,Prinses Amalia Windparken,Vestas V80-2MW,,,zee,2026-01-11,POINT (77633.1507 510513.9939)
rivm_windturbines_ashoogte_actueel.2759,90.0,70.0,3000.0,90403.9185977,510557.025293,Nederland,NSW Offshore windpark Egmond aan Zee,V90-3MW,,,zee,2026-01-11,POINT (90403.9186 510557.0253)
rivm_windturbines_ashoogte_actueel.2760,158.0,126.0,5500.0,164953.4,510670.11,Nederland,,GE Energy 5.5-158,Lelystad,Flevoland,binnenwater,2026-01-11,POINT (164953.4 510670.11)
rivm_windturbines_ashoogte_actueel.2761,80.0,57.0,2000.0,74261.1574,510701.0026,Nederland,Prinses Amalia Windparken,Vestas V80-2MW,,,zee,2026-01-11,POINT (74261.1574 510701.0026)
rivm_windturbines_ashoogte_actueel.2762,162.0,136.0,5600.0,168013.700393,510725.009451,Nederland,,,Dronten,Flevoland,land,2026-01-11,POINT (168013.7004 510725.0095)
rivm_windturbines_ashoogte_actueel.2763,162.0,168.0,5600.0,175802.991913,510734.982486,Nederland,,,Dronten,Flevoland,land,2026-01-11,POINT (175802.9919 510734.9825)
rivm_windturbines_ashoogte_actueel.2764,80.0,57.0,2000.0,75222.1558,510745.0001,Nederland,Prinses Amalia Windparken,Vestas V80-2MW,,,zee,2026-01-11,POINT (75222.1558 510745.0001)
rivm_windturbines_ashoogte_actueel.2765,80.0,57.0,2000.0,76190.1541,510778.9976,Nederland,Prinses Amalia Windparken,Vestas V80-2MW,,,zee,2026-01-11,POINT (76190.1541 510778.9976)
rivm_windturbines_ashoogte_actueel.2766,80.0,57.0,2000.0,78111.1506,510784.9926,Nederland,Prinses Amalia Windparken,Vestas V80-2MW,,,zee,2026-01-11,POINT (78111.1506 510784.9926)
rivm_windturbines_ashoogte_actueel.2767,80.0,57.0,2000.0,77158.1524,510793.9951,Nederland,Prinses Amalia Windparken,Vestas V80-2MW,,,zee,2026-01-11,POINT (77158.1524 510793.9951)
rivm_windturbines_ashoogte_actueel.2768,162.0,136.0,5600.0,170059.28528,510802.631257,Nederland,,,Dronten,Flevoland,land,2026-01-11,POINT (170059.2853 510802.6313)
rivm_windturbines_ashoogte_actueel.2769,162.0,168.0,5600.0,177529.638401,510856.716174,Nederland,,,Dronten,Flevoland,land,2026-01-11,POINT (177529.6384 510856.7162)
rivm_windturbines_ashoogte_actueel.2770,90.0,70.0,3000.0,91423.7618722,510891.585534,Nederland,NSW Offshore windpark Egmond aan Zee,V90-3MW,,,zee,2026-01-11,POINT (91423.7619 510891.5855)
rivm_windturbines_ashoogte_actueel.2771,80.0,57.0,2000.0,73773.159,510957.0039,Nederland,Prinses Amalia Windparken,Vestas V80-2MW,,,zee,2026-01-11,POINT (73773.159 510957.0039)
rivm_windturbines_ashoogte_actueel.2772,15.0,25.0,10.0,221496.970356,510981.518768,Nederland,,,Ommen,Overijssel,land,2026-01-11,POINT (221496.9704 510981.5188)
rivm_windturbines_ashoogte_actueel.2773,80.0,57.0,2000.0,74743.1574,511006.0013,Nederland,Prinses Amalia Windparken,Vestas V80-2MW,,,zee,2026-01-11,POINT (74743.1574 511006.0013)
rivm_windturbines_ashoogte_actueel.2774,80.0,57.0,2000.0,78596.1504,511045.9914,Nederland,Prinses Amalia Windparken,Vestas V80-2MW,,,zee,2026-01-11,POINT (78596.1504 511045.9914)
rivm_windturbines_ashoogte_actueel.2775,80.0,57.0,2000.0,75713.1557,511048.9988,Nederland,Prinses Amalia Windparken,Vestas V80-2MW,,,zee,2026-01-11,POINT (75713.1557 511048.9988)
rivm_windturbines_ashoogte_actueel.2776,90.0,70.0,3000.0,89995.0210465,511053.916722,Nederland,NSW Offshore windpark Egmond aan Zee,V90-3MW,,,zee,2026-01-11,POINT (89995.021 511053.9167)
rivm_windturbines_ashoogte_actueel.2777,80.0,57.0,2000.0,77643.1522,511073.9938,Nederland,Prinses Amalia Windparken,Vestas V80-2MW,,,zee,2026-01-11,POINT (77643.1522 511073.9938)
rivm_windturbines_ashoogte_actueel.2778,80.0,57.0,2000.0,76683.154,511073.9962,Nederland,Prinses Amalia Windparken,Vestas V80-2MW,,,zee,2026-01-11,POINT (76683.154 511073.9962)
rivm_windturbines_ashoogte_actueel.2779,162.0,168.0,5600.0,176064.209839,511149.340186,Nederland,,,Dronten,Flevoland,land,2026-01-11,POINT (176064.2098 511149.3402)
rivm_windturbines_ashoogte_actueel.2780,158.0,126.0,5500.0,165438.3,511168.0,Nederland,,GE Energy 5.5-158,Lelystad,Flevoland,binnenwater,2026-01-11,POINT (165438.3 511168)
rivm_windturbines_ashoogte_actueel.2781,158.0,126.0,5500.0,164140.35,511192.86,Nederland,,GE Energy 5.5-158,Lelystad,Flevoland,binnenwater,2026-01-11,POINT (164140.35 511192.86)
rivm_windturbines_ashoogte_actueel.2782,162.0,136.0,5600.0,167884.800977,511196.780568,Nederland,,,Dronten,Flevoland,land,2026-01-11,POINT (167884.801 511196.7806)
rivm_windturbines_ashoogte_actueel.2783,162.0,136.0,5600.0,169940.978968,511241.256409,Nederland,,,Dronten,Flevoland,land,2026-01-11,POINT (169940.979 511241.2564)
rivm_windturbines_ashoogte_actueel.2784,80.0,57.0,2000.0,74255.159,511267.0026,Nederland,Prinses Amalia Windparken,Vestas V80-2MW,,,zee,2026-01-11,POINT (74255.159 511267.0026)
rivm_windturbines_ashoogte_actueel.2785,80.0,57.0,2000.0,75243.1573,511318.0,Nederland,Prinses Amalia Windparken,Vestas V80-2MW,,,zee,2026-01-11,POINT (75243.1573 511318)
rivm_windturbines_ashoogte_actueel.2786,80.0,57.0,2000.0,78133.152,511343.9925,Nederland,Prinses Amalia Windparken,Vestas V80-2MW,,,zee,2026-01-11,POINT (78133.152 511343.9925)
rivm_windturbines_ashoogte_actueel.2787,80.0,57.0,2000.0,76211.1556,511355.9974,Nederland,Prinses Amalia Windparken,Vestas V80-2MW,,,zee,2026-01-11,POINT (76211.1556 511355.9974)
rivm_windturbines_ashoogte_actueel.2788,80.0,57.0,2000.0,77175.1538,511362.9949,Nederland,Prinses Amalia Windparken,Vestas V80-2MW,,,zee,2026-01-11,POINT (77175.1538 511362.9949)
rivm_windturbines_ashoogte_actueel.2789,90.0,70.0,3000.0,91014.8981441,511389.476224,Nederland,NSW Offshore windpark Egmond aan Zee,V90-3MW,,,zee,2026-01-11,POINT (91014.8981 511389.4762)
rivm_windturbines_ashoogte_actueel.2790,116.0,149.0,3000.0,247706.142373,511503.32581,Duitsland,,,,,land,2026-01-11,POINT (247706.1424 511503.3258)
rivm_windturbines_ashoogte_actueel.2791,116.0,149.0,3000.0,248173.297886,511529.956068,Duitsland,,,,,land,2026-01-11,POINT (248173.2979 511529.9561)
rivm_windturbines_ashoogte_actueel.2792,80.0,57.0,2000.0,73772.1606,511531.0038,Nederland,Prinses Amalia Windparken,Vestas V80-2MW,,,zee,2026-01-11,POINT (73772.1606 511531.0038)
rivm_windturbines_ashoogte_actueel.2793,90.0,70.0,3000.0,89593.8551794,511542.548341,Nederland,NSW Offshore windpark Egmond aan Zee,V90-3MW,,,zee,2026-01-11,POINT (89593.8552 511542.5483)
rivm_windturbines_ashoogte_actueel.2794,14.0,15.0,25.0,212704.783373,511556.664559,Nederland,,,Dalfsen,Overijssel,land,2026-01-11,POINT (212704.7834 511556.6646)
rivm_windturbines_ashoogte_actueel.2795,80.0,57.0,2000.0,74754.1589,511590.0012,Nederland,Prinses Amalia Windparken,Vestas V80-2MW,,,zee,2026-01-11,POINT (74754.1589 511590.0012)
rivm_windturbines_ashoogte_actueel.2796,80.0,57.0,2000.0,78623.1518,511595.9912,Nederland,Prinses Amalia Windparken,Vestas V80-2MW,,,zee,2026-01-11,POINT (78623.1518 511595.9912)
rivm_windturbines_ashoogte_actueel.2797,116.0,149.0,3000.0,248674.511441,511604.359993,Duitsland,,,,,land,2026-01-11,POINT (248674.5114 511604.36)
rivm_windturbines_ashoogte_actueel.2798,80.0,57.0,2000.0,75737.1572,511634.9986,Nederland,Prinses Amalia Windparken,Vestas V80-2MW,,,zee,2026-01-11,POINT (75737.1572 511634.9986)
rivm_windturbines_ashoogte_actueel.2799,80.0,57.0,2000.0,77669.1537,511641.9936,Nederland,Prinses Amalia Windparken,Vestas V80-2MW,,,zee,2026-01-11,POINT (77669.1537 511641.9936)
rivm_windturbines_ashoogte_actueel.2800,80.0,57.0,2000.0,76707.1555,511650.9961,Nederland,Prinses Amalia Windparken,Vestas V80-2MW,,,zee,2026-01-11,POINT (76707.1555 511650.9961)
rivm_windturbines_ashoogte_actueel.2801,116.0,149.0,3000.0,247352.221212,511657.891357,Duitsland,,,,,land,2026-01-11,POINT (247352.2212 511657.8914)
rivm_windturbines_ashoogte_actueel.2802,158.0,126.0,5500.0,165923.21,511665.89,Nederland,,GE Energy 5.5-158,Lelystad,Flevoland,binnenwater,2026-01-11,POINT (165923.21 511665.89)
rivm_windturbines_ashoogte_actueel.2803,158.0,126.0,5500.0,164627.87,511692.39,Nederland,,GE Energy 5.5-158,Lelystad,Flevoland,binnenwater,2026-01-11,POINT (164627.87 511692.39)
rivm_windturbines_ashoogte_actueel.2804,162.0,136.0,5600.0,169805.645922,511737.549735,Nederland,,,Dronten,Flevoland,land,2026-01-11,POINT (169805.6459 511737.5497)
rivm_windturbines_ashoogte_actueel.2805,15.0,20.0,10.0,208816.245896,511852.396982,Nederland,,WB10,Staphorst,Overijssel,land,2026-01-11,POINT (208816.2459 511852.397)
rivm_windturbines_ashoogte_actueel.2806,70.0,85.0,2300.0,211442.9989,511852.42,Nederland,,,Staphorst,Overijssel,land,2026-01-11,POINT (211442.9989 511852.42)
rivm_windturbines_ashoogte_actueel.2807,80.0,57.0,2000.0,74276.1606,511864.0024,Nederland,Prinses Amalia Windparken,Vestas V80-2MW,,,zee,2026-01-11,POINT (74276.1606 511864.0024)
rivm_windturbines_ashoogte_actueel.2808,116.0,149.0,3000.0,248060.699916,511885.345555,Duitsland,,,,,land,2026-01-11,POINT (248060.6999 511885.3456)
rivm_windturbines_ashoogte_actueel.2809,90.0,70.0,3000.0,90606.0016204,511886.369098,Nederland,NSW Offshore windpark Egmond aan Zee,V90-3MW,,,zee,2026-01-11,POINT (90606.0016 511886.3691)
rivm_windturbines_ashoogte_actueel.2810,80.0,57.0,2000.0,78165.1534,511902.9923,Nederland,Prinses Amalia Windparken,Vestas V80-2MW,,,zee,2026-01-11,POINT (78165.1534 511902.9923)
rivm_windturbines_ashoogte_actueel.2811,71.0,85.0,2050.0,111978.3842,511904.0949,Nederland,,,Alkmaar,Noord-Holland,land,2026-01-11,POINT (111978.3842 511904.0949)
rivm_windturbines_ashoogte_actueel.2812,80.0,57.0,2000.0,75263.1589,511914.9998,Nederland,Prinses Amalia Windparken,Vestas V80-2MW,,,zee,2026-01-11,POINT (75263.1589 511914.9998)
rivm_windturbines_ashoogte_actueel.2813,80.0,57.0,2000.0,77207.1553,511936.9947,Nederland,Prinses Amalia Windparken,Vestas V80-2MW,,,zee,2026-01-11,POINT (77207.1553 511936.9947)
rivm_windturbines_ashoogte_actueel.2814,80.0,57.0,2000.0,76240.1571,511939.9972,Nederland,Prinses Amalia Windparken,Vestas V80-2MW,,,zee,2026-01-11,POINT (76240.1571 511939.9972)
rivm_windturbines_ashoogte_actueel.2815,116.0,149.0,3000.0,248699.425465,511983.100008,Duitsland,,,,,land,2026-01-11,POINT (248699.4255 511983.1)
rivm_windturbines_ashoogte_actueel.2816,90.0,70.0,3000.0,91819.1769478,511984.355557,Nederland,NSW Offshore windpark Egmond aan Zee,V90-3MW,,,zee,2026-01-11,POINT (91819.1769 511984.3556)
rivm_windturbines_ashoogte_actueel.2817,15.0,25.0,10.0,208844.368774,511998.841614,Nederland,,,Staphorst,Overijssel,land,2026-01-11,POINT (208844.3688 511998.8416)
rivm_windturbines_ashoogte_actueel.2818,90.0,70.0,3000.0,89184.9893467,512040.443056,Nederland,NSW Offshore windpark Egmond aan Zee,V90-3MW,,,zee,2026-01-11,POINT (89184.9893 512040.4431)
rivm_windturbines_ashoogte_actueel.2819,80.0,57.0,2000.0,73797.1622,512134.0036,Nederland,Prinses Amalia Windparken,Vestas V80-2MW,,,zee,2026-01-11,POINT (73797.1622 512134.0036)
rivm_windturbines_ashoogte_actueel.2820,158.0,126.0,5500.0,166423.05,512149.23,Nederland,,GE Energy 5.5-158,Lelystad,Flevoland,binnenwater,2026-01-11,POINT (166423.05 512149.23)
rivm_windturbines_ashoogte_actueel.2821,158.0,126.0,5500.0,165115.39,512191.91,Nederland,,GE Energy 5.5-158,Lelystad,Flevoland,binnenwater,2026-01-11,POINT (165115.39 512191.91)
rivm_windturbines_ashoogte_actueel.2822,80.0,57.0,2000.0,74792.1605,512195.001,Nederland,Prinses Amalia Windparken,Vestas V80-2MW,,,zee,2026-01-11,POINT (74792.1605 512195.001)
rivm_windturbines_ashoogte_actueel.2823,80.0,57.0,2000.0,77709.1551,512206.9934,Nederland,Prinses Amalia Windparken,Vestas V80-2MW,,,zee,2026-01-11,POINT (77709.1551 512206.9934)
rivm_windturbines_ashoogte_actueel.2824,70.0,85.0,2300.0,112082.6599,512224.2845,Nederland,,,Alkmaar,Noord-Holland,land,2026-01-11,POINT (112082.6599 512224.2845)
rivm_windturbines_ashoogte_actueel.2825,80.0,57.0,2000.0,75770.1588,512228.9984,Nederland,Prinses Amalia Windparken,Vestas V80-2MW,,,zee,2026-01-11,POINT (75770.1588 512228.9984)
rivm_windturbines_ashoogte_actueel.2826,80.0,57.0,2000.0,76745.157,512237.9959,Nederland,Prinses Amalia Windparken,Vestas V80-2MW,,,zee,2026-01-11,POINT (76745.157 512237.9959)
rivm_windturbines_ashoogte_actueel.2827,70.0,85.0,2300.0,212115.897,512275.4209,Nederland,,,Staphorst,Overijssel,land,2026-01-11,POINT (212115.897 512275.4209)
rivm_windturbines_ashoogte_actueel.2828,70.0,85.0,2300.0,211652.947687,512311.414647,Nederland,,,Staphorst,Overijssel,land,2026-01-11,POINT (211652.9477 512311.4146)
rivm_windturbines_ashoogte_actueel.2829,90.0,70.0,3000.0,90197.1377804,512384.263072,Nederland,NSW Offshore windpark Egmond aan Zee,V90-3MW,,,zee,2026-01-11,POINT (90197.1378 512384.2631)
rivm_windturbines_ashoogte_actueel.2830,15.0,25.0,10.0,209161.267113,512434.316514,Nederland,,,Staphorst,Overijssel,land,2026-01-11,POINT (209161.2671 512434.3165)
rivm_windturbines_ashoogte_actueel.2831,11.0,20.0,10.0,219039.57,512438.68,Nederland,,,Hardenberg,Overijssel,land,2026-01-11,POINT (219039.57 512438.68)
rivm_windturbines_ashoogte_actueel.2832,158.0,126.0,5500.0,167039.87,512463.58,Nederland,,GE Energy 5.5-158,Lelystad,Flevoland,binnenwater,2026-01-11,POINT (167039.87 512463.58)
rivm_windturbines_ashoogte_actueel.2833,80.0,57.0,2000.0,74317.1622,512475.0022,Nederland,Prinses Amalia Windparken,Vestas V80-2MW,,,zee,2026-01-11,POINT (74317.1622 512475.0022)
rivm_windturbines_ashoogte_actueel.2834,90.0,70.0,3000.0,91406.3491895,512483.379633,Nederland,NSW Offshore windpark Egmond aan Zee,V90-3MW,,,zee,2026-01-11,POINT (91406.3492 512483.3796)
rivm_windturbines_ashoogte_actueel.2835,15.0,25.0,10.0,209156.650143,512509.727025,Nederland,,,Staphorst,Overijssel,land,2026-01-11,POINT (209156.6501 512509.727)
rivm_windturbines_ashoogte_actueel.2836,80.0,57.0,2000.0,77250.1568,512513.9945,Nederland,Prinses Amalia Windparken,Vestas V80-2MW,,,zee,2026-01-11,POINT (77250.1568 512513.9945)
rivm_windturbines_ashoogte_actueel.2837,15.0,25.0,10.0,210425.054235,512515.246594,Nederland,,,Staphorst,Overijssel,land,2026-01-11,POINT (210425.0542 512515.2466)
rivm_windturbines_ashoogte_actueel.2838,80.0,57.0,2000.0,75302.1604,512516.9996,Nederland,Prinses Amalia Windparken,Vestas V80-2MW,,,zee,2026-01-11,POINT (75302.1604 512516.9996)
rivm_windturbines_ashoogte_actueel.2839,16.0,25.0,10.0,212491.118233,512527.845483,Nederland,,BW10,Staphorst,Overijssel,land,2026-01-11,POINT (212491.1182 512527.8455)
rivm_windturbines_ashoogte_actueel.2840,80.0,57.0,2000.0,76282.1587,512535.997,Nederland,Prinses Amalia Windparken,Vestas V80-2MW,,,zee,2026-01-11,POINT (76282.1587 512535.997)
rivm_windturbines_ashoogte_actueel.2841,90.0,70.0,3000.0,88777.0897757,512537.306253,Nederland,NSW Offshore windpark Egmond aan Zee,V90-3MW,,,zee,2026-01-11,POINT (88777.0898 512537.3063)
rivm_windturbines_ashoogte_actueel.2842,14.0,15.0,25.0,211668.929954,512633.974343,Nederland,,,Staphorst,Overijssel,land,2026-01-11,POINT (211668.93 512633.9743)
rivm_windturbines_ashoogte_actueel.2843,158.0,126.0,5500.0,167705.0,512666.0,Nederland,,GE Energy 5.5-158,Dronten,Flevoland,binnenwater,2026-01-11,POINT (167705 512666)
rivm_windturbines_ashoogte_actueel.2844,158.0,126.0,5500.0,165666.051643,512747.267525,Nederland,,GE Energy 5.5-158,Lelystad,Flevoland,binnenwater,2026-01-11,POINT (165666.0516 512747.2675)
rivm_windturbines_ashoogte_actueel.2845,80.0,57.0,2000.0,77744.1565,512756.9932,Nederland,Prinses Amalia Windparken,Vestas V80-2MW,,,zee,2026-01-11,POINT (77744.1565 512756.9932)
rivm_windturbines_ashoogte_actueel.2846,80.0,57.0,2000.0,74834.1621,512806.0008,Nederland,Prinses Amalia Windparken,Vestas V80-2MW,,,zee,2026-01-11,POINT (74834.1621 512806.0008)
rivm_windturbines_ashoogte_actueel.2847,80.0,57.0,2000.0,75818.1603,512811.9982,Nederland,Prinses Amalia Windparken,Vestas V80-2MW,,,zee,2026-01-11,POINT (75818.1603 512811.9982)
rivm_windturbines_ashoogte_actueel.2848,80.0,57.0,2000.0,76794.1585,512819.9957,Nederland,Prinses Amalia Windparken,Vestas V80-2MW,,,zee,2026-01-11,POINT (76794.1585 512819.9957)
rivm_windturbines_ashoogte_actueel.2849,158.0,126.0,5500.0,168374.0,512852.0,Nederland,,GE Energy 5.5-158,Dronten,Flevoland,binnenwater,2026-01-11,POINT (168374 512852)
rivm_windturbines_ashoogte_actueel.2850,15.0,25.0,10.0,205368.873578,512900.714137,Nederland,,,Staphorst,Overijssel,land,2026-01-11,POINT (205368.8736 512900.7141)
rivm_windturbines_ashoogte_actueel.2851,71.0,85.0,2300.0,112312.2228,512935.3679,Nederland,,,Alkmaar,Noord-Holland,land,2026-01-11,POINT (112312.2228 512935.3679)
rivm_windturbines_ashoogte_actueel.2852,90.0,70.0,3000.0,90998.6193932,512985.238994,Nederland,NSW Offshore windpark Egmond aan Zee,V90-3MW,,,zee,2026-01-11,POINT (90998.6194 512985.239)
rivm_windturbines_ashoogte_actueel.2853,90.0,70.0,3000.0,88368.2237555,513035.203798,Nederland,NSW Offshore windpark Egmond aan Zee,V90-3MW,,,zee,2026-01-11,POINT (88368.2238 513035.2038)
rivm_windturbines_ashoogte_actueel.2854,158.0,126.0,5500.0,169044.0,513039.0,Nederland,,GE Energy 5.5-158,Dronten,Flevoland,binnenwater,2026-01-11,POINT (169044 513039)
rivm_windturbines_ashoogte_actueel.2855,80.0,57.0,2000.0,77293.1582,513069.9943,Nederland,Prinses Amalia Windparken,Vestas V80-2MW,,,zee,2026-01-11,POINT (77293.1582 513069.9943)
rivm_windturbines_ashoogte_actueel.2856,80.0,57.0,2000.0,74366.1638,513096.002,Nederland,Prinses Amalia Windparken,Vestas V80-2MW,,,zee,2026-01-11,POINT (74366.1638 513096.002)
rivm_windturbines_ashoogte_actueel.2857,90.0,70.0,3000.0,92176.9307841,513118.400063,Nederland,NSW Offshore windpark Egmond aan Zee,V90-3MW,,,zee,2026-01-11,POINT (92176.9308 513118.4001)
rivm_windturbines_ashoogte_actueel.2858,80.0,57.0,2000.0,76338.1601,513125.9968,Nederland,Prinses Amalia Windparken,Vestas V80-2MW,,,zee,2026-01-11,POINT (76338.1601 513125.9968)
rivm_windturbines_ashoogte_actueel.2859,80.0,57.0,2000.0,75367.162,513128.9993,Nederland,Prinses Amalia Windparken,Vestas V80-2MW,,,zee,2026-01-11,POINT (75367.162 513128.9993)
rivm_windturbines_ashoogte_actueel.2860,158.0,126.0,5500.0,166137.53,513145.0,Nederland,,GE Energy 5.5-158,Lelystad,Flevoland,binnenwater,2026-01-11,POINT (166137.53 513145)
rivm_windturbines_ashoogte_actueel.2861,48.0,56.0,800.0,128643.0594,513158.9021,Nederland,,,Koggenland,Noord-Holland,land,2026-01-11,POINT (128643.0594 513158.9021)
rivm_windturbines_ashoogte_actueel.2862,90.0,70.0,3000.0,89542.9423617,513180.496516,Nederland,NSW Offshore windpark Egmond aan Zee,V90-3MW,,,zee,2026-01-11,POINT (89542.9424 513180.4965)
rivm_windturbines_ashoogte_actueel.2863,48.0,56.0,800.0,128977.4585,513190.3837,Nederland,,,Koggenland,Noord-Holland,land,2026-01-11,POINT (128977.4585 513190.3837)
rivm_windturbines_ashoogte_actueel.2864,158.0,126.0,5500.0,169713.0,513225.0,Nederland,,GE Energy 5.5-158,Dronten,Flevoland,binnenwater,2026-01-11,POINT (169713 513225)
rivm_windturbines_ashoogte_actueel.2865,71.0,85.0,2300.0,112415.8731,513256.6547,Nederland,,,Alkmaar,Noord-Holland,land,2026-01-11,POINT (112415.8731 513256.6547)
rivm_windturbines_ashoogte_actueel.2866,13.0,15.0,15.0,218695.366041,513313.038095,Nederland,,EAZ wind,Hardenberg,Overijssel,land,2026-01-11,POINT (218695.366 513313.0381)
rivm_windturbines_ashoogte_actueel.2867,80.0,57.0,2000.0,76841.1599,513385.9954,Nederland,Prinses Amalia Windparken,Vestas V80-2MW,,,zee,2026-01-11,POINT (76841.1599 513385.9954)
rivm_windturbines_ashoogte_actueel.2868,48.0,56.0,800.0,128717.0595,513386.902,Nederland,,,Koggenland,Noord-Holland,land,2026-01-11,POINT (128717.0595 513386.902)
rivm_windturbines_ashoogte_actueel.2869,158.0,126.0,5500.0,170383.0,513412.0,Nederland,,GE Energy 5.5-158,Dronten,Flevoland,binnenwater,2026-01-11,POINT (170383 513412)
rivm_windturbines_ashoogte_actueel.2870,158.0,126.0,5500.0,170383.0,513412.0,Nederland,,GE Energy 5.5-158,Dronten,Flevoland,binnenwater,2026-01-11,POINT (170383 513412)
rivm_windturbines_ashoogte_actueel.2871,80.0,57.0,2000.0,74893.1637,513427.0005,Nederland,Prinses Amalia Windparken,Vestas V80-2MW,,,zee,2026-01-11,POINT (74893.1637 513427.0005)
rivm_windturbines_ashoogte_actueel.2872,48.0,56.0,800.0,129010.059,513427.9017,Nederland,,,Koggenland,Noord-Holland,land,2026-01-11,POINT (129010.059 513427.9017)
rivm_windturbines_ashoogte_actueel.2873,158.0,126.0,5500.0,166771.27,513430.57,Nederland,,GE Energy 5.5-158,Lelystad,Flevoland,binnenwater,2026-01-11,POINT (166771.27 513430.57)
rivm_windturbines_ashoogte_actueel.2874,80.0,57.0,2000.0,75880.1618,513431.9979,Nederland,Prinses Amalia Windparken,Vestas V80-2MW,,,zee,2026-01-11,POINT (75880.1618 513431.9979)
rivm_windturbines_ashoogte_actueel.2875,90.0,70.0,3000.0,87952.6242388,513541.331558,Nederland,NSW Offshore windpark Egmond aan Zee,V90-3MW,,,zee,2026-01-11,POINT (87952.6242 513541.3316)
rivm_windturbines_ashoogte_actueel.2876,158.0,126.0,5500.0,171052.0,513598.0,Nederland,,GE Energy 5.5-158,Dronten,Flevoland,binnenwater,2026-01-11,POINT (171052 513598)
rivm_windturbines_ashoogte_actueel.2877,48.0,56.0,800.0,128792.0597,513614.9019,Nederland,,,Koggenland,Noord-Holland,land,2026-01-11,POINT (128792.0597 513614.9019)
rivm_windturbines_ashoogte_actueel.2878,80.0,57.0,2000.0,77339.1596,513618.9941,Nederland,Prinses Amalia Windparken,Vestas V80-2MW,,,zee,2026-01-11,POINT (77339.1596 513618.9941)
rivm_windturbines_ashoogte_actueel.2879,90.0,70.0,3000.0,91771.2017297,513620.193095,Nederland,NSW Offshore windpark Egmond aan Zee,V90-3MW,,,zee,2026-01-11,POINT (91771.2017 513620.1931)
rivm_windturbines_ashoogte_actueel.2880,158.0,126.0,5500.0,167440.0,513630.0,Nederland,,GE Energy 5.5-158,Dronten,Flevoland,binnenwater,2026-01-11,POINT (167440 513630)
rivm_windturbines_ashoogte_actueel.2881,48.0,56.0,800.0,129042.0592,513665.9016,Nederland,,,Koggenland,Noord-Holland,land,2026-01-11,POINT (129042.0592 513665.9016)
rivm_windturbines_ashoogte_actueel.2882,90.0,70.0,3000.0,89134.0784307,513678.394147,Nederland,NSW Offshore windpark Egmond aan Zee,V90-3MW,,,zee,2026-01-11,POINT (89134.0784 513678.3941)
rivm_windturbines_ashoogte_actueel.2883,80.0,57.0,2000.0,76390.1616,513699.9966,Nederland,Prinses Amalia Windparken,Vestas V80-2MW,,,zee,2026-01-11,POINT (76390.1616 513699.9966)
rivm_windturbines_ashoogte_actueel.2884,80.0,57.0,2000.0,75423.1636,513738.9991,Nederland,Prinses Amalia Windparken,Vestas V80-2MW,,,zee,2026-01-11,POINT (75423.1636 513738.9991)
rivm_windturbines_ashoogte_actueel.2885,90.0,70.0,3000.0,90366.4942245,513752.721085,Nederland,NSW Offshore windpark Egmond aan Zee,V90-3MW,,,zee,2026-01-11,POINT (90366.4942 513752.7211)
rivm_windturbines_ashoogte_actueel.2886,158.0,126.0,5500.0,171722.0,513785.0,Nederland,,GE Energy 5.5-158,Dronten,Flevoland,binnenwater,2026-01-11,POINT (171722 513785)
rivm_windturbines_ashoogte_actueel.2887,158.0,126.0,5500.0,168113.0,513817.0,Nederland,,GE Energy 5.5-158,Dronten,Flevoland,binnenwater,2026-01-11,POINT (168113 513817)
rivm_windturbines_ashoogte_actueel.2888,158.0,126.0,5500.0,168785.0,514004.0,Nederland,,GE Energy 5.5-158,Dronten,Flevoland,binnenwater,2026-01-11,POINT (168785 514004)
rivm_windturbines_ashoogte_actueel.2889,13.0,15.0,15.0,234623.952902,514032.604968,Nederland,,EAZ wind,Hardenberg,Overijssel,land,2026-01-11,POINT (234623.9529 514032.605)
rivm_windturbines_ashoogte_actueel.2890,90.0,70.0,3000.0,87543.7249336,514038.231928,Nederland,NSW Offshore windpark Egmond aan Zee,V90-3MW,,,zee,2026-01-11,POINT (87543.7249 514038.2319)
rivm_windturbines_ashoogte_actueel.2891,90.0,70.0,3000.0,88725.1811424,514175.293476,Nederland,NSW Offshore windpark Egmond aan Zee,V90-3MW,,,zee,2026-01-11,POINT (88725.1811 514175.2935)
rivm_windturbines_ashoogte_actueel.2892,158.0,126.0,5500.0,169458.0,514190.0,Nederland,,GE Energy 5.5-158,Dronten,Flevoland,binnenwater,2026-01-11,POINT (169458 514190)
rivm_windturbines_ashoogte_actueel.2893,42.0,53.0,600.0,178226.9618,514288.8878,Nederland,,,Noordoostpolder,Flevoland,land,2026-01-11,POINT (178226.9618 514288.8878)
rivm_windturbines_ashoogte_actueel.2894,90.0,70.0,3000.0,89906.6330965,514312.352312,Nederland,NSW Offshore windpark Egmond aan Zee,V90-3MW,,,zee,2026-01-11,POINT (89906.6331 514312.3523)
rivm_windturbines_ashoogte_actueel.2895,158.0,126.0,5500.0,170130.0,514377.0,Nederland,,GE Energy 5.5-158,Dronten,Flevoland,binnenwater,2026-01-11,POINT (170130 514377)
rivm_windturbines_ashoogte_actueel.2896,90.0,70.0,3000.0,91145.8124025,514379.445943,Nederland,NSW Offshore windpark Egmond aan Zee,V90-3MW,,,zee,2026-01-11,POINT (91145.8124 514379.4459)
rivm_windturbines_ashoogte_actueel.2897,127.0,135.0,7500.0,172991.0039,514524.2256,Nederland,,Enercon E-126 EP4,Noordoostpolder,Flevoland,land,2026-01-11,POINT (172991.0039 514524.2256)
rivm_windturbines_ashoogte_actueel.2898,90.0,70.0,3000.0,87134.8589407,514536.134216,Nederland,NSW Offshore windpark Egmond aan Zee,V90-3MW,,,zee,2026-01-11,POINT (87134.8589 514536.1342)
rivm_windturbines_ashoogte_actueel.2899,158.0,126.0,5500.0,170803.0,514564.0,Nederland,,GE Energy 5.5-158,Dronten,Flevoland,binnenwater,2026-01-11,POINT (170803 514564)
rivm_windturbines_ashoogte_actueel.2900,90.0,70.0,3000.0,88316.3170805,514673.194052,Nederland,NSW Offshore windpark Egmond aan Zee,V90-3MW,,,zee,2026-01-11,POINT (88316.3171 514673.1941)
rivm_windturbines_ashoogte_actueel.2901,90.0,70.0,3000.0,89497.7711374,514810.251458,Nederland,NSW Offshore windpark Egmond aan Zee,V90-3MW,,,zee,2026-01-11,POINT (89497.7711 514810.2515)
rivm_windturbines_ashoogte_actueel.2902,127.0,135.0,7500.0,172743.3534,514911.5764,Nederland,,Enercon E-126 EP4,Noordoostpolder,Flevoland,land,2026-01-11,POINT (172743.3534 514911.5764)
rivm_windturbines_ashoogte_actueel.2903,90.0,70.0,3000.0,90680.220028,514947.273031,Nederland,NSW Offshore windpark Egmond aan Zee,V90-3MW,,,zee,2026-01-11,POINT (90680.22 514947.273)
rivm_windturbines_ashoogte_actueel.2904,90.0,70.0,3000.0,86734.2231179,515040.773346,Nederland,NSW Offshore windpark Egmond aan Zee,V90-3MW,,,zee,2026-01-11,POINT (86734.2231 515040.7733)
rivm_windturbines_ashoogte_actueel.2905,90.0,70.0,3000.0,87907.4527185,515171.095978,Nederland,NSW Offshore windpark Egmond aan Zee,V90-3MW,,,zee,2026-01-11,POINT (87907.4527 515171.096)
rivm_windturbines_ashoogte_actueel.2906,127.0,135.0,7500.0,172494.1154,515303.6897,Nederland,,Enercon E-126 EP4,Noordoostpolder,Flevoland,land,2026-01-11,POINT (172494.1154 515303.6897)
rivm_windturbines_ashoogte_actueel.2907,90.0,70.0,3000.0,89088.9087836,515308.152217,Nederland,NSW Offshore windpark Egmond aan Zee,V90-3MW,,,zee,2026-01-11,POINT (89088.9088 515308.1522)
rivm_windturbines_ashoogte_actueel.2908,52.0,49.0,850.0,127674.6638,515386.7027,Nederland,,,Koggenland,Noord-Holland,land,2026-01-11,POINT (127674.6638 515386.7027)
rivm_windturbines_ashoogte_actueel.2909,90.0,70.0,3000.0,90271.3601879,515445.172769,Nederland,NSW Offshore windpark Egmond aan Zee,V90-3MW,,,zee,2026-01-11,POINT (90271.3602 515445.1728)
rivm_windturbines_ashoogte_actueel.2910,52.0,49.0,850.0,127868.2895,515452.5504,Nederland,,,Koggenland,Noord-Holland,land,2026-01-11,POINT (127868.2895 515452.5504)
rivm_windturbines_ashoogte_actueel.2911,11.0,20.0,10.0,219540.892915,515479.394525,Nederland,,,Hardenberg,Overijssel,land,2026-01-11,POINT (219540.8929 515479.3945)
rivm_windturbines_ashoogte_actueel.2912,52.0,49.0,850.0,128089.8632,515529.6023,Nederland,,,Koggenland,Noord-Holland,land,2026-01-11,POINT (128089.8632 515529.6023)
rivm_windturbines_ashoogte_actueel.2913,90.0,70.0,3000.0,86317.1299294,515531.948398,Nederland,NSW Offshore windpark Egmond aan Zee,V90-3MW,,,zee,2026-01-11,POINT (86317.1299 515531.9484)
rivm_windturbines_ashoogte_actueel.2914,52.0,49.0,850.0,128310.3628,515605.702,Nederland,,,Koggenland,Noord-Holland,land,2026-01-11,POINT (128310.3628 515605.702)
rivm_windturbines_ashoogte_actueel.2915,52.0,49.0,850.0,128547.3624,515687.1018,Nederland,,,Koggenland,Noord-Holland,land,2026-01-11,POINT (128547.3624 515687.1018)
rivm_windturbines_ashoogte_actueel.2916,127.0,135.0,7500.0,172241.7024,515687.8655,Nederland,,Enercon E-126 EP4,Noordoostpolder,Flevoland,land,2026-01-11,POINT (172241.7024 515687.8655)
rivm_windturbines_ashoogte_actueel.2917,52.0,49.0,850.0,128784.162,515767.7015,Nederland,,,Koggenland,Noord-Holland,land,2026-01-11,POINT (128784.162 515767.7015)
rivm_windturbines_ashoogte_actueel.2918,90.0,70.0,3000.0,88680.0469692,515806.054395,Nederland,NSW Offshore windpark Egmond aan Zee,V90-3MW,,,zee,2026-01-11,POINT (88680.047 515806.0544)
rivm_windturbines_ashoogte_actueel.2919,52.0,49.0,850.0,129018.3616,515848.0012,Nederland,,,Koggenland,Noord-Holland,land,2026-01-11,POINT (129018.3616 515848.0012)
rivm_windturbines_ashoogte_actueel.2920,90.0,70.0,3000.0,89862.5011874,515943.073776,Nederland,NSW Offshore windpark Egmond aan Zee,V90-3MW,,,zee,2026-01-11,POINT (89862.5012 515943.0738)
rivm_windturbines_ashoogte_actueel.2921,90.0,70.0,3000.0,85908.2654426,516029.857796,Nederland,NSW Offshore windpark Egmond aan Zee,V90-3MW,,,zee,2026-01-11,POINT (85908.2654 516029.8578)
rivm_windturbines_ashoogte_actueel.2922,127.0,135.0,7500.0,171989.2894,516083.1538,Nederland,,Enercon E-126 EP4,Noordoostpolder,Flevoland,land,2026-01-11,POINT (171989.2894 516083.1538)
rivm_windturbines_ashoogte_actueel.2923,138.0,131.0,4260.0,213102.4166,516097.024204,Nederland,,,Staphorst,Overijssel,land,2026-01-11,POINT (213102.4166 516097.0242)
rivm_windturbines_ashoogte_actueel.2924,11.0,25.0,10.0,218759.730635,516153.985693,Nederland,,,Hardenberg,Overijssel,land,2026-01-11,POINT (218759.7306 516153.9857)
rivm_windturbines_ashoogte_actueel.2925,11.0,25.0,10.0,208177.707902,516182.265913,Nederland,,,Staphorst,Overijssel,land,2026-01-11,POINT (208177.7079 516182.2659)
rivm_windturbines_ashoogte_actueel.2926,11.0,25.0,10.0,208212.439374,516208.918819,Nederland,,,Staphorst,Overijssel,land,2026-01-11,POINT (208212.4394 516208.9188)
rivm_windturbines_ashoogte_actueel.2927,11.0,20.0,10.0,231515.19,516360.85,Nederland,,,Hardenberg,Overijssel,land,2026-01-11,POINT (231515.19 516360.85)
rivm_windturbines_ashoogte_actueel.2928,44.0,55.0,600.0,177857.1217,516366.5373,Nederland,,,Noordoostpolder,Flevoland,land,2026-01-11,POINT (177857.1217 516366.5373)
rivm_windturbines_ashoogte_actueel.2929,138.0,131.0,4260.0,212827.900626,516399.836413,Nederland,,,Staphorst,Overijssel,land,2026-01-11,POINT (212827.9006 516399.8364)
rivm_windturbines_ashoogte_actueel.2930,90.0,70.0,3000.0,89453.6425701,516440.975873,Nederland,NSW Offshore windpark Egmond aan Zee,V90-3MW,,,zee,2026-01-11,POINT (89453.6426 516440.9759)
rivm_windturbines_ashoogte_actueel.2931,127.0,135.0,7500.0,171739.2553,516474.7849,Nederland,,Enercon E-126 EP4,Noordoostpolder,Flevoland,land,2026-01-11,POINT (171739.2553 516474.7849)
rivm_windturbines_ashoogte_actueel.2932,11.0,25.0,10.0,207022.018197,516512.349012,Nederland,,,Staphorst,Overijssel,land,2026-01-11,POINT (207022.0182 516512.349)
rivm_windturbines_ashoogte_actueel.2933,13.0,15.0,15.0,124064.579927,516621.593512,Nederland,,EAZ wind,Koggenland,Noord-Holland,land,2026-01-11,POINT (124064.5799 516621.5935)
rivm_windturbines_ashoogte_actueel.2934,13.0,15.0,15.0,123496.794682,516646.4803,Nederland,,EAZ wind,Koggenland,Noord-Holland,land,2026-01-11,POINT (123496.7947 516646.4803)
rivm_windturbines_ashoogte_actueel.2935,138.0,131.0,4260.0,213240.963945,516649.15831,Nederland,,,Staphorst,Overijssel,land,2026-01-11,POINT (213240.9639 516649.1583)
rivm_windturbines_ashoogte_actueel.2936,127.0,135.0,7500.0,171486.4414,516861.6097,Nederland,,Enercon E-126 EP4,Urk,Flevoland,land,2026-01-11,POINT (171486.4414 516861.6097)
rivm_windturbines_ashoogte_actueel.2937,11.0,25.0,10.0,207038.346097,516890.714832,Nederland,,,Staphorst,Overijssel,land,2026-01-11,POINT (207038.3461 516890.7148)
rivm_windturbines_ashoogte_actueel.2938,117.0,91.5,3300.0,245200.8382,517179.5255,Nederland,,,Coevorden,Drenthe,land,2026-01-11,POINT (245200.8382 517179.5255)
rivm_windturbines_ashoogte_actueel.2939,13.0,15.0,15.0,226368.352198,517233.431829,Nederland,,EAZ wind,De Wolden,Drenthe,land,2026-01-11,POINT (226368.3522 517233.4318)
rivm_windturbines_ashoogte_actueel.2940,127.0,135.0,7500.0,171240.3784,517253.723,Nederland,,Enercon E-126 EP4,Urk,Flevoland,land,2026-01-11,POINT (171240.3784 517253.723)
rivm_windturbines_ashoogte_actueel.2941,11.0,25.0,10.0,207429.808391,517318.901523,Nederland,,BW10,Staphorst,Overijssel,land,2026-01-11,POINT (207429.8084 517318.9015)
rivm_windturbines_ashoogte_actueel.2942,71.0,85.0,2300.0,114542.393,517445.2986,Nederland,,,Dijk en Waard,Noord-Holland,land,2026-01-11,POINT (114542.393 517445.2986)
rivm_windturbines_ashoogte_actueel.2943,90.0,105.0,2000.0,246501.67649,517653.448365,Duitsland,,,,,land,2026-01-11,POINT (246501.6765 517653.4484)
rivm_windturbines_ashoogte_actueel.2944,14.0,15.0,10.0,120826.63665,517706.756968,Nederland,,,Koggenland,Noord-Holland,land,2026-01-11,POINT (120826.6366 517706.757)
rivm_windturbines_ashoogte_actueel.2945,90.0,105.0,2000.0,246796.652108,517737.390621,Duitsland,,,,,land,2026-01-11,POINT (246796.6521 517737.3906)
rivm_windturbines_ashoogte_actueel.2946,90.0,105.0,3000.0,245280.493192,517817.711207,Nederland,,,Coevorden,Drenthe,land,2026-01-11,POINT (245280.4932 517817.7112)
rivm_windturbines_ashoogte_actueel.2947,13.0,15.0,15.0,218316.314954,517819.355095,Nederland,,EAZ wind,Hardenberg,Overijssel,land,2026-01-11,POINT (218316.315 517819.3551)
rivm_windturbines_ashoogte_actueel.2948,116.0,149.0,3000.0,251183.28472,517851.846247,Duitsland,,,,,land,2026-01-11,POINT (251183.2847 517851.8462)
rivm_windturbines_ashoogte_actueel.2949,13.0,15.0,15.0,218325.35,517859.56,Nederland,,EAZ wind,Hardenberg,Overijssel,land,2026-01-11,POINT (218325.35 517859.56)
rivm_windturbines_ashoogte_actueel.2950,90.0,105.0,2000.0,246206.0323,517878.9937,Nederland,,,Coevorden,Drenthe,land,2026-01-11,POINT (246206.0323 517878.9937)
rivm_windturbines_ashoogte_actueel.2951,71.0,85.0,2300.0,114855.7301,517890.3148,Nederland,,,Dijk en Waard,Noord-Holland,land,2026-01-11,POINT (114855.7301 517890.3148)
rivm_windturbines_ashoogte_actueel.2952,116.0,149.0,3000.0,250773.464956,517900.450511,Duitsland,,,,,land,2026-01-11,POINT (250773.465 517900.4505)
rivm_windturbines_ashoogte_actueel.2953,136.0,122.0,3600.0,244719.441441,517914.63696,Nederland,,,Coevorden,Drenthe,land,2026-01-11,POINT (244719.4414 517914.637)
rivm_windturbines_ashoogte_actueel.2954,90.0,105.0,2000.0,246538.82271,517928.444863,Duitsland,,,,,land,2026-01-11,POINT (246538.8227 517928.4449)
rivm_windturbines_ashoogte_actueel.2955,200.0,125.0,11000.0,70839.0429857,517950.227097,Nederland,HKN_5,Siemens Gamesa 11.0-200 DD,,,zee,2026-01-11,POINT (70839.043 517950.2271)
rivm_windturbines_ashoogte_actueel.2956,90.0,105.0,2000.0,246926.703268,517982.78127,Duitsland,,,,,land,2026-01-11,POINT (246926.7033 517982.7813)
rivm_windturbines_ashoogte_actueel.2957,200.0,125.0,11000.0,71852.3570829,518009.511871,Nederland,HKN_5,Siemens Gamesa 11.0-200 DD,,,zee,2026-01-11,POINT (71852.3571 518009.5119)
rivm_windturbines_ashoogte_actueel.2958,90.0,105.0,3000.0,245817.4984,518018.5297,Nederland,,,Coevorden,Drenthe,land,2026-01-11,POINT (245817.4984 518018.5297)
rivm_windturbines_ashoogte_actueel.2959,200.0,125.0,11000.0,72866.1768546,518068.738685,Nederland,HKN_5,Siemens Gamesa 11.0-200 DD,,,zee,2026-01-11,POINT (72866.1769 518068.7387)
rivm_windturbines_ashoogte_actueel.2960,15.0,25.0,10.0,207504.865782,518093.228409,Nederland,,BW10,Staphorst,Overijssel,land,2026-01-11,POINT (207504.8658 518093.2284)
rivm_windturbines_ashoogte_actueel.2961,90.0,105.0,3000.0,245457.993,518118.8432,Nederland,,,Coevorden,Drenthe,land,2026-01-11,POINT (245457.993 518118.8432)
rivm_windturbines_ashoogte_actueel.2962,90.0,105.0,2050.0,246388.3605,518225.0291,Nederland,,,Coevorden,Drenthe,land,2026-01-11,POINT (246388.3605 518225.0291)
rivm_windturbines_ashoogte_actueel.2963,116.0,149.0,3000.0,251222.209181,518255.114073,Duitsland,,,,,land,2026-01-11,POINT (251222.2092 518255.1141)
rivm_windturbines_ashoogte_actueel.2964,113.0,115.0,3200.0,245075.025786,518282.289394,Nederland,,,Coevorden,Drenthe,land,2026-01-11,POINT (245075.0258 518282.2894)
rivm_windturbines_ashoogte_actueel.2965,90.0,105.0,2000.0,245936.6343,518299.4251,Nederland,,,Coevorden,Drenthe,land,2026-01-11,POINT (245936.6343 518299.4251)
rivm_windturbines_ashoogte_actueel.2966,116.0,149.0,3000.0,250829.845525,518317.701352,Duitsland,,,,,land,2026-01-11,POINT (250829.8455 518317.7014)
rivm_windturbines_ashoogte_actueel.2967,71.0,85.0,2300.0,115116.771,518356.2642,Nederland,,,Dijk en Waard,Noord-Holland,land,2026-01-11,POINT (115116.771 518356.2642)
rivm_windturbines_ashoogte_actueel.2968,200.0,125.0,11000.0,76995.3087502,518439.103328,Nederland,HKN_5,Siemens Gamesa 11.0-200 DD,,,zee,2026-01-11,POINT (76995.3088 518439.1033)
rivm_windturbines_ashoogte_actueel.2969,52.0,54.0,850.0,194246.9259,518466.6483,Nederland,,,Noordoostpolder,Flevoland,land,2026-01-11,POINT (194246.9259 518466.6483)
rivm_windturbines_ashoogte_actueel.2970,200.0,125.0,11000.0,78107.2990356,518539.302618,Nederland,HKN_5,Siemens Gamesa 11.0-200 DD,,,zee,2026-01-11,POINT (78107.299 518539.3026)
rivm_windturbines_ashoogte_actueel.2971,200.0,125.0,11000.0,74082.498636,518567.789737,Nederland,HKN_5,Siemens Gamesa 11.0-200 DD,,,zee,2026-01-11,POINT (74082.4986 518567.7897)
rivm_windturbines_ashoogte_actueel.2972,13.0,15.0,15.0,130192.905994,518605.044281,Nederland,,EAZ wind,Koggenland,Noord-Holland,land,2026-01-11,POINT (130192.906 518605.0443)
rivm_windturbines_ashoogte_actueel.2973,200.0,125.0,11000.0,79240.870139,518617.618975,Nederland,HKN_5,Siemens Gamesa 11.0-200 DD,,,zee,2026-01-11,POINT (79240.8701 518617.619)
rivm_windturbines_ashoogte_actueel.2974,90.0,105.0,2000.0,246281.469532,518621.588569,Nederland,,,Coevorden,Drenthe,land,2026-01-11,POINT (246281.4695 518621.5886)
rivm_windturbines_ashoogte_actueel.2975,200.0,125.0,11000.0,80365.0063212,518654.38148,Nederland,HKN_5,Siemens Gamesa 11.0-200 DD,,,zee,2026-01-11,POINT (80365.0063 518654.3815)
rivm_windturbines_ashoogte_actueel.2976,11.0,25.0,10.0,208478.565639,518660.676056,Nederland,,,Staphorst,Overijssel,land,2026-01-11,POINT (208478.5656 518660.6761)
rivm_windturbines_ashoogte_actueel.2977,116.0,149.0,3000.0,251394.6094,518666.597266,Duitsland,,,,,land,2026-01-11,POINT (251394.6094 518666.5973)
rivm_windturbines_ashoogte_actueel.2978,54.0,40.0,900.0,142962.552684,518667.73954,Nederland,,,Drechterland,Noord-Holland,land,2026-01-11,POINT (142962.5527 518667.7395)
rivm_windturbines_ashoogte_actueel.2979,113.0,115.0,3200.0,245735.7644,518742.3897,Nederland,,,Coevorden,Drenthe,land,2026-01-11,POINT (245735.7644 518742.3897)
rivm_windturbines_ashoogte_actueel.2980,116.0,149.0,3000.0,250990.004961,518745.624788,Duitsland,,,,,land,2026-01-11,POINT (250990.005 518745.6248)
rivm_windturbines_ashoogte_actueel.2981,13.0,15.0,15.0,128043.309858,518749.64465,Nederland,,EAZ wind,Koggenland,Noord-Holland,land,2026-01-11,POINT (128043.3099 518749.6446)
rivm_windturbines_ashoogte_actueel.2982,200.0,125.0,11000.0,71195.4404215,518773.205009,Nederland,HKN_5,Siemens Gamesa 11.0-200 DD,,,zee,2026-01-11,POINT (71195.4404 518773.205)
rivm_windturbines_ashoogte_actueel.2983,136.0,114.0,3450.0,252062.994,518859.024,Nederland,,,Coevorden,Drenthe,land,2026-01-11,POINT (252062.994 518859.024)
rivm_windturbines_ashoogte_actueel.2984,136.0,114.0,3450.0,251645.972,519023.974,Nederland,,,Coevorden,Drenthe,land,2026-01-11,POINT (251645.972 519023.974)
rivm_windturbines_ashoogte_actueel.2985,136.0,114.0,3450.0,250177.017,519163.992,Nederland,,,Coevorden,Drenthe,land,2026-01-11,POINT (250177.017 519163.992)
rivm_windturbines_ashoogte_actueel.2986,136.0,114.0,3450.0,250590.996,519246.948,Nederland,,,Coevorden,Drenthe,land,2026-01-11,POINT (250590.996 519246.948)
rivm_windturbines_ashoogte_actueel.2987,11.0,25.0,10.0,206175.765926,519282.659972,Nederland,,BW10,Staphorst,Overijssel,land,2026-01-11,POINT (206175.7659 519282.66)
rivm_windturbines_ashoogte_actueel.2988,41.0,50.0,500.0,176559.1733,519289.6062,Nederland,,,Noordoostpolder,Flevoland,land,2026-01-11,POINT (176559.1733 519289.6062)
rivm_windturbines_ashoogte_actueel.2989,200.0,125.0,11000.0,75905.2529404,519425.370519,Nederland,HKN_5,Siemens Gamesa 11.0-200 DD,,,zee,2026-01-11,POINT (75905.2529 519425.3705)
rivm_windturbines_ashoogte_actueel.2990,13.0,15.0,15.0,222863.731219,519428.085109,Nederland,,EAZ wind,De Wolden,Drenthe,land,2026-01-11,POINT (222863.7312 519428.0851)
rivm_windturbines_ashoogte_actueel.2991,200.0,125.0,11000.0,71551.9829746,519595.666516,Nederland,HKN_5,Siemens Gamesa 11.0-200 DD,,,zee,2026-01-11,POINT (71551.983 519595.6665)
rivm_windturbines_ashoogte_actueel.2992,200.0,125.0,11000.0,73986.985898,519807.604265,Nederland,HKN_5,Siemens Gamesa 11.0-200 DD,,,zee,2026-01-11,POINT (73986.9859 519807.6043)
rivm_windturbines_ashoogte_actueel.2993,15.0,25.0,10.0,206413.890772,519880.674519,Nederland,,,Staphorst,Overijssel,land,2026-01-11,POINT (206413.8908 519880.6745)
rivm_windturbines_ashoogte_actueel.2994,47.0,54.0,660.0,179384.9569,519932.3874,Nederland,,,Noordoostpolder,Flevoland,land,2026-01-11,POINT (179384.9569 519932.3874)
rivm_windturbines_ashoogte_actueel.2995,66.0,98.0,1800.0,268342.547702,519939.404558,Duitsland,,,,,land,2026-01-11,POINT (268342.5477 519939.4046)
rivm_windturbines_ashoogte_actueel.2996,200.0,125.0,11000.0,80783.4379127,519963.619795,Nederland,HKN_5,Siemens Gamesa 11.0-200 DD,,,zee,2026-01-11,POINT (80783.4379 519963.6198)
rivm_windturbines_ashoogte_actueel.2997,66.0,98.0,1800.0,268714.965646,520025.463871,Duitsland,,,,,land,2026-01-11,POINT (268714.9656 520025.4639)
rivm_windturbines_ashoogte_actueel.2998,11.0,25.0,10.0,207115.472888,520045.864286,Nederland,,,Staphorst,Overijssel,land,2026-01-11,POINT (207115.4729 520045.8643)
rivm_windturbines_ashoogte_actueel.2999,29.0,33.0,225.0,141910.942,520076.0311,Nederland,,,Drechterland,Noord-Holland,land,2026-01-11,POINT (141910.942 520076.0311)
rivm_windturbines_ashoogte_actueel.3000,66.0,98.0,1800.0,269040.55591,520104.11502,Duitsland,,,,,land,2026-01-11,POINT (269040.5559 520104.115)
rivm_windturbines_ashoogte_actueel.3001,200.0,125.0,11000.0,79085.7063131,520201.09956,Nederland,HKN_5,Siemens Gamesa 11.0-200 DD,,,zee,2026-01-11,POINT (79085.7063 520201.0996)
rivm_windturbines_ashoogte_actueel.3002,66.0,98.0,1800.0,268427.092212,520211.713131,Duitsland,,,,,land,2026-01-11,POINT (268427.0922 520211.7131)
rivm_windturbines_ashoogte_actueel.3003,66.0,98.0,1800.0,269354.280914,520259.069877,Duitsland,,,,,land,2026-01-11,POINT (269354.2809 520259.0699)
rivm_windturbines_ashoogte_actueel.3004,66.0,98.0,1800.0,269728.396606,520280.074529,Duitsland,,,,,land,2026-01-11,POINT (269728.3966 520280.0745)
rivm_windturbines_ashoogte_actueel.3005,11.0,25.0,10.0,207420.208574,520336.290536,Nederland,,,Staphorst,Overijssel,land,2026-01-11,POINT (207420.2086 520336.2905)
rivm_windturbines_ashoogte_actueel.3006,16.0,25.0,10.0,236022.444153,520340.682001,Nederland,,,Hardenberg,Overijssel,land,2026-01-11,POINT (236022.4442 520340.682)
rivm_windturbines_ashoogte_actueel.3007,200.0,125.0,11000.0,71908.4653058,520419.269628,Nederland,HKN_5,Siemens Gamesa 11.0-200 DD,,,zee,2026-01-11,POINT (71908.4653 520419.2696)
rivm_windturbines_ashoogte_actueel.3008,44.0,49.0,600.0,124375.445,520426.6879,Nederland,,,Koggenland,Noord-Holland,land,2026-01-11,POINT (124375.445 520426.6879)
rivm_windturbines_ashoogte_actueel.3009,200.0,125.0,11000.0,77387.5098877,520458.991559,Nederland,HKN_5,Siemens Gamesa 11.0-200 DD,,,zee,2026-01-11,POINT (77387.5099 520458.9916)
rivm_windturbines_ashoogte_actueel.3010,44.0,49.0,600.0,124150.8645,520530.7084,Nederland,,,Koggenland,Noord-Holland,land,2026-01-11,POINT (124150.8645 520530.7084)
rivm_windturbines_ashoogte_actueel.3011,66.0,98.0,1800.0,268641.380124,520538.193911,Duitsland,,,,,land,2026-01-11,POINT (268641.3801 520538.1939)
rivm_windturbines_ashoogte_actueel.3012,66.0,98.0,1800.0,268979.306761,520550.721183,Duitsland,,,,,land,2026-01-11,POINT (268979.3068 520550.7212)
rivm_windturbines_ashoogte_actueel.3013,66.0,98.0,1800.0,269404.974553,520575.15204,Duitsland,,,,,land,2026-01-11,POINT (269404.9746 520575.152)
rivm_windturbines_ashoogte_actueel.3014,11.0,25.0,10.0,207768.044053,520583.739717,Nederland,,,Staphorst,Overijssel,land,2026-01-11,POINT (207768.0441 520583.7397)
rivm_windturbines_ashoogte_actueel.3015,66.0,98.0,1800.0,269895.540022,520613.699829,Duitsland,,,,,land,2026-01-11,POINT (269895.54 520613.6998)
rivm_windturbines_ashoogte_actueel.3016,15.0,25.0,10.0,207394.401938,520634.600401,Nederland,,,Staphorst,Overijssel,land,2026-01-11,POINT (207394.4019 520634.6004)
rivm_windturbines_ashoogte_actueel.3017,200.0,125.0,11000.0,75662.0794875,520723.169185,Nederland,HKN_5,Siemens Gamesa 11.0-200 DD,,,zee,2026-01-11,POINT (75662.0795 520723.1692)
rivm_windturbines_ashoogte_actueel.3018,14.0,15.0,25.0,211360.078918,520867.022278,Nederland,,,Staphorst,Overijssel,land,2026-01-11,POINT (211360.0789 520867.0223)
rivm_windturbines_ashoogte_actueel.3019,66.0,98.0,1800.0,269753.853173,520886.357144,Duitsland,,,,,land,2026-01-11,POINT (269753.8532 520886.3571)
rivm_windturbines_ashoogte_actueel.3020,66.0,98.0,1800.0,268461.149981,520891.201994,Duitsland,,,,,land,2026-01-11,POINT (268461.15 520891.202)
rivm_windturbines_ashoogte_actueel.3021,13.0,15.0,15.0,208288.093073,520895.102713,Nederland,,EAZ wind,Staphorst,Overijssel,land,2026-01-11,POINT (208288.0931 520895.1027)
rivm_windturbines_ashoogte_actueel.3022,66.0,98.0,1800.0,268862.275766,520926.092837,Duitsland,,,,,land,2026-01-11,POINT (268862.2758 520926.0928)
rivm_windturbines_ashoogte_actueel.3023,66.0,98.0,1800.0,270037.080626,520956.124227,Duitsland,,,,,land,2026-01-11,POINT (270037.0806 520956.1242)
rivm_windturbines_ashoogte_actueel.3024,66.0,98.0,1800.0,269294.075946,520962.401268,Duitsland,,,,,land,2026-01-11,POINT (269294.0759 520962.4013)
rivm_windturbines_ashoogte_actueel.3025,200.0,125.0,11000.0,73958.2314344,520981.408594,Nederland,HKN_5,Siemens Gamesa 11.0-200 DD,,,zee,2026-01-11,POINT (73958.2314 520981.4086)
rivm_windturbines_ashoogte_actueel.3026,48.0,53.0,750.0,179890.6553,521001.5774,Nederland,,,Noordoostpolder,Flevoland,land,2026-01-11,POINT (179890.6553 521001.5774)
rivm_windturbines_ashoogte_actueel.3027,11.0,25.0,10.0,207999.033043,521078.218518,Nederland,,,Staphorst,Overijssel,land,2026-01-11,POINT (207999.033 521078.2185)
rivm_windturbines_ashoogte_actueel.3028,11.0,25.0,10.0,212386.244057,521169.331137,Nederland,,,Staphorst,Overijssel,land,2026-01-11,POINT (212386.2441 521169.3311)
rivm_windturbines_ashoogte_actueel.3029,66.0,98.0,1800.0,269632.410014,521184.092233,Duitsland,,,,,land,2026-01-11,POINT (269632.41 521184.0922)
rivm_windturbines_ashoogte_actueel.3030,200.0,125.0,11000.0,72265.0820566,521242.637011,Nederland,HKN_5,Siemens Gamesa 11.0-200 DD,,,zee,2026-01-11,POINT (72265.0821 521242.637)
rivm_windturbines_ashoogte_actueel.3031,66.0,98.0,1800.0,268989.00289,521304.493919,Duitsland,,,,,land,2026-01-11,POINT (268989.0029 521304.4939)
rivm_windturbines_ashoogte_actueel.3032,48.0,50.0,800.0,121078.6018,521313.9336,Nederland,,,Koggenland,Noord-Holland,land,2026-01-11,POINT (121078.6018 521313.9336)
rivm_windturbines_ashoogte_actueel.3033,48.0,50.0,800.0,120838.095,521318.4678,Nederland,,,Koggenland,Noord-Holland,land,2026-01-11,POINT (120838.095 521318.4678)
rivm_windturbines_ashoogte_actueel.3034,66.0,98.0,1800.0,269377.125659,521352.482197,Duitsland,,,,,land,2026-01-11,POINT (269377.1257 521352.4822)
rivm_windturbines_ashoogte_actueel.3035,66.0,98.0,1800.0,270061.456064,521410.567892,Duitsland,,,,,land,2026-01-11,POINT (270061.4561 521410.5679)
rivm_windturbines_ashoogte_actueel.3036,13.0,15.0,15.0,235076.792601,521578.966622,Nederland,,EAZ wind,Hoogeveen,Drenthe,land,2026-01-11,POINT (235076.7926 521578.9666)
rivm_windturbines_ashoogte_actueel.3037,66.0,98.0,1800.0,269002.663879,521705.628996,Duitsland,,,,,land,2026-01-11,POINT (269002.6639 521705.629)
rivm_windturbines_ashoogte_actueel.3038,66.0,98.0,1800.0,269555.598026,521752.291146,Duitsland,,,,,land,2026-01-11,POINT (269555.598 521752.2911)
rivm_windturbines_ashoogte_actueel.3039,66.0,98.0,1800.0,270027.684529,521792.671828,Duitsland,,,,,land,2026-01-11,POINT (270027.6845 521792.6718)
rivm_windturbines_ashoogte_actueel.3040,127.0,135.0,7500.0,169077.851,521810.5912,Nederland,,Enercon E-126,Noordoostpolder,Flevoland,land,2026-01-11,POINT (169077.851 521810.5912)
rivm_windturbines_ashoogte_actueel.3041,48.0,50.0,800.0,147516.3173,521916.5387,Nederland,,,Enkhuizen,Noord-Holland,land,2026-01-11,POINT (147516.3173 521916.5387)
rivm_windturbines_ashoogte_actueel.3042,48.0,50.0,800.0,147668.2936,522061.6941,Nederland,,,Enkhuizen,Noord-Holland,land,2026-01-11,POINT (147668.2936 522061.6941)
rivm_windturbines_ashoogte_actueel.3043,92.0,85.0,2350.0,135503.136898,522071.834199,Nederland,,,Medemblik,Noord-Holland,land,2026-01-11,POINT (135503.1369 522071.8342)
rivm_windturbines_ashoogte_actueel.3044,48.0,50.0,800.0,147821.7161,522206.9602,Nederland,,,Enkhuizen,Noord-Holland,land,2026-01-11,POINT (147821.7161 522206.9602)
rivm_windturbines_ashoogte_actueel.3045,92.0,85.0,2350.0,135852.694599,522288.074147,Nederland,,,Medemblik,Noord-Holland,land,2026-01-11,POINT (135852.6946 522288.0741)
rivm_windturbines_ashoogte_actueel.3046,127.0,135.0,7500.0,169078.8859,522326.3108,Nederland,,Enercon E-126,Noordoostpolder,Flevoland,land,2026-01-11,POINT (169078.8859 522326.3108)
rivm_windturbines_ashoogte_actueel.3047,48.0,50.0,800.0,147972.6674,522351.9616,Nederland,,,Enkhuizen,Noord-Holland,land,2026-01-11,POINT (147972.6674 522351.9616)
rivm_windturbines_ashoogte_actueel.3048,200.0,125.0,11000.0,77924.7484837,522402.789808,Nederland,HKN_5,Siemens Gamesa 11.0-200 DD,,,zee,2026-01-11,POINT (77924.7485 522402.7898)
rivm_windturbines_ashoogte_actueel.3049,92.0,85.0,2350.0,136220.26948,522483.860891,Nederland,,,Medemblik,Noord-Holland,land,2026-01-11,POINT (136220.2695 522483.8609)
rivm_windturbines_ashoogte_actueel.3050,48.0,50.0,800.0,148124.3688,522496.331,Nederland,,,Enkhuizen,Noord-Holland,land,2026-01-11,POINT (148124.3688 522496.331)
rivm_windturbines_ashoogte_actueel.3051,200.0,125.0,11000.0,79398.761982,522562.953944,Nederland,HKN_5,Siemens Gamesa 11.0-200 DD,,,zee,2026-01-11,POINT (79398.762 522562.9539)
rivm_windturbines_ashoogte_actueel.3052,92.0,85.0,2350.0,136595.794651,522662.212054,Nederland,,,Medemblik,Noord-Holland,land,2026-01-11,POINT (136595.7947 522662.2121)
rivm_windturbines_ashoogte_actueel.3053,13.0,15.0,15.0,247491.652624,522820.634105,Nederland,,EAZ wind,Coevorden,Drenthe,land,2026-01-11,POINT (247491.6526 522820.6341)
rivm_windturbines_ashoogte_actueel.3054,92.0,85.0,2350.0,136972.694428,522830.226193,Nederland,,,Medemblik,Noord-Holland,land,2026-01-11,POINT (136972.6944 522830.2262)
rivm_windturbines_ashoogte_actueel.3055,127.0,135.0,7500.0,169087.5614,522836.2296,Nederland,,Enercon E-126,Noordoostpolder,Flevoland,land,2026-01-11,POINT (169087.5614 522836.2296)
rivm_windturbines_ashoogte_actueel.3056,200.0,125.0,11000.0,76524.0235347,522862.455185,Nederland,HKN_5,Siemens Gamesa 11.0-200 DD,,,zee,2026-01-11,POINT (76524.0235 522862.4552)
rivm_windturbines_ashoogte_actueel.3057,107.0,100.0,3000.0,168427.5893,523047.4721,Nederland,,Siemens 3.0DD,Noordoostpolder,Flevoland,binnenwater,2026-01-11,POINT (168427.5893 523047.4721)
rivm_windturbines_ashoogte_actueel.3058,200.0,125.0,11000.0,74902.2082984,523105.001094,Nederland,HKN_5,Siemens Gamesa 11.0-200 DD,,,zee,2026-01-11,POINT (74902.2083 523105.0011)
rivm_windturbines_ashoogte_actueel.3059,200.0,125.0,11000.0,73088.1445455,523141.929824,Nederland,HKN_5,Siemens Gamesa 11.0-200 DD,,,zee,2026-01-11,POINT (73088.1445 523141.9298)
rivm_windturbines_ashoogte_actueel.3060,200.0,125.0,11000.0,80640.4934554,523243.693,Nederland,HKN_5,Siemens Gamesa 11.0-200 DD,,,zee,2026-01-11,POINT (80640.4935 523243.693)
rivm_windturbines_ashoogte_actueel.3061,127.0,135.0,7500.0,169094.9313,523350.8092,Nederland,,Enercon E-126,Noordoostpolder,Flevoland,land,2026-01-11,POINT (169094.9313 523350.8092)
rivm_windturbines_ashoogte_actueel.3062,52.0,54.0,850.0,172533.1422,523452.1878,Nederland,,,Noordoostpolder,Flevoland,land,2026-01-11,POINT (172533.1422 523452.1878)
rivm_windturbines_ashoogte_actueel.3063,107.0,100.0,3000.0,167830.9527,523459.4291,Nederland,,Siemens 3.0DD,Noordoostpolder,Flevoland,binnenwater,2026-01-11,POINT (167830.9527 523459.4291)
rivm_windturbines_ashoogte_actueel.3064,107.0,100.0,3000.0,168432.6164,523459.4291,Nederland,,Siemens 3.0DD,Noordoostpolder,Flevoland,binnenwater,2026-01-11,POINT (168432.6164 523459.4291)
rivm_windturbines_ashoogte_actueel.3065,48.0,55.0,750.0,173423.8089,523587.7142,Nederland,,,Noordoostpolder,Flevoland,land,2026-01-11,POINT (173423.8089 523587.7142)
rivm_windturbines_ashoogte_actueel.3066,200.0,125.0,11000.0,78662.2799436,523617.657981,Nederland,HKN_5,Siemens Gamesa 11.0-200 DD,,,zee,2026-01-11,POINT (78662.2799 523617.658)
rivm_windturbines_ashoogte_actueel.3067,13.0,15.0,15.0,221510.224037,523853.349036,Nederland,,EAZ wind,De Wolden,Drenthe,land,2026-01-11,POINT (221510.224 523853.349)
rivm_windturbines_ashoogte_actueel.3068,127.0,135.0,7500.0,169098.1906,523862.4271,Nederland,,Enercon E-126 EP4,Noordoostpolder,Flevoland,land,2026-01-11,POINT (169098.1906 523862.4271)
rivm_windturbines_ashoogte_actueel.3069,107.0,100.0,3000.0,168438.9664,523878.53,Nederland,,Siemens 3.0DD,Noordoostpolder,Flevoland,binnenwater,2026-01-11,POINT (168438.9664 523878.53)
rivm_windturbines_ashoogte_actueel.3070,107.0,100.0,3000.0,167832.5402,523880.1175,Nederland,,Siemens 3.0DD,Noordoostpolder,Flevoland,binnenwater,2026-01-11,POINT (167832.5402 523880.1175)
rivm_windturbines_ashoogte_actueel.3071,200.0,125.0,11000.0,73448.1540657,523973.247502,Nederland,HKN_5,Siemens Gamesa 11.0-200 DD,,,zee,2026-01-11,POINT (73448.1541 523973.2475)
rivm_windturbines_ashoogte_actueel.3072,200.0,125.0,11000.0,82769.0169053,524053.232453,Nederland,HKN_5,Siemens Gamesa 11.0-200 DD,,,zee,2026-01-11,POINT (82769.0169 524053.2325)
rivm_windturbines_ashoogte_actueel.3073,47.0,56.0,660.0,172539.9708,524132.8839,Nederland,,,Noordoostpolder,Flevoland,land,2026-01-11,POINT (172539.9708 524132.8839)
rivm_windturbines_ashoogte_actueel.3074,13.0,15.0,15.0,222975.184735,524145.280867,Nederland,,EAZ wind,De Wolden,Drenthe,land,2026-01-11,POINT (222975.1847 524145.2809)
rivm_windturbines_ashoogte_actueel.3075,107.0,100.0,3000.0,167837.3027,524293.6621,Nederland,,Siemens 3.0DD,Noordoostpolder,Flevoland,binnenwater,2026-01-11,POINT (167837.3027 524293.6621)
rivm_windturbines_ashoogte_actueel.3076,107.0,100.0,3000.0,168437.3789,524295.2496,Nederland,,Siemens 3.0DD,Noordoostpolder,Flevoland,binnenwater,2026-01-11,POINT (168437.3789 524295.2496)
rivm_windturbines_ashoogte_actueel.3077,127.0,135.0,7500.0,169107.7156,524376.7781,Nederland,,Enercon E-126 EP4,Noordoostpolder,Flevoland,land,2026-01-11,POINT (169107.7156 524376.7781)
rivm_windturbines_ashoogte_actueel.3078,15.6,31.4,75.0,169751.9772,524382.8831,Nederland,,,Noordoostpolder,Flevoland,land,2026-01-11,POINT (169751.9772 524382.8831)
rivm_windturbines_ashoogte_actueel.3079,200.0,125.0,11000.0,83621.166086,524422.568832,Nederland,HKN_5,Siemens Gamesa 11.0-200 DD,,,zee,2026-01-11,POINT (83621.1661 524422.5688)
rivm_windturbines_ashoogte_actueel.3080,33.4,40.0,300.0,174800.0748,524467.1105,Nederland,,,Noordoostpolder,Flevoland,land,2026-01-11,POINT (174800.0748 524467.1105)
rivm_windturbines_ashoogte_actueel.3081,52.0,57.0,850.0,113409.6031,524667.5681,Nederland,,,Dijk en Waard,Noord-Holland,land,2026-01-11,POINT (113409.6031 524667.5681)
rivm_windturbines_ashoogte_actueel.3082,200.0,125.0,11000.0,75602.685663,524667.958116,Nederland,HKN_5,Siemens Gamesa 11.0-200 DD,,,zee,2026-01-11,POINT (75602.6857 524667.9581)
rivm_windturbines_ashoogte_actueel.3083,107.0,100.0,3000.0,168448.4914,524704.0316,Nederland,,Siemens 3.0DD,Noordoostpolder,Flevoland,binnenwater,2026-01-11,POINT (168448.4914 524704.0316)
rivm_windturbines_ashoogte_actueel.3084,107.0,100.0,3000.0,167842.0652,524707.2066,Nederland,,Siemens 3.0DD,Noordoostpolder,Flevoland,binnenwater,2026-01-11,POINT (167842.0652 524707.2066)
rivm_windturbines_ashoogte_actueel.3085,200.0,125.0,11000.0,73808.3185811,524803.738225,Nederland,HKN_5,Siemens Gamesa 11.0-200 DD,,,zee,2026-01-11,POINT (73808.3186 524803.7382)
rivm_windturbines_ashoogte_actueel.3086,127.0,135.0,7500.0,169116.1823,524893.2458,Nederland,,Enercon E-126 EP4,Noordoostpolder,Flevoland,land,2026-01-11,POINT (169116.1823 524893.2458)
rivm_windturbines_ashoogte_actueel.3087,200.0,125.0,11000.0,80116.2691627,524898.510702,Nederland,HKN_5,Siemens Gamesa 11.0-200 DD,,,zee,2026-01-11,POINT (80116.2692 524898.5107)
rivm_windturbines_ashoogte_actueel.3088,200.0,125.0,11000.0,84587.7974751,524900.153714,Nederland,HKN_5,Siemens Gamesa 11.0-200 DD,,,zee,2026-01-11,POINT (84587.7975 524900.1537)
rivm_windturbines_ashoogte_actueel.3089,52.0,57.0,850.0,113442.7514,524900.663,Nederland,,,Dijk en Waard,Noord-Holland,land,2026-01-11,POINT (113442.7514 524900.663)
rivm_windturbines_ashoogte_actueel.3090,200.0,125.0,11000.0,77626.4393606,524970.504994,Nederland,HKN_5,Siemens Gamesa 11.0-200 DD,,,zee,2026-01-11,POINT (77626.4394 524970.505)
rivm_windturbines_ashoogte_actueel.3091,107.0,100.0,3000.0,167846.8277,525127.1012,Nederland,,Siemens 3.0DD,Noordoostpolder,Flevoland,binnenwater,2026-01-11,POINT (167846.8277 525127.1012)
rivm_windturbines_ashoogte_actueel.3092,107.0,100.0,3000.0,168451.6664,525130.2762,Nederland,,Siemens 3.0DD,Noordoostpolder,Flevoland,binnenwater,2026-01-11,POINT (168451.6664 525130.2762)
rivm_windturbines_ashoogte_actueel.3093,52.0,57.0,850.0,113488.2677,525131.4889,Nederland,,,Dijk en Waard,Noord-Holland,land,2026-01-11,POINT (113488.2677 525131.4889)
rivm_windturbines_ashoogte_actueel.3094,53.0,60.0,800.0,113370.3633,525356.079,Nederland,,,Schagen,Noord-Holland,land,2026-01-11,POINT (113370.3633 525356.079)
rivm_windturbines_ashoogte_actueel.3095,200.0,125.0,11000.0,81380.8322173,525381.152412,Nederland,HKN_5,Siemens Gamesa 11.0-200 DD,,,zee,2026-01-11,POINT (81380.8322 525381.1524)
rivm_windturbines_ashoogte_actueel.3096,13.0,15.0,15.0,245618.765031,525389.553232,Nederland,,EAZ wind,Coevorden,Drenthe,land,2026-01-11,POINT (245618.765 525389.5532)
rivm_windturbines_ashoogte_actueel.3097,127.0,135.0,7500.0,169117.2406,525402.3052,Nederland,,Enercon E-126 EP4,Noordoostpolder,Flevoland,land,2026-01-11,POINT (169117.2406 525402.3052)
rivm_windturbines_ashoogte_actueel.3098,13.0,15.0,15.0,212934.664405,525447.150756,Nederland,,EAZ wind,De Wolden,Drenthe,land,2026-01-11,POINT (212934.6644 525447.1508)
rivm_windturbines_ashoogte_actueel.3099,200.0,125.0,11000.0,82682.8196232,525491.246844,Nederland,HKN_5,Siemens Gamesa 11.0-200 DD,,,zee,2026-01-11,POINT (82682.8196 525491.2468)
rivm_windturbines_ashoogte_actueel.3100,200.0,125.0,11000.0,85427.8880861,525523.476083,Nederland,HKN_5,Siemens Gamesa 11.0-200 DD,,,zee,2026-01-11,POINT (85427.8881 525523.4761)
rivm_windturbines_ashoogte_actueel.3101,107.0,100.0,3000.0,168453.2539,525538.2645,Nederland,,Siemens 3.0DD,Noordoostpolder,Flevoland,binnenwater,2026-01-11,POINT (168453.2539 525538.2645)
rivm_windturbines_ashoogte_actueel.3102,107.0,100.0,3000.0,167850.0027,525542.2333,Nederland,,Siemens 3.0DD,Noordoostpolder,Flevoland,binnenwater,2026-01-11,POINT (167850.0027 525542.2333)
rivm_windturbines_ashoogte_actueel.3103,53.0,60.0,800.0,113388.3576,525584.9379,Nederland,,,Schagen,Noord-Holland,land,2026-01-11,POINT (113388.3576 525584.9379)
rivm_windturbines_ashoogte_actueel.3104,200.0,125.0,11000.0,74238.5941195,525597.027859,Nederland,HKN_5,Siemens Gamesa 11.0-200 DD,,,zee,2026-01-11,POINT (74238.5941 525597.0279)
rivm_windturbines_ashoogte_actueel.3105,48.0,53.0,750.0,169745.077,525649.3829,Nederland,,,Noordoostpolder,Flevoland,land,2026-01-11,POINT (169745.077 525649.3829)
rivm_windturbines_ashoogte_actueel.3106,53.0,60.0,800.0,113416.993,525814.7328,Nederland,,,Schagen,Noord-Holland,land,2026-01-11,POINT (113416.993 525814.7328)
rivm_windturbines_ashoogte_actueel.3107,71.0,64.0,2300.0,121312.359009,525907.360342,Nederland,,,Hollands Kroon,Noord-Holland,land,2026-01-11,POINT (121312.359 525907.3603)
rivm_windturbines_ashoogte_actueel.3108,127.0,135.0,7500.0,169119.3669,525918.4733,Nederland,,Enercon E-126,Noordoostpolder,Flevoland,land,2026-01-11,POINT (169119.3669 525918.4733)
rivm_windturbines_ashoogte_actueel.3109,13.0,15.0,15.0,206178.798567,525954.541608,Nederland,,EAZ wind,Meppel,Drenthe,land,2026-01-11,POINT (206178.7986 525954.5416)
rivm_windturbines_ashoogte_actueel.3110,107.0,100.0,3000.0,168458.0165,525956.5716,Nederland,,Siemens 3.0DD,Noordoostpolder,Flevoland,binnenwater,2026-01-11,POINT (168458.0165 525956.5716)
rivm_windturbines_ashoogte_actueel.3111,13.0,15.0,15.0,219953.099039,525957.974353,Nederland,,EAZ wind,De Wolden,Drenthe,land,2026-01-11,POINT (219953.099 525957.9744)
rivm_windturbines_ashoogte_actueel.3112,107.0,100.0,3000.0,167854.7653,525958.1591,Nederland,,Siemens 3.0DD,Noordoostpolder,Flevoland,binnenwater,2026-01-11,POINT (167854.7653 525958.1591)
rivm_windturbines_ashoogte_actueel.3113,13.0,15.0,15.0,213745.719045,525961.118,Nederland,,EAZ wind,De Wolden,Drenthe,land,2026-01-11,POINT (213745.719 525961.118)
rivm_windturbines_ashoogte_actueel.3114,13.0,15.0,15.0,112772.489117,525980.42619,Nederland,,EAZ wind,Schagen,Noord-Holland,land,2026-01-11,POINT (112772.4891 525980.4262)
rivm_windturbines_ashoogte_actueel.3115,200.0,125.0,11000.0,84446.3575837,525988.595265,Nederland,HKN_5,Siemens Gamesa 11.0-200 DD,,,zee,2026-01-11,POINT (84446.3576 525988.5953)
rivm_windturbines_ashoogte_actueel.3116,53.0,60.0,800.0,113454.4796,526033.8889,Nederland,,,Schagen,Noord-Holland,land,2026-01-11,POINT (113454.4796 526033.8889)
rivm_windturbines_ashoogte_actueel.3117,53.0,60.0,800.0,113505.3794,526242.8146,Nederland,,,Schagen,Noord-Holland,land,2026-01-11,POINT (113505.3794 526242.8146)
rivm_windturbines_ashoogte_actueel.3118,200.0,125.0,11000.0,74793.9566508,526315.325691,Nederland,HKN_5,Siemens Gamesa 11.0-200 DD,,,zee,2026-01-11,POINT (74793.9567 526315.3257)
rivm_windturbines_ashoogte_actueel.3119,200.0,125.0,11000.0,79126.0480708,526335.749715,Nederland,HKN_5,Siemens Gamesa 11.0-200 DD,,,zee,2026-01-11,POINT (79126.0481 526335.7497)
rivm_windturbines_ashoogte_actueel.3120,18.0,31.4,80.0,170124.306,526340.9728,Nederland,,,Noordoostpolder,Flevoland,land,2026-01-11,POINT (170124.306 526340.9728)
rivm_windturbines_ashoogte_actueel.3121,18.0,31.0,80.0,169728.5998,526347.9181,Nederland,,,Noordoostpolder,Flevoland,land,2026-01-11,POINT (169728.5998 526347.9181)
rivm_windturbines_ashoogte_actueel.3122,107.0,100.0,3000.0,167854.7653,526374.8787,Nederland,,Siemens 3.0DD,Noordoostpolder,Flevoland,binnenwater,2026-01-11,POINT (167854.7653 526374.8787)
rivm_windturbines_ashoogte_actueel.3123,107.0,100.0,3000.0,168464.3665,526376.4662,Nederland,,Siemens 3.0DD,Noordoostpolder,Flevoland,binnenwater,2026-01-11,POINT (168464.3665 526376.4662)
rivm_windturbines_ashoogte_actueel.3124,200.0,125.0,11000.0,85423.6390712,526426.579889,Nederland,HKN_5,Siemens Gamesa 11.0-200 DD,,,zee,2026-01-11,POINT (85423.6391 526426.5799)
rivm_windturbines_ashoogte_actueel.3125,127.0,135.0,7500.0,169126.375,526430.8874,Nederland,,Enercon E-126,Noordoostpolder,Flevoland,land,2026-01-11,POINT (169126.375 526430.8874)
rivm_windturbines_ashoogte_actueel.3126,53.0,60.0,800.0,113566.1126,526451.8245,Nederland,,,Schagen,Noord-Holland,land,2026-01-11,POINT (113566.1126 526451.8245)
rivm_windturbines_ashoogte_actueel.3127,44.0,50.0,600.0,121364.7511,526480.9973,Nederland,,,Hollands Kroon,Noord-Holland,land,2026-01-11,POINT (121364.7511 526480.9973)
rivm_windturbines_ashoogte_actueel.3128,18.0,40.0,80.0,192073.9238,526506.8948,Nederland,,,Noordoostpolder,Flevoland,land,2026-01-11,POINT (192073.9238 526506.8948)
rivm_windturbines_ashoogte_actueel.3129,200.0,125.0,11000.0,76788.1897282,526579.319629,Nederland,HKN_5,Siemens Gamesa 11.0-200 DD,,,zee,2026-01-11,POINT (76788.1897 526579.3196)
rivm_windturbines_ashoogte_actueel.3130,52.0,60.0,850.0,141227.7445,526582.789,Nederland,,,Medemblik,Noord-Holland,land,2026-01-11,POINT (141227.7445 526582.789)
rivm_windturbines_ashoogte_actueel.3131,53.0,60.0,800.0,113636.7177,526655.8063,Nederland,,,Schagen,Noord-Holland,land,2026-01-11,POINT (113636.7177 526655.8063)
rivm_windturbines_ashoogte_actueel.3132,52.0,60.0,850.0,141446.544,526668.7889,Nederland,,,Medemblik,Noord-Holland,land,2026-01-11,POINT (141446.544 526668.7889)
rivm_windturbines_ashoogte_actueel.3133,200.0,125.0,11000.0,83381.6258172,526678.249311,Nederland,HKN_5,Siemens Gamesa 11.0-200 DD,,,zee,2026-01-11,POINT (83381.6258 526678.2493)
rivm_windturbines_ashoogte_actueel.3134,107.0,100.0,3000.0,168467.5415,526785.2483,Nederland,,Siemens 3.0DD,Noordoostpolder,Flevoland,binnenwater,2026-01-11,POINT (168467.5415 526785.2483)
rivm_windturbines_ashoogte_actueel.3135,107.0,100.0,3000.0,167864.2903,526786.8358,Nederland,,Siemens 3.0DD,Noordoostpolder,Flevoland,binnenwater,2026-01-11,POINT (167864.2903 526786.8358)
rivm_windturbines_ashoogte_actueel.3136,52.0,60.0,850.0,141716.5435,526798.0887,Nederland,,,Medemblik,Noord-Holland,land,2026-01-11,POINT (141716.5435 526798.0887)
rivm_windturbines_ashoogte_actueel.3137,54.0,60.0,900.0,142468.2217,526809.7882,Nederland,,,Medemblik,Noord-Holland,land,2026-01-11,POINT (142468.2217 526809.7882)
rivm_windturbines_ashoogte_actueel.3138,53.0,60.0,800.0,113718.6878,526852.8552,Nederland,,,Schagen,Noord-Holland,land,2026-01-11,POINT (113718.6878 526852.8552)
rivm_windturbines_ashoogte_actueel.3139,127.0,135.0,7500.0,169130.1946,526946.0144,Nederland,,Enercon E-126,Noordoostpolder,Flevoland,land,2026-01-11,POINT (169130.1946 526946.0144)
rivm_windturbines_ashoogte_actueel.3140,52.0,55.0,850.0,137705.9532,526993.4914,Nederland,,,Medemblik,Noord-Holland,land,2026-01-11,POINT (137705.9532 526993.4914)
rivm_windturbines_ashoogte_actueel.3141,15.6,24.5,75.0,105406.1297,527006.0314,Nederland,,,Bergen (NH),Noord-Holland,land,2026-01-11,POINT (105406.1297 527006.0314)
rivm_windturbines_ashoogte_actueel.3142,71.0,70.0,2050.0,118991.2174,527019.0794,Nederland,,,Hollands Kroon,Noord-Holland,land,2026-01-11,POINT (118991.2174 527019.0794)
rivm_windturbines_ashoogte_actueel.3143,200.0,125.0,11000.0,75348.6789894,527034.803567,Nederland,HKN_5,Siemens Gamesa 11.0-200 DD,,,zee,2026-01-11,POINT (75348.679 527034.8036)
rivm_windturbines_ashoogte_actueel.3144,13.0,15.0,15.0,219795.651839,527103.128451,Nederland,,EAZ wind,De Wolden,Drenthe,land,2026-01-11,POINT (219795.6518 527103.1285)
rivm_windturbines_ashoogte_actueel.3145,13.0,15.0,15.0,214535.478662,527130.401034,Nederland,,EAZ wind,De Wolden,Drenthe,land,2026-01-11,POINT (214535.4787 527130.401)
rivm_windturbines_ashoogte_actueel.3146,200.0,125.0,11000.0,80432.6026851,527170.56068,Nederland,HKN_5,Siemens Gamesa 11.0-200 DD,,,zee,2026-01-11,POINT (80432.6027 527170.5607)
rivm_windturbines_ashoogte_actueel.3147,107.0,100.0,3000.0,168475.479,527200.3804,Nederland,,Siemens 3.0DD,Noordoostpolder,Flevoland,binnenwater,2026-01-11,POINT (168475.479 527200.3804)
rivm_windturbines_ashoogte_actueel.3148,107.0,100.0,3000.0,167869.0528,527201.9679,Nederland,,Siemens 3.0DD,Noordoostpolder,Flevoland,binnenwater,2026-01-11,POINT (167869.0528 527201.9679)
rivm_windturbines_ashoogte_actueel.3149,15.6,31.4,75.0,145409.675,527263.9164,Nederland,,,Medemblik,Noord-Holland,land,2026-01-11,POINT (145409.675 527263.9164)
rivm_windturbines_ashoogte_actueel.3150,200.0,125.0,11000.0,85439.0816345,527329.11969,Nederland,HKN_5,Siemens Gamesa 11.0-200 DD,,,zee,2026-01-11,POINT (85439.0816 527329.1197)
rivm_windturbines_ashoogte_actueel.3151,127.0,135.0,7500.0,169137.2017,527455.8238,Nederland,,Enercon E-126,Noordoostpolder,Flevoland,land,2026-01-11,POINT (169137.2017 527455.8238)
rivm_windturbines_ashoogte_actueel.3152,52.0,60.0,850.0,143217.8404,527478.5876,Nederland,,,Medemblik,Noord-Holland,land,2026-01-11,POINT (143217.8404 527478.5876)
rivm_windturbines_ashoogte_actueel.3153,15.6,31.4,75.0,141675.42749,527488.668091,Nederland,,,Medemblik,Noord-Holland,land,2026-01-11,POINT (141675.4275 527488.6681)
rivm_windturbines_ashoogte_actueel.3154,18.0,40.0,80.0,108100.5944,527615.0268,Nederland,,,Schagen,Noord-Holland,land,2026-01-11,POINT (108100.5944 527615.0268)
rivm_windturbines_ashoogte_actueel.3155,107.0,100.0,3000.0,168472.304,527617.1,Nederland,,Siemens 3.0DD,Noordoostpolder,Flevoland,binnenwater,2026-01-11,POINT (168472.304 527617.1)
rivm_windturbines_ashoogte_actueel.3156,107.0,100.0,3000.0,167875.4028,527618.6875,Nederland,,Siemens 3.0DD,Noordoostpolder,Flevoland,binnenwater,2026-01-11,POINT (167875.4028 527618.6875)
rivm_windturbines_ashoogte_actueel.3157,200.0,125.0,11000.0,75903.777975,527753.826489,Nederland,HKN_5,Siemens Gamesa 11.0-200 DD,,,zee,2026-01-11,POINT (75903.778 527753.8265)
rivm_windturbines_ashoogte_actueel.3158,48.0,50.0,800.0,130874.5963,527795.5521,Nederland,,,Medemblik,Noord-Holland,land,2026-01-11,POINT (130874.5963 527795.5521)
rivm_windturbines_ashoogte_actueel.3159,15.6,31.4,75.0,144674.8172,527928.6267,Nederland,,,Medemblik,Noord-Holland,land,2026-01-11,POINT (144674.8172 527928.6267)
rivm_windturbines_ashoogte_actueel.3160,200.0,125.0,11000.0,82570.3203011,527944.975748,Nederland,HKN_5,Siemens Gamesa 11.0-200 DD,,,zee,2026-01-11,POINT (82570.3203 527944.9757)
rivm_windturbines_ashoogte_actueel.3161,127.0,135.0,7500.0,169142.319,527972.006,Nederland,,Enercon E-126,Noordoostpolder,Flevoland,land,2026-01-11,POINT (169142.319 527972.006)
rivm_windturbines_ashoogte_actueel.3162,48.0,50.0,800.0,130926.2653,527986.987,Nederland,,,Medemblik,Noord-Holland,land,2026-01-11,POINT (130926.2653 527986.987)
rivm_windturbines_ashoogte_actueel.3163,107.0,100.0,3000.0,168477.0665,528033.0258,Nederland,,Siemens 3.0DD,Noordoostpolder,Flevoland,binnenwater,2026-01-11,POINT (168477.0665 528033.0258)
rivm_windturbines_ashoogte_actueel.3164,107.0,100.0,3000.0,167875.4028,528039.3758,Nederland,,Siemens 3.0DD,Noordoostpolder,Flevoland,binnenwater,2026-01-11,POINT (167875.4028 528039.3758)
rivm_windturbines_ashoogte_actueel.3165,48.0,50.0,800.0,130977.9712,528179.1664,Nederland,,,Medemblik,Noord-Holland,land,2026-01-11,POINT (130977.9712 528179.1664)
rivm_windturbines_ashoogte_actueel.3166,200.0,125.0,11000.0,85486.2917141,528235.261979,Nederland,HKN_5,Siemens Gamesa 11.0-200 DD,,,zee,2026-01-11,POINT (85486.2917 528235.262)
rivm_windturbines_ashoogte_actueel.3167,18.0,24.5,80.0,107729.7982,528286.0738,Nederland,,,Schagen,Noord-Holland,land,2026-01-11,POINT (107729.7982 528286.0738)
rivm_windturbines_ashoogte_actueel.3168,200.0,125.0,11000.0,78175.1233671,528304.200699,Nederland,HKN_5,Siemens Gamesa 11.0-200 DD,,,zee,2026-01-11,POINT (78175.1234 528304.2007)
rivm_windturbines_ashoogte_actueel.3169,48.0,50.0,800.0,131027.3055,528363.2738,Nederland,,,Medemblik,Noord-Holland,land,2026-01-11,POINT (131027.3055 528363.2738)
rivm_windturbines_ashoogte_actueel.3170,18.0,24.5,80.0,107715.4976,528364.1463,Nederland,,,Schagen,Noord-Holland,land,2026-01-11,POINT (107715.4976 528364.1463)
rivm_windturbines_ashoogte_actueel.3171,200.0,125.0,11000.0,79893.7452042,528406.508843,Nederland,HKN_5,Siemens Gamesa 11.0-200 DD,,,zee,2026-01-11,POINT (79893.7452 528406.5088)
rivm_windturbines_ashoogte_actueel.3172,18.0,24.5,80.0,107700.7888,528442.4783,Nederland,,,Schagen,Noord-Holland,land,2026-01-11,POINT (107700.7888 528442.4783)
rivm_windturbines_ashoogte_actueel.3173,107.0,100.0,3000.0,168489.7665,528448.1579,Nederland,,Siemens 3.0DD,Noordoostpolder,Flevoland,binnenwater,2026-01-11,POINT (168489.7665 528448.1579)
rivm_windturbines_ashoogte_actueel.3174,107.0,100.0,3000.0,167880.1653,528452.9204,Nederland,,Siemens 3.0DD,Noordoostpolder,Flevoland,binnenwater,2026-01-11,POINT (167880.1653 528452.9204)
rivm_windturbines_ashoogte_actueel.3175,200.0,125.0,11000.0,76458.5084223,528472.559209,Nederland,HKN_5,Siemens Gamesa 11.0-200 DD,,,zee,2026-01-11,POINT (76458.5084 528472.5592)
rivm_windturbines_ashoogte_actueel.3176,127.0,135.0,7500.0,169147.7048,528485.5543,Nederland,,Enercon E-126,Noordoostpolder,Flevoland,land,2026-01-11,POINT (169147.7048 528485.5543)
rivm_windturbines_ashoogte_actueel.3177,15.6,24.5,75.0,107684.679,528521.2103,Nederland,,,Schagen,Noord-Holland,land,2026-01-11,POINT (107684.679 528521.2103)
rivm_windturbines_ashoogte_actueel.3178,44.0,55.0,600.0,172589.4696,528543.883,Nederland,,,Noordoostpolder,Flevoland,land,2026-01-11,POINT (172589.4696 528543.883)
rivm_windturbines_ashoogte_actueel.3179,48.0,50.0,800.0,131077.7225,528546.8447,Nederland,,,Medemblik,Noord-Holland,land,2026-01-11,POINT (131077.7225 528546.8447)
rivm_windturbines_ashoogte_actueel.3180,15.6,24.5,75.0,107668.6293,528600.9152,Nederland,,,Schagen,Noord-Holland,land,2026-01-11,POINT (107668.6293 528600.9152)
rivm_windturbines_ashoogte_actueel.3181,15.6,24.5,75.0,107654.0473,528678.5814,Nederland,,,Schagen,Noord-Holland,land,2026-01-11,POINT (107654.0473 528678.5814)
rivm_windturbines_ashoogte_actueel.3182,48.0,50.0,800.0,131126.7756,528731.5667,Nederland,,,Medemblik,Noord-Holland,land,2026-01-11,POINT (131126.7756 528731.5667)
rivm_windturbines_ashoogte_actueel.3183,18.0,24.5,80.0,107637.8942,528758.1323,Nederland,,,Schagen,Noord-Holland,land,2026-01-11,POINT (107637.8942 528758.1323)
rivm_windturbines_ashoogte_actueel.3184,52.0,55.0,900.0,123189.27,528801.67,Nederland,,,Hollands Kroon,Noord-Holland,land,2026-01-11,POINT (123189.27 528801.67)
rivm_windturbines_ashoogte_actueel.3185,18.0,24.5,80.0,107624.7465,528836.9098,Nederland,,,Schagen,Noord-Holland,land,2026-01-11,POINT (107624.7465 528836.9098)
rivm_windturbines_ashoogte_actueel.3186,107.0,100.0,3000.0,168492.9415,528863.29,Nederland,,Siemens 3.0DD,Noordoostpolder,Flevoland,binnenwater,2026-01-11,POINT (168492.9415 528863.29)
rivm_windturbines_ashoogte_actueel.3187,107.0,100.0,3000.0,167888.1028,528866.465,Nederland,,Siemens 3.0DD,Noordoostpolder,Flevoland,binnenwater,2026-01-11,POINT (167888.1028 528866.465)
rivm_windturbines_ashoogte_actueel.3188,18.0,24.5,80.0,107609.3762,528914.3806,Nederland,,,Schagen,Noord-Holland,land,2026-01-11,POINT (107609.3762 528914.3806)
rivm_windturbines_ashoogte_actueel.3189,127.0,135.0,7500.0,169153.1192,529000.1478,Nederland,,Enercon E-126,Noordoostpolder,Flevoland,land,2026-01-11,POINT (169153.1192 529000.1478)
rivm_windturbines_ashoogte_actueel.3190,18.0,40.0,80.0,119552.345802,529059.193736,Nederland,,,Hollands Kroon,Noord-Holland,land,2026-01-11,POINT (119552.3458 529059.1937)
rivm_windturbines_ashoogte_actueel.3191,200.0,125.0,11000.0,85572.8110072,529134.528293,Nederland,HKN_5,Siemens Gamesa 11.0-200 DD,,,zee,2026-01-11,POINT (85572.811 529134.5283)
rivm_windturbines_ashoogte_actueel.3192,107.0,100.0,3000.0,168496.1165,529280.0095,Nederland,,Siemens 3.0DD,Noordoostpolder,Flevoland,binnenwater,2026-01-11,POINT (168496.1165 529280.0095)
rivm_windturbines_ashoogte_actueel.3193,107.0,100.0,3000.0,167891.2778,529283.1845,Nederland,,Siemens 3.0DD,Noordoostpolder,Flevoland,binnenwater,2026-01-11,POINT (167891.2778 529283.1845)
rivm_windturbines_ashoogte_actueel.3194,200.0,125.0,11000.0,81777.5682662,529355.784042,Nederland,HKN_5,Siemens Gamesa 11.0-200 DD,,,zee,2026-01-11,POINT (81777.5683 529355.784)
rivm_windturbines_ashoogte_actueel.3195,127.0,135.0,7500.0,169157.2613,529511.0132,Nederland,,Enercon E-126,Noordoostpolder,Flevoland,land,2026-01-11,POINT (169157.2613 529511.0132)
rivm_windturbines_ashoogte_actueel.3196,200.0,125.0,11000.0,77346.9588846,529623.500633,Nederland,HKN_5,Siemens Gamesa 11.0-200 DD,,,zee,2026-01-11,POINT (77346.9589 529623.5006)
rivm_windturbines_ashoogte_actueel.3197,33.4,40.0,300.0,116320.0886,529676.9493,Nederland,,,Schagen,Noord-Holland,land,2026-01-11,POINT (116320.0886 529676.9493)
rivm_windturbines_ashoogte_actueel.3198,107.0,100.0,3000.0,168502.4665,529695.9354,Nederland,,Siemens 3.0DD,Noordoostpolder,Flevoland,binnenwater,2026-01-11,POINT (168502.4665 529695.9354)
rivm_windturbines_ashoogte_actueel.3199,107.0,100.0,3000.0,167897.6278,529696.7291,Nederland,,Siemens 3.0DD,Noordoostpolder,Flevoland,binnenwater,2026-01-11,POINT (167897.6278 529696.7291)
rivm_windturbines_ashoogte_actueel.3200,43.0,50.0,600.0,170974.5633,529716.3623,Nederland,,,Noordoostpolder,Flevoland,land,2026-01-11,POINT (170974.5633 529716.3623)
rivm_windturbines_ashoogte_actueel.3201,43.0,50.0,600.0,170343.9548,529725.8022,Nederland,,,Noordoostpolder,Flevoland,land,2026-01-11,POINT (170343.9548 529725.8022)
rivm_windturbines_ashoogte_actueel.3202,48.0,50.0,800.0,204942.8891,529753.9079,Nederland,,,Meppel,Drenthe,land,2026-01-11,POINT (204942.8891 529753.9079)
rivm_windturbines_ashoogte_actueel.3203,200.0,125.0,11000.0,79513.9803211,529844.285878,Nederland,HKN_5,Siemens Gamesa 11.0-200 DD,,,zee,2026-01-11,POINT (79513.9803 529844.2859)
rivm_windturbines_ashoogte_actueel.3204,20.0,20.0,10.0,191390.057355,529847.090627,Nederland,,,Steenwijkerland,Overijssel,land,2026-01-11,POINT (191390.0574 529847.0906)
rivm_windturbines_ashoogte_actueel.3205,200.0,125.0,11000.0,85024.7675061,529950.847992,Nederland,HKN_5,Siemens Gamesa 11.0-200 DD,,,zee,2026-01-11,POINT (85024.7675 529950.848)
rivm_windturbines_ashoogte_actueel.3206,127.0,135.0,7500.0,169165.3325,530024.013,Nederland,,Enercon E-126,Noordoostpolder,Flevoland,land,2026-01-11,POINT (169165.3325 530024.013)
rivm_windturbines_ashoogte_actueel.3207,107.0,100.0,3000.0,167899.2153,530114.2425,Nederland,,Siemens 3.0DD,Noordoostpolder,Flevoland,binnenwater,2026-01-11,POINT (167899.2153 530114.2425)
rivm_windturbines_ashoogte_actueel.3208,107.0,100.0,3000.0,168507.2291,530114.2425,Nederland,,Siemens 3.0DD,Noordoostpolder,Flevoland,binnenwater,2026-01-11,POINT (168507.2291 530114.2425)
rivm_windturbines_ashoogte_actueel.3209,13.0,15.0,15.0,226252.366981,530165.919469,Nederland,,EAZ wind,Hoogeveen,Drenthe,land,2026-01-11,POINT (226252.367 530165.9195)
rivm_windturbines_ashoogte_actueel.3210,52.0,65.0,850.0,107573.2083,530198.9014,Nederland,,,Schagen,Noord-Holland,land,2026-01-11,POINT (107573.2083 530198.9014)
rivm_windturbines_ashoogte_actueel.3211,16.0,20.0,80.0,209875.652484,530231.059494,Nederland,,BW80,Westerveld,Drenthe,land,2026-01-11,POINT (209875.6525 530231.0595)
rivm_windturbines_ashoogte_actueel.3212,33.4,32.0,300.0,116961.4716,530337.2789,Nederland,,,Hollands Kroon,Noord-Holland,land,2026-01-11,POINT (116961.4716 530337.2789)
rivm_windturbines_ashoogte_actueel.3213,200.0,125.0,11000.0,77916.3133637,530363.031259,Nederland,HKN_5,Siemens Gamesa 11.0-200 DD,,,zee,2026-01-11,POINT (77916.3134 530363.0313)
rivm_windturbines_ashoogte_actueel.3214,52.0,65.0,850.0,107666.8492,530386.7984,Nederland,,,Schagen,Noord-Holland,land,2026-01-11,POINT (107666.8492 530386.7984)
rivm_windturbines_ashoogte_actueel.3215,44.0,45.0,900.0,124925.207751,530456.960099,Nederland,,,Hollands Kroon,Noord-Holland,land,2026-01-11,POINT (124925.2078 530456.9601)
rivm_windturbines_ashoogte_actueel.3216,117.0,118.0,3600.0,130957.66571,530479.598281,Nederland,,N117-3600,Hollands Kroon,Noord-Holland,land,2026-01-11,POINT (130957.6657 530479.5983)
rivm_windturbines_ashoogte_actueel.3217,117.0,118.0,3600.0,130598.86453,530493.235164,Nederland,,N117-3600,Hollands Kroon,Noord-Holland,land,2026-01-11,POINT (130598.8645 530493.2352)
rivm_windturbines_ashoogte_actueel.3218,117.0,118.0,3600.0,130238.892752,530506.739854,Nederland,,N117-3600,Hollands Kroon,Noord-Holland,land,2026-01-11,POINT (130238.8928 530506.7399)
rivm_windturbines_ashoogte_actueel.3219,117.0,118.0,3600.0,129886.780248,530521.726214,Nederland,,N117-3600,Hollands Kroon,Noord-Holland,land,2026-01-11,POINT (129886.7802 530521.7262)
rivm_windturbines_ashoogte_actueel.3220,117.0,118.0,3600.0,129464.610275,530536.497925,Nederland,,N117-3600,Hollands Kroon,Noord-Holland,land,2026-01-11,POINT (129464.6103 530536.4979)
rivm_windturbines_ashoogte_actueel.3221,117.0,118.0,3600.0,129052.101529,530552.258376,Nederland,,N117-3600,Hollands Kroon,Noord-Holland,land,2026-01-11,POINT (129052.1015 530552.2584)
rivm_windturbines_ashoogte_actueel.3222,117.0,118.0,3600.0,128639.465246,530567.420165,Nederland,,N117-3600,Hollands Kroon,Noord-Holland,land,2026-01-11,POINT (128639.4652 530567.4202)
rivm_windturbines_ashoogte_actueel.3223,52.0,65.0,850.0,107763.3365,530579.3368,Nederland,,,Schagen,Noord-Holland,land,2026-01-11,POINT (107763.3365 530579.3368)
rivm_windturbines_ashoogte_actueel.3224,117.0,118.0,3600.0,128227.910481,530583.822904,Nederland,,N117-3600,Hollands Kroon,Noord-Holland,land,2026-01-11,POINT (128227.9105 530583.8229)
rivm_windturbines_ashoogte_actueel.3225,117.0,118.0,3600.0,127815.346675,530599.798004,Nederland,,N117-3600,Hollands Kroon,Noord-Holland,land,2026-01-11,POINT (127815.3467 530599.798)
rivm_windturbines_ashoogte_actueel.3226,117.0,118.0,3600.0,127402.579849,530615.065527,Nederland,,N117-3600,Hollands Kroon,Noord-Holland,land,2026-01-11,POINT (127402.5798 530615.0655)
rivm_windturbines_ashoogte_actueel.3227,200.0,125.0,11000.0,81436.7617721,530621.244601,Nederland,HKN_5,Siemens Gamesa 11.0-200 DD,,,zee,2026-01-11,POINT (81436.7618 530621.2446)
rivm_windturbines_ashoogte_actueel.3228,44.0,45.0,900.0,124794.966345,530625.129602,Nederland,,,Hollands Kroon,Noord-Holland,land,2026-01-11,POINT (124794.9663 530625.1296)
rivm_windturbines_ashoogte_actueel.3229,117.0,118.0,3600.0,126989.979805,530630.686888,Nederland,,N117-3600,Hollands Kroon,Noord-Holland,land,2026-01-11,POINT (126989.9798 530630.6869)
rivm_windturbines_ashoogte_actueel.3230,13.0,15.0,15.0,216271.439528,530634.71094,Nederland,,EAZ wind,De Wolden,Drenthe,land,2026-01-11,POINT (216271.4395 530634.7109)
rivm_windturbines_ashoogte_actueel.3231,117.0,118.0,3600.0,126585.261478,530646.436526,Nederland,,N117-3600,Hollands Kroon,Noord-Holland,land,2026-01-11,POINT (126585.2615 530646.4365)
rivm_windturbines_ashoogte_actueel.3232,117.0,118.0,3600.0,126191.245264,530660.986121,Nederland,,N117-3600,Hollands Kroon,Noord-Holland,land,2026-01-11,POINT (126191.2453 530660.9861)
rivm_windturbines_ashoogte_actueel.3233,117.0,118.0,3600.0,125806.074021,530675.143816,Nederland,,N117-3600,Hollands Kroon,Noord-Holland,land,2026-01-11,POINT (125806.074 530675.1438)
rivm_windturbines_ashoogte_actueel.3234,200.0,125.0,11000.0,84555.8107629,530766.252515,Nederland,HKN_5,Siemens Gamesa 11.0-200 DD,,,zee,2026-01-11,POINT (84555.8108 530766.2525)
rivm_windturbines_ashoogte_actueel.3235,44.0,45.0,900.0,124681.936119,530770.544892,Nederland,,,Hollands Kroon,Noord-Holland,land,2026-01-11,POINT (124681.9361 530770.5449)
rivm_windturbines_ashoogte_actueel.3236,52.0,65.0,850.0,107859.5416,530772.3623,Nederland,,,Schagen,Noord-Holland,land,2026-01-11,POINT (107859.5416 530772.3623)
rivm_windturbines_ashoogte_actueel.3237,44.0,55.0,600.0,169958.1756,530868.2819,Nederland,,,Noordoostpolder,Flevoland,land,2026-01-11,POINT (169958.1756 530868.2819)
rivm_windturbines_ashoogte_actueel.3238,44.0,45.0,900.0,124568.482559,530915.536849,Nederland,,,Hollands Kroon,Noord-Holland,land,2026-01-11,POINT (124568.4826 530915.5368)
rivm_windturbines_ashoogte_actueel.3239,52.0,65.0,850.0,107954.7467,530964.1313,Nederland,,,Schagen,Noord-Holland,land,2026-01-11,POINT (107954.7467 530964.1313)
rivm_windturbines_ashoogte_actueel.3240,71.0,58.0,2300.0,107208.3556,531011.6225,Nederland,,,Schagen,Noord-Holland,land,2026-01-11,POINT (107208.3556 531011.6225)
rivm_windturbines_ashoogte_actueel.3241,44.0,45.0,900.0,124454.605664,531061.798808,Nederland,,,Hollands Kroon,Noord-Holland,land,2026-01-11,POINT (124454.6057 531061.7988)
rivm_windturbines_ashoogte_actueel.3242,200.0,125.0,11000.0,78485.6689572,531102.549514,Nederland,HKN_5,Siemens Gamesa 11.0-200 DD,,,zee,2026-01-11,POINT (78485.669 531102.5495)
rivm_windturbines_ashoogte_actueel.3243,13.0,15.0,15.0,237915.51,531106.773,Nederland,,EAZ wind,Coevorden,Drenthe,land,2026-01-11,POINT (237915.51 531106.773)
rivm_windturbines_ashoogte_actueel.3244,48.0,50.0,800.0,129366.0917,531125.3733,Nederland,,,Hollands Kroon,Noord-Holland,land,2026-01-11,POINT (129366.0917 531125.3733)
rivm_windturbines_ashoogte_actueel.3245,52.0,65.0,850.0,108051.2083,531156.644,Nederland,,,Schagen,Noord-Holland,land,2026-01-11,POINT (108051.2083 531156.644)
rivm_windturbines_ashoogte_actueel.3246,44.0,45.0,900.0,124341.575438,531207.214099,Nederland,,,Hollands Kroon,Noord-Holland,land,2026-01-11,POINT (124341.5754 531207.2141)
rivm_windturbines_ashoogte_actueel.3247,13.0,15.0,15.0,233325.006124,531222.252836,Nederland,,EAZ wind,Hoogeveen,Drenthe,land,2026-01-11,POINT (233325.0061 531222.2528)
rivm_windturbines_ashoogte_actueel.3248,43.0,50.0,600.0,170195.9749,531303.2818,Nederland,,,Noordoostpolder,Flevoland,land,2026-01-11,POINT (170195.9749 531303.2818)
rivm_windturbines_ashoogte_actueel.3249,52.0,65.0,850.0,108147.6699,531348.4131,Nederland,,,Schagen,Noord-Holland,land,2026-01-11,POINT (108147.6699 531348.4131)
rivm_windturbines_ashoogte_actueel.3250,44.0,45.0,900.0,124229.196667,531353.298283,Nederland,,,Hollands Kroon,Noord-Holland,land,2026-01-11,POINT (124229.1967 531353.2983)
rivm_windturbines_ashoogte_actueel.3251,127.0,135.0,7500.0,169539.0061,531407.8416,Nederland,,Enercon E-126,Noordoostpolder,Flevoland,land,2026-01-11,POINT (169539.0061 531407.8416)
rivm_windturbines_ashoogte_actueel.3252,58.0,48.0,750.0,170317.3746,531498.5818,Nederland,,,Noordoostpolder,Flevoland,land,2026-01-11,POINT (170317.3746 531498.5818)
rivm_windturbines_ashoogte_actueel.3253,33.4,32.0,300.0,115992.0115,531506.8139,Nederland,,,Hollands Kroon,Noord-Holland,land,2026-01-11,POINT (115992.0115 531506.8139)
rivm_windturbines_ashoogte_actueel.3254,52.0,65.0,850.0,108243.9007,531540.4129,Nederland,,,Schagen,Noord-Holland,land,2026-01-11,POINT (108243.9007 531540.4129)
rivm_windturbines_ashoogte_actueel.3255,200.0,125.0,11000.0,84073.6705977,531541.072868,Nederland,HKN_5,Siemens Gamesa 11.0-200 DD,,,zee,2026-01-11,POINT (84073.6706 531541.0729)
rivm_windturbines_ashoogte_actueel.3256,52.0,49.0,850.0,128695.7231,531583.4874,Nederland,,,Hollands Kroon,Noord-Holland,land,2026-01-11,POINT (128695.7231 531583.4874)
rivm_windturbines_ashoogte_actueel.3257,48.0,50.0,800.0,128082.3827,531609.2984,Nederland,,,Hollands Kroon,Noord-Holland,land,2026-01-11,POINT (128082.3827 531609.2984)
rivm_windturbines_ashoogte_actueel.3258,48.0,50.0,800.0,127452.2848,531631.8978,Nederland,,,Hollands Kroon,Noord-Holland,land,2026-01-11,POINT (127452.2848 531631.8978)
rivm_windturbines_ashoogte_actueel.3259,18.0,31.0,80.0,110173.4868,531649.3354,Nederland,,,Schagen,Noord-Holland,land,2026-01-11,POINT (110173.4868 531649.3354)
rivm_windturbines_ashoogte_actueel.3260,117.0,118.0,3600.0,126159.440917,531658.835839,Nederland,,,Hollands Kroon,Noord-Holland,land,2026-01-11,POINT (126159.4409 531658.8358)
rivm_windturbines_ashoogte_actueel.3261,52.0,65.0,850.0,108339.8494,531733.6948,Nederland,,,Schagen,Noord-Holland,land,2026-01-11,POINT (108339.8494 531733.6948)
rivm_windturbines_ashoogte_actueel.3262,127.0,135.0,7500.0,169804.9564,531838.8349,Nederland,,Enercon E-126,Noordoostpolder,Flevoland,land,2026-01-11,POINT (169804.9564 531838.8349)
rivm_windturbines_ashoogte_actueel.3263,200.0,125.0,11000.0,79054.5866454,531842.40021,Nederland,HKN_5,Siemens Gamesa 11.0-200 DD,,,zee,2026-01-11,POINT (79054.5866 531842.4002)
rivm_windturbines_ashoogte_actueel.3264,100.0,100.0,2200.0,123829.0,531869.0,Nederland,,,Hollands Kroon,Noord-Holland,land,2026-01-11,POINT (123829 531869)
rivm_windturbines_ashoogte_actueel.3265,11.0,25.0,10.0,198369.905403,531907.159939,Nederland,,BW10,Steenwijkerland,Overijssel,land,2026-01-11,POINT (198369.9054 531907.1599)
rivm_windturbines_ashoogte_actueel.3266,200.0,125.0,11000.0,81303.903829,531935.137099,Nederland,HKN_5,Siemens Gamesa 11.0-200 DD,,,zee,2026-01-11,POINT (81303.9038 531935.1371)
rivm_windturbines_ashoogte_actueel.3267,107.0,100.0,3000.0,168657.7405,531950.4705,Nederland,,Siemens 3.0DD,Noordoostpolder,Flevoland,binnenwater,2026-01-11,POINT (168657.7405 531950.4705)
rivm_windturbines_ashoogte_actueel.3268,52.0,49.0,850.0,129091.9316,531986.7387,Nederland,,,Hollands Kroon,Noord-Holland,land,2026-01-11,POINT (129091.9316 531986.7387)
rivm_windturbines_ashoogte_actueel.3269,14.0,15.0,25.0,237841.922119,532037.294373,Nederland,,,Midden-Drenthe,Drenthe,land,2026-01-11,POINT (237841.9221 532037.2944)
rivm_windturbines_ashoogte_actueel.3270,13.0,15.0,15.0,231760.976318,532050.487,Nederland,,EAZ wind,Midden-Drenthe,Drenthe,land,2026-01-11,POINT (231760.9763 532050.487)
rivm_windturbines_ashoogte_actueel.3271,100.0,100.0,2200.0,123629.0,532127.0,Nederland,,,Hollands Kroon,Noord-Holland,land,2026-01-11,POINT (123629 532127)
rivm_windturbines_ashoogte_actueel.3272,117.0,118.0,3600.0,125792.671129,532187.350574,Nederland,,N117-3600,Hollands Kroon,Noord-Holland,land,2026-01-11,POINT (125792.6711 532187.3506)
rivm_windturbines_ashoogte_actueel.3273,127.0,135.0,7500.0,170071.9973,532272.8512,Nederland,,Enercon E-126,Noordoostpolder,Flevoland,land,2026-01-11,POINT (170071.9973 532272.8512)
rivm_windturbines_ashoogte_actueel.3274,52.0,49.0,850.0,129508.5574,532278.6275,Nederland,,,Hollands Kroon,Noord-Holland,land,2026-01-11,POINT (129508.5574 532278.6275)
rivm_windturbines_ashoogte_actueel.3275,200.0,125.0,11000.0,83591.7409525,532314.988245,Nederland,HKN_5,Siemens Gamesa 11.0-200 DD,,,zee,2026-01-11,POINT (83591.741 532314.9882)
rivm_windturbines_ashoogte_actueel.3276,7.0,25.0,15.0,226405.702085,532351.978471,Nederland,,EAZ wind,Hoogeveen,Drenthe,land,2026-01-11,POINT (226405.7021 532351.9785)
rivm_windturbines_ashoogte_actueel.3277,100.0,100.0,2200.0,123437.260435,532373.416645,Nederland,,,Hollands Kroon,Noord-Holland,land,2026-01-11,POINT (123437.2604 532373.4166)
rivm_windturbines_ashoogte_actueel.3278,7.0,25.0,15.0,226400.633243,532384.081134,Nederland,,EAZ wind,Hoogeveen,Drenthe,land,2026-01-11,POINT (226400.6332 532384.0811)
rivm_windturbines_ashoogte_actueel.3279,107.0,100.0,3000.0,168933.3153,532392.0514,Nederland,,Siemens 3.0DD,Noordoostpolder,Flevoland,binnenwater,2026-01-11,POINT (168933.3153 532392.0514)
rivm_windturbines_ashoogte_actueel.3280,52.0,50.0,900.0,122374.19318,532440.79563,Nederland,,,Hollands Kroon,Noord-Holland,land,2026-01-11,POINT (122374.1932 532440.7956)
rivm_windturbines_ashoogte_actueel.3281,117.0,118.0,3600.0,125591.75017,532475.217832,Nederland,,N117-3600,Hollands Kroon,Noord-Holland,land,2026-01-11,POINT (125591.7502 532475.2178)
rivm_windturbines_ashoogte_actueel.3282,43.0,50.0,600.0,171365.3717,532488.5819,Nederland,,,Noordoostpolder,Flevoland,land,2026-01-11,POINT (171365.3717 532488.5819)
rivm_windturbines_ashoogte_actueel.3283,16.0,44.0,25.0,217411.299056,532638.392904,Nederland,,,De Wolden,Drenthe,land,2026-01-11,POINT (217411.2991 532638.3929)
rivm_windturbines_ashoogte_actueel.3284,100.0,100.0,2200.0,123219.0,532654.0,Nederland,,,Hollands Kroon,Noord-Holland,land,2026-01-11,POINT (123219 532654)
rivm_windturbines_ashoogte_actueel.3285,127.0,135.0,7500.0,170337.9847,532704.8765,Nederland,,Enercon E-126,Noordoostpolder,Flevoland,land,2026-01-11,POINT (170337.9847 532704.8765)
rivm_windturbines_ashoogte_actueel.3286,117.0,118.0,3600.0,125391.195609,532762.091904,Nederland,,N117-3600,Hollands Kroon,Noord-Holland,land,2026-01-11,POINT (125391.1956 532762.0919)
rivm_windturbines_ashoogte_actueel.3287,126.0,135.0,7500.0,135725.0567,532772.8649,Nederland,,,Hollands Kroon,Noord-Holland,land,2026-01-11,POINT (135725.0567 532772.8649)
rivm_windturbines_ashoogte_actueel.3288,107.0,100.0,3000.0,169204.5138,532834.5679,Nederland,,Siemens 3.0DD,Noordoostpolder,Flevoland,binnenwater,2026-01-11,POINT (169204.5138 532834.5679)
rivm_windturbines_ashoogte_actueel.3289,52.0,49.0,850.0,132908.0455,532894.5377,Nederland,,,Hollands Kroon,Noord-Holland,land,2026-01-11,POINT (132908.0455 532894.5377)
rivm_windturbines_ashoogte_actueel.3290,100.0,100.0,2200.0,123010.0,532923.0,Nederland,,,Hollands Kroon,Noord-Holland,land,2026-01-11,POINT (123010 532923)
rivm_windturbines_ashoogte_actueel.3291,43.0,50.0,600.0,178606.653,532936.8844,Nederland,,,Noordoostpolder,Flevoland,land,2026-01-11,POINT (178606.653 532936.8844)
rivm_windturbines_ashoogte_actueel.3292,117.0,118.0,3600.0,125190.608499,533047.191182,Nederland,,N117-3600,Hollands Kroon,Noord-Holland,land,2026-01-11,POINT (125190.6085 533047.1912)
rivm_windturbines_ashoogte_actueel.3293,200.0,125.0,11000.0,83110.0306848,533089.169211,Nederland,HKN_5,Siemens Gamesa 11.0-200 DD,,,zee,2026-01-11,POINT (83110.0307 533089.1692)
rivm_windturbines_ashoogte_actueel.3294,127.0,135.0,7500.0,170603.9922,533136.917,Nederland,,Enercon E-126,Noordoostpolder,Flevoland,land,2026-01-11,POINT (170603.9922 533136.917)
rivm_windturbines_ashoogte_actueel.3295,71.0,58.0,2300.0,107735.3307,533146.5845,Nederland,,,Schagen,Noord-Holland,land,2026-01-11,POINT (107735.3307 533146.5845)
rivm_windturbines_ashoogte_actueel.3296,100.0,100.0,2200.0,122800.0,533192.0,Nederland,,,Hollands Kroon,Noord-Holland,land,2026-01-11,POINT (122800 533192)
rivm_windturbines_ashoogte_actueel.3297,200.0,125.0,11000.0,80115.3686764,533218.959328,Nederland,HKN_5,Siemens Gamesa 11.0-200 DD,,,zee,2026-01-11,POINT (80115.3687 533218.9593)
rivm_windturbines_ashoogte_actueel.3298,107.0,100.0,3000.0,169476.3737,533277.4813,Nederland,,Siemens 3.0DD,Noordoostpolder,Flevoland,binnenwater,2026-01-11,POINT (169476.3737 533277.4813)
rivm_windturbines_ashoogte_actueel.3299,117.0,118.0,3600.0,124989.435252,533335.03398,Nederland,,N117-3600,Hollands Kroon,Noord-Holland,land,2026-01-11,POINT (124989.4353 533335.034)
rivm_windturbines_ashoogte_actueel.3300,200.0,125.0,11000.0,81260.4977763,533473.287407,Nederland,HKN_5,Siemens Gamesa 11.0-200 DD,,,zee,2026-01-11,POINT (81260.4978 533473.2874)
rivm_windturbines_ashoogte_actueel.3301,127.0,135.0,7500.0,170870.9613,533569.8659,Nederland,,Enercon E-126,Noordoostpolder,Flevoland,land,2026-01-11,POINT (170870.9613 533569.8659)
rivm_windturbines_ashoogte_actueel.3302,117.0,118.0,3600.0,124790.582168,533622.828019,Nederland,,N117-3600,Hollands Kroon,Noord-Holland,land,2026-01-11,POINT (124790.5822 533622.828)
rivm_windturbines_ashoogte_actueel.3303,107.0,100.0,3000.0,169748.8951,533721.3207,Nederland,,Siemens 3.0DD,Noordoostpolder,Flevoland,binnenwater,2026-01-11,POINT (169748.8951 533721.3207)
rivm_windturbines_ashoogte_actueel.3304,200.0,125.0,11000.0,82392.338887,533780.666162,Nederland,HKN_5,Siemens Gamesa 11.0-200 DD,,,zee,2026-01-11,POINT (82392.3389 533780.6662)
rivm_windturbines_ashoogte_actueel.3305,117.0,118.0,3600.0,126877.605648,533847.673215,Nederland,,N117-3600,Hollands Kroon,Noord-Holland,land,2026-01-11,POINT (126877.6056 533847.6732)
rivm_windturbines_ashoogte_actueel.3306,117.0,118.0,3600.0,124590.320651,533909.58802,Nederland,,N117-3600,Hollands Kroon,Noord-Holland,land,2026-01-11,POINT (124590.3207 533909.588)
rivm_windturbines_ashoogte_actueel.3307,127.0,135.0,7500.0,171137.0088,534001.9369,Nederland,,Enercon E-126,Noordoostpolder,Flevoland,land,2026-01-11,POINT (171137.0088 534001.9369)
rivm_windturbines_ashoogte_actueel.3308,117.0,118.0,3600.0,126680.339641,534127.146919,Nederland,,N117-3600,Hollands Kroon,Noord-Holland,land,2026-01-11,POINT (126680.3396 534127.1469)
rivm_windturbines_ashoogte_actueel.3309,107.0,100.0,3000.0,170026.0467,534163.8372,Nederland,,Siemens 3.0DD,Noordoostpolder,Flevoland,binnenwater,2026-01-11,POINT (170026.0467 534163.8372)
rivm_windturbines_ashoogte_actueel.3310,138.0,160.0,4200.0,269794.282525,534247.434785,Duitsland,,,,,land,2026-01-11,POINT (269794.2825 534247.4348)
rivm_windturbines_ashoogte_actueel.3311,138.0,160.0,4200.0,269376.700594,534270.591844,Duitsland,,,,,land,2026-01-11,POINT (269376.7006 534270.5918)
rivm_windturbines_ashoogte_actueel.3312,117.0,118.0,3600.0,126483.562953,534406.177035,Nederland,,N117-3600,Hollands Kroon,Noord-Holland,land,2026-01-11,POINT (126483.563 534406.177)
rivm_windturbines_ashoogte_actueel.3313,48.0,50.0,800.0,132667.763834,534414.600398,Nederland,,,Hollands Kroon,Noord-Holland,land,2026-01-11,POINT (132667.7638 534414.6004)
rivm_windturbines_ashoogte_actueel.3314,138.0,160.0,4200.0,268942.552504,534415.728126,Duitsland,,,,,land,2026-01-11,POINT (268942.5525 534415.7281)
rivm_windturbines_ashoogte_actueel.3315,127.0,135.0,7500.0,171406.8343,534434.6396,Nederland,,Enercon E-126,Noordoostpolder,Flevoland,land,2026-01-11,POINT (171406.8343 534434.6396)
rivm_windturbines_ashoogte_actueel.3316,117.0,118.0,3600.0,124138.042868,534595.065039,Nederland,,N117-3600,Hollands Kroon,Noord-Holland,land,2026-01-11,POINT (124138.0429 534595.065)
rivm_windturbines_ashoogte_actueel.3317,107.0,100.0,3000.0,170297.2451,534606.3537,Nederland,,Siemens 3.0DD,Noordoostpolder,Flevoland,binnenwater,2026-01-11,POINT (170297.2451 534606.3537)
rivm_windturbines_ashoogte_actueel.3318,138.0,160.0,4200.0,269927.376401,534631.778642,Duitsland,,,,,land,2026-01-11,POINT (269927.3764 534631.7786)
rivm_windturbines_ashoogte_actueel.3319,138.0,160.0,4200.0,269361.597693,534652.515007,Duitsland,,,,,land,2026-01-11,POINT (269361.5977 534652.515)
rivm_windturbines_ashoogte_actueel.3320,138.0,160.0,4200.0,268961.090037,534826.793376,Duitsland,,,,,land,2026-01-11,POINT (268961.09 534826.7934)
rivm_windturbines_ashoogte_actueel.3321,52.0,50.0,900.0,128075.1493,534807.8263,Nederland,,,Hollands Kroon,Noord-Holland,land,2026-01-11,POINT (128075.1493 534807.8263)
rivm_windturbines_ashoogte_actueel.3322,117.0,118.0,3600.0,135583.183106,534924.436065,Nederland,,N117-3600,Hollands Kroon,Noord-Holland,land,2026-01-11,POINT (135583.1831 534924.4361)
rivm_windturbines_ashoogte_actueel.3323,117.0,118.0,3600.0,123999.516945,534939.250203,Nederland,,N117-3600,Hollands Kroon,Noord-Holland,land,2026-01-11,POINT (123999.5169 534939.2502)
rivm_windturbines_ashoogte_actueel.3324,13.0,15.0,15.0,113734.008444,534950.250088,Nederland,,EAZ wind,Schagen,Noord-Holland,land,2026-01-11,POINT (113734.0084 534950.2501)
rivm_windturbines_ashoogte_actueel.3325,118.0,119.0,3300.0,135204.4673,534958.4059,Nederland,,N117-3600,Hollands Kroon,Noord-Holland,land,2026-01-11,POINT (135204.4673 534958.4059)
rivm_windturbines_ashoogte_actueel.3326,118.0,119.0,3300.0,134900.019466,534985.474935,Nederland,,N117-3600,Hollands Kroon,Noord-Holland,land,2026-01-11,POINT (134900.0195 534985.4749)
rivm_windturbines_ashoogte_actueel.3327,127.0,135.0,7500.0,171746.4983,534987.7225,Nederland,,Enercon E-126,Noordoostpolder,Flevoland,land,2026-01-11,POINT (171746.4983 534987.7225)
rivm_windturbines_ashoogte_actueel.3328,118.0,119.0,3300.0,134597.389772,535011.092035,Nederland,,N117-3600,Hollands Kroon,Noord-Holland,land,2026-01-11,POINT (134597.3898 535011.092)
rivm_windturbines_ashoogte_actueel.3329,138.0,160.0,4200.0,269477.513269,535017.23495,Duitsland,,,,,land,2026-01-11,POINT (269477.5133 535017.2349)
rivm_windturbines_ashoogte_actueel.3330,138.0,160.0,4200.0,269988.431985,535024.810169,Duitsland,,,,,land,2026-01-11,POINT (269988.432 535024.8102)
rivm_windturbines_ashoogte_actueel.3331,118.0,119.0,3300.0,134293.688246,535038.364522,Nederland,,N117-3600,Hollands Kroon,Noord-Holland,land,2026-01-11,POINT (134293.6882 535038.3645)
rivm_windturbines_ashoogte_actueel.3332,107.0,100.0,3000.0,170567.1207,535046.2244,Nederland,,Siemens 3.0DD,De Fryske Marren,Fryslân,binnenwater,2026-01-11,POINT (170567.1207 535046.2244)
rivm_windturbines_ashoogte_actueel.3333,117.0,118.0,3600.0,133905.7802,535073.864,Nederland,,N117-3600,Hollands Kroon,Noord-Holland,land,2026-01-11,POINT (133905.7802 535073.864)
rivm_windturbines_ashoogte_actueel.3334,117.0,118.0,3600.0,133475.286413,535110.987116,Nederland,,N117-3600,Hollands Kroon,Noord-Holland,land,2026-01-11,POINT (133475.2864 535110.9871)
rivm_windturbines_ashoogte_actueel.3335,117.0,118.0,3600.0,132949.94772,535157.635352,Nederland,,N117-3600,Hollands Kroon,Noord-Holland,land,2026-01-11,POINT (132949.9477 535157.6354)
rivm_windturbines_ashoogte_actueel.3336,117.0,118.0,3600.0,132544.695978,535193.36673,Nederland,,N117-3600,Hollands Kroon,Noord-Holland,land,2026-01-11,POINT (132544.696 535193.3667)
rivm_windturbines_ashoogte_actueel.3337,138.0,160.0,4200.0,268971.685903,535230.273798,Duitsland,,,,,land,2026-01-11,POINT (268971.6859 535230.2738)
rivm_windturbines_ashoogte_actueel.3338,44.0,55.0,600.0,173046.4667,535254.6817,Nederland,,,Noordoostpolder,Flevoland,land,2026-01-11,POINT (173046.4667 535254.6817)
rivm_windturbines_ashoogte_actueel.3339,117.0,118.0,3600.0,123859.738396,535281.215818,Nederland,,N117-3600,Hollands Kroon,Noord-Holland,land,2026-01-11,POINT (123859.7384 535281.2158)
rivm_windturbines_ashoogte_actueel.3340,138.0,160.0,4200.0,269833.066672,535368.634556,Duitsland,,,,,land,2026-01-11,POINT (269833.0667 535368.6346)
rivm_windturbines_ashoogte_actueel.3341,127.0,135.0,7500.0,172012.8061,535419.4112,Nederland,,Enercon E-126,Noordoostpolder,Flevoland,land,2026-01-11,POINT (172012.8061 535419.4112)
rivm_windturbines_ashoogte_actueel.3342,138.0,160.0,4200.0,269421.263955,535423.406982,Duitsland,,,,,land,2026-01-11,POINT (269421.264 535423.407)
rivm_windturbines_ashoogte_actueel.3343,107.0,100.0,3000.0,170838.9806,535490.0638,Nederland,,Siemens 3.0DD,De Fryske Marren,Fryslân,binnenwater,2026-01-11,POINT (170838.9806 535490.0638)
rivm_windturbines_ashoogte_actueel.3344,131.0,120.0,3600.0,120960.927143,535496.358024,Nederland,,,Hollands Kroon,Noord-Holland,land,2026-01-11,POINT (120960.9271 535496.358)
rivm_windturbines_ashoogte_actueel.3345,13.0,15.0,15.0,194820.726624,535506.531984,Nederland,,EAZ wind,Steenwijkerland,Overijssel,land,2026-01-11,POINT (194820.7266 535506.532)
rivm_windturbines_ashoogte_actueel.3346,117.0,118.0,3600.0,126258.357739,535522.950259,Nederland,,N117-3600,Hollands Kroon,Noord-Holland,land,2026-01-11,POINT (126258.3577 535522.9503)
rivm_windturbines_ashoogte_actueel.3347,13.0,15.0,15.0,252920.727057,535543.568821,Nederland,,EAZ wind,Coevorden,Drenthe,land,2026-01-11,POINT (252920.7271 535543.5688)
rivm_windturbines_ashoogte_actueel.3348,138.0,160.0,4200.0,270246.342181,535605.224105,Duitsland,,,,,land,2026-01-11,POINT (270246.3422 535605.2241)
rivm_windturbines_ashoogte_actueel.3349,117.0,118.0,3600.0,123722.58821,535623.150984,Nederland,,N117-3600,Hollands Kroon,Noord-Holland,land,2026-01-11,POINT (123722.5882 535623.151)
rivm_windturbines_ashoogte_actueel.3350,13.0,15.0,15.0,242535.097881,535624.804886,Nederland,,EAZ wind,Coevorden,Drenthe,land,2026-01-11,POINT (242535.0979 535624.8049)
rivm_windturbines_ashoogte_actueel.3351,138.0,160.0,4200.0,268981.299892,535617.782979,Duitsland,,,,,land,2026-01-11,POINT (268981.2999 535617.783)
rivm_windturbines_ashoogte_actueel.3352,52.0,50.0,900.0,135285.895,535675.9514,Nederland,,,Hollands Kroon,Noord-Holland,land,2026-01-11,POINT (135285.895 535675.9514)
rivm_windturbines_ashoogte_actueel.3353,138.0,160.0,4200.0,269824.055413,535796.664031,Duitsland,,,,,land,2026-01-11,POINT (269824.0554 535796.664)
rivm_windturbines_ashoogte_actueel.3354,138.0,160.0,4200.0,269383.043766,535821.197094,Duitsland,,,,,land,2026-01-11,POINT (269383.0438 535821.1971)
rivm_windturbines_ashoogte_actueel.3355,127.0,135.0,7500.0,172273.9802,535852.1269,Nederland,,Enercon E-126,Noordoostpolder,Flevoland,land,2026-01-11,POINT (172273.9802 535852.1269)
rivm_windturbines_ashoogte_actueel.3356,117.0,118.0,3600.0,126117.809816,535874.132265,Nederland,,N117-3600,Hollands Kroon,Noord-Holland,land,2026-01-11,POINT (126117.8098 535874.1323)
rivm_windturbines_ashoogte_actueel.3357,107.0,100.0,3000.0,171111.502,535936.5491,Nederland,,Siemens 3.0DD,De Fryske Marren,Fryslân,binnenwater,2026-01-11,POINT (171111.502 535936.5491)
rivm_windturbines_ashoogte_actueel.3358,131.0,120.0,3600.0,121042.945249,535950.988806,Nederland,,,Hollands Kroon,Noord-Holland,land,2026-01-11,POINT (121042.9452 535950.9888)
rivm_windturbines_ashoogte_actueel.3359,52.0,50.0,900.0,135889.2015,535959.8644,Nederland,,,Hollands Kroon,Noord-Holland,land,2026-01-11,POINT (135889.2015 535959.8644)
rivm_windturbines_ashoogte_actueel.3360,117.0,118.0,3600.0,123582.528389,535966.334375,Nederland,,N117-3600,Hollands Kroon,Noord-Holland,land,2026-01-11,POINT (123582.5284 535966.3344)
rivm_windturbines_ashoogte_actueel.3361,138.0,160.0,4200.0,268982.033655,536009.032691,Duitsland,,,,,land,2026-01-11,POINT (268982.0337 536009.0327)
rivm_windturbines_ashoogte_actueel.3362,117.0,118.0,3600.0,123959.0682,536115.4292,Nederland,,N117-3600,Hollands Kroon,Noord-Holland,land,2026-01-11,POINT (123959.0682 536115.4292)
rivm_windturbines_ashoogte_actueel.3363,13.0,15.0,15.0,230012.610727,536143.609837,Nederland,,EAZ wind,Midden-Drenthe,Drenthe,land,2026-01-11,POINT (230012.6107 536143.6098)
rivm_windturbines_ashoogte_actueel.3364,117.0,118.0,3600.0,125977.5803,536226.028863,Nederland,,N117-3600,Hollands Kroon,Noord-Holland,land,2026-01-11,POINT (125977.5803 536226.0289)
rivm_windturbines_ashoogte_actueel.3365,127.0,135.0,7500.0,172543.3697,536280.7349,Nederland,,Enercon E-126,Noordoostpolder,Flevoland,land,2026-01-11,POINT (172543.3697 536280.7349)
rivm_windturbines_ashoogte_actueel.3366,52.0,50.0,900.0,126720.0998,536308.8045,Nederland,,,Hollands Kroon,Noord-Holland,land,2026-01-11,POINT (126720.0998 536308.8045)
rivm_windturbines_ashoogte_actueel.3367,107.0,100.0,3000.0,171384.0233,536372.451,Nederland,,Siemens 3.0DD,De Fryske Marren,Fryslân,binnenwater,2026-01-11,POINT (171384.0233 536372.451)
rivm_windturbines_ashoogte_actueel.3368,131.0,120.0,3600.0,121123.555605,536404.636351,Nederland,,,Hollands Kroon,Noord-Holland,land,2026-01-11,POINT (121123.5556 536404.6364)
rivm_windturbines_ashoogte_actueel.3369,13.0,15.0,15.0,239941.856995,536426.00769,Nederland,,EAZ wind,Midden-Drenthe,Drenthe,land,2026-01-11,POINT (239941.857 536426.0077)
rivm_windturbines_ashoogte_actueel.3370,117.0,118.0,3600.0,123822.365088,536434.857677,Nederland,,N117-3600,Hollands Kroon,Noord-Holland,land,2026-01-11,POINT (123822.3651 536434.8577)
rivm_windturbines_ashoogte_actueel.3371,54.0,60.0,800.0,117487.7725,536471.3871,Nederland,,,Hollands Kroon,Noord-Holland,land,2026-01-11,POINT (117487.7725 536471.3871)
rivm_windturbines_ashoogte_actueel.3372,48.0,50.0,800.0,131199.755039,536521.720597,Nederland,,,Hollands Kroon,Noord-Holland,land,2026-01-11,POINT (131199.755 536521.7206)
rivm_windturbines_ashoogte_actueel.3373,117.0,118.0,3600.0,125837.350846,536577.263963,Nederland,,N117-3600,Hollands Kroon,Noord-Holland,land,2026-01-11,POINT (125837.3508 536577.264)
rivm_windturbines_ashoogte_actueel.3374,130.0,120.0,3800.0,135663.242113,536631.358874,Nederland,,N117-3600,Hollands Kroon,Noord-Holland,land,2026-01-11,POINT (135663.2421 536631.3589)
rivm_windturbines_ashoogte_actueel.3375,130.0,120.0,3800.0,135180.111975,536674.433037,Nederland,,N117-3600,Hollands Kroon,Noord-Holland,land,2026-01-11,POINT (135180.112 536674.433)
rivm_windturbines_ashoogte_actueel.3376,127.0,135.0,7500.0,172806.4405,536706.0082,Nederland,,Enercon E-126,Noordoostpolder,Flevoland,land,2026-01-11,POINT (172806.4405 536706.0082)
rivm_windturbines_ashoogte_actueel.3377,130.0,120.0,3800.0,134697.299325,536717.930623,Nederland,,N117-3600,Hollands Kroon,Noord-Holland,land,2026-01-11,POINT (134697.2993 536717.9306)
rivm_windturbines_ashoogte_actueel.3378,48.0,50.0,800.0,129836.371205,536758.588294,Nederland,,,Hollands Kroon,Noord-Holland,land,2026-01-11,POINT (129836.3712 536758.5883)
rivm_windturbines_ashoogte_actueel.3379,117.0,118.0,3600.0,123698.380915,536759.202915,Nederland,,N117-3600,Hollands Kroon,Noord-Holland,land,2026-01-11,POINT (123698.3809 536759.2029)
rivm_windturbines_ashoogte_actueel.3380,130.0,120.0,3800.0,134214.222151,536760.634524,Nederland,,N117-3600,Hollands Kroon,Noord-Holland,land,2026-01-11,POINT (134214.2222 536760.6345)
rivm_windturbines_ashoogte_actueel.3381,175.0,150.0,4000.0,133690.013027,536806.790086,Nederland,,N117-3600,Hollands Kroon,Noord-Holland,land,2026-01-11,POINT (133690.013 536806.7901)
rivm_windturbines_ashoogte_actueel.3382,107.0,100.0,3000.0,171659.852,536817.6134,Nederland,,Siemens 3.0DD,De Fryske Marren,Fryslân,binnenwater,2026-01-11,POINT (171659.852 536817.6134)
rivm_windturbines_ashoogte_actueel.3383,48.0,50.0,800.0,130201.770274,536825.525703,Nederland,,,Hollands Kroon,Noord-Holland,land,2026-01-11,POINT (130201.7703 536825.5257)
rivm_windturbines_ashoogte_actueel.3384,175.0,150.0,4000.0,133166.7455,536854.131129,Nederland,,N117-3600,Hollands Kroon,Noord-Holland,land,2026-01-11,POINT (133166.7455 536854.1311)
rivm_windturbines_ashoogte_actueel.3385,131.0,120.0,3600.0,121203.594045,536861.166715,Nederland,,,Hollands Kroon,Noord-Holland,land,2026-01-11,POINT (121203.594 536861.1667)
rivm_windturbines_ashoogte_actueel.3386,175.0,150.0,5300.0,132666.5463,536896.6829,Nederland,,N117-3600,Hollands Kroon,Noord-Holland,land,2026-01-11,POINT (132666.5463 536896.6829)
rivm_windturbines_ashoogte_actueel.3387,117.0,118.0,3600.0,125697.121416,536927.837491,Nederland,,N117-3600,Hollands Kroon,Noord-Holland,land,2026-01-11,POINT (125697.1214 536927.8375)
rivm_windturbines_ashoogte_actueel.3388,117.0,118.0,3600.0,123566.376475,537087.86311,Nederland,,N117-3600,Hollands Kroon,Noord-Holland,land,2026-01-11,POINT (123566.3765 537087.8631)
rivm_windturbines_ashoogte_actueel.3389,107.0,100.0,3000.0,171932.3734,537258.807,Nederland,,Siemens 3.0DD,De Fryske Marren,Fryslân,binnenwater,2026-01-11,POINT (171932.3734 537258.807)
rivm_windturbines_ashoogte_actueel.3390,117.0,118.0,3600.0,125558.214875,537280.395539,Nederland,,N117-3600,Hollands Kroon,Noord-Holland,land,2026-01-11,POINT (125558.2149 537280.3955)
rivm_windturbines_ashoogte_actueel.3391,131.0,120.0,3600.0,121283.237432,537313.449281,Nederland,,,Hollands Kroon,Noord-Holland,land,2026-01-11,POINT (121283.2374 537313.4493)
rivm_windturbines_ashoogte_actueel.3392,117.0,118.0,3600.0,123437.848538,537410.726059,Nederland,,N117-3600,Hollands Kroon,Noord-Holland,land,2026-01-11,POINT (123437.8485 537410.7261)
rivm_windturbines_ashoogte_actueel.3393,52.2,50.0,900.0,134366.0709,537422.9919,Nederland,,,Hollands Kroon,Noord-Holland,land,2026-01-11,POINT (134366.0709 537422.9919)
rivm_windturbines_ashoogte_actueel.3394,43.0,40.0,600.0,121909.3108,537516.9686,Nederland,,,Hollands Kroon,Noord-Holland,land,2026-01-11,POINT (121909.3108 537516.9686)
rivm_windturbines_ashoogte_actueel.3395,52.0,49.0,850.0,131619.0458,537568.1957,Nederland,,,Hollands Kroon,Noord-Holland,land,2026-01-11,POINT (131619.0458 537568.1957)
rivm_windturbines_ashoogte_actueel.3396,117.0,118.0,3600.0,125420.268623,537626.420648,Nederland,,N117-3600,Hollands Kroon,Noord-Holland,land,2026-01-11,POINT (125420.2686 537626.4206)
rivm_windturbines_ashoogte_actueel.3397,131.0,84.0,3600.0,261186.638844,537629.349896,Nederland,,,Emmen,Drenthe,land,2026-01-11,POINT (261186.6388 537629.3499)
rivm_windturbines_ashoogte_actueel.3398,117.0,118.0,3600.0,123313.093995,537723.680395,Nederland,,N117-3600,Hollands Kroon,Noord-Holland,land,2026-01-11,POINT (123313.094 537723.6804)
rivm_windturbines_ashoogte_actueel.3399,13.0,15.0,15.0,181684.0,537728.0,Nederland,,EAZ wind,De Fryske Marren,Fryslân,land,2026-01-11,POINT (181684 537728)
rivm_windturbines_ashoogte_actueel.3400,131.0,84.0,3600.0,261685.879819,537733.086898,Nederland,,,Emmen,Drenthe,land,2026-01-11,POINT (261685.8798 537733.0869)
rivm_windturbines_ashoogte_actueel.3401,131.0,120.0,3600.0,121362.279752,537768.303171,Nederland,,,Hollands Kroon,Noord-Holland,land,2026-01-11,POINT (121362.2798 537768.3032)
rivm_windturbines_ashoogte_actueel.3402,52.2,50.0,900.0,132999.2294,537777.6705,Nederland,,,Hollands Kroon,Noord-Holland,land,2026-01-11,POINT (132999.2294 537777.6705)
rivm_windturbines_ashoogte_actueel.3403,131.0,84.0,3600.0,262826.99,537848.01,Nederland,,SWT-DD-4.2-130,Emmen,Drenthe,land,2026-01-11,POINT (262826.99 537848.01)
rivm_windturbines_ashoogte_actueel.3404,53.0,60.0,800.0,117556.458624,537959.9151,Nederland,,,Hollands Kroon,Noord-Holland,land,2026-01-11,POINT (117556.4586 537959.9151)
rivm_windturbines_ashoogte_actueel.3405,16.0,20.0,80.0,184064.94206,537987.987684,Nederland,,BW80,De Fryske Marren,Fryslân,land,2026-01-11,POINT (184064.9421 537987.9877)
rivm_windturbines_ashoogte_actueel.3406,117.0,118.0,3600.0,125263.420975,538028.22547,Nederland,,N117-3600,Hollands Kroon,Noord-Holland,land,2026-01-11,POINT (125263.421 538028.2255)
rivm_windturbines_ashoogte_actueel.3407,117.0,118.0,3600.0,123184.98766,538043.420047,Nederland,,N117-3600,Hollands Kroon,Noord-Holland,land,2026-01-11,POINT (123184.9877 538043.42)
rivm_windturbines_ashoogte_actueel.3408,131.0,84.0,3600.0,261997.941531,538144.775979,Nederland,,,Emmen,Drenthe,land,2026-01-11,POINT (261997.9415 538144.776)
rivm_windturbines_ashoogte_actueel.3409,130.0,120.0,3800.0,135799.409519,538174.798199,Nederland,,N117-3600,Hollands Kroon,Noord-Holland,land,2026-01-11,POINT (135799.4095 538174.7982)
rivm_windturbines_ashoogte_actueel.3410,13.0,15.0,15.0,183702.0,538205.0,Nederland,,EAZ wind,De Fryske Marren,Fryslân,land,2026-01-11,POINT (183702 538205)
rivm_windturbines_ashoogte_actueel.3411,130.0,120.0,3800.0,135316.308369,538217.566161,Nederland,,N117-3600,Hollands Kroon,Noord-Holland,land,2026-01-11,POINT (135316.3084 538217.5662)
rivm_windturbines_ashoogte_actueel.3412,131.0,84.0,3600.0,262437.138415,538230.920982,Nederland,,SWT-DD-4.2-130,Emmen,Drenthe,land,2026-01-11,POINT (262437.1384 538230.921)
rivm_windturbines_ashoogte_actueel.3413,130.0,120.0,3800.0,134833.441713,538261.197287,Nederland,,N117-3600,Hollands Kroon,Noord-Holland,land,2026-01-11,POINT (134833.4417 538261.1973)
rivm_windturbines_ashoogte_actueel.3414,130.0,120.0,3800.0,134350.384962,538305.222553,Nederland,,N117-3600,Hollands Kroon,Noord-Holland,land,2026-01-11,POINT (134350.385 538305.2226)
rivm_windturbines_ashoogte_actueel.3415,130.0,120.0,3800.0,133866.99353,538348.1651,Nederland,,N117-3600,Hollands Kroon,Noord-Holland,land,2026-01-11,POINT (133866.9935 538348.1651)
rivm_windturbines_ashoogte_actueel.3416,13.0,15.0,15.0,232359.980459,538358.515674,Nederland,,EAZ wind,Midden-Drenthe,Drenthe,land,2026-01-11,POINT (232359.9805 538358.5157)
rivm_windturbines_ashoogte_actueel.3417,131.0,84.0,3600.0,262930.165948,538374.534414,Nederland,,SWT-DD-4.2-130,Emmen,Drenthe,land,2026-01-11,POINT (262930.1659 538374.5344)
rivm_windturbines_ashoogte_actueel.3418,130.0,120.0,3800.0,133384.030029,538391.684082,Nederland,,N117-3600,Hollands Kroon,Noord-Holland,land,2026-01-11,POINT (133384.03 538391.6841)
rivm_windturbines_ashoogte_actueel.3419,130.0,120.0,4200.0,132896.2594,538440.8377,Nederland,,,Hollands Kroon,Noord-Holland,land,2026-01-11,POINT (132896.2594 538440.8377)
rivm_windturbines_ashoogte_actueel.3420,131.0,84.0,3600.0,263446.539391,538463.596663,Nederland,,SWT-DD-4.2-130,Emmen,Drenthe,land,2026-01-11,POINT (263446.5394 538463.5967)
rivm_windturbines_ashoogte_actueel.3421,131.0,84.0,3600.0,261338.101784,538471.085626,Nederland,,,Emmen,Drenthe,land,2026-01-11,POINT (261338.1018 538471.0856)
rivm_windturbines_ashoogte_actueel.3422,16.0,20.0,80.0,183885.760742,538471.509164,Nederland,,BW80,De Fryske Marren,Fryslân,land,2026-01-11,POINT (183885.7607 538471.5092)
rivm_windturbines_ashoogte_actueel.3423,130.0,120.0,4200.0,132418.6516,538479.0463,Nederland,,,Hollands Kroon,Noord-Holland,land,2026-01-11,POINT (132418.6516 538479.0463)
rivm_windturbines_ashoogte_actueel.3424,130.0,120.0,4200.0,131935.541801,538522.01741,Nederland,,,Hollands Kroon,Noord-Holland,land,2026-01-11,POINT (131935.5418 538522.0174)
rivm_windturbines_ashoogte_actueel.3425,130.0,120.0,4200.0,131452.269216,538566.358955,Nederland,,,Hollands Kroon,Noord-Holland,land,2026-01-11,POINT (131452.2692 538566.359)
rivm_windturbines_ashoogte_actueel.3426,131.0,84.0,3600.0,261908.018781,538602.128162,Nederland,,,Emmen,Drenthe,land,2026-01-11,POINT (261908.0188 538602.1282)
rivm_windturbines_ashoogte_actueel.3427,52.0,35.0,900.0,166386.3696,538638.7161,Nederland,,,De Fryske Marren,Fryslân,land,2026-01-11,POINT (166386.3696 538638.7161)
rivm_windturbines_ashoogte_actueel.3428,13.0,15.0,15.0,236969.247192,538674.522827,Nederland,,EAZ wind,Midden-Drenthe,Drenthe,land,2026-01-11,POINT (236969.2472 538674.5228)
rivm_windturbines_ashoogte_actueel.3429,131.0,84.0,3600.0,262328.510023,538686.506949,Nederland,,SWT-DD-4.2-130,Emmen,Drenthe,land,2026-01-11,POINT (262328.51 538686.5069)
rivm_windturbines_ashoogte_actueel.3430,131.0,84.0,3600.0,262834.714928,538829.222843,Nederland,,SWT-DD-4.2-130,Emmen,Drenthe,land,2026-01-11,POINT (262834.7149 538829.2228)
rivm_windturbines_ashoogte_actueel.3431,131.0,84.0,3600.0,263290.50173,538908.256674,Nederland,,SWT-DD-4.2-130,Emmen,Drenthe,land,2026-01-11,POINT (263290.5017 538908.2567)
rivm_windturbines_ashoogte_actueel.3432,48.0,50.0,800.0,135331.0219,538959.9013,Nederland,,,Hollands Kroon,Noord-Holland,land,2026-01-11,POINT (135331.0219 538959.9013)
rivm_windturbines_ashoogte_actueel.3433,131.0,84.0,3600.0,262546.599915,539133.130912,Nederland,,SWT-DD-4.2-130,Emmen,Drenthe,land,2026-01-11,POINT (262546.5999 539133.1309)
rivm_windturbines_ashoogte_actueel.3434,54.0,73.0,800.0,117334.5094,539173.1304,Nederland,,,Hollands Kroon,Noord-Holland,land,2026-01-11,POINT (117334.5094 539173.1304)
rivm_windturbines_ashoogte_actueel.3435,52.0,50.0,900.0,132289.3926,539194.3376,Nederland,,,Hollands Kroon,Noord-Holland,land,2026-01-11,POINT (132289.3926 539194.3376)
rivm_windturbines_ashoogte_actueel.3436,117.0,118.0,3600.0,122641.189923,539207.33946,Nederland,,N117-3600,Hollands Kroon,Noord-Holland,land,2026-01-11,POINT (122641.1899 539207.3395)
rivm_windturbines_ashoogte_actueel.3437,48.0,50.0,800.0,133341.909258,539215.389968,Nederland,,,Hollands Kroon,Noord-Holland,land,2026-01-11,POINT (133341.9093 539215.39)
rivm_windturbines_ashoogte_actueel.3438,54.0,73.0,800.0,117492.5091,539266.0302,Nederland,,,Hollands Kroon,Noord-Holland,land,2026-01-11,POINT (117492.5091 539266.0302)
rivm_windturbines_ashoogte_actueel.3439,131.0,84.0,3600.0,262995.30768,539269.340872,Nederland,,SWT-DD-4.2-130,Emmen,Drenthe,land,2026-01-11,POINT (262995.3077 539269.3409)
rivm_windturbines_ashoogte_actueel.3440,48.0,50.0,800.0,131803.7763,539327.3716,Nederland,,,Hollands Kroon,Noord-Holland,land,2026-01-11,POINT (131803.7763 539327.3716)
rivm_windturbines_ashoogte_actueel.3441,54.0,73.0,800.0,117651.0488,539358.8699,Nederland,,,Hollands Kroon,Noord-Holland,land,2026-01-11,POINT (117651.0488 539358.8699)
rivm_windturbines_ashoogte_actueel.3442,52.0,49.0,850.0,125446.1714,539383.3913,Nederland,,,Hollands Kroon,Noord-Holland,land,2026-01-11,POINT (125446.1714 539383.3913)
rivm_windturbines_ashoogte_actueel.3443,54.0,73.0,800.0,117808.5685,539451.4297,Nederland,,,Hollands Kroon,Noord-Holland,land,2026-01-11,POINT (117808.5685 539451.4297)
rivm_windturbines_ashoogte_actueel.3444,54.0,73.0,800.0,117966.8894,539543.7957,Nederland,,,Hollands Kroon,Noord-Holland,land,2026-01-11,POINT (117966.8894 539543.7957)
rivm_windturbines_ashoogte_actueel.3445,117.0,118.0,3600.0,122716.665461,539582.96708,Nederland,,N117-3600,Hollands Kroon,Noord-Holland,land,2026-01-11,POINT (122716.6655 539582.9671)
rivm_windturbines_ashoogte_actueel.3446,54.0,73.0,800.0,118125.0879,539637.2792,Nederland,,,Hollands Kroon,Noord-Holland,land,2026-01-11,POINT (118125.0879 539637.2792)
rivm_windturbines_ashoogte_actueel.3447,13.0,15.0,15.0,191933.523783,539686.410621,Nederland,,EAZ wind,Weststellingwerf,Fryslân,land,2026-01-11,POINT (191933.5238 539686.4106)
rivm_windturbines_ashoogte_actueel.3448,54.0,73.0,800.0,118286.1676,539732.039,Nederland,,,Hollands Kroon,Noord-Holland,land,2026-01-11,POINT (118286.1676 539732.039)
rivm_windturbines_ashoogte_actueel.3449,54.0,73.0,800.0,118439.3673,539821.6288,Nederland,,,Hollands Kroon,Noord-Holland,land,2026-01-11,POINT (118439.3673 539821.6288)
rivm_windturbines_ashoogte_actueel.3450,117.0,118.0,3600.0,122787.761182,539960.166044,Nederland,,N117-3600,Hollands Kroon,Noord-Holland,land,2026-01-11,POINT (122787.7612 539960.166)
rivm_windturbines_ashoogte_actueel.3451,16.0,20.0,25.0,166016.751801,539964.824521,Nederland,,SWP25 16TG20,De Fryske Marren,Fryslân,land,2026-01-11,POINT (166016.7518 539964.8245)
rivm_windturbines_ashoogte_actueel.3452,13.0,15.0,15.0,192397.180544,539981.426973,Nederland,,EAZ wind,Weststellingwerf,Fryslân,land,2026-01-11,POINT (192397.1805 539981.427)
rivm_windturbines_ashoogte_actueel.3453,13.0,15.0,15.0,192377.813005,540013.018286,Nederland,,EAZ wind,Weststellingwerf,Fryslân,land,2026-01-11,POINT (192377.813 540013.0183)
rivm_windturbines_ashoogte_actueel.3454,13.0,15.0,15.0,236712.940613,540027.836182,Nederland,,EAZ wind,Midden-Drenthe,Drenthe,land,2026-01-11,POINT (236712.9406 540027.8362)
rivm_windturbines_ashoogte_actueel.3455,48.0,50.0,800.0,127589.734223,540059.604689,Nederland,,,Hollands Kroon,Noord-Holland,land,2026-01-11,POINT (127589.7342 540059.6047)
rivm_windturbines_ashoogte_actueel.3456,33.4,40.0,300.0,120465.7912,540073.4545,Nederland,,,Hollands Kroon,Noord-Holland,land,2026-01-11,POINT (120465.7912 540073.4545)
rivm_windturbines_ashoogte_actueel.3457,48.0,65.0,800.0,112170.6642,540126.5411,Nederland,,,Schagen,Noord-Holland,land,2026-01-11,POINT (112170.6642 540126.5411)
rivm_windturbines_ashoogte_actueel.3458,14.0,15.0,10.0,166825.659952,540187.019587,Nederland,,BW10,De Fryske Marren,Fryslân,land,2026-01-11,POINT (166825.66 540187.0196)
rivm_windturbines_ashoogte_actueel.3459,16.0,15.0,25.0,181032.310272,540285.5314,Nederland,,LWT25,De Fryske Marren,Fryslân,land,2026-01-11,POINT (181032.3103 540285.5314)
rivm_windturbines_ashoogte_actueel.3460,117.0,118.0,3600.0,122857.70557,540335.234093,Nederland,,N117-3600,Hollands Kroon,Noord-Holland,land,2026-01-11,POINT (122857.7056 540335.2341)
rivm_windturbines_ashoogte_actueel.3461,16.0,20.0,80.0,181454.145153,540343.051802,Nederland,,BW80,De Fryske Marren,Fryslân,land,2026-01-11,POINT (181454.1452 540343.0518)
rivm_windturbines_ashoogte_actueel.3462,13.0,15.0,15.0,197909.0,540512.0,Nederland,,EAZ wind,Weststellingwerf,Fryslân,land,2026-01-11,POINT (197909 540512)
rivm_windturbines_ashoogte_actueel.3463,16.0,20.0,80.0,167939.63138,540670.003208,Nederland,,BW80,De Fryske Marren,Fryslân,land,2026-01-11,POINT (167939.6314 540670.0032)
rivm_windturbines_ashoogte_actueel.3464,117.0,118.0,3600.0,122931.390973,540712.264956,Nederland,,N117-3600,Hollands Kroon,Noord-Holland,land,2026-01-11,POINT (122931.391 540712.265)
rivm_windturbines_ashoogte_actueel.3465,117.0,118.0,3600.0,132955.269554,541096.373398,Nederland,,N117-3600,Hollands Kroon,Noord-Holland,land,2026-01-11,POINT (132955.2696 541096.3734)
rivm_windturbines_ashoogte_actueel.3466,14.0,15.0,10.0,178196.53246,541121.421485,Nederland,,BW10,De Fryske Marren,Fryslân,land,2026-01-11,POINT (178196.5325 541121.4215)
rivm_windturbines_ashoogte_actueel.3467,16.0,20.0,80.0,157109.555416,541174.83522,Nederland,,BW80,Súdwest-Fryslân,Fryslân,land,2026-01-11,POINT (157109.5554 541174.8352)
rivm_windturbines_ashoogte_actueel.3468,52.2,50.0,900.0,112934.6478,541207.9258,Nederland,,,Hollands Kroon,Noord-Holland,land,2026-01-11,POINT (112934.6478 541207.9258)
rivm_windturbines_ashoogte_actueel.3469,48.0,50.0,800.0,128755.756936,541339.16897,Nederland,,,Hollands Kroon,Noord-Holland,land,2026-01-11,POINT (128755.7569 541339.169)
rivm_windturbines_ashoogte_actueel.3470,33.4,40.0,300.0,119003.2567,541400.0066,Nederland,,,Hollands Kroon,Noord-Holland,land,2026-01-11,POINT (119003.2567 541400.0066)
rivm_windturbines_ashoogte_actueel.3471,117.0,118.0,3600.0,123067.535837,541417.725624,Nederland,,N117-3600,Hollands Kroon,Noord-Holland,land,2026-01-11,POINT (123067.5358 541417.7256)
rivm_windturbines_ashoogte_actueel.3472,37.0,35.0,500.0,173719.8633,541418.3806,Nederland,,,De Fryske Marren,Fryslân,land,2026-01-11,POINT (173719.8633 541418.3806)
rivm_windturbines_ashoogte_actueel.3473,52.2,50.0,900.0,112987.4578,541421.3483,Nederland,,,Hollands Kroon,Noord-Holland,land,2026-01-11,POINT (112987.4578 541421.3483)
rivm_windturbines_ashoogte_actueel.3474,117.0,118.0,3600.0,132787.629149,541426.04487,Nederland,,N117-3600,Hollands Kroon,Noord-Holland,land,2026-01-11,POINT (132787.6291 541426.0449)
rivm_windturbines_ashoogte_actueel.3475,13.0,15.0,15.0,173404.952459,541434.803945,Nederland,,EAZ wind,De Fryske Marren,Fryslân,land,2026-01-11,POINT (173404.9525 541434.8039)
rivm_windturbines_ashoogte_actueel.3476,16.0,18.0,25.0,235223.19928,541471.232788,Nederland,,,Midden-Drenthe,Drenthe,land,2026-01-11,POINT (235223.1993 541471.2328)
rivm_windturbines_ashoogte_actueel.3477,16.0,20.0,45.0,157289.834829,541500.831369,Nederland,,BW45,Súdwest-Fryslân,Fryslân,land,2026-01-11,POINT (157289.8348 541500.8314)
rivm_windturbines_ashoogte_actueel.3478,52.2,50.0,900.0,113041.5104,541634.6533,Nederland,,,Hollands Kroon,Noord-Holland,land,2026-01-11,POINT (113041.5104 541634.6533)
rivm_windturbines_ashoogte_actueel.3479,37.0,35.0,500.0,173796.563,541671.3594,Nederland,,,De Fryske Marren,Fryslân,land,2026-01-11,POINT (173796.563 541671.3594)
rivm_windturbines_ashoogte_actueel.3480,33.4,40.0,300.0,121901.0014,541683.965,Nederland,,,Hollands Kroon,Noord-Holland,land,2026-01-11,POINT (121901.0014 541683.965)
rivm_windturbines_ashoogte_actueel.3481,117.0,118.0,3600.0,132620.306345,541757.198071,Nederland,,N117-3600,Hollands Kroon,Noord-Holland,land,2026-01-11,POINT (132620.3063 541757.1981)
rivm_windturbines_ashoogte_actueel.3482,54.0,35.0,900.0,172159.1075,541760.723,Nederland,,,De Fryske Marren,Fryslân,land,2026-01-11,POINT (172159.1075 541760.723)
rivm_windturbines_ashoogte_actueel.3483,48.0,50.0,800.0,126157.4044,541768.8085,Nederland,,,Hollands Kroon,Noord-Holland,land,2026-01-11,POINT (126157.4044 541768.8085)
rivm_windturbines_ashoogte_actueel.3484,117.0,118.0,3600.0,123476.883545,541822.457762,Nederland,,N117-3600,Hollands Kroon,Noord-Holland,land,2026-01-11,POINT (123476.8835 541822.4578)
rivm_windturbines_ashoogte_actueel.3485,52.2,50.0,900.0,113094.7916,541847.8459,Nederland,,,Hollands Kroon,Noord-Holland,land,2026-01-11,POINT (113094.7916 541847.8459)
rivm_windturbines_ashoogte_actueel.3486,48.0,50.0,800.0,131849.429874,541880.404282,Nederland,,,Hollands Kroon,Noord-Holland,land,2026-01-11,POINT (131849.4299 541880.4043)
rivm_windturbines_ashoogte_actueel.3487,14.0,15.0,10.0,171706.469761,541939.416628,Nederland,,BW10,De Fryske Marren,Fryslân,land,2026-01-11,POINT (171706.4698 541939.4166)
rivm_windturbines_ashoogte_actueel.3488,117.0,118.0,3600.0,123957.040666,541946.307239,Nederland,,N117-3600,Hollands Kroon,Noord-Holland,land,2026-01-11,POINT (123957.0407 541946.3072)
rivm_windturbines_ashoogte_actueel.3489,117.0,118.0,3600.0,127782.277945,542012.997402,Nederland,,N117-3600,Hollands Kroon,Noord-Holland,land,2026-01-11,POINT (127782.2779 542012.9974)
rivm_windturbines_ashoogte_actueel.3490,117.0,118.0,3600.0,124453.094207,542081.870193,Nederland,,N117-3600,Hollands Kroon,Noord-Holland,land,2026-01-11,POINT (124453.0942 542081.8702)
rivm_windturbines_ashoogte_actueel.3491,117.0,118.0,3600.0,132454.147716,542085.282049,Nederland,,N117-3600,Hollands Kroon,Noord-Holland,land,2026-01-11,POINT (132454.1477 542085.282)
rivm_windturbines_ashoogte_actueel.3492,117.0,118.0,3600.0,127423.766811,542144.297144,Nederland,,N117-3600,Hollands Kroon,Noord-Holland,land,2026-01-11,POINT (127423.7668 542144.2971)
rivm_windturbines_ashoogte_actueel.3493,117.0,118.0,3600.0,124926.896561,542214.927592,Nederland,,N117-3600,Hollands Kroon,Noord-Holland,land,2026-01-11,POINT (124926.8966 542214.9276)
rivm_windturbines_ashoogte_actueel.3494,13.0,15.0,15.0,220737.445875,542225.763083,Nederland,,EAZ wind,Westerveld,Drenthe,land,2026-01-11,POINT (220737.4459 542225.7631)
rivm_windturbines_ashoogte_actueel.3495,117.0,118.0,3600.0,127067.901516,542276.589075,Nederland,,N117-3600,Hollands Kroon,Noord-Holland,land,2026-01-11,POINT (127067.9015 542276.5891)
rivm_windturbines_ashoogte_actueel.3496,16.0,20.0,80.0,173913.336995,542308.599559,Nederland,,BW80,De Fryske Marren,Fryslân,land,2026-01-11,POINT (173913.337 542308.5996)
rivm_windturbines_ashoogte_actueel.3497,117.0,118.0,3600.0,125398.810438,542343.708577,Nederland,,N117-3600,Hollands Kroon,Noord-Holland,land,2026-01-11,POINT (125398.8104 542343.7086)
rivm_windturbines_ashoogte_actueel.3498,54.0,73.0,800.0,121057.9413,542359.2275,Nederland,,,Hollands Kroon,Noord-Holland,land,2026-01-11,POINT (121057.9413 542359.2275)
rivm_windturbines_ashoogte_actueel.3499,117.0,118.0,3600.0,126713.35914,542408.550276,Nederland,,N117-3600,Hollands Kroon,Noord-Holland,land,2026-01-11,POINT (126713.3591 542408.5503)
rivm_windturbines_ashoogte_actueel.3500,117.0,118.0,3600.0,132286.401477,542415.747326,Nederland,,N117-3600,Hollands Kroon,Noord-Holland,land,2026-01-11,POINT (132286.4015 542415.7473)
rivm_windturbines_ashoogte_actueel.3501,52.2,50.0,900.0,113247.2679,542466.7775,Nederland,,,Hollands Kroon,Noord-Holland,land,2026-01-11,POINT (113247.2679 542466.7775)
rivm_windturbines_ashoogte_actueel.3502,14.0,15.0,10.0,169819.307711,542513.896166,Nederland,,,De Fryske Marren,Fryslân,land,2026-01-11,POINT (169819.3077 542513.8962)
rivm_windturbines_ashoogte_actueel.3503,117.0,118.0,3600.0,126357.656062,542545.372678,Nederland,,N117-3600,Hollands Kroon,Noord-Holland,land,2026-01-11,POINT (126357.6561 542545.3727)
rivm_windturbines_ashoogte_actueel.3504,14.0,15.0,10.0,170278.414638,542616.26109,Nederland,,BW10,De Fryske Marren,Fryslân,land,2026-01-11,POINT (170278.4146 542616.2611)
rivm_windturbines_ashoogte_actueel.3505,52.0,45.0,850.0,155859.8143,542618.7793,Nederland,,,Súdwest-Fryslân,Fryslân,land,2026-01-11,POINT (155859.8143 542618.7793)
rivm_windturbines_ashoogte_actueel.3506,54.0,73.0,800.0,120398.1159,542675.9056,Nederland,,,Hollands Kroon,Noord-Holland,land,2026-01-11,POINT (120398.1159 542675.9056)
rivm_windturbines_ashoogte_actueel.3507,52.0,45.0,850.0,155821.346459,542690.465643,Nederland,,,Súdwest-Fryslân,Fryslân,land,2026-01-11,POINT (155821.3465 542690.4656)
rivm_windturbines_ashoogte_actueel.3508,14.0,15.0,10.0,159237.494392,542711.976978,Nederland,,BW10,De Fryske Marren,Fryslân,land,2026-01-11,POINT (159237.4944 542711.977)
rivm_windturbines_ashoogte_actueel.3509,48.0,50.0,800.0,130177.348312,542731.422679,Nederland,,,Hollands Kroon,Noord-Holland,land,2026-01-11,POINT (130177.3483 542731.4227)
rivm_windturbines_ashoogte_actueel.3510,90.0,80.0,3000.0,132107.0365,542739.9612,Nederland,,N117-3600,Hollands Kroon,Noord-Holland,land,2026-01-11,POINT (132107.0365 542739.9612)
rivm_windturbines_ashoogte_actueel.3511,52.0,45.0,850.0,155783.1145,542762.5792,Nederland,,,Súdwest-Fryslân,Fryslân,land,2026-01-11,POINT (155783.1145 542762.5792)
rivm_windturbines_ashoogte_actueel.3512,52.0,45.0,850.0,155745.05299,542834.498999,Nederland,,,Súdwest-Fryslân,Fryslân,land,2026-01-11,POINT (155745.053 542834.499)
rivm_windturbines_ashoogte_actueel.3513,52.2,50.0,900.0,113339.4042,542841.8933,Nederland,,,Hollands Kroon,Noord-Holland,land,2026-01-11,POINT (113339.4042 542841.8933)
rivm_windturbines_ashoogte_actueel.3514,52.2,50.0,900.0,128589.2799,542871.1536,Nederland,,,Hollands Kroon,Noord-Holland,land,2026-01-11,POINT (128589.2799 542871.1536)
rivm_windturbines_ashoogte_actueel.3515,82.0,98.0,1800.0,273766.578776,542884.798564,Duitsland,,,,,land,2026-01-11,POINT (273766.5788 542884.7986)
rivm_windturbines_ashoogte_actueel.3516,52.0,45.0,850.0,155706.8148,542906.5792,Nederland,,,Súdwest-Fryslân,Fryslân,land,2026-01-11,POINT (155706.8148 542906.5792)
rivm_windturbines_ashoogte_actueel.3517,13.0,15.0,15.0,178142.297947,542961.40271,Nederland,,EAZ wind,De Fryske Marren,Fryslân,land,2026-01-11,POINT (178142.2979 542961.4027)
rivm_windturbines_ashoogte_actueel.3518,13.0,15.0,15.0,191969.707831,542999.090979,Nederland,,EAZ wind,Weststellingwerf,Fryslân,land,2026-01-11,POINT (191969.7078 542999.091)
rivm_windturbines_ashoogte_actueel.3519,13.0,15.0,15.0,185781.01699,543021.818817,Nederland,,EAZ wind,De Fryske Marren,Fryslân,land,2026-01-11,POINT (185781.017 543021.8188)
rivm_windturbines_ashoogte_actueel.3520,52.0,40.0,850.0,156276.2469,543058.2049,Nederland,,,Súdwest-Fryslân,Fryslân,land,2026-01-11,POINT (156276.2469 543058.2049)
rivm_windturbines_ashoogte_actueel.3521,82.0,98.0,1800.0,273463.270988,543065.31985,Duitsland,,,,,land,2026-01-11,POINT (273463.271 543065.3198)
rivm_windturbines_ashoogte_actueel.3522,48.0,50.0,800.0,134797.3524,543068.6422,Nederland,,,Hollands Kroon,Noord-Holland,land,2026-01-11,POINT (134797.3524 543068.6422)
rivm_windturbines_ashoogte_actueel.3523,52.0,40.0,850.0,156151.4399,543130.9942,Nederland,,,Súdwest-Fryslân,Fryslân,land,2026-01-11,POINT (156151.4399 543130.9942)
rivm_windturbines_ashoogte_actueel.3524,90.0,80.0,3000.0,131897.4845,543150.7522,Nederland,,N117-3600,Hollands Kroon,Noord-Holland,land,2026-01-11,POINT (131897.4845 543150.7522)
rivm_windturbines_ashoogte_actueel.3525,13.0,15.0,15.0,202378.0,543191.0,Nederland,,EAZ wind,Weststellingwerf,Fryslân,land,2026-01-11,POINT (202378 543191)
rivm_windturbines_ashoogte_actueel.3526,82.0,98.0,1800.0,273058.853419,543209.8846,Duitsland,,,,,land,2026-01-11,POINT (273058.8534 543209.8846)
rivm_windturbines_ashoogte_actueel.3527,44.0,40.0,600.0,117435.0689,543288.2781,Nederland,,,Hollands Kroon,Noord-Holland,land,2026-01-11,POINT (117435.0689 543288.2781)
rivm_windturbines_ashoogte_actueel.3528,82.0,98.0,1800.0,273823.891187,543295.080612,Duitsland,,,,,land,2026-01-11,POINT (273823.8912 543295.0806)
rivm_windturbines_ashoogte_actueel.3529,52.0,40.0,850.0,156255.2133,543357.479,Nederland,,,Súdwest-Fryslân,Fryslân,land,2026-01-11,POINT (156255.2133 543357.479)
rivm_windturbines_ashoogte_actueel.3530,48.0,50.0,800.0,132486.7797,543359.7559,Nederland,,,Hollands Kroon,Noord-Holland,land,2026-01-11,POINT (132486.7797 543359.7559)
rivm_windturbines_ashoogte_actueel.3531,82.0,98.0,1800.0,272770.283331,543360.248382,Duitsland,,,,,land,2026-01-11,POINT (272770.2833 543360.2484)
rivm_windturbines_ashoogte_actueel.3532,48.0,50.0,800.0,127130.782749,543362.068364,Nederland,,,Hollands Kroon,Noord-Holland,land,2026-01-11,POINT (127130.7827 543362.0684)
rivm_windturbines_ashoogte_actueel.3533,52.2,50.0,900.0,113485.2088,543439.6569,Nederland,,,Hollands Kroon,Noord-Holland,land,2026-01-11,POINT (113485.2088 543439.6569)
rivm_windturbines_ashoogte_actueel.3534,13.0,15.0,15.0,161237.0,543476.0,Nederland,,EAZ wind,Súdwest-Fryslân,Fryslân,land,2026-01-11,POINT (161237 543476)
rivm_windturbines_ashoogte_actueel.3535,14.0,15.0,10.0,168930.764296,543481.387252,Nederland,,BW10,De Fryske Marren,Fryslân,land,2026-01-11,POINT (168930.7643 543481.3873)
rivm_windturbines_ashoogte_actueel.3536,82.0,98.0,1800.0,272428.647217,543499.439251,Duitsland,,,,,land,2026-01-11,POINT (272428.6472 543499.4393)
rivm_windturbines_ashoogte_actueel.3537,117.0,118.0,3600.0,131726.318357,543517.105953,Nederland,,N117-3600,Hollands Kroon,Noord-Holland,land,2026-01-11,POINT (131726.3184 543517.106)
rivm_windturbines_ashoogte_actueel.3538,82.0,98.0,1800.0,273411.69044,543521.558185,Duitsland,,,,,land,2026-01-11,POINT (273411.6904 543521.5582)
rivm_windturbines_ashoogte_actueel.3539,82.0,98.0,1800.0,273875.183548,543555.244981,Duitsland,,,,,land,2026-01-11,POINT (273875.1835 543555.245)
rivm_windturbines_ashoogte_actueel.3540,13.0,15.0,15.0,157811.752411,543714.940868,Nederland,,EAZ wind,Súdwest-Fryslân,Fryslân,land,2026-01-11,POINT (157811.7524 543714.9409)
rivm_windturbines_ashoogte_actueel.3541,82.0,98.0,1800.0,272942.172157,543717.367963,Duitsland,,,,,land,2026-01-11,POINT (272942.1722 543717.368)
rivm_windturbines_ashoogte_actueel.3542,29.0,40.0,225.0,119726.8189,543792.1921,Nederland,,,Hollands Kroon,Noord-Holland,land,2026-01-11,POINT (119726.8189 543792.1921)
rivm_windturbines_ashoogte_actueel.3543,82.0,98.0,1800.0,272290.373638,543817.749443,Duitsland,,,,,land,2026-01-11,POINT (272290.3736 543817.7494)
rivm_windturbines_ashoogte_actueel.3544,117.0,118.0,3600.0,131561.581322,543852.245553,Nederland,,N117-3600,Hollands Kroon,Noord-Holland,land,2026-01-11,POINT (131561.5813 543852.2456)
rivm_windturbines_ashoogte_actueel.3545,82.0,98.0,1800.0,273435.919665,543864.148216,Duitsland,,,,,land,2026-01-11,POINT (273435.9197 543864.1482)
rivm_windturbines_ashoogte_actueel.3546,16.0,20.0,25.0,171115.876685,543874.127392,Nederland,,SWP25-16TG20,De Fryske Marren,Fryslân,land,2026-01-11,POINT (171115.8767 543874.1274)
rivm_windturbines_ashoogte_actueel.3547,82.0,98.0,1800.0,273806.102345,543902.280659,Duitsland,,,,,land,2026-01-11,POINT (273806.1023 543902.2807)
rivm_windturbines_ashoogte_actueel.3548,13.0,15.0,15.0,201459.777033,543920.193504,Nederland,,EAZ wind,Weststellingwerf,Fryslân,land,2026-01-11,POINT (201459.777 543920.1935)
rivm_windturbines_ashoogte_actueel.3549,16.0,20.0,25.0,163822.543695,543961.002132,Nederland,,SWP25-16TG20,De Fryske Marren,Fryslân,land,2026-01-11,POINT (163822.5437 543961.0021)
rivm_windturbines_ashoogte_actueel.3550,82.0,98.0,1800.0,272072.832938,544019.92797,Duitsland,,,,,land,2026-01-11,POINT (272072.8329 544019.928)
rivm_windturbines_ashoogte_actueel.3551,82.0,98.0,1800.0,273199.979436,544032.08818,Duitsland,,,,,land,2026-01-11,POINT (273199.9794 544032.0882)
rivm_windturbines_ashoogte_actueel.3552,48.0,50.0,800.0,132685.3819,544050.7911,Nederland,,,Hollands Kroon,Noord-Holland,land,2026-01-11,POINT (132685.3819 544050.7911)
rivm_windturbines_ashoogte_actueel.3553,13.0,15.0,15.0,164055.777726,544061.183818,Nederland,,EAZ wind,De Fryske Marren,Fryslân,land,2026-01-11,POINT (164055.7777 544061.1838)
rivm_windturbines_ashoogte_actueel.3554,82.0,98.0,1800.0,272509.260565,544062.340972,Duitsland,,,,,land,2026-01-11,POINT (272509.2606 544062.341)
rivm_windturbines_ashoogte_actueel.3555,13.0,15.0,15.0,185482.739785,544075.329102,Nederland,,EAZ wind,De Fryske Marren,Fryslân,land,2026-01-11,POINT (185482.7398 544075.3291)
rivm_windturbines_ashoogte_actueel.3556,13.0,15.0,15.0,192496.0,544178.0,Nederland,,EAZ wind,Weststellingwerf,Fryslân,land,2026-01-11,POINT (192496 544178)
rivm_windturbines_ashoogte_actueel.3557,82.0,98.0,1800.0,273855.402701,544192.085983,Duitsland,,,,,land,2026-01-11,POINT (273855.4027 544192.086)
rivm_windturbines_ashoogte_actueel.3558,117.0,118.0,3600.0,131428.980988,544202.457088,Nederland,,N117-3600,Hollands Kroon,Noord-Holland,land,2026-01-11,POINT (131428.981 544202.4571)
rivm_windturbines_ashoogte_actueel.3559,82.0,98.0,1800.0,273433.839246,544204.594822,Duitsland,,,,,land,2026-01-11,POINT (273433.8392 544204.5948)
rivm_windturbines_ashoogte_actueel.3560,23.6,31.0,150.0,155585.2055,544216.949,Nederland,,,Súdwest-Fryslân,Fryslân,land,2026-01-11,POINT (155585.2055 544216.949)
rivm_windturbines_ashoogte_actueel.3561,82.0,98.0,1800.0,272782.725118,544222.704322,Duitsland,,,,,land,2026-01-11,POINT (272782.7251 544222.7043)
rivm_windturbines_ashoogte_actueel.3562,82.0,98.0,1800.0,272232.621896,544343.256848,Duitsland,,,,,land,2026-01-11,POINT (272232.6219 544343.2568)
rivm_windturbines_ashoogte_actueel.3563,82.0,98.0,1800.0,273225.850641,544379.036472,Duitsland,,,,,land,2026-01-11,POINT (273225.8506 544379.0365)
rivm_windturbines_ashoogte_actueel.3564,82.0,98.0,1800.0,273988.992354,544425.154983,Duitsland,,,,,land,2026-01-11,POINT (273988.9924 544425.155)
rivm_windturbines_ashoogte_actueel.3565,82.0,98.0,1800.0,272002.691337,544442.579925,Duitsland,,,,,land,2026-01-11,POINT (272002.6913 544442.5799)
rivm_windturbines_ashoogte_actueel.3566,82.0,98.0,1800.0,272475.893443,544468.966928,Duitsland,,,,,land,2026-01-11,POINT (272475.8934 544468.9669)
rivm_windturbines_ashoogte_actueel.3567,82.0,98.0,1800.0,272815.871306,544485.211189,Duitsland,,,,,land,2026-01-11,POINT (272815.8713 544485.2112)
rivm_windturbines_ashoogte_actueel.3568,13.0,15.0,15.0,190518.163279,544492.175198,Nederland,,EAZ wind,Weststellingwerf,Fryslân,land,2026-01-11,POINT (190518.1633 544492.1752)
rivm_windturbines_ashoogte_actueel.3569,82.0,98.0,1800.0,273711.99347,544513.39438,Duitsland,,,,,land,2026-01-11,POINT (273711.9935 544513.3944)
rivm_windturbines_ashoogte_actueel.3570,13.0,15.0,15.0,187408.310483,544551.835113,Nederland,,EAZ wind,De Fryske Marren,Fryslân,land,2026-01-11,POINT (187408.3105 544551.8351)
rivm_windturbines_ashoogte_actueel.3571,117.0,118.0,3600.0,131337.796812,544552.785821,Nederland,,N117-3600,Hollands Kroon,Noord-Holland,land,2026-01-11,POINT (131337.7968 544552.7858)
rivm_windturbines_ashoogte_actueel.3572,82.0,98.0,1800.0,273229.815494,544586.723999,Duitsland,,,,,land,2026-01-11,POINT (273229.8155 544586.724)
rivm_windturbines_ashoogte_actueel.3573,82.0,98.0,1800.0,274181.865935,544610.989315,Duitsland,,,,,land,2026-01-11,POINT (274181.8659 544610.9893)
rivm_windturbines_ashoogte_actueel.3574,82.0,98.0,1800.0,272367.162236,544673.707512,Duitsland,,,,,land,2026-01-11,POINT (272367.1622 544673.7075)
rivm_windturbines_ashoogte_actueel.3575,82.0,98.0,1800.0,273513.374599,544681.239662,Duitsland,,,,,land,2026-01-11,POINT (273513.3746 544681.2397)
rivm_windturbines_ashoogte_actueel.3576,82.0,98.0,1800.0,271973.343766,544704.477525,Duitsland,,,,,land,2026-01-11,POINT (271973.3438 544704.4775)
rivm_windturbines_ashoogte_actueel.3577,16.0,20.0,25.0,186329.325124,544716.923859,Nederland,,SWP25-16TG20,De Fryske Marren,Fryslân,land,2026-01-11,POINT (186329.3251 544716.9239)
rivm_windturbines_ashoogte_actueel.3578,82.0,98.0,1800.0,273868.513279,544834.262773,Duitsland,,,,,land,2026-01-11,POINT (273868.5133 544834.2628)
rivm_windturbines_ashoogte_actueel.3579,82.0,98.0,1800.0,272110.9767,544889.566838,Duitsland,,,,,land,2026-01-11,POINT (272110.9767 544889.5668)
rivm_windturbines_ashoogte_actueel.3580,52.0,49.0,850.0,132244.252,544904.218,Nederland,,,Hollands Kroon,Noord-Holland,land,2026-01-11,POINT (132244.252 544904.218)
rivm_windturbines_ashoogte_actueel.3581,117.0,118.0,3600.0,131267.231944,544919.627645,Nederland,,N117-3600,Hollands Kroon,Noord-Holland,land,2026-01-11,POINT (131267.2319 544919.6276)
rivm_windturbines_ashoogte_actueel.3582,82.0,98.0,1800.0,273585.455176,545032.156667,Duitsland,,,,,land,2026-01-11,POINT (273585.4552 545032.1567)
rivm_windturbines_ashoogte_actueel.3583,48.0,50.0,800.0,130861.873505,545048.499542,Nederland,,,Hollands Kroon,Noord-Holland,land,2026-01-11,POINT (130861.8735 545048.4995)
rivm_windturbines_ashoogte_actueel.3584,117.0,118.0,3600.0,131227.345279,545286.390735,Nederland,,N117-3600,Hollands Kroon,Noord-Holland,land,2026-01-11,POINT (131227.3453 545286.3907)
rivm_windturbines_ashoogte_actueel.3585,14.0,15.0,10.0,163145.49584,545286.664421,Nederland,,BW10,De Fryske Marren,Fryslân,land,2026-01-11,POINT (163145.4958 545286.6644)
rivm_windturbines_ashoogte_actueel.3586,13.0,15.0,15.0,201589.447902,545324.04838,Nederland,,EAZ wind,Weststellingwerf,Fryslân,land,2026-01-11,POINT (201589.4479 545324.0484)
rivm_windturbines_ashoogte_actueel.3587,16.0,20.0,80.0,170590.759684,545574.002193,Nederland,,BW80,De Fryske Marren,Fryslân,land,2026-01-11,POINT (170590.7597 545574.0022)
rivm_windturbines_ashoogte_actueel.3588,14.0,15.0,80.0,157190.957637,545654.254488,Nederland,,BW80,Súdwest-Fryslân,Fryslân,land,2026-01-11,POINT (157190.9576 545654.2545)
rivm_windturbines_ashoogte_actueel.3589,117.0,118.0,3600.0,131225.586267,545669.401727,Nederland,,N117-3600,Hollands Kroon,Noord-Holland,land,2026-01-11,POINT (131225.5863 545669.4017)
rivm_windturbines_ashoogte_actueel.3590,115.0,135.0,3000.0,276477.389753,545723.430221,Duitsland,,,,,land,2026-01-11,POINT (276477.3898 545723.4302)
rivm_windturbines_ashoogte_actueel.3591,115.0,135.0,3000.0,276048.717338,545725.779459,Duitsland,,,,,land,2026-01-11,POINT (276048.7173 545725.7795)
rivm_windturbines_ashoogte_actueel.3592,18.0,34.0,80.0,186073.6953,545761.226,Nederland,,BW80,De Fryske Marren,Fryslân,land,2026-01-11,POINT (186073.6953 545761.226)
rivm_windturbines_ashoogte_actueel.3593,117.0,118.0,3600.0,131256.331802,546068.05421,Nederland,,N117-3600,Hollands Kroon,Noord-Holland,land,2026-01-11,POINT (131256.3318 546068.0542)
rivm_windturbines_ashoogte_actueel.3594,115.0,135.0,3000.0,276713.337386,546108.89168,Duitsland,,,,,land,2026-01-11,POINT (276713.3374 546108.8917)
rivm_windturbines_ashoogte_actueel.3595,16.0,20.0,80.0,163734.119575,546133.216637,Nederland,,BW80,De Fryske Marren,Fryslân,land,2026-01-11,POINT (163734.1196 546133.2166)
rivm_windturbines_ashoogte_actueel.3596,13.0,15.0,15.0,234590.477721,546159.001966,Nederland,,EAZ wind,Midden-Drenthe,Drenthe,land,2026-01-11,POINT (234590.4777 546159.002)
rivm_windturbines_ashoogte_actueel.3597,131.0,145.0,3900.0,259587.602553,546187.409425,Nederland,,,Borger-Odoorn,Drenthe,land,2026-01-11,POINT (259587.6026 546187.4094)
rivm_windturbines_ashoogte_actueel.3598,115.0,135.0,3000.0,276267.115446,546190.844708,Duitsland,,,,,land,2026-01-11,POINT (276267.1154 546190.8447)
rivm_windturbines_ashoogte_actueel.3599,115.0,135.0,3000.0,275790.849727,546205.831882,Duitsland,,,,,land,2026-01-11,POINT (275790.8497 546205.8319)
rivm_windturbines_ashoogte_actueel.3600,16.0,20.0,45.0,155978.021824,546270.123354,Nederland,,BW45,Súdwest-Fryslân,Fryslân,land,2026-01-11,POINT (155978.0218 546270.1234)
rivm_windturbines_ashoogte_actueel.3601,12.0,15.0,10.0,164147.094542,546286.952699,Nederland,,EAZ wind,De Fryske Marren,Fryslân,land,2026-01-11,POINT (164147.0945 546286.9527)
rivm_windturbines_ashoogte_actueel.3602,115.0,135.0,3000.0,277110.967932,546297.933191,Duitsland,,,,,land,2026-01-11,POINT (277110.9679 546297.9332)
rivm_windturbines_ashoogte_actueel.3603,117.0,118.0,3600.0,131344.3658,546476.893253,Nederland,,N117-3600,Hollands Kroon,Noord-Holland,land,2026-01-11,POINT (131344.3658 546476.8933)
rivm_windturbines_ashoogte_actueel.3604,14.0,15.0,10.0,174910.093562,546583.979693,Nederland,,BW10 MK2,De Fryske Marren,Fryslân,land,2026-01-11,POINT (174910.0936 546583.9797)
rivm_windturbines_ashoogte_actueel.3605,52.0,44.0,850.0,157350.839895,546589.788374,Nederland,,,Súdwest-Fryslân,Fryslân,land,2026-01-11,POINT (157350.8399 546589.7884)
rivm_windturbines_ashoogte_actueel.3606,115.0,135.0,3000.0,276125.679063,546613.216517,Duitsland,,,,,land,2026-01-11,POINT (276125.6791 546613.2165)
rivm_windturbines_ashoogte_actueel.3607,115.0,135.0,3000.0,276541.094295,546633.343668,Duitsland,,,,,land,2026-01-11,POINT (276541.0943 546633.3437)
rivm_windturbines_ashoogte_actueel.3608,13.0,15.0,15.0,158705.286192,546636.740344,Nederland,,EAZ wind,Súdwest-Fryslân,Fryslân,land,2026-01-11,POINT (158705.2862 546636.7403)
rivm_windturbines_ashoogte_actueel.3609,131.0,145.0,3900.0,259994.707473,546637.293012,Nederland,,,Borger-Odoorn,Drenthe,land,2026-01-11,POINT (259994.7075 546637.293)
rivm_windturbines_ashoogte_actueel.3610,115.0,135.0,3000.0,276965.428364,546642.801689,Duitsland,,,,,land,2026-01-11,POINT (276965.4284 546642.8017)
rivm_windturbines_ashoogte_actueel.3611,117.0,118.0,3600.0,131435.01271,546892.960598,Nederland,,N117-3600,Hollands Kroon,Noord-Holland,land,2026-01-11,POINT (131435.0127 546892.9606)
rivm_windturbines_ashoogte_actueel.3612,117.0,149.0,2400.0,276367.536624,547076.012486,Duitsland,,,,,land,2026-01-11,POINT (276367.5366 547076.0125)
rivm_windturbines_ashoogte_actueel.3613,131.0,145.0,3900.0,260391.865794,547078.508955,Nederland,,,Borger-Odoorn,Drenthe,land,2026-01-11,POINT (260391.8658 547078.509)
rivm_windturbines_ashoogte_actueel.3614,117.0,149.0,2400.0,277071.844961,547081.471059,Duitsland,,,,,land,2026-01-11,POINT (277071.845 547081.4711)
rivm_windturbines_ashoogte_actueel.3615,13.0,15.0,15.0,173134.534414,547226.248754,Nederland,,EAZ wind,De Fryske Marren,Fryslân,land,2026-01-11,POINT (173134.5344 547226.2488)
rivm_windturbines_ashoogte_actueel.3616,117.0,118.0,3600.0,131518.822,547309.296476,Nederland,,N117-3600,Hollands Kroon,Noord-Holland,land,2026-01-11,POINT (131518.822 547309.2965)
rivm_windturbines_ashoogte_actueel.3617,14.0,15.0,10.0,200291.224541,547372.094925,Nederland,,BW10,Weststellingwerf,Fryslân,land,2026-01-11,POINT (200291.2245 547372.0949)
rivm_windturbines_ashoogte_actueel.3618,117.0,149.0,2400.0,277551.390111,547417.989353,Duitsland,,,,,land,2026-01-11,POINT (277551.3901 547417.9894)
rivm_windturbines_ashoogte_actueel.3619,117.0,149.0,2400.0,276446.77752,547423.017765,Duitsland,,,,,land,2026-01-11,POINT (276446.7775 547423.0178)
rivm_windturbines_ashoogte_actueel.3620,131.0,145.0,3900.0,260858.844831,547593.479843,Nederland,,,Borger-Odoorn,Drenthe,land,2026-01-11,POINT (260858.8448 547593.4798)
rivm_windturbines_ashoogte_actueel.3621,117.0,149.0,2400.0,277298.07245,547625.290788,Duitsland,,,,,land,2026-01-11,POINT (277298.0724 547625.2908)
rivm_windturbines_ashoogte_actueel.3622,13.0,15.0,15.0,165539.989354,547635.270916,Nederland,,EAZ wind,De Fryske Marren,Fryslân,land,2026-01-11,POINT (165539.9894 547635.2709)
rivm_windturbines_ashoogte_actueel.3623,117.0,149.0,2400.0,276205.656507,547653.122561,Duitsland,,,,,land,2026-01-11,POINT (276205.6565 547653.1226)
rivm_windturbines_ashoogte_actueel.3624,52.0,35.0,900.0,163687.3275,547664.7755,Nederland,,,De Fryske Marren,Fryslân,land,2026-01-11,POINT (163687.3275 547664.7755)
rivm_windturbines_ashoogte_actueel.3625,117.0,149.0,2400.0,276937.633848,547704.663761,Duitsland,,,,,land,2026-01-11,POINT (276937.6338 547704.6638)
rivm_windturbines_ashoogte_actueel.3626,13.0,15.0,15.0,177274.727246,547711.71679,Nederland,,EAZ wind,De Fryske Marren,Fryslân,land,2026-01-11,POINT (177274.7272 547711.7168)
rivm_windturbines_ashoogte_actueel.3627,13.0,15.0,15.0,165594.598798,547788.597433,Nederland,,EAZ wind,De Fryske Marren,Fryslân,land,2026-01-11,POINT (165594.5988 547788.5974)
rivm_windturbines_ashoogte_actueel.3628,131.0,145.0,3900.0,261259.287443,548050.783414,Nederland,,,Borger-Odoorn,Drenthe,land,2026-01-11,POINT (261259.2874 548050.7834)
rivm_windturbines_ashoogte_actueel.3629,16.0,20.0,80.0,173832.718861,548152.355393,Nederland,,BW80,De Fryske Marren,Fryslân,land,2026-01-11,POINT (173832.7189 548152.3554)
rivm_windturbines_ashoogte_actueel.3630,117.0,149.0,2400.0,275703.965058,548334.972261,Duitsland,,,,,land,2026-01-11,POINT (275703.9651 548334.9723)
rivm_windturbines_ashoogte_actueel.3631,13.0,15.0,15.0,185689.778753,548487.013926,Nederland,,EAZ wind,De Fryske Marren,Fryslân,land,2026-01-11,POINT (185689.7788 548487.0139)
rivm_windturbines_ashoogte_actueel.3632,131.0,145.0,3900.0,261643.4443,548487.8671,Nederland,,,Borger-Odoorn,Drenthe,land,2026-01-11,POINT (261643.4443 548487.8671)
rivm_windturbines_ashoogte_actueel.3633,16.0,20.0,25.0,176596.462076,548693.523089,Nederland,,SWP25-16TG20,De Fryske Marren,Fryslân,land,2026-01-11,POINT (176596.4621 548693.5231)
rivm_windturbines_ashoogte_actueel.3634,16.0,20.0,25.0,156728.886108,548757.673584,Nederland,,SWP25-16TG20,Súdwest-Fryslân,Fryslân,land,2026-01-11,POINT (156728.8861 548757.6736)
rivm_windturbines_ashoogte_actueel.3635,13.0,15.0,15.0,159398.268321,548858.131187,Nederland,,EAZ wind,Súdwest-Fryslân,Fryslân,land,2026-01-11,POINT (159398.2683 548858.1312)
rivm_windturbines_ashoogte_actueel.3636,131.0,145.0,3900.0,262078.205503,548957.91419,Nederland,,,Borger-Odoorn,Drenthe,land,2026-01-11,POINT (262078.2055 548957.9142)
rivm_windturbines_ashoogte_actueel.3637,117.0,149.0,2400.0,274358.221564,549061.734226,Duitsland,,,,,land,2026-01-11,POINT (274358.2216 549061.7342)
rivm_windturbines_ashoogte_actueel.3638,15.6,31.4,75.0,192254.9039,549299.89,Nederland,,,Heerenveen,Fryslân,land,2026-01-11,POINT (192254.9039 549299.89)
rivm_windturbines_ashoogte_actueel.3639,117.0,149.0,2400.0,274533.14831,549366.823674,Duitsland,,,,,land,2026-01-11,POINT (274533.1483 549366.8237)
rivm_windturbines_ashoogte_actueel.3640,131.0,145.0,3900.0,262473.665121,549397.924147,Nederland,,,Borger-Odoorn,Drenthe,land,2026-01-11,POINT (262473.6651 549397.9241)
rivm_windturbines_ashoogte_actueel.3641,15.6,31.4,75.0,192131.1455,549728.2793,Nederland,,,Heerenveen,Fryslân,land,2026-01-11,POINT (192131.1455 549728.2793)
rivm_windturbines_ashoogte_actueel.3642,131.0,145.0,3900.0,262871.428241,549832.464631,Nederland,,,Borger-Odoorn,Drenthe,land,2026-01-11,POINT (262871.4282 549832.4646)
rivm_windturbines_ashoogte_actueel.3643,44.0,50.0,600.0,131819.0107,549905.0612,Nederland,,,Hollands Kroon,Noord-Holland,land,2026-01-11,POINT (131819.0107 549905.0612)
rivm_windturbines_ashoogte_actueel.3644,52.0,44.0,850.0,160940.5308,549970.0318,Nederland,,,Súdwest-Fryslân,Fryslân,land,2026-01-11,POINT (160940.5308 549970.0318)
rivm_windturbines_ashoogte_actueel.3645,52.0,85.0,900.0,157287.7652,550377.7904,Nederland,,,Súdwest-Fryslân,Fryslân,land,2026-01-11,POINT (157287.7652 550377.7904)
rivm_windturbines_ashoogte_actueel.3646,13.0,15.0,15.0,230507.667226,550439.302931,Nederland,,EAZ wind,Midden-Drenthe,Drenthe,land,2026-01-11,POINT (230507.6672 550439.3029)
rivm_windturbines_ashoogte_actueel.3647,16.0,15.0,25.0,160053.320963,550531.295518,Nederland,,Logic 25 kW,Súdwest-Fryslân,Fryslân,land,2026-01-11,POINT (160053.321 550531.2955)
rivm_windturbines_ashoogte_actueel.3648,131.0,145.0,3900.0,258455.2749,550666.7148,Nederland,,,Borger-Odoorn,Drenthe,land,2026-01-11,POINT (258455.2749 550666.7148)
rivm_windturbines_ashoogte_actueel.3649,13.0,15.0,15.0,157752.587509,550706.964214,Nederland,,EAZ wind,Súdwest-Fryslân,Fryslân,land,2026-01-11,POINT (157752.5875 550706.9642)
rivm_windturbines_ashoogte_actueel.3650,13.0,15.0,15.0,157779.858469,550716.641007,Nederland,,EAZ wind,Súdwest-Fryslân,Fryslân,land,2026-01-11,POINT (157779.8585 550716.641)
rivm_windturbines_ashoogte_actueel.3651,18.0,40.0,80.0,114309.146,550763.9119,Nederland,,,Den Helder,Noord-Holland,land,2026-01-11,POINT (114309.146 550763.9119)
rivm_windturbines_ashoogte_actueel.3652,16.0,20.0,45.0,162446.149071,550841.303788,Nederland,,BW45,Súdwest-Fryslân,Fryslân,land,2026-01-11,POINT (162446.1491 550841.3038)
rivm_windturbines_ashoogte_actueel.3653,47.0,40.0,660.0,114616.0556,550845.3364,Nederland,,,Den Helder,Noord-Holland,land,2026-01-11,POINT (114616.0556 550845.3364)
rivm_windturbines_ashoogte_actueel.3654,131.0,145.0,3900.0,258939.2907,551006.3174,Nederland,,,Borger-Odoorn,Drenthe,land,2026-01-11,POINT (258939.2907 551006.3174)
rivm_windturbines_ashoogte_actueel.3655,52.0,85.0,850.0,159073.0066,551022.8768,Nederland,,,Súdwest-Fryslân,Fryslân,land,2026-01-11,POINT (159073.0066 551022.8768)
rivm_windturbines_ashoogte_actueel.3656,44.0,45.0,600.0,114759.7452,551129.6112,Nederland,,,Den Helder,Noord-Holland,land,2026-01-11,POINT (114759.7452 551129.6112)
rivm_windturbines_ashoogte_actueel.3657,16.0,20.0,45.0,169949.429804,551201.333922,Nederland,,BW45,Súdwest-Fryslân,Fryslân,land,2026-01-11,POINT (169949.4298 551201.3339)
rivm_windturbines_ashoogte_actueel.3658,54.0,60.0,900.0,114828.6451,551222.4111,Nederland,,,Den Helder,Noord-Holland,land,2026-01-11,POINT (114828.6451 551222.4111)
rivm_windturbines_ashoogte_actueel.3659,71.0,90.0,1500.0,277027.164019,551307.002818,Duitsland,,,,,land,2026-01-11,POINT (277027.164 551307.0028)
rivm_windturbines_ashoogte_actueel.3660,14.0,15.0,10.0,158369.254368,551317.298565,Nederland,,BW10,Súdwest-Fryslân,Fryslân,land,2026-01-11,POINT (158369.2544 551317.2986)
rivm_windturbines_ashoogte_actueel.3661,131.0,145.0,3900.0,259445.289155,551351.862193,Nederland,,,Borger-Odoorn,Drenthe,land,2026-01-11,POINT (259445.2892 551351.8622)
rivm_windturbines_ashoogte_actueel.3662,29.0,40.0,225.0,112468.6236,551430.1718,Nederland,,,Den Helder,Noord-Holland,land,2026-01-11,POINT (112468.6236 551430.1718)
rivm_windturbines_ashoogte_actueel.3663,131.0,145.0,3900.0,257850.415916,551431.433054,Nederland,,,Borger-Odoorn,Drenthe,land,2026-01-11,POINT (257850.4159 551431.4331)
rivm_windturbines_ashoogte_actueel.3664,52.0,85.0,850.0,159619.005,551538.8766,Nederland,,,Súdwest-Fryslân,Fryslân,land,2026-01-11,POINT (159619.005 551538.8766)
rivm_windturbines_ashoogte_actueel.3665,71.0,90.0,1500.0,276725.526793,551575.466241,Duitsland,,,,,land,2026-01-11,POINT (276725.5268 551575.4662)
rivm_windturbines_ashoogte_actueel.3666,71.0,90.0,1500.0,277075.287229,551607.242431,Duitsland,,,,,land,2026-01-11,POINT (277075.2872 551607.2424)
rivm_windturbines_ashoogte_actueel.3667,131.0,145.0,3900.0,259940.130157,551695.897759,Nederland,,,Borger-Odoorn,Drenthe,land,2026-01-11,POINT (259940.1302 551695.8978)
rivm_windturbines_ashoogte_actueel.3668,131.0,145.0,3900.0,258399.0231,551797.9623,Nederland,,,Borger-Odoorn,Drenthe,land,2026-01-11,POINT (258399.0231 551797.9623)
rivm_windturbines_ashoogte_actueel.3669,16.0,20.0,80.0,163431.694539,551834.521715,Nederland,,BW80,Súdwest-Fryslân,Fryslân,land,2026-01-11,POINT (163431.6945 551834.5217)
rivm_windturbines_ashoogte_actueel.3670,33.4,40.0,300.0,173022.9626,551945.8779,Nederland,,,Súdwest-Fryslân,Fryslân,land,2026-01-11,POINT (173022.9626 551945.8779)
rivm_windturbines_ashoogte_actueel.3671,71.0,90.0,1500.0,276624.519461,551957.82609,Duitsland,,,,,land,2026-01-11,POINT (276624.5195 551957.8261)
rivm_windturbines_ashoogte_actueel.3672,71.0,90.0,1500.0,277212.050571,552010.27487,Duitsland,,,,,land,2026-01-11,POINT (277212.0506 552010.2749)
rivm_windturbines_ashoogte_actueel.3673,131.0,145.0,3900.0,260431.002085,552037.151463,Nederland,,,Borger-Odoorn,Drenthe,land,2026-01-11,POINT (260431.0021 552037.1515)
rivm_windturbines_ashoogte_actueel.3674,16.0,20.0,45.0,162552.679633,552077.303036,Nederland,,BW45,Súdwest-Fryslân,Fryslân,land,2026-01-11,POINT (162552.6796 552077.303)
rivm_windturbines_ashoogte_actueel.3675,131.0,145.0,3900.0,258902.094903,552154.87871,Nederland,,,Borger-Odoorn,Drenthe,land,2026-01-11,POINT (258902.0949 552154.8787)
rivm_windturbines_ashoogte_actueel.3676,131.0,145.0,3900.0,260912.338725,552372.612149,Nederland,,,Borger-Odoorn,Drenthe,land,2026-01-11,POINT (260912.3387 552372.6121)
rivm_windturbines_ashoogte_actueel.3677,54.5,42.0,950.0,160228.0032,552406.8763,Nederland,,,Súdwest-Fryslân,Fryslân,land,2026-01-11,POINT (160228.0032 552406.8763)
rivm_windturbines_ashoogte_actueel.3678,131.0,145.0,3900.0,259386.444681,552491.552623,Nederland,,,Borger-Odoorn,Drenthe,land,2026-01-11,POINT (259386.4447 552491.5526)
rivm_windturbines_ashoogte_actueel.3679,131.0,145.0,3900.0,261394.233774,552710.671502,Nederland,,,Borger-Odoorn,Drenthe,land,2026-01-11,POINT (261394.2338 552710.6715)
rivm_windturbines_ashoogte_actueel.3680,13.0,15.0,15.0,263919.977403,552717.098915,Nederland,,EAZ wind,Stadskanaal,Groningen,land,2026-01-11,POINT (263919.9774 552717.0989)
rivm_windturbines_ashoogte_actueel.3681,52.0,85.0,850.0,157540.0118,552722.8765,Nederland,,,Súdwest-Fryslân,Fryslân,land,2026-01-11,POINT (157540.0118 552722.8765)
rivm_windturbines_ashoogte_actueel.3682,131.0,145.0,3900.0,259908.7142,552845.119301,Nederland,,,Borger-Odoorn,Drenthe,land,2026-01-11,POINT (259908.7142 552845.1193)
rivm_windturbines_ashoogte_actueel.3683,52.0,85.0,850.0,158547.1765,553055.209395,Nederland,,V52-850,Súdwest-Fryslân,Fryslân,land,2026-01-11,POINT (158547.1765 553055.2094)
rivm_windturbines_ashoogte_actueel.3684,131.0,145.0,3900.0,260380.639437,553176.230859,Nederland,,,Borger-Odoorn,Drenthe,land,2026-01-11,POINT (260380.6394 553176.2309)
rivm_windturbines_ashoogte_actueel.3685,14.0,15.0,10.0,161018.196554,553345.312941,Nederland,,BW10,Súdwest-Fryslân,Fryslân,land,2026-01-11,POINT (161018.1966 553345.3129)
rivm_windturbines_ashoogte_actueel.3686,13.0,15.0,15.0,166942.527229,553427.294138,Nederland,,EAZ wind,Súdwest-Fryslân,Fryslân,land,2026-01-11,POINT (166942.5272 553427.2941)
rivm_windturbines_ashoogte_actueel.3687,131.0,145.0,3900.0,260859.712341,553506.144122,Nederland,,,Borger-Odoorn,Drenthe,land,2026-01-11,POINT (260859.7123 553506.1441)
rivm_windturbines_ashoogte_actueel.3688,52.2,44.0,900.0,160625.4746,553530.5505,Nederland,,,Súdwest-Fryslân,Fryslân,land,2026-01-11,POINT (160625.4746 553530.5505)
rivm_windturbines_ashoogte_actueel.3689,130.0,115.0,4300.0,147521.0,553797.0,Nederland,,Siemens Gamesa SWT-DD-130,Súdwest-Fryslân,Fryslân,binnenwater,2026-01-11,POINT (147521 553797)
rivm_windturbines_ashoogte_actueel.3690,130.0,115.0,4300.0,146795.0,553911.0,Nederland,,Siemens Gamesa SWT-DD-130,Súdwest-Fryslân,Fryslân,binnenwater,2026-01-11,POINT (146795 553911)
rivm_windturbines_ashoogte_actueel.3691,13.0,15.0,15.0,162267.406439,553934.709521,Nederland,,EAZ wind,Súdwest-Fryslân,Fryslân,land,2026-01-11,POINT (162267.4064 553934.7095)
rivm_windturbines_ashoogte_actueel.3692,130.0,115.0,4300.0,146040.0,554042.0,Nederland,,Siemens Gamesa SWT-DD-130,Súdwest-Fryslân,Fryslân,binnenwater,2026-01-11,POINT (146040 554042)
rivm_windturbines_ashoogte_actueel.3693,48.0,60.0,750.0,189120.8288,554047.6571,Nederland,,,Heerenveen,Fryslân,land,2026-01-11,POINT (189120.8288 554047.6571)
rivm_windturbines_ashoogte_actueel.3694,48.0,45.0,600.0,160400.358,554061.0453,Nederland,,,Súdwest-Fryslân,Fryslân,land,2026-01-11,POINT (160400.358 554061.0453)
rivm_windturbines_ashoogte_actueel.3695,130.0,115.0,4300.0,145316.0,554192.0,Nederland,,Siemens Gamesa SWT-DD-130,Súdwest-Fryslân,Fryslân,binnenwater,2026-01-11,POINT (145316 554192)
rivm_windturbines_ashoogte_actueel.3696,44.0,40.0,600.0,174221.9581,554233.8777,Nederland,,,Súdwest-Fryslân,Fryslân,land,2026-01-11,POINT (174221.9581 554233.8777)
rivm_windturbines_ashoogte_actueel.3697,130.0,115.0,4300.0,148048.0,554249.0,Nederland,,Siemens Gamesa SWT-DD-130,Súdwest-Fryslân,Fryslân,binnenwater,2026-01-11,POINT (148048 554249)
rivm_windturbines_ashoogte_actueel.3698,130.0,115.0,4300.0,147318.0,554364.0,Nederland,,Siemens Gamesa SWT-DD-130,Súdwest-Fryslân,Fryslân,binnenwater,2026-01-11,POINT (147318 554364)
rivm_windturbines_ashoogte_actueel.3699,130.0,115.0,4300.0,144600.0,554366.0,Nederland,,Siemens Gamesa SWT-DD-130,Súdwest-Fryslân,Fryslân,binnenwater,2026-01-11,POINT (144600 554366)
rivm_windturbines_ashoogte_actueel.3700,52.0,41.0,850.0,157496.2946,554369.2694,Nederland,,,Súdwest-Fryslân,Fryslân,land,2026-01-11,POINT (157496.2946 554369.2694)
rivm_windturbines_ashoogte_actueel.3701,54.5,44.0,950.0,161543.9804,554411.1603,Nederland,,,Súdwest-Fryslân,Fryslân,land,2026-01-11,POINT (161543.9804 554411.1603)
rivm_windturbines_ashoogte_actueel.3702,130.0,115.0,4300.0,146564.0,554495.0,Nederland,,Siemens Gamesa SWT-DD-130,Súdwest-Fryslân,Fryslân,binnenwater,2026-01-11,POINT (146564 554495)
rivm_windturbines_ashoogte_actueel.3703,52.0,41.0,850.0,157534.3684,554517.8532,Nederland,,,Súdwest-Fryslân,Fryslân,land,2026-01-11,POINT (157534.3684 554517.8532)
rivm_windturbines_ashoogte_actueel.3704,130.0,115.0,4300.0,145832.0,554642.0,Nederland,,Siemens Gamesa SWT-DD-130,Súdwest-Fryslân,Fryslân,binnenwater,2026-01-11,POINT (145832 554642)
rivm_windturbines_ashoogte_actueel.3705,16.0,20.0,45.0,170516.04857,554670.121627,Nederland,,BW45,Súdwest-Fryslân,Fryslân,land,2026-01-11,POINT (170516.0486 554670.1216)
rivm_windturbines_ashoogte_actueel.3706,13.0,15.0,15.0,214051.62324,554677.529924,Nederland,,EAZ wind,Ooststellingwerf,Fryslân,land,2026-01-11,POINT (214051.6232 554677.5299)
rivm_windturbines_ashoogte_actueel.3707,130.0,115.0,4300.0,148581.0,554711.0,Nederland,,Siemens Gamesa SWT-DD-130,Súdwest-Fryslân,Fryslân,binnenwater,2026-01-11,POINT (148581 554711)
rivm_windturbines_ashoogte_actueel.3708,16.0,20.0,45.0,161419.075257,554733.469312,Nederland,,BW45,Súdwest-Fryslân,Fryslân,land,2026-01-11,POINT (161419.0753 554733.4693)
rivm_windturbines_ashoogte_actueel.3709,130.0,115.0,4300.0,145084.0,554814.0,Nederland,,Siemens Gamesa SWT-DD-130,Súdwest-Fryslân,Fryslân,binnenwater,2026-01-11,POINT (145084 554814)
rivm_windturbines_ashoogte_actueel.3710,130.0,115.0,4300.0,147847.0,554815.0,Nederland,,Siemens Gamesa SWT-DD-130,Súdwest-Fryslân,Fryslân,binnenwater,2026-01-11,POINT (147847 554815)
rivm_windturbines_ashoogte_actueel.3711,13.0,15.0,15.0,166107.729339,554845.734424,Nederland,,EAZ wind,Súdwest-Fryslân,Fryslân,land,2026-01-11,POINT (166107.7293 554845.7344)
rivm_windturbines_ashoogte_actueel.3712,13.0,15.0,15.0,170319.766857,554885.441289,Nederland,,EAZ wind,Súdwest-Fryslân,Fryslân,land,2026-01-11,POINT (170319.7669 554885.4413)
rivm_windturbines_ashoogte_actueel.3713,13.0,15.0,15.0,165157.941067,554913.805435,Nederland,,EAZ wind,Súdwest-Fryslân,Fryslân,land,2026-01-11,POINT (165157.9411 554913.8054)
rivm_windturbines_ashoogte_actueel.3714,130.0,115.0,4300.0,147093.0,554942.0,Nederland,,Siemens Gamesa SWT-DD-130,Súdwest-Fryslân,Fryslân,binnenwater,2026-01-11,POINT (147093 554942)
rivm_windturbines_ashoogte_actueel.3715,130.0,115.0,4300.0,144367.0,555000.0,Nederland,,Siemens Gamesa SWT-DD-130,Súdwest-Fryslân,Fryslân,binnenwater,2026-01-11,POINT (144367 555000)
rivm_windturbines_ashoogte_actueel.3716,130.0,115.0,4300.0,146356.0,555085.0,Nederland,,Siemens Gamesa SWT-DD-130,Súdwest-Fryslân,Fryslân,binnenwater,2026-01-11,POINT (146356 555085)
rivm_windturbines_ashoogte_actueel.3717,130.0,115.0,4300.0,149105.0,555188.0,Nederland,,Siemens Gamesa SWT-DD-130,Súdwest-Fryslân,Fryslân,binnenwater,2026-01-11,POINT (149105 555188)
rivm_windturbines_ashoogte_actueel.3718,18.0,34.0,80.0,185858.2,555243.0824,Nederland,,,De Fryske Marren,Fryslân,land,2026-01-11,POINT (185858.2 555243.0824)
rivm_windturbines_ashoogte_actueel.3719,54.5,44.0,950.0,160458.2493,555251.3594,Nederland,,,Súdwest-Fryslân,Fryslân,land,2026-01-11,POINT (160458.2493 555251.3594)
rivm_windturbines_ashoogte_actueel.3720,130.0,115.0,4300.0,145584.0,555256.0,Nederland,,Siemens Gamesa SWT-DD-130,Súdwest-Fryslân,Fryslân,binnenwater,2026-01-11,POINT (145584 555256)
rivm_windturbines_ashoogte_actueel.3721,130.0,115.0,4300.0,148378.0,555294.0,Nederland,,Siemens Gamesa SWT-DD-130,Súdwest-Fryslân,Fryslân,binnenwater,2026-01-11,POINT (148378 555294)
rivm_windturbines_ashoogte_actueel.3722,13.0,15.0,15.0,170260.34706,555295.900564,Nederland,,EAZ wind,Súdwest-Fryslân,Fryslân,land,2026-01-11,POINT (170260.3471 555295.9006)
rivm_windturbines_ashoogte_actueel.3723,13.0,15.0,15.0,158657.7898,555301.016371,Nederland,,EAZ wind,Súdwest-Fryslân,Fryslân,land,2026-01-11,POINT (158657.7898 555301.0164)
rivm_windturbines_ashoogte_actueel.3724,13.0,15.0,15.0,164507.738196,555360.151498,Nederland,,EAZ wind,Súdwest-Fryslân,Fryslân,land,2026-01-11,POINT (164507.7382 555360.1515)
rivm_windturbines_ashoogte_actueel.3725,14.0,20.0,25.0,213334.430555,555388.070797,Nederland,,SWP25-14TG20,Ooststellingwerf,Fryslân,land,2026-01-11,POINT (213334.4306 555388.0708)
rivm_windturbines_ashoogte_actueel.3726,130.0,115.0,4300.0,147632.0,555419.0,Nederland,,Siemens Gamesa SWT-DD-130,Súdwest-Fryslân,Fryslân,binnenwater,2026-01-11,POINT (147632 555419)
rivm_windturbines_ashoogte_actueel.3727,130.0,115.0,4300.0,144829.0,555445.0,Nederland,,Siemens Gamesa SWT-DD-130,Súdwest-Fryslân,Fryslân,binnenwater,2026-01-11,POINT (144829 555445)
rivm_windturbines_ashoogte_actueel.3728,149.0,164.0,5700.0,277398.133792,555546.488831,Duitsland,,N149/5.X,,,land,2026-01-11,POINT (277398.1338 555546.4888)
rivm_windturbines_ashoogte_actueel.3729,126.0,159.0,4200.0,278119.931548,555547.332033,Duitsland,,,,,land,2026-01-11,POINT (278119.9315 555547.332)
rivm_windturbines_ashoogte_actueel.3730,130.0,115.0,4300.0,146895.0,555560.0,Nederland,,Siemens Gamesa SWT-DD-130,Súdwest-Fryslân,Fryslân,binnenwater,2026-01-11,POINT (146895 555560)
rivm_windturbines_ashoogte_actueel.3731,101.0,149.0,3050.0,277002.051631,555614.866409,Duitsland,,,,,land,2026-01-11,POINT (277002.0516 555614.8664)
rivm_windturbines_ashoogte_actueel.3732,130.0,115.0,4300.0,144129.0,555640.0,Nederland,,Siemens Gamesa SWT-DD-130,Súdwest-Fryslân,Fryslân,binnenwater,2026-01-11,POINT (144129 555640)
rivm_windturbines_ashoogte_actueel.3733,16.0,20.0,80.0,186556.234158,555651.605065,Nederland,,BW80,De Fryske Marren,Fryslân,land,2026-01-11,POINT (186556.2342 555651.6051)
rivm_windturbines_ashoogte_actueel.3734,149.0,164.0,5700.0,277754.106119,555653.663295,Duitsland,,N149/5.X,,,land,2026-01-11,POINT (277754.1061 555653.6633)
rivm_windturbines_ashoogte_actueel.3735,16.0,20.0,80.0,165055.224926,555664.873512,Nederland,,BW80,Súdwest-Fryslân,Fryslân,land,2026-01-11,POINT (165055.2249 555664.8735)
rivm_windturbines_ashoogte_actueel.3736,130.0,115.0,4300.0,149608.0,555679.0,Nederland,,Siemens Gamesa SWT-DD-130,Súdwest-Fryslân,Fryslân,binnenwater,2026-01-11,POINT (149608 555679)
rivm_windturbines_ashoogte_actueel.3737,131.0,145.0,3900.0,254447.577497,555711.934598,Nederland,,,Borger-Odoorn,Drenthe,land,2026-01-11,POINT (254447.5775 555711.9346)
rivm_windturbines_ashoogte_actueel.3738,130.0,115.0,4300.0,146108.0,555729.0,Nederland,,Siemens Gamesa SWT-DD-130,Súdwest-Fryslân,Fryslân,binnenwater,2026-01-11,POINT (146108 555729)
rivm_windturbines_ashoogte_actueel.3739,16.0,18.0,25.0,274967.521591,555736.587008,Nederland,,,Westerwolde,Groningen,land,2026-01-11,POINT (274967.5216 555736.587)
rivm_windturbines_ashoogte_actueel.3740,130.0,115.0,4300.0,148903.0,555796.0,Nederland,,Siemens Gamesa SWT-DD-130,Súdwest-Fryslân,Fryslân,binnenwater,2026-01-11,POINT (148903 555796)
rivm_windturbines_ashoogte_actueel.3741,16.0,20.0,25.0,159074.048686,555890.157626,Nederland,,SWP25-16TG20,Súdwest-Fryslân,Fryslân,land,2026-01-11,POINT (159074.0487 555890.1576)
rivm_windturbines_ashoogte_actueel.3742,101.0,149.0,3050.0,277343.364814,555892.312715,Duitsland,,,,,land,2026-01-11,POINT (277343.3648 555892.3127)
rivm_windturbines_ashoogte_actueel.3743,130.0,115.0,4300.0,145321.0,555918.0,Nederland,,Siemens Gamesa SWT-DD-130,Súdwest-Fryslân,Fryslân,binnenwater,2026-01-11,POINT (145321 555918)
rivm_windturbines_ashoogte_actueel.3744,126.0,159.0,4200.0,277954.710714,555918.116191,Duitsland,,,,,land,2026-01-11,POINT (277954.7107 555918.1162)
rivm_windturbines_ashoogte_actueel.3745,130.0,115.0,4300.0,148177.0,555926.0,Nederland,,Siemens Gamesa SWT-DD-130,Súdwest-Fryslân,Fryslân,binnenwater,2026-01-11,POINT (148177 555926)
rivm_windturbines_ashoogte_actueel.3746,13.0,15.0,15.0,166819.035595,555949.136682,Nederland,,EAZ wind,Súdwest-Fryslân,Fryslân,land,2026-01-11,POINT (166819.0356 555949.1367)
rivm_windturbines_ashoogte_actueel.3747,13.0,15.0,15.0,218998.965718,556004.117229,Nederland,,EAZ wind,Ooststellingwerf,Fryslân,land,2026-01-11,POINT (218998.9657 556004.1172)
rivm_windturbines_ashoogte_actueel.3748,126.0,159.0,4200.0,278440.078022,556055.333049,Duitsland,,,,,land,2026-01-11,POINT (278440.078 556055.333)
rivm_windturbines_ashoogte_actueel.3749,130.0,115.0,4300.0,147447.0,556067.0,Nederland,,Siemens Gamesa SWT-DD-130,Súdwest-Fryslân,Fryslân,binnenwater,2026-01-11,POINT (147447 556067)
rivm_windturbines_ashoogte_actueel.3750,130.0,115.0,4300.0,144583.0,556113.0,Nederland,,Siemens Gamesa SWT-DD-130,Súdwest-Fryslân,Fryslân,binnenwater,2026-01-11,POINT (144583 556113)
rivm_windturbines_ashoogte_actueel.3751,131.0,145.0,3900.0,255559.867169,556115.379648,Nederland,,,Borger-Odoorn,Drenthe,land,2026-01-11,POINT (255559.8672 556115.3796)
rivm_windturbines_ashoogte_actueel.3752,18.0,31.4,80.0,166882.2663,556158.8743,Nederland,,,Súdwest-Fryslân,Fryslân,land,2026-01-11,POINT (166882.2663 556158.8743)
rivm_windturbines_ashoogte_actueel.3753,130.0,115.0,4300.0,150090.0,556186.0,Nederland,,Siemens Gamesa SWT-DD-130,Súdwest-Fryslân,Fryslân,binnenwater,2026-01-11,POINT (150090 556186)
rivm_windturbines_ashoogte_actueel.3754,149.0,164.0,5700.0,277570.378466,556189.535615,Duitsland,,N149/5.X,,,land,2026-01-11,POINT (277570.3785 556189.5356)
rivm_windturbines_ashoogte_actueel.3755,101.0,149.0,3050.0,277185.950514,556200.854174,Duitsland,,,,,land,2026-01-11,POINT (277185.9505 556200.8542)
rivm_windturbines_ashoogte_actueel.3756,130.0,115.0,4300.0,146654.0,556234.0,Nederland,,Siemens Gamesa SWT-DD-130,Súdwest-Fryslân,Fryslân,binnenwater,2026-01-11,POINT (146654 556234)
rivm_windturbines_ashoogte_actueel.3757,149.0,164.0,5700.0,277941.66143,556304.365397,Duitsland,,N149/5.X,,,land,2026-01-11,POINT (277941.6614 556304.3654)
rivm_windturbines_ashoogte_actueel.3758,130.0,115.0,4300.0,143906.0,556307.0,Nederland,,Siemens Gamesa SWT-DD-130,Súdwest-Fryslân,Fryslân,binnenwater,2026-01-11,POINT (143906 556307)
rivm_windturbines_ashoogte_actueel.3759,130.0,115.0,4300.0,149423.0,556320.0,Nederland,,Siemens Gamesa SWT-DD-130,Súdwest-Fryslân,Fryslân,binnenwater,2026-01-11,POINT (149423 556320)
rivm_windturbines_ashoogte_actueel.3760,131.0,145.0,3900.0,256170.446644,556340.199462,Nederland,,,Borger-Odoorn,Drenthe,land,2026-01-11,POINT (256170.4466 556340.1995)
rivm_windturbines_ashoogte_actueel.3761,13.0,15.0,15.0,169556.273866,556415.325516,Nederland,,EAZ wind,Súdwest-Fryslân,Fryslân,land,2026-01-11,POINT (169556.2739 556415.3255)
rivm_windturbines_ashoogte_actueel.3762,130.0,115.0,4300.0,145841.0,556417.0,Nederland,,Siemens Gamesa SWT-DD-130,Súdwest-Fryslân,Fryslân,binnenwater,2026-01-11,POINT (145841 556417)
rivm_windturbines_ashoogte_actueel.3763,149.0,164.0,5700.0,278289.978438,556445.988796,Duitsland,,N149/5.X,,,land,2026-01-11,POINT (278289.9784 556445.9888)
rivm_windturbines_ashoogte_actueel.3764,52.0,40.0,850.0,158436.116,556450.1823,Nederland,,,Súdwest-Fryslân,Fryslân,land,2026-01-11,POINT (158436.116 556450.1823)
rivm_windturbines_ashoogte_actueel.3765,33.4,40.0,300.0,171309.6641,556452.2659,Nederland,,,Súdwest-Fryslân,Fryslân,land,2026-01-11,POINT (171309.6641 556452.2659)
rivm_windturbines_ashoogte_actueel.3766,130.0,115.0,4300.0,148726.0,556463.0,Nederland,,Siemens Gamesa SWT-DD-130,Súdwest-Fryslân,Fryslân,binnenwater,2026-01-11,POINT (148726 556463)
rivm_windturbines_ashoogte_actueel.3767,149.0,164.0,5700.0,277646.931655,556537.852622,Duitsland,,N149/5.X,,,land,2026-01-11,POINT (277646.9317 556537.8526)
rivm_windturbines_ashoogte_actueel.3768,131.0,145.0,3900.0,256755.156068,556554.369501,Nederland,,,Borger-Odoorn,Drenthe,land,2026-01-11,POINT (256755.1561 556554.3695)
rivm_windturbines_ashoogte_actueel.3769,101.0,149.0,3050.0,277240.177107,556559.430798,Duitsland,,,,,land,2026-01-11,POINT (277240.1771 556559.4308)
rivm_windturbines_ashoogte_actueel.3770,130.0,115.0,4300.0,145067.0,556605.0,Nederland,,Siemens Gamesa SWT-DD-130,Súdwest-Fryslân,Fryslân,binnenwater,2026-01-11,POINT (145067 556605)
rivm_windturbines_ashoogte_actueel.3771,130.0,115.0,4300.0,148015.0,556612.0,Nederland,,Siemens Gamesa SWT-DD-130,Súdwest-Fryslân,Fryslân,binnenwater,2026-01-11,POINT (148015 556612)
rivm_windturbines_ashoogte_actueel.3772,13.0,13.0,10.0,172137.11478,556684.081263,Nederland,,BW10,Súdwest-Fryslân,Fryslân,land,2026-01-11,POINT (172137.1148 556684.0813)
rivm_windturbines_ashoogte_actueel.3773,131.0,145.0,3900.0,257345.522702,556770.715667,Nederland,,,Borger-Odoorn,Drenthe,land,2026-01-11,POINT (257345.5227 556770.7157)
rivm_windturbines_ashoogte_actueel.3774,18.0,31.4,80.0,184015.2149,556776.9719,Nederland,,,De Fryske Marren,Fryslân,land,2026-01-11,POINT (184015.2149 556776.9719)
rivm_windturbines_ashoogte_actueel.3775,130.0,115.0,4300.0,147230.0,556779.0,Nederland,,Siemens Gamesa SWT-DD-130,Súdwest-Fryslân,Fryslân,binnenwater,2026-01-11,POINT (147230 556779)
rivm_windturbines_ashoogte_actueel.3776,130.0,115.0,4300.0,144352.0,556790.0,Nederland,,Siemens Gamesa SWT-DD-130,Súdwest-Fryslân,Fryslân,binnenwater,2026-01-11,POINT (144352 556790)
rivm_windturbines_ashoogte_actueel.3777,130.0,115.0,4300.0,149899.0,556829.0,Nederland,,Siemens Gamesa SWT-DD-130,Súdwest-Fryslân,Fryslân,binnenwater,2026-01-11,POINT (149899 556829)
rivm_windturbines_ashoogte_actueel.3778,66.0,80.0,1800.0,277279.712652,556856.657108,Duitsland,,,,,land,2026-01-11,POINT (277279.7127 556856.6571)
rivm_windturbines_ashoogte_actueel.3779,66.0,80.0,1800.0,277765.488623,556912.748887,Duitsland,,,,,land,2026-01-11,POINT (277765.4886 556912.7489)
rivm_windturbines_ashoogte_actueel.3780,130.0,115.0,4300.0,146405.0,556959.0,Nederland,,Siemens Gamesa SWT-DD-130,Súdwest-Fryslân,Fryslân,binnenwater,2026-01-11,POINT (146405 556959)
rivm_windturbines_ashoogte_actueel.3781,130.0,115.0,4300.0,143684.0,556972.0,Nederland,,Siemens Gamesa SWT-DD-130,Súdwest-Fryslân,Fryslân,binnenwater,2026-01-11,POINT (143684 556972)
rivm_windturbines_ashoogte_actueel.3782,131.0,145.0,3900.0,257942.709463,556986.069574,Nederland,,,Borger-Odoorn,Drenthe,land,2026-01-11,POINT (257942.7095 556986.0696)
rivm_windturbines_ashoogte_actueel.3783,130.0,115.0,4300.0,149236.0,556987.0,Nederland,,Siemens Gamesa SWT-DD-130,Súdwest-Fryslân,Fryslân,binnenwater,2026-01-11,POINT (149236 556987)
rivm_windturbines_ashoogte_actueel.3784,130.0,115.0,4300.0,145603.0,557138.0,Nederland,,Siemens Gamesa SWT-DD-130,Súdwest-Fryslân,Fryslân,binnenwater,2026-01-11,POINT (145603 557138)
rivm_windturbines_ashoogte_actueel.3785,130.0,115.0,4300.0,148549.0,557148.0,Nederland,,Siemens Gamesa SWT-DD-130,Súdwest-Fryslân,Fryslân,binnenwater,2026-01-11,POINT (148549 557148)
rivm_windturbines_ashoogte_actueel.3786,48.0,36.0,750.0,157623.7522,557173.4868,Nederland,,,Súdwest-Fryslân,Fryslân,land,2026-01-11,POINT (157623.7522 557173.4868)
rivm_windturbines_ashoogte_actueel.3787,66.0,80.0,1800.0,277766.546959,557213.316155,Duitsland,,,,,land,2026-01-11,POINT (277766.547 557213.3162)
rivm_windturbines_ashoogte_actueel.3788,43.0,40.0,600.0,171815.2653,557271.1335,Nederland,,,Súdwest-Fryslân,Fryslân,land,2026-01-11,POINT (171815.2653 557271.1335)
rivm_windturbines_ashoogte_actueel.3789,130.0,115.0,4300.0,144849.0,557310.0,Nederland,,Siemens Gamesa SWT-DD-130,Súdwest-Fryslân,Fryslân,binnenwater,2026-01-11,POINT (144849 557310)
rivm_windturbines_ashoogte_actueel.3790,130.0,115.0,4300.0,147788.0,557321.0,Nederland,,Siemens Gamesa SWT-DD-130,Súdwest-Fryslân,Fryslân,binnenwater,2026-01-11,POINT (147788 557321)
rivm_windturbines_ashoogte_actueel.3791,44.0,40.0,600.0,175554.9964,557362.2016,Nederland,,,Súdwest-Fryslân,Fryslân,land,2026-01-11,POINT (175554.9964 557362.2016)
rivm_windturbines_ashoogte_actueel.3792,130.0,115.0,4300.0,144141.0,557474.0,Nederland,,Siemens Gamesa SWT-DD-130,Súdwest-Fryslân,Fryslân,binnenwater,2026-01-11,POINT (144141 557474)
rivm_windturbines_ashoogte_actueel.3793,130.0,115.0,4300.0,149697.0,557487.0,Nederland,,Siemens Gamesa SWT-DD-130,Súdwest-Fryslân,Fryslân,binnenwater,2026-01-11,POINT (149697 557487)
rivm_windturbines_ashoogte_actueel.3794,130.0,115.0,4300.0,146972.0,557503.0,Nederland,,Siemens Gamesa SWT-DD-130,Súdwest-Fryslân,Fryslân,binnenwater,2026-01-11,POINT (146972 557503)
rivm_windturbines_ashoogte_actueel.3795,131.0,145.0,3900.0,253224.740258,557617.256175,Nederland,,,Aa en Hunze,Drenthe,land,2026-01-11,POINT (253224.7403 557617.2562)
rivm_windturbines_ashoogte_actueel.3796,130.0,115.0,4300.0,143478.0,557631.0,Nederland,,Siemens Gamesa SWT-DD-130,Súdwest-Fryslân,Fryslân,binnenwater,2026-01-11,POINT (143478 557631)
rivm_windturbines_ashoogte_actueel.3797,13.0,15.0,15.0,197147.012578,557643.71732,Nederland,,EAZ wind,Opsterland,Fryslân,land,2026-01-11,POINT (197147.0126 557643.7173)
rivm_windturbines_ashoogte_actueel.3798,130.0,115.0,4300.0,149041.0,557663.0,Nederland,,Siemens Gamesa SWT-DD-130,Súdwest-Fryslân,Fryslân,binnenwater,2026-01-11,POINT (149041 557663)
rivm_windturbines_ashoogte_actueel.3799,130.0,115.0,4300.0,146159.0,557680.0,Nederland,,Siemens Gamesa SWT-DD-130,Súdwest-Fryslân,Fryslân,binnenwater,2026-01-11,POINT (146159 557680)
rivm_windturbines_ashoogte_actueel.3800,11.0,18.0,17.5,187911.4264,557701.9868,Nederland,,,Heerenveen,Fryslân,land,2026-01-11,POINT (187911.4264 557701.9868)
rivm_windturbines_ashoogte_actueel.3801,13.0,15.0,15.0,168703.365236,557794.190364,Nederland,,EAZ wind,Súdwest-Fryslân,Fryslân,land,2026-01-11,POINT (168703.3652 557794.1904)
rivm_windturbines_ashoogte_actueel.3802,131.0,145.0,3900.0,253802.062258,557820.311934,Nederland,,,Aa en Hunze,Drenthe,land,2026-01-11,POINT (253802.0623 557820.3119)
rivm_windturbines_ashoogte_actueel.3803,130.0,115.0,4300.0,145380.0,557845.0,Nederland,,Siemens Gamesa SWT-DD-130,Súdwest-Fryslân,Fryslân,binnenwater,2026-01-11,POINT (145380 557845)
rivm_windturbines_ashoogte_actueel.3804,130.0,115.0,4300.0,148314.0,557845.0,Nederland,,Siemens Gamesa SWT-DD-130,Súdwest-Fryslân,Fryslân,binnenwater,2026-01-11,POINT (148314 557845)
rivm_windturbines_ashoogte_actueel.3805,130.0,115.0,4300.0,144642.0,557997.0,Nederland,,Siemens Gamesa SWT-DD-130,Súdwest-Fryslân,Fryslân,binnenwater,2026-01-11,POINT (144642 557997)
rivm_windturbines_ashoogte_actueel.3806,131.0,145.0,3900.0,254380.721779,558022.5037,Nederland,,,Aa en Hunze,Drenthe,land,2026-01-11,POINT (254380.7218 558022.5037)
rivm_windturbines_ashoogte_actueel.3807,130.0,115.0,4300.0,147523.0,558032.0,Nederland,,Siemens Gamesa SWT-DD-130,Súdwest-Fryslân,Fryslân,binnenwater,2026-01-11,POINT (147523 558032)
rivm_windturbines_ashoogte_actueel.3808,130.0,115.0,4300.0,143945.0,558138.0,Nederland,,Siemens Gamesa SWT-DD-130,Súdwest-Fryslân,Fryslân,binnenwater,2026-01-11,POINT (143945 558138)
rivm_windturbines_ashoogte_actueel.3809,130.0,115.0,4300.0,149465.0,558142.0,Nederland,,Siemens Gamesa SWT-DD-130,Súdwest-Fryslân,Fryslân,binnenwater,2026-01-11,POINT (149465 558142)
rivm_windturbines_ashoogte_actueel.3810,130.0,115.0,4300.0,146717.0,558210.0,Nederland,,Siemens Gamesa SWT-DD-130,Súdwest-Fryslân,Fryslân,binnenwater,2026-01-11,POINT (146717 558210)
rivm_windturbines_ashoogte_actueel.3811,131.0,145.0,3900.0,254960.460125,558230.586458,Nederland,,,Aa en Hunze,Drenthe,land,2026-01-11,POINT (254960.4601 558230.5865)
rivm_windturbines_ashoogte_actueel.3812,130.0,115.0,4300.0,143295.0,558266.0,Nederland,,Siemens Gamesa SWT-DD-130,Súdwest-Fryslân,Fryslân,binnenwater,2026-01-11,POINT (143295 558266)
rivm_windturbines_ashoogte_actueel.3813,16.0,20.0,45.0,166733.69285,558310.245976,Nederland,,BW45,Súdwest-Fryslân,Fryslân,land,2026-01-11,POINT (166733.6929 558310.246)
rivm_windturbines_ashoogte_actueel.3814,130.0,115.0,4300.0,148803.0,558342.0,Nederland,,Siemens Gamesa SWT-DD-130,Súdwest-Fryslân,Fryslân,binnenwater,2026-01-11,POINT (148803 558342)
rivm_windturbines_ashoogte_actueel.3815,13.0,15.0,15.0,168111.0,558348.0,Nederland,,EAZ wind,Súdwest-Fryslân,Fryslân,land,2026-01-11,POINT (168111 558348)
rivm_windturbines_ashoogte_actueel.3816,130.0,115.0,4300.0,145926.0,558373.0,Nederland,,Siemens Gamesa SWT-DD-130,Súdwest-Fryslân,Fryslân,binnenwater,2026-01-11,POINT (145926 558373)
rivm_windturbines_ashoogte_actueel.3817,131.0,145.0,3900.0,255574.654284,558443.721145,Nederland,,,Aa en Hunze,Drenthe,land,2026-01-11,POINT (255574.6543 558443.7211)
rivm_windturbines_ashoogte_actueel.3818,33.4,40.3,300.0,185594.2926,558461.4201,Nederland,,,De Fryske Marren,Fryslân,land,2026-01-11,POINT (185594.2926 558461.4201)
rivm_windturbines_ashoogte_actueel.3819,130.0,115.0,4300.0,145168.0,558518.0,Nederland,,Siemens Gamesa SWT-DD-130,Súdwest-Fryslân,Fryslân,binnenwater,2026-01-11,POINT (145168 558518)
rivm_windturbines_ashoogte_actueel.3820,130.0,115.0,4300.0,148052.0,558539.0,Nederland,,Siemens Gamesa SWT-DD-130,Súdwest-Fryslân,Fryslân,binnenwater,2026-01-11,POINT (148052 558539)
rivm_windturbines_ashoogte_actueel.3821,13.0,15.0,15.0,171306.072731,558551.539172,Nederland,,EAZ wind,Súdwest-Fryslân,Fryslân,land,2026-01-11,POINT (171306.0727 558551.5392)
rivm_windturbines_ashoogte_actueel.3822,130.0,115.0,4300.0,144443.0,558646.0,Nederland,,Siemens Gamesa SWT-DD-130,Súdwest-Fryslân,Fryslân,binnenwater,2026-01-11,POINT (144443 558646)
rivm_windturbines_ashoogte_actueel.3823,131.0,145.0,3900.0,256322.188512,558704.625683,Nederland,,,Aa en Hunze,Drenthe,land,2026-01-11,POINT (256322.1885 558704.6257)
rivm_windturbines_ashoogte_actueel.3824,130.0,115.0,4300.0,147272.0,558725.0,Nederland,,Siemens Gamesa SWT-DD-130,Súdwest-Fryslân,Fryslân,binnenwater,2026-01-11,POINT (147272 558725)
rivm_windturbines_ashoogte_actueel.3825,130.0,115.0,4300.0,143754.0,558761.0,Nederland,,Siemens Gamesa SWT-DD-130,Súdwest-Fryslân,Fryslân,binnenwater,2026-01-11,POINT (143754 558761)
rivm_windturbines_ashoogte_actueel.3826,130.0,115.0,4300.0,149230.0,558808.0,Nederland,,Siemens Gamesa SWT-DD-130,Súdwest-Fryslân,Fryslân,binnenwater,2026-01-11,POINT (149230 558808)
rivm_windturbines_ashoogte_actueel.3827,130.0,115.0,4300.0,146485.0,558893.0,Nederland,,Siemens Gamesa SWT-DD-130,Súdwest-Fryslân,Fryslân,binnenwater,2026-01-11,POINT (146485 558893)
rivm_windturbines_ashoogte_actueel.3828,131.0,145.0,3900.0,256921.086454,558913.047591,Nederland,,,Aa en Hunze,Drenthe,land,2026-01-11,POINT (256921.0865 558913.0476)
rivm_windturbines_ashoogte_actueel.3829,130.0,115.0,4300.0,148542.0,559008.0,Nederland,,Siemens Gamesa SWT-DD-130,Súdwest-Fryslân,Fryslân,binnenwater,2026-01-11,POINT (148542 559008)
rivm_windturbines_ashoogte_actueel.3830,130.0,115.0,4300.0,145722.0,559038.0,Nederland,,Siemens Gamesa SWT-DD-130,Súdwest-Fryslân,Fryslân,binnenwater,2026-01-11,POINT (145722 559038)
rivm_windturbines_ashoogte_actueel.3831,48.0,45.0,600.0,160675.9279,559084.9719,Nederland,,,Súdwest-Fryslân,Fryslân,land,2026-01-11,POINT (160675.9279 559084.9719)
rivm_windturbines_ashoogte_actueel.3832,13.0,15.0,15.0,166009.436539,559143.916331,Nederland,,EAZ wind,Súdwest-Fryslân,Fryslân,land,2026-01-11,POINT (166009.4365 559143.9163)
rivm_windturbines_ashoogte_actueel.3833,130.0,115.0,4300.0,144982.0,559162.0,Nederland,,Siemens Gamesa SWT-DD-130,Súdwest-Fryslân,Fryslân,binnenwater,2026-01-11,POINT (144982 559162)
rivm_windturbines_ashoogte_actueel.3834,130.0,115.0,4300.0,147789.0,559194.0,Nederland,,Siemens Gamesa SWT-DD-130,Súdwest-Fryslân,Fryslân,binnenwater,2026-01-11,POINT (147789 559194)
rivm_windturbines_ashoogte_actueel.3835,130.0,115.0,4300.0,144263.0,559266.0,Nederland,,Siemens Gamesa SWT-DD-130,Súdwest-Fryslân,Fryslân,binnenwater,2026-01-11,POINT (144263 559266)
rivm_windturbines_ashoogte_actueel.3836,14.0,15.0,25.0,198603.942078,559331.644592,Nederland,,,Opsterland,Fryslân,land,2026-01-11,POINT (198603.9421 559331.6446)
rivm_windturbines_ashoogte_actueel.3837,130.0,115.0,4300.0,147013.0,559365.0,Nederland,,Siemens Gamesa SWT-DD-130,Súdwest-Fryslân,Fryslân,binnenwater,2026-01-11,POINT (147013 559365)
rivm_windturbines_ashoogte_actueel.3838,13.0,15.0,15.0,162826.495849,559428.780218,Nederland,,EAZ wind,Súdwest-Fryslân,Fryslân,land,2026-01-11,POINT (162826.4958 559428.7802)
rivm_windturbines_ashoogte_actueel.3839,130.0,115.0,4300.0,149001.0,559454.0,Nederland,,Siemens Gamesa SWT-DD-130,Súdwest-Fryslân,Fryslân,binnenwater,2026-01-11,POINT (149001 559454)
rivm_windturbines_ashoogte_actueel.3840,48.0,36.0,750.0,157639.7527,559475.206,Nederland,,,Súdwest-Fryslân,Fryslân,land,2026-01-11,POINT (157639.7527 559475.206)
rivm_windturbines_ashoogte_actueel.3841,130.0,115.0,4300.0,146255.0,559512.0,Nederland,,Siemens Gamesa SWT-DD-130,Súdwest-Fryslân,Fryslân,binnenwater,2026-01-11,POINT (146255 559512)
rivm_windturbines_ashoogte_actueel.3842,130.0,115.0,4300.0,145512.0,559637.0,Nederland,,Siemens Gamesa SWT-DD-130,Súdwest-Fryslân,Fryslân,binnenwater,2026-01-11,POINT (145512 559637)
rivm_windturbines_ashoogte_actueel.3843,130.0,115.0,4300.0,148293.0,559641.0,Nederland,,Siemens Gamesa SWT-DD-130,Súdwest-Fryslân,Fryslân,binnenwater,2026-01-11,POINT (148293 559641)
rivm_windturbines_ashoogte_actueel.3844,14.0,15.0,10.0,157921.700296,559715.262902,Nederland,,BW10,Súdwest-Fryslân,Fryslân,land,2026-01-11,POINT (157921.7003 559715.2629)
rivm_windturbines_ashoogte_actueel.3845,130.0,115.0,4300.0,144787.0,559750.0,Nederland,,Siemens Gamesa SWT-DD-130,Súdwest-Fryslân,Fryslân,binnenwater,2026-01-11,POINT (144787 559750)
rivm_windturbines_ashoogte_actueel.3846,131.0,145.0,3900.0,255784.998514,559786.484256,Nederland,,,Aa en Hunze,Drenthe,land,2026-01-11,POINT (255784.9985 559786.4843)
rivm_windturbines_ashoogte_actueel.3847,130.0,115.0,4300.0,147533.0,559813.0,Nederland,,Siemens Gamesa SWT-DD-130,Súdwest-Fryslân,Fryslân,binnenwater,2026-01-11,POINT (147533 559813)
rivm_windturbines_ashoogte_actueel.3848,13.0,15.0,15.0,185140.053344,559911.074739,Nederland,,EAZ wind,De Fryske Marren,Fryslân,land,2026-01-11,POINT (185140.0533 559911.0747)
rivm_windturbines_ashoogte_actueel.3849,130.0,115.0,4300.0,146784.0,559958.0,Nederland,,Siemens Gamesa SWT-DD-130,Súdwest-Fryslân,Fryslân,binnenwater,2026-01-11,POINT (146784 559958)
rivm_windturbines_ashoogte_actueel.3850,130.0,115.0,4300.0,148748.0,560060.0,Nederland,,Siemens Gamesa SWT-DD-130,Súdwest-Fryslân,Fryslân,binnenwater,2026-01-11,POINT (148748 560060)
rivm_windturbines_ashoogte_actueel.3851,130.0,115.0,4300.0,146037.0,560081.0,Nederland,,Siemens Gamesa SWT-DD-130,Súdwest-Fryslân,Fryslân,binnenwater,2026-01-11,POINT (146037 560081)
rivm_windturbines_ashoogte_actueel.3852,131.0,145.0,3900.0,255398.97057,560150.816221,Nederland,,,Aa en Hunze,Drenthe,land,2026-01-11,POINT (255398.9706 560150.8162)
rivm_windturbines_ashoogte_actueel.3853,13.0,15.0,15.0,219504.198944,560215.076381,Nederland,,EAZ wind,Ooststellingwerf,Fryslân,land,2026-01-11,POINT (219504.1989 560215.0764)
rivm_windturbines_ashoogte_actueel.3854,130.0,115.0,4300.0,145300.0,560218.0,Nederland,,Siemens Gamesa SWT-DD-130,Súdwest-Fryslân,Fryslân,binnenwater,2026-01-11,POINT (145300 560218)
rivm_windturbines_ashoogte_actueel.3855,130.0,115.0,4300.0,148023.0,560243.0,Nederland,,Siemens Gamesa SWT-DD-130,Súdwest-Fryslân,Fryslân,binnenwater,2026-01-11,POINT (148023 560243)
rivm_windturbines_ashoogte_actueel.3856,130.0,115.0,4300.0,147296.0,560393.0,Nederland,,Siemens Gamesa SWT-DD-130,Súdwest-Fryslân,Fryslân,binnenwater,2026-01-11,POINT (147296 560393)
rivm_windturbines_ashoogte_actueel.3857,13.0,15.0,15.0,265449.122718,560452.455701,Nederland,,EAZ wind,Stadskanaal,Groningen,land,2026-01-11,POINT (265449.1227 560452.4557)
rivm_windturbines_ashoogte_actueel.3858,131.0,145.0,3900.0,255027.362574,560503.77114,Nederland,,,Aa en Hunze,Drenthe,land,2026-01-11,POINT (255027.3626 560503.7711)
rivm_windturbines_ashoogte_actueel.3859,130.0,115.0,4300.0,146554.0,560513.0,Nederland,,Siemens Gamesa SWT-DD-130,Súdwest-Fryslân,Fryslân,binnenwater,2026-01-11,POINT (146554 560513)
rivm_windturbines_ashoogte_actueel.3860,13.0,15.0,15.0,160241.419993,560514.526575,Nederland,,EAZ wind,Súdwest-Fryslân,Fryslân,land,2026-01-11,POINT (160241.42 560514.5266)
rivm_windturbines_ashoogte_actueel.3861,160.0,166.0,5560.0,280170.673536,560770.900933,Duitsland,Borsum WEA,E-160 EP5 166mNH,,,land,2026-01-11,POINT (280170.6735 560770.9009)
rivm_windturbines_ashoogte_actueel.3862,13.0,15.0,15.0,164798.522696,560772.320504,Nederland,,EAZ wind,Súdwest-Fryslân,Fryslân,land,2026-01-11,POINT (164798.5227 560772.3205)
rivm_windturbines_ashoogte_actueel.3863,13.0,16.0,10.0,194822.890064,560819.325605,Nederland,,BW10,Opsterland,Fryslân,land,2026-01-11,POINT (194822.8901 560819.3256)
rivm_windturbines_ashoogte_actueel.3864,54.0,60.0,850.0,186454.177843,560841.91641,Nederland,,,Heerenveen,Fryslân,land,2026-01-11,POINT (186454.1778 560841.9164)
rivm_windturbines_ashoogte_actueel.3865,131.0,145.0,3900.0,254653.240945,560854.212422,Nederland,,,Aa en Hunze,Drenthe,land,2026-01-11,POINT (254653.2409 560854.2124)
rivm_windturbines_ashoogte_actueel.3866,160.0,166.0,5560.0,280673.464402,560860.308101,Duitsland,Borsum WEA,E-160 EP5 166mNH,,,land,2026-01-11,POINT (280673.4644 560860.3081)
rivm_windturbines_ashoogte_actueel.3867,13.0,15.0,15.0,175913.106278,561044.167282,Nederland,,EAZ wind,Súdwest-Fryslân,Fryslân,land,2026-01-11,POINT (175913.1063 561044.1673)
rivm_windturbines_ashoogte_actueel.3868,13.0,15.0,15.0,210037.28805,561185.454732,Nederland,,EAZ wind,Ooststellingwerf,Fryslân,land,2026-01-11,POINT (210037.288 561185.4547)
rivm_windturbines_ashoogte_actueel.3869,160.0,166.0,5560.0,280062.262312,561196.945151,Duitsland,Borsum WEA,E-160 EP5 166mNH,,,land,2026-01-11,POINT (280062.2623 561196.9452)
rivm_windturbines_ashoogte_actueel.3870,131.0,145.0,3900.0,254280.971558,561205.579757,Nederland,,,Aa en Hunze,Drenthe,land,2026-01-11,POINT (254280.9716 561205.5798)
rivm_windturbines_ashoogte_actueel.3871,160.0,166.0,5560.0,280663.109724,561293.853996,Duitsland,Borsum WEA,E-160 EP5 166mNH,,,land,2026-01-11,POINT (280663.1097 561293.854)
rivm_windturbines_ashoogte_actueel.3872,54.0,40.0,900.0,159528.3064,561330.57,Nederland,,,Súdwest-Fryslân,Fryslân,land,2026-01-11,POINT (159528.3064 561330.57)
rivm_windturbines_ashoogte_actueel.3873,15.6,31.4,75.0,216601.8834,561331.5208,Nederland,,,Ooststellingwerf,Fryslân,land,2026-01-11,POINT (216601.8834 561331.5208)
rivm_windturbines_ashoogte_actueel.3874,13.0,15.0,15.0,160243.089391,561354.935083,Nederland,,EAZ wind,Súdwest-Fryslân,Fryslân,land,2026-01-11,POINT (160243.0894 561354.9351)
rivm_windturbines_ashoogte_actueel.3875,13.0,15.0,15.0,166673.0,561446.0,Nederland,,EAZ wind,Súdwest-Fryslân,Fryslân,land,2026-01-11,POINT (166673 561446)
rivm_windturbines_ashoogte_actueel.3876,31.0,31.0,250.0,164912.9884,561516.874,Nederland,,,Súdwest-Fryslân,Fryslân,land,2026-01-11,POINT (164912.9884 561516.874)
rivm_windturbines_ashoogte_actueel.3877,13.0,15.0,15.0,157096.80491,561554.332415,Nederland,,EAZ wind,Súdwest-Fryslân,Fryslân,land,2026-01-11,POINT (157096.8049 561554.3324)
rivm_windturbines_ashoogte_actueel.3878,131.0,145.0,3900.0,253906.900024,561559.200012,Nederland,,,Aa en Hunze,Drenthe,land,2026-01-11,POINT (253906.9 561559.2)
rivm_windturbines_ashoogte_actueel.3879,13.0,15.0,15.0,263574.932906,561591.549531,Nederland,,EAZ wind,Stadskanaal,Groningen,land,2026-01-11,POINT (263574.9329 561591.5495)
rivm_windturbines_ashoogte_actueel.3880,13.0,15.0,15.0,256906.46273,561591.585636,Nederland,,EAZ wind,Stadskanaal,Groningen,land,2026-01-11,POINT (256906.4627 561591.5856)
rivm_windturbines_ashoogte_actueel.3881,52.2,40.0,900.0,157532.6161,561610.1755,Nederland,,,Súdwest-Fryslân,Fryslân,land,2026-01-11,POINT (157532.6161 561610.1755)
rivm_windturbines_ashoogte_actueel.3882,160.0,166.0,5560.0,279959.997773,561613.843734,Duitsland,Borsum WEA,E-160 EP5 166mNH,,,land,2026-01-11,POINT (279959.9978 561613.8437)
rivm_windturbines_ashoogte_actueel.3883,13.0,15.0,15.0,256882.95303,561614.356038,Nederland,,EAZ wind,Stadskanaal,Groningen,land,2026-01-11,POINT (256882.953 561614.356)
rivm_windturbines_ashoogte_actueel.3884,13.0,15.0,15.0,256858.999751,561637.274299,Nederland,,EAZ wind,Stadskanaal,Groningen,land,2026-01-11,POINT (256858.9998 561637.2743)
rivm_windturbines_ashoogte_actueel.3885,160.0,166.0,5560.0,280544.445739,561747.133377,Duitsland,Borsum WEA,E-160 EP5 166mNH,,,land,2026-01-11,POINT (280544.4457 561747.1334)
rivm_windturbines_ashoogte_actueel.3886,16.0,20.0,80.0,214537.544178,561763.049222,Nederland,,BW80,Ooststellingwerf,Fryslân,land,2026-01-11,POINT (214537.5442 561763.0492)
rivm_windturbines_ashoogte_actueel.3887,62.0,60.0,1300.0,161507.4824,561844.3637,Nederland,,SWT-1.3-62,Súdwest-Fryslân,Fryslân,land,2026-01-11,POINT (161507.4824 561844.3637)
rivm_windturbines_ashoogte_actueel.3888,52.0,40.0,850.0,163697.7491,561886.0989,Nederland,,,Súdwest-Fryslân,Fryslân,land,2026-01-11,POINT (163697.7491 561886.0989)
rivm_windturbines_ashoogte_actueel.3889,52.0,40.0,850.0,164471.8034,561887.431,Nederland,,,Súdwest-Fryslân,Fryslân,land,2026-01-11,POINT (164471.8034 561887.431)
rivm_windturbines_ashoogte_actueel.3890,29.6,36.0,225.0,157451.6216,561902.8825,Nederland,,,Súdwest-Fryslân,Fryslân,land,2026-01-11,POINT (157451.6216 561902.8825)
rivm_windturbines_ashoogte_actueel.3891,131.0,145.0,3900.0,253530.000122,561914.200012,Nederland,,,Aa en Hunze,Drenthe,land,2026-01-11,POINT (253530.0001 561914.2)
rivm_windturbines_ashoogte_actueel.3892,13.0,15.0,15.0,232071.498342,561984.962677,Nederland,,EAZ wind,Tynaarlo,Drenthe,land,2026-01-11,POINT (232071.4983 561984.9627)
rivm_windturbines_ashoogte_actueel.3893,160.0,166.0,5560.0,279851.628362,562056.983721,Duitsland,Borsum WEA,E-160 EP5 166mNH,,,land,2026-01-11,POINT (279851.6284 562056.9837)
rivm_windturbines_ashoogte_actueel.3894,62.0,60.0,1300.0,161660.4351,562079.3036,Nederland,,SWT-1.3-62,Súdwest-Fryslân,Fryslân,land,2026-01-11,POINT (161660.4351 562079.3036)
rivm_windturbines_ashoogte_actueel.3895,160.0,166.0,5560.0,280294.410885,562097.569008,Duitsland,Borsum WEA,E-160 EP5 166mNH,,,land,2026-01-11,POINT (280294.4109 562097.569)
rivm_windturbines_ashoogte_actueel.3896,16.0,20.0,45.0,163551.506924,562107.970227,Nederland,,BW45,Súdwest-Fryslân,Fryslân,land,2026-01-11,POINT (163551.5069 562107.9702)
rivm_windturbines_ashoogte_actueel.3897,13.0,15.0,15.0,166417.0,562173.0,Nederland,,EAZ wind,Súdwest-Fryslân,Fryslân,land,2026-01-11,POINT (166417 562173)
rivm_windturbines_ashoogte_actueel.3898,52.2,40.0,900.0,157961.0576,562246.3765,Nederland,,,Súdwest-Fryslân,Fryslân,land,2026-01-11,POINT (157961.0576 562246.3765)
rivm_windturbines_ashoogte_actueel.3899,33.0,30.0,300.0,119036.910813,562247.369801,Nederland,,Bonus,Texel,Noord-Holland,land,2026-01-11,POINT (119036.9108 562247.3698)
rivm_windturbines_ashoogte_actueel.3900,131.0,145.0,3900.0,253168.500122,562254.700012,Nederland,,,Aa en Hunze,Drenthe,land,2026-01-11,POINT (253168.5001 562254.7)
rivm_windturbines_ashoogte_actueel.3901,62.0,60.0,1300.0,161813.3406,562313.6694,Nederland,,SWT-1.3-62,Súdwest-Fryslân,Fryslân,land,2026-01-11,POINT (161813.3406 562313.6694)
rivm_windturbines_ashoogte_actueel.3902,13.0,15.0,15.0,160191.56952,562473.166715,Nederland,,EAZ wind,Súdwest-Fryslân,Fryslân,land,2026-01-11,POINT (160191.5695 562473.1667)
rivm_windturbines_ashoogte_actueel.3903,52.2,40.0,900.0,157885.5463,562494.2053,Nederland,,,Súdwest-Fryslân,Fryslân,land,2026-01-11,POINT (157885.5463 562494.2053)
rivm_windturbines_ashoogte_actueel.3904,160.0,166.0,5560.0,279726.8546,562502.731616,Duitsland,Borsum WEA,E-160 EP5 166mNH,,,land,2026-01-11,POINT (279726.8546 562502.7316)
rivm_windturbines_ashoogte_actueel.3905,52.2,40.0,900.0,158138.4871,562515.999,Nederland,,,Súdwest-Fryslân,Fryslân,land,2026-01-11,POINT (158138.4871 562515.999)
rivm_windturbines_ashoogte_actueel.3906,62.0,60.0,1300.0,161966.3157,562548.4283,Nederland,,SWT-1.3-62,Súdwest-Fryslân,Fryslân,land,2026-01-11,POINT (161966.3157 562548.4283)
rivm_windturbines_ashoogte_actueel.3907,131.0,145.0,3900.0,252825.500122,562577.799988,Nederland,,,Aa en Hunze,Drenthe,land,2026-01-11,POINT (252825.5001 562577.8)
rivm_windturbines_ashoogte_actueel.3908,62.0,60.0,1300.0,162118.9272,562782.9025,Nederland,,SWT-1.3-62,Súdwest-Fryslân,Fryslân,land,2026-01-11,POINT (162118.9272 562782.9025)
rivm_windturbines_ashoogte_actueel.3909,13.0,15.0,15.0,164526.40119,562858.539609,Nederland,,EAZ wind,Súdwest-Fryslân,Fryslân,land,2026-01-11,POINT (164526.4012 562858.5396)
rivm_windturbines_ashoogte_actueel.3910,13.0,15.0,15.0,160394.587682,562971.258786,Nederland,,EAZ wind,Súdwest-Fryslân,Fryslân,land,2026-01-11,POINT (160394.5877 562971.2588)
rivm_windturbines_ashoogte_actueel.3911,16.0,18.0,25.0,257318.400989,562991.961184,Nederland,,,Pekela,Groningen,land,2026-01-11,POINT (257318.401 562991.9612)
rivm_windturbines_ashoogte_actueel.3912,62.0,60.0,1300.0,162271.4328,563018.0645,Nederland,,SWT-1.3-62,Súdwest-Fryslân,Fryslân,land,2026-01-11,POINT (162271.4328 563018.0645)
rivm_windturbines_ashoogte_actueel.3913,16.0,20.0,45.0,176737.0,563072.0,Nederland,,BW45,Súdwest-Fryslân,Fryslân,land,2026-01-11,POINT (176737 563072)
rivm_windturbines_ashoogte_actueel.3914,52.0,41.5,850.0,158556.1807,563172.0737,Nederland,,,Súdwest-Fryslân,Fryslân,land,2026-01-11,POINT (158556.1807 563172.0737)
rivm_windturbines_ashoogte_actueel.3915,18.0,31.4,80.0,163342.4139,563172.9035,Nederland,,,Súdwest-Fryslân,Fryslân,land,2026-01-11,POINT (163342.4139 563172.9035)
rivm_windturbines_ashoogte_actueel.3916,29.6,36.0,225.0,158885.0721,563183.4851,Nederland,,,Súdwest-Fryslân,Fryslân,land,2026-01-11,POINT (158885.0721 563183.4851)
rivm_windturbines_ashoogte_actueel.3917,16.0,18.0,25.0,274784.334194,563191.178471,Nederland,,,Westerwolde,Groningen,land,2026-01-11,POINT (274784.3342 563191.1785)
rivm_windturbines_ashoogte_actueel.3918,62.0,60.0,1300.0,162424.1588,563251.4419,Nederland,,SWT-1.3-62,Súdwest-Fryslân,Fryslân,land,2026-01-11,POINT (162424.1588 563251.4419)
rivm_windturbines_ashoogte_actueel.3919,29.6,36.0,225.0,157383.3576,563470.8081,Nederland,,,Súdwest-Fryslân,Fryslân,land,2026-01-11,POINT (157383.3576 563470.8081)
rivm_windturbines_ashoogte_actueel.3920,62.0,60.0,1300.0,162577.9966,563486.8734,Nederland,,SWT-1.3-62,Súdwest-Fryslân,Fryslân,land,2026-01-11,POINT (162577.9966 563486.8734)
rivm_windturbines_ashoogte_actueel.3921,14.0,15.0,10.0,165574.925992,563516.62341,Nederland,,BW10 MK3,Súdwest-Fryslân,Fryslân,land,2026-01-11,POINT (165574.926 563516.6234)
rivm_windturbines_ashoogte_actueel.3922,13.0,15.0,15.0,195860.63079,563551.479155,Nederland,,EAZ wind,Opsterland,Fryslân,land,2026-01-11,POINT (195860.6308 563551.4792)
rivm_windturbines_ashoogte_actueel.3923,52.0,40.0,850.0,159417.6192,563622.913,Nederland,,,Súdwest-Fryslân,Fryslân,land,2026-01-11,POINT (159417.6192 563622.913)
rivm_windturbines_ashoogte_actueel.3924,13.0,15.0,15.0,257569.894304,563813.237723,Nederland,,EAZ wind,Veendam,Groningen,land,2026-01-11,POINT (257569.8943 563813.2377)
rivm_windturbines_ashoogte_actueel.3925,13.0,15.0,15.0,166465.752937,563817.685179,Nederland,,EAZ wind,Súdwest-Fryslân,Fryslân,land,2026-01-11,POINT (166465.7529 563817.6852)
rivm_windturbines_ashoogte_actueel.3926,16.0,20.0,45.0,176258.752263,564200.985982,Nederland,,BW45,Súdwest-Fryslân,Fryslân,land,2026-01-11,POINT (176258.7523 564200.986)
rivm_windturbines_ashoogte_actueel.3927,13.0,15.0,15.0,208520.839113,564246.568112,Nederland,,EAZ wind,Opsterland,Fryslân,land,2026-01-11,POINT (208520.8391 564246.5681)
rivm_windturbines_ashoogte_actueel.3928,13.0,15.0,15.0,159732.433401,564267.200222,Nederland,,EAZ wind,Súdwest-Fryslân,Fryslân,land,2026-01-11,POINT (159732.4334 564267.2002)
rivm_windturbines_ashoogte_actueel.3929,13.0,15.0,15.0,158129.257974,564308.96018,Nederland,,EAZ wind,Súdwest-Fryslân,Fryslân,land,2026-01-11,POINT (158129.258 564308.9602)
rivm_windturbines_ashoogte_actueel.3930,52.2,40.0,900.0,157501.1199,564369.6163,Nederland,,,Súdwest-Fryslân,Fryslân,land,2026-01-11,POINT (157501.1199 564369.6163)
rivm_windturbines_ashoogte_actueel.3931,37.0,35.0,450.0,162580.684,564551.2119,Nederland,,,Súdwest-Fryslân,Fryslân,land,2026-01-11,POINT (162580.684 564551.2119)
rivm_windturbines_ashoogte_actueel.3932,54.0,60.0,850.0,184088.146,564653.1528,Nederland,,,Heerenveen,Fryslân,land,2026-01-11,POINT (184088.146 564653.1528)
rivm_windturbines_ashoogte_actueel.3933,13.0,15.0,15.0,176315.913388,564697.428188,Nederland,,EAZ wind,Súdwest-Fryslân,Fryslân,land,2026-01-11,POINT (176315.9134 564697.4282)
rivm_windturbines_ashoogte_actueel.3934,16.0,20.0,45.0,180387.458259,564717.326683,Nederland,,BW45,Súdwest-Fryslân,Fryslân,land,2026-01-11,POINT (180387.4583 564717.3267)
rivm_windturbines_ashoogte_actueel.3935,13.0,15.0,15.0,176312.597989,564738.563695,Nederland,,EAZ wind,Súdwest-Fryslân,Fryslân,land,2026-01-11,POINT (176312.598 564738.5637)
rivm_windturbines_ashoogte_actueel.3936,13.0,15.0,15.0,253352.052979,564747.088623,Nederland,,EAZ wind,Veendam,Groningen,land,2026-01-11,POINT (253352.053 564747.0886)
rivm_windturbines_ashoogte_actueel.3937,47.0,40.0,660.0,172724.9605,564846.8745,Nederland,,,Súdwest-Fryslân,Fryslân,land,2026-01-11,POINT (172724.9605 564846.8745)
rivm_windturbines_ashoogte_actueel.3938,41.0,40.0,500.0,162870.2457,564937.793,Nederland,,,Súdwest-Fryslân,Fryslân,land,2026-01-11,POINT (162870.2457 564937.793)
rivm_windturbines_ashoogte_actueel.3939,14.0,15.0,10.0,157329.265322,565008.536069,Nederland,,BW10,Súdwest-Fryslân,Fryslân,land,2026-01-11,POINT (157329.2653 565008.5361)
rivm_windturbines_ashoogte_actueel.3940,18.0,34.0,80.0,171737.964,565091.8742,Nederland,,,Súdwest-Fryslân,Fryslân,land,2026-01-11,POINT (171737.964 565091.8742)
rivm_windturbines_ashoogte_actueel.3941,16.0,20.0,45.0,156764.197629,565146.605061,Nederland,,BW45,Súdwest-Fryslân,Fryslân,land,2026-01-11,POINT (156764.1976 565146.6051)
rivm_windturbines_ashoogte_actueel.3942,13.0,15.0,15.0,253566.096903,565369.157239,Nederland,,EAZ wind,Veendam,Groningen,land,2026-01-11,POINT (253566.0969 565369.1572)
rivm_windturbines_ashoogte_actueel.3943,13.0,15.0,15.0,243224.836482,565431.530486,Nederland,,EAZ wind,Tynaarlo,Drenthe,land,2026-01-11,POINT (243224.8365 565431.5305)
rivm_windturbines_ashoogte_actueel.3944,13.0,15.0,15.0,259997.911303,565537.89302,Nederland,,,Pekela,Groningen,land,2026-01-11,POINT (259997.9113 565537.893)
rivm_windturbines_ashoogte_actueel.3945,16.0,20.0,80.0,160290.0,565575.0,Nederland,,BW80,Súdwest-Fryslân,Fryslân,land,2026-01-11,POINT (160290 565575)
rivm_windturbines_ashoogte_actueel.3946,52.2,40.0,900.0,159975.0103,565678.6749,Nederland,,,Súdwest-Fryslân,Fryslân,land,2026-01-11,POINT (159975.0103 565678.6749)
rivm_windturbines_ashoogte_actueel.3947,16.0,20.0,80.0,179275.648054,565812.306669,Nederland,,BW80,Súdwest-Fryslân,Fryslân,land,2026-01-11,POINT (179275.6481 565812.3067)
rivm_windturbines_ashoogte_actueel.3948,52.0,40.0,850.0,166466.8078,565921.4916,Nederland,,,Súdwest-Fryslân,Fryslân,land,2026-01-11,POINT (166466.8078 565921.4916)
rivm_windturbines_ashoogte_actueel.3949,130.0,135.0,4200.0,255197.7,565951.2,Nederland,,,Veendam,Groningen,land,2026-01-11,POINT (255197.7 565951.2)
rivm_windturbines_ashoogte_actueel.3950,13.0,15.0,15.0,159851.887354,565981.526308,Nederland,,EAZ wind,Súdwest-Fryslân,Fryslân,land,2026-01-11,POINT (159851.8874 565981.5263)
rivm_windturbines_ashoogte_actueel.3951,13.0,15.0,15.0,232948.2,566096.13,Nederland,,EAZ wind,Tynaarlo,Drenthe,land,2026-01-11,POINT (232948.2 566096.13)
rivm_windturbines_ashoogte_actueel.3952,130.0,135.0,4200.0,255318.7,566332.5,Nederland,,,Veendam,Groningen,land,2026-01-11,POINT (255318.7 566332.5)
rivm_windturbines_ashoogte_actueel.3953,47.0,40.0,660.0,175653.2923,566418.4862,Nederland,,,Súdwest-Fryslân,Fryslân,land,2026-01-11,POINT (175653.2923 566418.4862)
rivm_windturbines_ashoogte_actueel.3954,16.0,18.0,25.0,257326.174142,566501.496786,Nederland,,,Veendam,Groningen,land,2026-01-11,POINT (257326.1741 566501.4968)
rivm_windturbines_ashoogte_actueel.3955,13.0,15.0,15.0,186121.0,566556.0,Nederland,,EAZ wind,Leeuwarden,Fryslân,land,2026-01-11,POINT (186121 566556)
rivm_windturbines_ashoogte_actueel.3956,13.0,15.0,15.0,186110.0,566584.0,Nederland,,EAZ wind,Leeuwarden,Fryslân,land,2026-01-11,POINT (186110 566584)
rivm_windturbines_ashoogte_actueel.3957,13.0,15.0,15.0,174029.890318,566693.589333,Nederland,,EAZ wind,Súdwest-Fryslân,Fryslân,land,2026-01-11,POINT (174029.8903 566693.5893)
rivm_windturbines_ashoogte_actueel.3958,130.0,135.0,4200.0,255457.7,566783.1,Nederland,,,Veendam,Groningen,land,2026-01-11,POINT (255457.7 566783.1)
rivm_windturbines_ashoogte_actueel.3959,136.0,109.0,4650.0,155652.986609,566825.405945,Nederland,,E-136 EP5,Súdwest-Fryslân,Fryslân,land,2026-01-11,POINT (155652.9866 566825.4059)
rivm_windturbines_ashoogte_actueel.3960,136.0,109.0,4650.0,156387.832169,566840.841233,Nederland,,E-136 EP5,Súdwest-Fryslân,Fryslân,land,2026-01-11,POINT (156387.8322 566840.8412)
rivm_windturbines_ashoogte_actueel.3961,52.0,40.0,850.0,164029.9916,566875.8725,Nederland,,,Súdwest-Fryslân,Fryslân,land,2026-01-11,POINT (164029.9916 566875.8725)
rivm_windturbines_ashoogte_actueel.3962,13.0,15.0,15.0,162679.404842,567060.169776,Nederland,,EAZ wind,Súdwest-Fryslân,Fryslân,land,2026-01-11,POINT (162679.4048 567060.1698)
rivm_windturbines_ashoogte_actueel.3963,136.0,109.0,4650.0,155089.663107,567068.075033,Nederland,,E-136 EP5,Súdwest-Fryslân,Fryslân,land,2026-01-11,POINT (155089.6631 567068.075)
rivm_windturbines_ashoogte_actueel.3964,115.0,149.0,3000.0,277283.223549,567151.723838,Duitsland,,,,,land,2026-01-11,POINT (277283.2235 567151.7238)
rivm_windturbines_ashoogte_actueel.3965,136.0,109.0,4650.0,156174.39292,567179.903324,Nederland,,E-136 EP5,Súdwest-Fryslân,Fryslân,land,2026-01-11,POINT (156174.3929 567179.9033)
rivm_windturbines_ashoogte_actueel.3966,82.0,78.0,2000.0,158689.0866,567201.1038,Nederland,,,Súdwest-Fryslân,Fryslân,land,2026-01-11,POINT (158689.0866 567201.1038)
rivm_windturbines_ashoogte_actueel.3967,16.0,20.0,80.0,207712.07774,567211.580701,Nederland,,BW80,Opsterland,Fryslân,land,2026-01-11,POINT (207712.0777 567211.5807)
rivm_windturbines_ashoogte_actueel.3968,130.0,135.0,4200.0,255598.6,567234.6,Nederland,,,Veendam,Groningen,land,2026-01-11,POINT (255598.6 567234.6)
rivm_windturbines_ashoogte_actueel.3969,13.0,15.0,15.0,247103.071288,567250.466691,Nederland,,EAZ wind,Aa en Hunze,Drenthe,land,2026-01-11,POINT (247103.0713 567250.4667)
rivm_windturbines_ashoogte_actueel.3970,31.0,30.0,300.0,177205.9153,567280.9151,Nederland,,,Súdwest-Fryslân,Fryslân,land,2026-01-11,POINT (177205.9153 567280.9151)
rivm_windturbines_ashoogte_actueel.3971,18.0,34.0,80.0,183933.8607,567286.8792,Nederland,,,Leeuwarden,Fryslân,land,2026-01-11,POINT (183933.8607 567286.8792)
rivm_windturbines_ashoogte_actueel.3972,82.0,78.0,2000.0,158374.1397,567307.0011,Nederland,,,Súdwest-Fryslân,Fryslân,land,2026-01-11,POINT (158374.1397 567307.0011)
rivm_windturbines_ashoogte_actueel.3973,44.0,35.0,750.0,171082.8556,567356.4025,Nederland,,,Súdwest-Fryslân,Fryslân,land,2026-01-11,POINT (171082.8556 567356.4025)
rivm_windturbines_ashoogte_actueel.3974,82.0,78.0,2000.0,158054.0644,567414.1804,Nederland,,,Súdwest-Fryslân,Fryslân,land,2026-01-11,POINT (158054.0644 567414.1804)
rivm_windturbines_ashoogte_actueel.3975,115.0,149.0,3000.0,277344.409976,567449.366593,Duitsland,,,,,land,2026-01-11,POINT (277344.41 567449.3666)
rivm_windturbines_ashoogte_actueel.3976,136.0,109.0,4650.0,155734.946236,567488.999401,Nederland,,E-136 EP5,Súdwest-Fryslân,Fryslân,land,2026-01-11,POINT (155734.9462 567488.9994)
rivm_windturbines_ashoogte_actueel.3977,127.0,158.0,4200.0,276846.24919,567510.192961,Duitsland,,,,,land,2026-01-11,POINT (276846.2492 567510.193)
rivm_windturbines_ashoogte_actueel.3978,82.0,78.0,2000.0,157738.3765,567517.0385,Nederland,,,Súdwest-Fryslân,Fryslân,land,2026-01-11,POINT (157738.3765 567517.0385)
rivm_windturbines_ashoogte_actueel.3979,44.0,35.0,750.0,171043.7018,567528.473,Nederland,,,Súdwest-Fryslân,Fryslân,land,2026-01-11,POINT (171043.7018 567528.473)
rivm_windturbines_ashoogte_actueel.3980,136.0,109.0,4650.0,155249.373103,567599.255497,Nederland,,E-136 EP5,Súdwest-Fryslân,Fryslân,land,2026-01-11,POINT (155249.3731 567599.2555)
rivm_windturbines_ashoogte_actueel.3981,48.0,35.0,850.0,168723.3503,567725.630968,Nederland,,,Súdwest-Fryslân,Fryslân,land,2026-01-11,POINT (168723.3503 567725.631)
rivm_windturbines_ashoogte_actueel.3982,136.0,109.0,4650.0,156270.298111,567829.910878,Nederland,,E-136 EP5,Súdwest-Fryslân,Fryslân,land,2026-01-11,POINT (156270.2981 567829.9109)
rivm_windturbines_ashoogte_actueel.3983,13.0,15.0,15.0,266112.722192,567892.651944,Nederland,,EAZ wind,Westerwolde,Groningen,land,2026-01-11,POINT (266112.7222 567892.6519)
rivm_windturbines_ashoogte_actueel.3984,13.0,15.0,15.0,266115.462261,567920.684956,Nederland,,EAZ wind,Westerwolde,Groningen,land,2026-01-11,POINT (266115.4623 567920.685)
rivm_windturbines_ashoogte_actueel.3985,13.0,15.0,15.0,178673.849801,567927.96919,Nederland,,EAZ wind,Súdwest-Fryslân,Fryslân,land,2026-01-11,POINT (178673.8498 567927.9692)
rivm_windturbines_ashoogte_actueel.3986,52.0,40.0,850.0,163822.7685,567940.0962,Nederland,,,Súdwest-Fryslân,Fryslân,land,2026-01-11,POINT (163822.7685 567940.0962)
rivm_windturbines_ashoogte_actueel.3987,70.0,98.0,1800.0,277318.871155,567950.39581,Duitsland,,,,,land,2026-01-11,POINT (277318.8712 567950.3958)
rivm_windturbines_ashoogte_actueel.3988,136.0,109.0,4650.0,155914.263663,568022.720677,Nederland,,E-136 EP5,Súdwest-Fryslân,Fryslân,land,2026-01-11,POINT (155914.2637 568022.7207)
rivm_windturbines_ashoogte_actueel.3989,162.0,166.0,5600.0,276885.728362,567863.501624,Duitsland,,,,,land,2026-01-11,POINT (276885.7284 567863.5016)
rivm_windturbines_ashoogte_actueel.3990,13.0,15.0,15.0,217436.59,568032.403996,Nederland,,EAZ wind,Westerkwartier,Groningen,land,2026-01-11,POINT (217436.59 568032.404)
rivm_windturbines_ashoogte_actueel.3991,48.0,35.0,750.0,168727.9578,568100.181,Nederland,,,Súdwest-Fryslân,Fryslân,land,2026-01-11,POINT (168727.9578 568100.181)
rivm_windturbines_ashoogte_actueel.3992,136.0,109.0,4650.0,155373.324932,568157.92654,Nederland,,E-136 EP5,Súdwest-Fryslân,Fryslân,land,2026-01-11,POINT (155373.3249 568157.9265)
rivm_windturbines_ashoogte_actueel.3993,13.0,15.0,15.0,165700.871735,568180.882337,Nederland,,EAZ wind,Súdwest-Fryslân,Fryslân,land,2026-01-11,POINT (165700.8717 568180.8823)
rivm_windturbines_ashoogte_actueel.3994,70.0,98.0,1800.0,277242.455373,568209.088798,Duitsland,,,,,land,2026-01-11,POINT (277242.4554 568209.0888)
rivm_windturbines_ashoogte_actueel.3995,13.0,15.0,15.0,178240.0,568329.0,Nederland,,EAZ wind,Súdwest-Fryslân,Fryslân,land,2026-01-11,POINT (178240 568329)
rivm_windturbines_ashoogte_actueel.3996,162.0,166.0,5600.0,276902.923305,568321.930285,Duitsland,,,,,land,2026-01-11,POINT (276902.9233 568321.9303)
rivm_windturbines_ashoogte_actueel.3997,16.0,18.0,25.0,251821.167892,568376.13161,Nederland,,,Veendam,Groningen,land,2026-01-11,POINT (251821.1679 568376.1316)
rivm_windturbines_ashoogte_actueel.3998,70.0,98.0,1800.0,277208.469832,568529.654753,Duitsland,,,,,land,2026-01-11,POINT (277208.4698 568529.6548)
rivm_windturbines_ashoogte_actueel.3999,13.0,15.0,15.0,259918.081455,568597.008637,Nederland,,EAZ wind,Veendam,Groningen,land,2026-01-11,POINT (259918.0815 568597.0086)
rivm_windturbines_ashoogte_actueel.4000,162.0,166.0,5600.0,276926.632673,568753.679961,Duitsland,,,,,land,2026-01-11,POINT (276926.6327 568753.68)
rivm_windturbines_ashoogte_actueel.4001,48.0,35.0,750.0,166622.2757,568642.8621,Nederland,,,Súdwest-Fryslân,Fryslân,land,2026-01-11,POINT (166622.2757 568642.8621)
rivm_windturbines_ashoogte_actueel.4002,31.0,32.5,300.0,159251.9718,568664.9681,Nederland,,,Súdwest-Fryslân,Fryslân,land,2026-01-11,POINT (159251.9718 568664.9681)
rivm_windturbines_ashoogte_actueel.4003,13.0,15.0,15.0,176439.54097,568863.036217,Nederland,,EAZ wind,Súdwest-Fryslân,Fryslân,land,2026-01-11,POINT (176439.541 568863.0362)
rivm_windturbines_ashoogte_actueel.4004,13.0,15.0,15.0,177892.0,568880.0,Nederland,,EAZ wind,Súdwest-Fryslân,Fryslân,land,2026-01-11,POINT (177892 568880)
rivm_windturbines_ashoogte_actueel.4005,13.0,15.0,15.0,174829.674922,568884.430198,Nederland,,EAZ wind,Súdwest-Fryslân,Fryslân,land,2026-01-11,POINT (174829.6749 568884.4302)
rivm_windturbines_ashoogte_actueel.4006,13.0,15.0,15.0,229890.195618,568893.733582,Nederland,,EAZ wind,Tynaarlo,Drenthe,land,2026-01-11,POINT (229890.1956 568893.7336)
rivm_windturbines_ashoogte_actueel.4007,13.0,15.0,15.0,177597.254321,568923.658544,Nederland,,EAZ wind,Súdwest-Fryslân,Fryslân,land,2026-01-11,POINT (177597.2543 568923.6585)
rivm_windturbines_ashoogte_actueel.4008,162.0,166.0,5600.0,276940.868791,569180.029034,Duitsland,,,,,land,2026-01-11,POINT (276940.8688 569180.029)
rivm_windturbines_ashoogte_actueel.4009,13.0,15.0,25.0,216442.908074,569124.323719,Nederland,,,Westerkwartier,Groningen,land,2026-01-11,POINT (216442.9081 569124.3237)
rivm_windturbines_ashoogte_actueel.4010,13.0,15.0,15.0,182103.0,569146.0,Nederland,,EAZ wind,Leeuwarden,Fryslân,land,2026-01-11,POINT (182103 569146)
rivm_windturbines_ashoogte_actueel.4011,29.6,36.0,225.0,181469.540489,569199.118147,Nederland,,M700-225,Leeuwarden,Fryslân,land,2026-01-11,POINT (181469.5405 569199.1181)
rivm_windturbines_ashoogte_actueel.4012,18.0,31.4,80.0,170314.8152,569213.2321,Nederland,,,Súdwest-Fryslân,Fryslân,land,2026-01-11,POINT (170314.8152 569213.2321)
rivm_windturbines_ashoogte_actueel.4013,16.0,20.0,25.0,156312.722729,569385.069338,Nederland,,SWP25-16TG20,Súdwest-Fryslân,Fryslân,land,2026-01-11,POINT (156312.7227 569385.0693)
rivm_windturbines_ashoogte_actueel.4014,52.0,40.0,850.0,160037.1535,569400.7781,Nederland,,,Súdwest-Fryslân,Fryslân,land,2026-01-11,POINT (160037.1535 569400.7781)
rivm_windturbines_ashoogte_actueel.4015,70.0,98.0,1800.0,277177.836842,569463.376971,Duitsland,,,,,land,2026-01-11,POINT (277177.8368 569463.377)
rivm_windturbines_ashoogte_actueel.4016,48.0,40.0,600.0,172139.5116,569493.1231,Nederland,,,Súdwest-Fryslân,Fryslân,land,2026-01-11,POINT (172139.5116 569493.1231)
rivm_windturbines_ashoogte_actueel.4017,13.0,15.0,15.0,219032.143275,569511.814214,Nederland,,EAZ wind,Westerkwartier,Groningen,land,2026-01-11,POINT (219032.1433 569511.8142)
rivm_windturbines_ashoogte_actueel.4018,12.0,15.0,10.0,157971.784225,569571.969695,Nederland,,EAZ wind,Súdwest-Fryslân,Fryslân,land,2026-01-11,POINT (157971.7842 569571.9697)
rivm_windturbines_ashoogte_actueel.4019,162.0,166.0,5600.0,276957.877342,569595.116232,Duitsland,,,,,land,2026-01-11,POINT (276957.8773 569595.1162)
rivm_windturbines_ashoogte_actueel.4020,12.0,15.0,10.0,157950.558517,569593.153848,Nederland,,EAZ wind,Súdwest-Fryslân,Fryslân,land,2026-01-11,POINT (157950.5585 569593.1538)
rivm_windturbines_ashoogte_actueel.4021,52.0,35.0,900.0,173364.3153,569593.014,Nederland,,,Súdwest-Fryslân,Fryslân,land,2026-01-11,POINT (173364.3153 569593.014)
rivm_windturbines_ashoogte_actueel.4022,13.0,15.0,15.0,165074.930059,569605.260729,Nederland,,EAZ wind,Súdwest-Fryslân,Fryslân,land,2026-01-11,POINT (165074.9301 569605.2607)
rivm_windturbines_ashoogte_actueel.4023,18.0,31.0,80.0,175661.9485,569619.8743,Nederland,,BW80,Súdwest-Fryslân,Fryslân,land,2026-01-11,POINT (175661.9485 569619.8743)
rivm_windturbines_ashoogte_actueel.4024,130.0,135.0,4200.0,257246.4,569670.1,Nederland,,,Veendam,Groningen,land,2026-01-11,POINT (257246.4 569670.1)
rivm_windturbines_ashoogte_actueel.4025,13.0,15.0,15.0,162300.263043,569696.667755,Nederland,,EAZ wind,Súdwest-Fryslân,Fryslân,land,2026-01-11,POINT (162300.263 569696.6678)
rivm_windturbines_ashoogte_actueel.4026,13.0,15.0,15.0,186922.51654,569755.515154,Nederland,,EAZ wind,Leeuwarden,Fryslân,land,2026-01-11,POINT (186922.5165 569755.5152)
rivm_windturbines_ashoogte_actueel.4027,48.0,35.0,750.0,167902.8616,569781.2342,Nederland,,,Súdwest-Fryslân,Fryslân,land,2026-01-11,POINT (167902.8616 569781.2342)
rivm_windturbines_ashoogte_actueel.4028,31.0,30.0,600.0,174345.5486,569792.0643,Nederland,,,Súdwest-Fryslân,Fryslân,land,2026-01-11,POINT (174345.5486 569792.0643)
rivm_windturbines_ashoogte_actueel.4029,48.0,35.0,750.0,168102.4089,569814.4991,Nederland,,,Súdwest-Fryslân,Fryslân,land,2026-01-11,POINT (168102.4089 569814.4991)
rivm_windturbines_ashoogte_actueel.4030,14.0,20.0,25.0,213364.292996,569833.711551,Nederland,,SWP25-14TG20,Opsterland,Fryslân,land,2026-01-11,POINT (213364.293 569833.7116)
rivm_windturbines_ashoogte_actueel.4031,70.0,98.0,1800.0,276904.771571,569884.556143,Duitsland,,,,,land,2026-01-11,POINT (276904.7716 569884.5561)
rivm_windturbines_ashoogte_actueel.4032,13.0,15.0,15.0,248274.783806,569937.870643,Nederland,,EAZ wind,Midden-Groningen,Groningen,land,2026-01-11,POINT (248274.7838 569937.8706)
rivm_windturbines_ashoogte_actueel.4033,52.0,40.0,850.0,157236.9141,570057.2137,Nederland,,,Súdwest-Fryslân,Fryslân,land,2026-01-11,POINT (157236.9141 570057.2137)
rivm_windturbines_ashoogte_actueel.4034,54.0,50.0,900.0,166485.4534,570096.905,Nederland,,,Súdwest-Fryslân,Fryslân,land,2026-01-11,POINT (166485.4534 570096.905)
rivm_windturbines_ashoogte_actueel.4035,130.0,135.0,4200.0,257208.3,570128.5,Nederland,,,Veendam,Groningen,land,2026-01-11,POINT (257208.3 570128.5)
rivm_windturbines_ashoogte_actueel.4036,70.0,98.0,1800.0,276923.029777,570195.221103,Duitsland,,,,,land,2026-01-11,POINT (276923.0298 570195.2211)
rivm_windturbines_ashoogte_actueel.4037,52.0,40.0,850.0,161899.0039,570233.1445,Nederland,,,Súdwest-Fryslân,Fryslân,land,2026-01-11,POINT (161899.0039 570233.1445)
rivm_windturbines_ashoogte_actueel.4038,70.0,98.0,1800.0,277344.036121,570303.934853,Duitsland,,,,,land,2026-01-11,POINT (277344.0361 570303.9349)
rivm_windturbines_ashoogte_actueel.4039,13.0,15.0,15.0,209745.630005,570429.100098,Nederland,,EAZ wind,Westerkwartier,Groningen,land,2026-01-11,POINT (209745.63 570429.1001)
rivm_windturbines_ashoogte_actueel.4040,70.0,98.0,1800.0,277014.822822,570516.640255,Duitsland,,,,,land,2026-01-11,POINT (277014.8228 570516.6403)
rivm_windturbines_ashoogte_actueel.4041,13.0,15.0,15.0,164855.005922,570546.616178,Nederland,,EAZ wind,Súdwest-Fryslân,Fryslân,land,2026-01-11,POINT (164855.0059 570546.6162)
rivm_windturbines_ashoogte_actueel.4042,130.0,135.0,4200.0,257167.8,570586.8,Nederland,,,Veendam,Groningen,land,2026-01-11,POINT (257167.8 570586.8)
rivm_windturbines_ashoogte_actueel.4043,13.0,15.0,15.0,250879.718085,570611.264762,Nederland,,EAZ wind,Veendam,Groningen,land,2026-01-11,POINT (250879.7181 570611.2648)
rivm_windturbines_ashoogte_actueel.4044,70.0,98.0,1800.0,277396.562492,570620.7599,Duitsland,,,,,land,2026-01-11,POINT (277396.5625 570620.7599)
rivm_windturbines_ashoogte_actueel.4045,52.0,41.5,850.0,158120.7057,570642.226,Nederland,,,Súdwest-Fryslân,Fryslân,land,2026-01-11,POINT (158120.7057 570642.226)
rivm_windturbines_ashoogte_actueel.4046,70.0,98.0,1800.0,277843.452424,570698.750347,Duitsland,,,,,land,2026-01-11,POINT (277843.4524 570698.7503)
rivm_windturbines_ashoogte_actueel.4047,13.0,15.0,15.0,256583.257507,570735.204102,Nederland,,EAZ wind,Veendam,Groningen,land,2026-01-11,POINT (256583.2575 570735.2041)
rivm_windturbines_ashoogte_actueel.4048,44.0,35.0,750.0,172320.6087,570751.7899,Nederland,,,Leeuwarden,Fryslân,land,2026-01-11,POINT (172320.6087 570751.7899)
rivm_windturbines_ashoogte_actueel.4049,31.0,30.0,300.0,167217.1319,570777.2029,Nederland,,,Súdwest-Fryslân,Fryslân,land,2026-01-11,POINT (167217.1319 570777.2029)
rivm_windturbines_ashoogte_actueel.4050,13.0,15.0,15.0,174602.850626,570803.288322,Nederland,,EAZ wind,Súdwest-Fryslân,Fryslân,land,2026-01-11,POINT (174602.8506 570803.2883)
rivm_windturbines_ashoogte_actueel.4051,70.0,98.0,1800.0,277651.893708,570803.525557,Duitsland,,,,,land,2026-01-11,POINT (277651.8937 570803.5256)
rivm_windturbines_ashoogte_actueel.4052,70.0,98.0,1800.0,277035.795974,570810.073731,Duitsland,,,,,land,2026-01-11,POINT (277035.796 570810.0737)
rivm_windturbines_ashoogte_actueel.4053,48.0,36.0,750.0,169767.7254,570859.97,Nederland,,,Súdwest-Fryslân,Fryslân,land,2026-01-11,POINT (169767.7254 570859.97)
rivm_windturbines_ashoogte_actueel.4054,70.0,98.0,1800.0,277417.139453,570942.865131,Duitsland,,,,,land,2026-01-11,POINT (277417.1395 570942.8651)
rivm_windturbines_ashoogte_actueel.4055,13.0,15.0,15.0,268793.172006,570962.688412,Nederland,,EAZ wind,Westerwolde,Groningen,land,2026-01-11,POINT (268793.172 570962.6884)
rivm_windturbines_ashoogte_actueel.4056,13.0,15.0,15.0,170696.547399,570986.888106,Nederland,,EAZ wind,Súdwest-Fryslân,Fryslân,land,2026-01-11,POINT (170696.5474 570986.8881)
rivm_windturbines_ashoogte_actueel.4057,130.0,135.0,4200.0,257129.8,571045.2,Nederland,,,Veendam,Groningen,land,2026-01-11,POINT (257129.8 571045.2)
rivm_windturbines_ashoogte_actueel.4058,13.0,15.0,15.0,210660.367126,571066.589111,Nederland,,EAZ wind,Westerkwartier,Groningen,land,2026-01-11,POINT (210660.3671 571066.5891)
rivm_windturbines_ashoogte_actueel.4059,92.0,138.0,2350.0,277141.727721,571069.073484,Duitsland,,,,,land,2026-01-11,POINT (277141.7277 571069.0735)
rivm_windturbines_ashoogte_actueel.4060,48.0,36.0,750.0,166354.1935,571097.409,Nederland,,,Súdwest-Fryslân,Fryslân,land,2026-01-11,POINT (166354.1935 571097.409)
rivm_windturbines_ashoogte_actueel.4061,48.0,36.0,750.0,167786.2348,571105.8238,Nederland,,,Súdwest-Fryslân,Fryslân,land,2026-01-11,POINT (167786.2348 571105.8238)
rivm_windturbines_ashoogte_actueel.4062,16.0,20.0,80.0,157805.715885,571174.196046,Nederland,,BW80,Súdwest-Fryslân,Fryslân,land,2026-01-11,POINT (157805.7159 571174.196)
rivm_windturbines_ashoogte_actueel.4063,16.0,20.0,80.0,157742.28915,571179.622933,Nederland,,BW80,Súdwest-Fryslân,Fryslân,land,2026-01-11,POINT (157742.2892 571179.6229)
rivm_windturbines_ashoogte_actueel.4064,13.0,15.0,15.0,165519.450466,571201.37313,Nederland,,EAZ wind,Súdwest-Fryslân,Fryslân,land,2026-01-11,POINT (165519.4505 571201.3731)
rivm_windturbines_ashoogte_actueel.4065,16.0,20.0,45.0,162375.403119,571225.591873,Nederland,,BW45,Súdwest-Fryslân,Fryslân,land,2026-01-11,POINT (162375.4031 571225.5919)
rivm_windturbines_ashoogte_actueel.4066,13.0,15.0,15.0,231666.778505,571390.189848,Nederland,,EAZ wind,Tynaarlo,Drenthe,land,2026-01-11,POINT (231666.7785 571390.1898)
rivm_windturbines_ashoogte_actueel.4067,13.0,15.0,15.0,176436.0,571509.0,Nederland,,EAZ wind,Leeuwarden,Fryslân,land,2026-01-11,POINT (176436 571509)
rivm_windturbines_ashoogte_actueel.4068,48.0,36.0,750.0,167992.9593,571523.9263,Nederland,,,Súdwest-Fryslân,Fryslân,land,2026-01-11,POINT (167992.9593 571523.9263)
rivm_windturbines_ashoogte_actueel.4069,13.0,15.0,15.0,172475.615841,571539.597841,Nederland,,EAZ wind,Leeuwarden,Fryslân,land,2026-01-11,POINT (172475.6158 571539.5978)
rivm_windturbines_ashoogte_actueel.4070,13.0,15.0,15.0,176451.950244,571634.204671,Nederland,,EAZ wind,Leeuwarden,Fryslân,land,2026-01-11,POINT (176451.9502 571634.2047)
rivm_windturbines_ashoogte_actueel.4071,14.0,15.0,10.0,181234.029848,571647.260891,Nederland,,BW10,Leeuwarden,Fryslân,land,2026-01-11,POINT (181234.0298 571647.2609)
rivm_windturbines_ashoogte_actueel.4072,14.0,20.0,25.0,171316.711561,571690.143625,Nederland,,SWP25-14TG20,Waadhoeke,Fryslân,land,2026-01-11,POINT (171316.7116 571690.1436)
rivm_windturbines_ashoogte_actueel.4073,13.0,15.0,15.0,166099.955378,571700.27335,Nederland,,EAZ wind,Súdwest-Fryslân,Fryslân,land,2026-01-11,POINT (166099.9554 571700.2734)
rivm_windturbines_ashoogte_actueel.4074,13.0,15.0,15.0,181999.127987,571714.073885,Nederland,,EAZ wind,Leeuwarden,Fryslân,land,2026-01-11,POINT (181999.128 571714.0739)
rivm_windturbines_ashoogte_actueel.4075,13.0,15.0,15.0,210716.473999,571755.737122,Nederland,,EAZ wind,Westerkwartier,Groningen,land,2026-01-11,POINT (210716.474 571755.7371)
rivm_windturbines_ashoogte_actueel.4076,13.0,15.0,15.0,213671.208206,571963.615378,Nederland,,,Westerkwartier,Groningen,land,2026-01-11,POINT (213671.2082 571963.6154)
rivm_windturbines_ashoogte_actueel.4077,13.0,15.0,15.0,211435.836578,572020.094792,Nederland,,EAZ wind,Westerkwartier,Groningen,land,2026-01-11,POINT (211435.8366 572020.0948)
rivm_windturbines_ashoogte_actueel.4078,16.0,20.0,45.0,163149.46333,572043.076184,Nederland,,BW45,Súdwest-Fryslân,Fryslân,land,2026-01-11,POINT (163149.4633 572043.0762)
rivm_windturbines_ashoogte_actueel.4079,13.0,15.0,15.0,276100.562722,572044.850361,Duitsland,,EAZ wind,,,land,2026-01-11,POINT (276100.5627 572044.8504)
rivm_windturbines_ashoogte_actueel.4080,52.0,42.0,850.0,158115.7243,572081.5714,Nederland,,,Súdwest-Fryslân,Fryslân,land,2026-01-11,POINT (158115.7243 572081.5714)
rivm_windturbines_ashoogte_actueel.4081,13.0,15.0,15.0,185489.167614,572179.206683,Nederland,,EAZ wind,Leeuwarden,Fryslân,land,2026-01-11,POINT (185489.1676 572179.2067)
rivm_windturbines_ashoogte_actueel.4082,13.0,15.0,15.0,260673.768188,572257.30011,Nederland,,EAZ wind,Oldambt,Groningen,land,2026-01-11,POINT (260673.7682 572257.3001)
rivm_windturbines_ashoogte_actueel.4083,16.0,20.0,25.0,159884.546664,572284.130927,Nederland,,SWP25-16TG20,Súdwest-Fryslân,Fryslân,land,2026-01-11,POINT (159884.5467 572284.1309)
rivm_windturbines_ashoogte_actueel.4084,13.0,15.0,15.0,171794.846802,572441.61731,Nederland,,EAZ wind,Waadhoeke,Fryslân,land,2026-01-11,POINT (171794.8468 572441.6173)
rivm_windturbines_ashoogte_actueel.4085,52.0,40.0,850.0,163351.6445,572520.7709,Nederland,,,Súdwest-Fryslân,Fryslân,land,2026-01-11,POINT (163351.6445 572520.7709)
rivm_windturbines_ashoogte_actueel.4086,52.0,40.0,850.0,161041.3793,572561.574,Nederland,,,Súdwest-Fryslân,Fryslân,land,2026-01-11,POINT (161041.3793 572561.574)
rivm_windturbines_ashoogte_actueel.4087,31.0,30.0,300.0,162499.9978,572746.8709,Nederland,,,Waadhoeke,Fryslân,land,2026-01-11,POINT (162499.9978 572746.8709)
rivm_windturbines_ashoogte_actueel.4088,31.0,30.0,300.0,159382.1297,572873.011,Nederland,,,Súdwest-Fryslân,Fryslân,land,2026-01-11,POINT (159382.1297 572873.011)
rivm_windturbines_ashoogte_actueel.4089,16.0,18.0,25.0,260780.932818,572999.368417,Nederland,,,Oldambt,Groningen,land,2026-01-11,POINT (260780.9328 572999.3684)
rivm_windturbines_ashoogte_actueel.4090,13.0,15.0,15.0,186058.0,573125.0,Nederland,,EAZ wind,Leeuwarden,Fryslân,land,2026-01-11,POINT (186058 573125)
rivm_windturbines_ashoogte_actueel.4091,16.0,18.0,25.0,270320.685784,573232.537312,Nederland,,,Westerwolde,Groningen,land,2026-01-11,POINT (270320.6858 573232.5373)
rivm_windturbines_ashoogte_actueel.4092,18.0,31.4,80.0,173704.9548,573247.8725,Nederland,,,Leeuwarden,Fryslân,land,2026-01-11,POINT (173704.9548 573247.8725)
rivm_windturbines_ashoogte_actueel.4093,13.0,15.0,15.0,189397.033829,573428.342883,Nederland,,EAZ wind,Leeuwarden,Fryslân,land,2026-01-11,POINT (189397.0338 573428.3429)
rivm_windturbines_ashoogte_actueel.4094,13.0,15.0,10.0,256587.842507,573468.954478,Nederland,,BW10,Midden-Groningen,Groningen,land,2026-01-11,POINT (256587.8425 573468.9545)
rivm_windturbines_ashoogte_actueel.4095,18.0,31.0,80.0,164636.9896,573694.8706,Nederland,,,Waadhoeke,Fryslân,land,2026-01-11,POINT (164636.9896 573694.8706)
rivm_windturbines_ashoogte_actueel.4096,16.0,18.0,25.0,261657.602096,573819.017236,Nederland,,,Oldambt,Groningen,land,2026-01-11,POINT (261657.6021 573819.0172)
rivm_windturbines_ashoogte_actueel.4097,14.0,20.0,25.0,160624.744016,573819.606873,Nederland,,SWP25 14TG20,Harlingen,Fryslân,land,2026-01-11,POINT (160624.744 573819.6069)
rivm_windturbines_ashoogte_actueel.4098,13.0,15.0,15.0,244549.276874,573852.553614,Nederland,,EAZ wind,Midden-Groningen,Groningen,land,2026-01-11,POINT (244549.2769 573852.5536)
rivm_windturbines_ashoogte_actueel.4099,13.0,15.0,15.0,161261.0,574197.0,Nederland,,EAZ wind,Waadhoeke,Fryslân,land,2026-01-11,POINT (161261 574197)
rivm_windturbines_ashoogte_actueel.4100,13.0,15.0,15.0,190110.86348,574200.713118,Nederland,,EAZ wind,Leeuwarden,Fryslân,land,2026-01-11,POINT (190110.8635 574200.7131)
rivm_windturbines_ashoogte_actueel.4101,13.0,15.0,15.0,215082.143005,574205.56311,Nederland,,EAZ wind,Westerkwartier,Groningen,land,2026-01-11,POINT (215082.143 574205.5631)
rivm_windturbines_ashoogte_actueel.4102,130.0,135.0,4200.0,255704.2,574290.0,Nederland,,,Midden-Groningen,Groningen,land,2026-01-11,POINT (255704.2 574290)
rivm_windturbines_ashoogte_actueel.4103,15.6,31.4,75.0,160714.0048,574303.8705,Nederland,,,Harlingen,Fryslân,land,2026-01-11,POINT (160714.0048 574303.8705)
rivm_windturbines_ashoogte_actueel.4104,18.0,34.0,80.0,168019.9765,574505.8708,Nederland,,,Waadhoeke,Fryslân,land,2026-01-11,POINT (168019.9765 574505.8708)
rivm_windturbines_ashoogte_actueel.4105,15.6,34.0,75.0,167992.9766,574574.8708,Nederland,,,Waadhoeke,Fryslân,land,2026-01-11,POINT (167992.9766 574574.8708)
rivm_windturbines_ashoogte_actueel.4106,18.0,31.4,80.0,180158.3694,574624.5549,Nederland,,BW80,Leeuwarden,Fryslân,land,2026-01-11,POINT (180158.3694 574624.5549)
rivm_windturbines_ashoogte_actueel.4107,130.0,135.0,4200.0,256355.9,574659.4,Nederland,,,Midden-Groningen,Groningen,land,2026-01-11,POINT (256355.9 574659.4)
rivm_windturbines_ashoogte_actueel.4108,130.0,135.0,4200.0,255653.4,574726.9,Nederland,,,Midden-Groningen,Groningen,land,2026-01-11,POINT (255653.4 574726.9)
rivm_windturbines_ashoogte_actueel.4109,130.0,135.0,4200.0,256924.0,574749.4,Nederland,,,Midden-Groningen,Groningen,land,2026-01-11,POINT (256924 574749.4)
rivm_windturbines_ashoogte_actueel.4110,130.0,135.0,4200.0,257558.9,574850.6,Nederland,,,Midden-Groningen,Groningen,land,2026-01-11,POINT (257558.9 574850.6)
rivm_windturbines_ashoogte_actueel.4111,13.0,15.0,15.0,178276.06418,574858.899858,Nederland,,EAZ wind,Leeuwarden,Fryslân,land,2026-01-11,POINT (178276.0642 574858.8999)
rivm_windturbines_ashoogte_actueel.4112,13.0,15.0,15.0,178318.308444,574860.796109,Nederland,,EAZ wind,Leeuwarden,Fryslân,land,2026-01-11,POINT (178318.3084 574860.7961)
rivm_windturbines_ashoogte_actueel.4113,16.0,18.0,25.0,272411.361753,574878.466546,Nederland,,,Westerwolde,Groningen,land,2026-01-11,POINT (272411.3618 574878.4665)
rivm_windturbines_ashoogte_actueel.4114,13.0,15.0,15.0,253580.599988,574931.439143,Nederland,,EAZ wind,Midden-Groningen,Groningen,land,2026-01-11,POINT (253580.6 574931.4391)
rivm_windturbines_ashoogte_actueel.4115,130.0,135.0,4200.0,258275.7,574966.6,Nederland,,,Midden-Groningen,Groningen,land,2026-01-11,POINT (258275.7 574966.6)
rivm_windturbines_ashoogte_actueel.4116,130.0,135.0,4200.0,258829.4,575051.2,Nederland,,,Midden-Groningen,Groningen,land,2026-01-11,POINT (258829.4 575051.2)
rivm_windturbines_ashoogte_actueel.4117,29.6,30.0,225.0,162893.0964,575066.1702,Nederland,,,Waadhoeke,Fryslân,land,2026-01-11,POINT (162893.0964 575066.1702)
rivm_windturbines_ashoogte_actueel.4118,13.0,15.0,15.0,169268.131775,575067.635193,Nederland,,EAZ wind,Waadhoeke,Fryslân,land,2026-01-11,POINT (169268.1318 575067.6352)
rivm_windturbines_ashoogte_actueel.4119,13.0,15.0,15.0,187213.0,575104.0,Nederland,,EAZ wind,Leeuwarden,Fryslân,land,2026-01-11,POINT (187213 575104)
rivm_windturbines_ashoogte_actueel.4120,130.0,135.0,4200.0,256260.0,575179.0,Nederland,,,Midden-Groningen,Groningen,land,2026-01-11,POINT (256260 575179)
rivm_windturbines_ashoogte_actueel.4121,18.0,31.4,80.0,177623.3165,575221.0189,Nederland,,,Leeuwarden,Fryslân,land,2026-01-11,POINT (177623.3165 575221.0189)
rivm_windturbines_ashoogte_actueel.4122,44.0,35.0,750.0,168364.9983,575256.3964,Nederland,,,Waadhoeke,Fryslân,land,2026-01-11,POINT (168364.9983 575256.3964)
rivm_windturbines_ashoogte_actueel.4123,130.0,135.0,4200.0,256787.9,575257.9,Nederland,,,Midden-Groningen,Groningen,land,2026-01-11,POINT (256787.9 575257.9)
rivm_windturbines_ashoogte_actueel.4124,130.0,135.0,4200.0,257415.9,575359.0,Nederland,,,Midden-Groningen,Groningen,land,2026-01-11,POINT (257415.9 575359)
rivm_windturbines_ashoogte_actueel.4125,13.0,15.0,15.0,198614.420417,575411.714729,Nederland,,EAZ wind,Tytsjerksteradiel,Fryslân,land,2026-01-11,POINT (198614.4204 575411.7147)
rivm_windturbines_ashoogte_actueel.4126,44.0,35.0,600.0,168134.9752,575429.1841,Nederland,,,Waadhoeke,Fryslân,land,2026-01-11,POINT (168134.9752 575429.1841)
rivm_windturbines_ashoogte_actueel.4127,130.0,135.0,4200.0,258090.8,575467.7,Nederland,,,Midden-Groningen,Groningen,land,2026-01-11,POINT (258090.8 575467.7)
rivm_windturbines_ashoogte_actueel.4128,130.0,135.0,4200.0,258627.2,575553.6,Nederland,,,Midden-Groningen,Groningen,land,2026-01-11,POINT (258627.2 575553.6)
rivm_windturbines_ashoogte_actueel.4129,13.0,15.0,15.0,165713.0,575747.0,Nederland,,EAZ wind,Waadhoeke,Fryslân,land,2026-01-11,POINT (165713 575747)
rivm_windturbines_ashoogte_actueel.4130,130.0,135.0,4200.0,256150.4,575755.4,Nederland,,,Midden-Groningen,Groningen,land,2026-01-11,POINT (256150.4 575755.4)
rivm_windturbines_ashoogte_actueel.4131,14.0,20.0,25.0,162962.785393,575772.785976,Nederland,,SWP25-14TG20,Waadhoeke,Fryslân,land,2026-01-11,POINT (162962.7854 575772.786)
rivm_windturbines_ashoogte_actueel.4132,14.0,15.0,25.0,169231.440979,575827.758423,Nederland,,,Waadhoeke,Fryslân,land,2026-01-11,POINT (169231.441 575827.7584)
rivm_windturbines_ashoogte_actueel.4133,130.0,135.0,4200.0,256635.5,575829.0,Nederland,,,Midden-Groningen,Groningen,land,2026-01-11,POINT (256635.5 575829)
rivm_windturbines_ashoogte_actueel.4134,13.0,15.0,15.0,192601.731271,576005.534533,Nederland,,EAZ wind,Tytsjerksteradiel,Fryslân,land,2026-01-11,POINT (192601.7313 576005.5345)
rivm_windturbines_ashoogte_actueel.4135,130.0,135.0,4200.0,257897.5,576028.7,Nederland,,,Midden-Groningen,Groningen,land,2026-01-11,POINT (257897.5 576028.7)
rivm_windturbines_ashoogte_actueel.4136,130.0,135.0,4200.0,258409.5,576111.0,Nederland,,,Midden-Groningen,Groningen,land,2026-01-11,POINT (258409.5 576111)
rivm_windturbines_ashoogte_actueel.4137,44.0,35.0,750.0,168501.5123,576183.9954,Nederland,,,Waadhoeke,Fryslân,land,2026-01-11,POINT (168501.5123 576183.9954)
rivm_windturbines_ashoogte_actueel.4138,130.0,135.0,4200.0,256065.8,576205.9,Nederland,,,Midden-Groningen,Groningen,land,2026-01-11,POINT (256065.8 576205.9)
rivm_windturbines_ashoogte_actueel.4139,13.0,15.0,15.0,167562.742615,576284.97113,Nederland,,EAZ wind,Waadhoeke,Fryslân,land,2026-01-11,POINT (167562.7426 576284.9711)
rivm_windturbines_ashoogte_actueel.4140,130.0,135.0,4200.0,256510.0,576309.4,Nederland,,,Midden-Groningen,Groningen,land,2026-01-11,POINT (256510 576309.4)
rivm_windturbines_ashoogte_actueel.4141,13.0,15.0,10.0,167297.0,576320.0,Nederland,,BW10,Waadhoeke,Fryslân,land,2026-01-11,POINT (167297 576320)
rivm_windturbines_ashoogte_actueel.4142,13.0,15.0,15.0,171354.058934,576391.95826,Nederland,,EAZ wind,Waadhoeke,Fryslân,land,2026-01-11,POINT (171354.0589 576391.9583)
rivm_windturbines_ashoogte_actueel.4143,130.0,135.0,4200.0,257110.3,576444.1,Nederland,,,Midden-Groningen,Groningen,land,2026-01-11,POINT (257110.3 576444.1)
rivm_windturbines_ashoogte_actueel.4144,16.0,20.0,25.0,190140.831834,576516.216871,Nederland,,SWP25-16TG20,Tytsjerksteradiel,Fryslân,land,2026-01-11,POINT (190140.8318 576516.2169)
rivm_windturbines_ashoogte_actueel.4145,130.0,135.0,4200.0,255480.7,576524.1,Nederland,,,Midden-Groningen,Groningen,land,2026-01-11,POINT (255480.7 576524.1)
rivm_windturbines_ashoogte_actueel.4146,13.0,15.0,10.0,167902.96109,576550.932474,Nederland,,BW10,Waadhoeke,Fryslân,land,2026-01-11,POINT (167902.9611 576550.9325)
rivm_windturbines_ashoogte_actueel.4147,10.0,15.0,15.0,254182.825667,576563.394667,Nederland,,EAZ wind,Midden-Groningen,Groningen,land,2026-01-11,POINT (254182.8257 576563.3947)
rivm_windturbines_ashoogte_actueel.4148,130.0,135.0,4200.0,257679.4,576582.1,Nederland,,,Midden-Groningen,Groningen,land,2026-01-11,POINT (257679.4 576582.1)
rivm_windturbines_ashoogte_actueel.4149,13.0,15.0,15.0,260673.087585,576632.913696,Nederland,,EAZ wind,Oldambt,Groningen,land,2026-01-11,POINT (260673.0876 576632.9137)
rivm_windturbines_ashoogte_actueel.4150,13.0,15.0,15.0,260703.16272,576633.908508,Nederland,,EAZ wind,Oldambt,Groningen,land,2026-01-11,POINT (260703.1627 576633.9085)
rivm_windturbines_ashoogte_actueel.4151,13.0,15.0,15.0,260733.042297,576635.083313,Nederland,,EAZ wind,Oldambt,Groningen,land,2026-01-11,POINT (260733.0423 576635.0833)
rivm_windturbines_ashoogte_actueel.4152,130.0,135.0,4200.0,255986.8,576662.2,Nederland,,,Midden-Groningen,Groningen,land,2026-01-11,POINT (255986.8 576662.2)
rivm_windturbines_ashoogte_actueel.4153,71.0,60.0,2300.0,159689.9054,576685.421,Nederland,,,Harlingen,Fryslân,land,2026-01-11,POINT (159689.9054 576685.421)
rivm_windturbines_ashoogte_actueel.4154,130.0,135.0,4200.0,258163.0,576698.1,Nederland,,,Oldambt,Groningen,land,2026-01-11,POINT (258163 576698.1)
rivm_windturbines_ashoogte_actueel.4155,13.0,15.0,15.0,188886.996404,576720.86549,Nederland,,EAZ wind,Tytsjerksteradiel,Fryslân,land,2026-01-11,POINT (188886.9964 576720.8655)
rivm_windturbines_ashoogte_actueel.4156,130.0,135.0,4200.0,256382.6,576773.2,Nederland,,,Midden-Groningen,Groningen,land,2026-01-11,POINT (256382.6 576773.2)
rivm_windturbines_ashoogte_actueel.4157,52.0,35.0,850.0,161844.938,576804.0088,Nederland,,,Waadhoeke,Fryslân,land,2026-01-11,POINT (161844.938 576804.0088)
rivm_windturbines_ashoogte_actueel.4158,13.0,15.0,15.0,176470.433228,576857.053711,Nederland,,EAZ wind,Waadhoeke,Fryslân,land,2026-01-11,POINT (176470.4332 576857.0537)
rivm_windturbines_ashoogte_actueel.4159,130.0,135.0,4200.0,256972.1,576935.1,Nederland,,,Oldambt,Groningen,land,2026-01-11,POINT (256972.1 576935.1)
rivm_windturbines_ashoogte_actueel.4160,52.0,35.0,850.0,161917.9631,576994.9061,Nederland,,,Waadhoeke,Fryslân,land,2026-01-11,POINT (161917.9631 576994.9061)
rivm_windturbines_ashoogte_actueel.4161,31.0,40.0,225.0,167053.755918,577056.378331,Nederland,,,Waadhoeke,Fryslân,land,2026-01-11,POINT (167053.7559 577056.3783)
rivm_windturbines_ashoogte_actueel.4162,82.0,66.0,2300.0,159782.682087,577060.160889,Nederland,,Enercon E82,Harlingen,Fryslân,land,2026-01-11,POINT (159782.6821 577060.1609)
rivm_windturbines_ashoogte_actueel.4163,130.0,135.0,4200.0,257500.5,577081.6,Nederland,,,Oldambt,Groningen,land,2026-01-11,POINT (257500.5 577081.6)
rivm_windturbines_ashoogte_actueel.4164,52.2,40.0,850.0,166853.7054,577136.7926,Nederland,,,Waadhoeke,Fryslân,land,2026-01-11,POINT (166853.7054 577136.7926)
rivm_windturbines_ashoogte_actueel.4165,52.0,35.0,850.0,162064.8072,577139.3689,Nederland,,,Waadhoeke,Fryslân,land,2026-01-11,POINT (162064.8072 577139.3689)
rivm_windturbines_ashoogte_actueel.4166,52.0,40.0,850.0,163179.9955,577165.8696,Nederland,,,Waadhoeke,Fryslân,land,2026-01-11,POINT (163179.9955 577165.8696)
rivm_windturbines_ashoogte_actueel.4167,52.2,40.0,900.0,164137.9353,577191.4648,Nederland,,,Waadhoeke,Fryslân,land,2026-01-11,POINT (164137.9353 577191.4648)
rivm_windturbines_ashoogte_actueel.4168,52.0,35.0,850.0,162259.2763,577193.344,Nederland,,,Waadhoeke,Fryslân,land,2026-01-11,POINT (162259.2763 577193.344)
rivm_windturbines_ashoogte_actueel.4169,130.0,135.0,4200.0,257956.7,577208.1,Nederland,,,Oldambt,Groningen,land,2026-01-11,POINT (257956.7 577208.1)
rivm_windturbines_ashoogte_actueel.4170,29.6,36.0,225.0,173302.8378,577237.0574,Nederland,,,Waadhoeke,Fryslân,land,2026-01-11,POINT (173302.8378 577237.0574)
rivm_windturbines_ashoogte_actueel.4171,39.4,40.0,500.0,166496.9207,577274.4157,Nederland,,,Waadhoeke,Fryslân,land,2026-01-11,POINT (166496.9207 577274.4157)
rivm_windturbines_ashoogte_actueel.4172,52.2,40.0,900.0,166998.0354,577280.3323,Nederland,,,Waadhoeke,Fryslân,land,2026-01-11,POINT (166998.0354 577280.3323)
rivm_windturbines_ashoogte_actueel.4173,52.2,40.0,900.0,163878.2593,577281.0975,Nederland,,,Waadhoeke,Fryslân,land,2026-01-11,POINT (163878.2593 577281.0975)
rivm_windturbines_ashoogte_actueel.4174,52.0,40.0,850.0,163505.9942,577297.8696,Nederland,,,Waadhoeke,Fryslân,land,2026-01-11,POINT (163505.9942 577297.8696)
rivm_windturbines_ashoogte_actueel.4175,18.0,31.4,80.0,171621.1297,577417.7624,Nederland,,,Waadhoeke,Fryslân,land,2026-01-11,POINT (171621.1297 577417.7624)
rivm_windturbines_ashoogte_actueel.4176,13.0,15.0,15.0,244586.77228,577473.006789,Nederland,,EAZ wind,Midden-Groningen,Groningen,land,2026-01-11,POINT (244586.7723 577473.0068)
rivm_windturbines_ashoogte_actueel.4177,13.0,15.0,15.0,244552.848487,577483.969062,Nederland,,EAZ wind,Midden-Groningen,Groningen,land,2026-01-11,POINT (244552.8485 577483.9691)
rivm_windturbines_ashoogte_actueel.4178,13.0,15.0,15.0,208773.752178,577567.598149,Nederland,,EAZ wind,Westerkwartier,Groningen,land,2026-01-11,POINT (208773.7522 577567.5981)
rivm_windturbines_ashoogte_actueel.4179,13.0,15.0,15.0,216022.118562,577591.557735,Nederland,,EAZ wind,Westerkwartier,Groningen,land,2026-01-11,POINT (216022.1186 577591.5577)
rivm_windturbines_ashoogte_actueel.4180,70.0,60.0,2300.0,160366.9358,577673.9733,Nederland,,,Harlingen,Fryslân,land,2026-01-11,POINT (160366.9358 577673.9733)
rivm_windturbines_ashoogte_actueel.4181,13.0,15.0,15.0,169347.750471,577683.417598,Nederland,,EAZ wind,Waadhoeke,Fryslân,land,2026-01-11,POINT (169347.7505 577683.4176)
rivm_windturbines_ashoogte_actueel.4182,70.0,60.0,2300.0,160604.55,577803.2297,Nederland,,,Harlingen,Fryslân,land,2026-01-11,POINT (160604.55 577803.2297)
rivm_windturbines_ashoogte_actueel.4183,13.0,15.0,15.0,187810.643766,577830.562146,Nederland,,EAZ wind,Tytsjerksteradiel,Fryslân,land,2026-01-11,POINT (187810.6438 577830.5621)
rivm_windturbines_ashoogte_actueel.4184,70.0,60.0,2300.0,160843.6771,577930.5118,Nederland,,,Harlingen,Fryslân,land,2026-01-11,POINT (160843.6771 577930.5118)
rivm_windturbines_ashoogte_actueel.4185,16.0,20.0,80.0,162443.399218,577993.679932,Nederland,,BW80,Waadhoeke,Fryslân,land,2026-01-11,POINT (162443.3992 577993.6799)
rivm_windturbines_ashoogte_actueel.4186,55.0,50.0,900.0,179803.831687,578000.645999,Nederland,,,Leeuwarden,Fryslân,land,2026-01-11,POINT (179803.8317 578000.646)
rivm_windturbines_ashoogte_actueel.4187,13.0,15.0,15.0,212090.224,578013.003004,Nederland,,EAZ wind,Westerkwartier,Groningen,land,2026-01-11,POINT (212090.224 578013.003)
rivm_windturbines_ashoogte_actueel.4188,70.0,60.0,2300.0,161083.2655,578053.7682,Nederland,,,Harlingen,Fryslân,land,2026-01-11,POINT (161083.2655 578053.7682)
rivm_windturbines_ashoogte_actueel.4189,55.0,50.0,900.0,179734.738577,578150.092532,Nederland,,,Leeuwarden,Fryslân,land,2026-01-11,POINT (179734.7386 578150.0925)
rivm_windturbines_ashoogte_actueel.4190,70.0,60.0,2300.0,161324.3412,578174.8195,Nederland,,,Harlingen,Fryslân,land,2026-01-11,POINT (161324.3412 578174.8195)
rivm_windturbines_ashoogte_actueel.4191,70.0,60.0,2300.0,161566.9296,578293.6401,Nederland,,,Harlingen,Fryslân,land,2026-01-11,POINT (161566.9296 578293.6401)
rivm_windturbines_ashoogte_actueel.4192,15.6,24.5,75.0,162760.9972,578298.8693,Nederland,,,Waadhoeke,Fryslân,land,2026-01-11,POINT (162760.9972 578298.8693)
rivm_windturbines_ashoogte_actueel.4193,52.0,35.0,900.0,163367.0148,578325.7193,Nederland,,,Waadhoeke,Fryslân,land,2026-01-11,POINT (163367.0148 578325.7193)
rivm_windturbines_ashoogte_actueel.4194,18.0,31.4,80.0,176259.0785,578357.0984,Nederland,,,Waadhoeke,Fryslân,land,2026-01-11,POINT (176259.0785 578357.0984)
rivm_windturbines_ashoogte_actueel.4195,60.0,50.0,1300.0,157707.8427,578393.3546,Nederland,,,Harlingen,Fryslân,land,2026-01-11,POINT (157707.8427 578393.3546)
rivm_windturbines_ashoogte_actueel.4196,15.6,31.4,75.0,180506.638483,578460.181732,Nederland,,,Leeuwarden,Fryslân,land,2026-01-11,POINT (180506.6385 578460.1817)
rivm_windturbines_ashoogte_actueel.4197,13.0,15.0,15.0,255166.470981,578473.028571,Nederland,,EAZ wind,Midden-Groningen,Groningen,land,2026-01-11,POINT (255166.471 578473.0286)
rivm_windturbines_ashoogte_actueel.4198,13.0,15.0,15.0,255166.953707,578510.681217,Nederland,,EAZ wind,Midden-Groningen,Groningen,land,2026-01-11,POINT (255166.9537 578510.6812)
rivm_windturbines_ashoogte_actueel.4199,13.0,15.0,15.0,255167.919159,578551.230221,Nederland,,EAZ wind,Midden-Groningen,Groningen,land,2026-01-11,POINT (255167.9192 578551.2302)
rivm_windturbines_ashoogte_actueel.4200,60.0,50.0,1300.0,157768.7385,578580.8313,Nederland,,,Harlingen,Fryslân,land,2026-01-11,POINT (157768.7385 578580.8313)
rivm_windturbines_ashoogte_actueel.4201,13.0,15.0,15.0,255168.401886,578591.296499,Nederland,,EAZ wind,Midden-Groningen,Groningen,land,2026-01-11,POINT (255168.4019 578591.2965)
rivm_windturbines_ashoogte_actueel.4202,54.0,40.0,900.0,171049.586168,578593.813759,Nederland,,,Waadhoeke,Fryslân,land,2026-01-11,POINT (171049.5862 578593.8138)
rivm_windturbines_ashoogte_actueel.4203,13.0,15.0,25.0,220728.574842,578734.749812,Nederland,,,Westerkwartier,Groningen,land,2026-01-11,POINT (220728.5748 578734.7498)
rivm_windturbines_ashoogte_actueel.4204,60.0,50.0,1300.0,157841.7636,578772.9192,Nederland,,,Harlingen,Fryslân,land,2026-01-11,POINT (157841.7636 578772.9192)
rivm_windturbines_ashoogte_actueel.4205,13.0,15.0,15.0,251451.898012,578791.622935,Nederland,,,Midden-Groningen,Groningen,land,2026-01-11,POINT (251451.898 578791.6229)
rivm_windturbines_ashoogte_actueel.4206,55.0,50.0,800.0,186334.7514,578837.5297,Nederland,,,Leeuwarden,Fryslân,land,2026-01-11,POINT (186334.7514 578837.5297)
rivm_windturbines_ashoogte_actueel.4207,44.0,45.0,900.0,158567.178413,578858.067514,Nederland,,,Harlingen,Fryslân,land,2026-01-11,POINT (158567.1784 578858.0675)
rivm_windturbines_ashoogte_actueel.4208,54.5,50.0,1000.0,185572.2057,578892.877,Nederland,,,Leeuwarden,Fryslân,land,2026-01-11,POINT (185572.2057 578892.877)
rivm_windturbines_ashoogte_actueel.4209,62.0,50.0,1300.0,157905.2939,578960.0404,Nederland,,,Harlingen,Fryslân,land,2026-01-11,POINT (157905.2939 578960.0404)
rivm_windturbines_ashoogte_actueel.4210,13.0,15.0,15.0,162672.143799,578960.952515,Nederland,,EAZ wind,Waadhoeke,Fryslân,land,2026-01-11,POINT (162672.1438 578960.9525)
rivm_windturbines_ashoogte_actueel.4211,54.5,44.0,1000.0,185552.3056,579083.177,Nederland,,,Leeuwarden,Fryslân,land,2026-01-11,POINT (185552.3056 579083.177)
rivm_windturbines_ashoogte_actueel.4212,16.0,20.0,80.0,176306.909912,579165.465393,Nederland,,BW80,Waadhoeke,Fryslân,land,2026-01-11,POINT (176306.9099 579165.4654)
rivm_windturbines_ashoogte_actueel.4213,54.5,44.0,1000.0,185727.5049,579187.577,Nederland,,,Leeuwarden,Fryslân,land,2026-01-11,POINT (185727.5049 579187.577)
rivm_windturbines_ashoogte_actueel.4214,13.0,15.0,10.0,168776.967966,579202.121569,Nederland,,BW10,Waadhoeke,Fryslân,land,2026-01-11,POINT (168776.968 579202.1216)
rivm_windturbines_ashoogte_actueel.4215,5.0,5.0,5.0,180249.855552,579230.180925,Nederland,,,Leeuwarden,Fryslân,land,2026-01-11,POINT (180249.8556 579230.1809)
rivm_windturbines_ashoogte_actueel.4216,13.0,15.0,15.0,207282.3685,579329.9065,Nederland,,EAZ wind,Achtkarspelen,Fryslân,land,2026-01-11,POINT (207282.3685 579329.9065)
rivm_windturbines_ashoogte_actueel.4217,16.0,20.0,80.0,159015.632324,579365.162903,Nederland,,BW80,Harlingen,Fryslân,land,2026-01-11,POINT (159015.6323 579365.1629)
rivm_windturbines_ashoogte_actueel.4218,14.0,20.0,25.0,164412.055507,579397.937711,Nederland,,SWP26-14TG20,Waadhoeke,Fryslân,land,2026-01-11,POINT (164412.0555 579397.9377)
rivm_windturbines_ashoogte_actueel.4219,12.0,15.0,18.0,207905.030305,579521.177622,Nederland,,Wynpaq,Achtkarspelen,Fryslân,land,2026-01-11,POINT (207905.0303 579521.1776)
rivm_windturbines_ashoogte_actueel.4220,13.0,15.0,15.0,224671.874817,579864.587097,Nederland,,EAZ wind,Westerkwartier,Groningen,land,2026-01-11,POINT (224671.8748 579864.5871)
rivm_windturbines_ashoogte_actueel.4221,13.0,15.0,25.0,211445.187574,579879.752606,Nederland,,,Westerkwartier,Groningen,land,2026-01-11,POINT (211445.1876 579879.7526)
rivm_windturbines_ashoogte_actueel.4222,13.0,15.0,15.0,220712.343243,579881.577496,Nederland,,EAZ wind,Westerkwartier,Groningen,land,2026-01-11,POINT (220712.3432 579881.5775)
rivm_windturbines_ashoogte_actueel.4223,14.0,15.0,25.0,252562.474915,579942.947021,Nederland,,,Midden-Groningen,Groningen,land,2026-01-11,POINT (252562.4749 579942.947)
rivm_windturbines_ashoogte_actueel.4224,54.0,50.0,900.0,171881.9605,580001.8701,Nederland,,,Waadhoeke,Fryslân,land,2026-01-11,POINT (171881.9605 580001.8701)
rivm_windturbines_ashoogte_actueel.4225,14.0,20.0,25.0,160929.805603,580039.601624,Nederland,,SWP25-14TG20,Waadhoeke,Fryslân,land,2026-01-11,POINT (160929.8056 580039.6016)
rivm_windturbines_ashoogte_actueel.4226,114.0,93.0,3400.0,278821.904796,580042.202807,Duitsland,,,,,land,2026-01-11,POINT (278821.9048 580042.2028)
rivm_windturbines_ashoogte_actueel.4227,54.0,50.0,900.0,171756.9609,580152.87,Nederland,,,Waadhoeke,Fryslân,land,2026-01-11,POINT (171756.9609 580152.87)
rivm_windturbines_ashoogte_actueel.4228,114.0,93.0,3400.0,278633.484101,580284.755483,Duitsland,,,,,land,2026-01-11,POINT (278633.4841 580284.7555)
rivm_windturbines_ashoogte_actueel.4229,54.0,50.0,900.0,171631.9614,580304.8699,Nederland,,,Waadhoeke,Fryslân,land,2026-01-11,POINT (171631.9614 580304.8699)
rivm_windturbines_ashoogte_actueel.4230,37.0,40.0,500.0,163502.0244,580437.6387,Nederland,,,Waadhoeke,Fryslân,land,2026-01-11,POINT (163502.0244 580437.6387)
rivm_windturbines_ashoogte_actueel.4231,54.0,50.0,900.0,171507.9619,580455.8698,Nederland,,,Waadhoeke,Fryslân,land,2026-01-11,POINT (171507.9619 580455.8698)
rivm_windturbines_ashoogte_actueel.4232,16.0,18.0,25.0,274661.413155,580458.143974,Nederland,,,Oldambt,Groningen,land,2026-01-11,POINT (274661.4132 580458.144)
rivm_windturbines_ashoogte_actueel.4233,114.0,93.0,3400.0,278435.113471,580524.503909,Duitsland,,,,,land,2026-01-11,POINT (278435.1135 580524.5039)
rivm_windturbines_ashoogte_actueel.4234,37.0,40.0,500.0,163964.9375,580563.8576,Nederland,,,Waadhoeke,Fryslân,land,2026-01-11,POINT (163964.9375 580563.8576)
rivm_windturbines_ashoogte_actueel.4235,54.0,50.0,900.0,171381.9624,580608.8697,Nederland,,,Waadhoeke,Fryslân,land,2026-01-11,POINT (171381.9624 580608.8697)
rivm_windturbines_ashoogte_actueel.4236,37.0,40.0,500.0,163694.1126,580644.9905,Nederland,,,Waadhoeke,Fryslân,land,2026-01-11,POINT (163694.1126 580644.9905)
rivm_windturbines_ashoogte_actueel.4237,14.0,15.0,25.0,240783.439813,580722.354336,Nederland,,,Groningen,Groningen,land,2026-01-11,POINT (240783.4398 580722.3543)
rivm_windturbines_ashoogte_actueel.4238,37.0,40.0,500.0,163423.0149,580726.4907,Nederland,,,Waadhoeke,Fryslân,land,2026-01-11,POINT (163423.0149 580726.4907)
rivm_windturbines_ashoogte_actueel.4239,29.6,36.0,225.0,168800.6947,580738.3992,Nederland,,,Waadhoeke,Fryslân,land,2026-01-11,POINT (168800.6947 580738.3992)
rivm_windturbines_ashoogte_actueel.4240,114.0,93.0,3400.0,278254.908845,580766.005644,Duitsland,,,,,land,2026-01-11,POINT (278254.9088 580766.0056)
rivm_windturbines_ashoogte_actueel.4241,13.0,15.0,15.0,244626.683777,580821.099304,Nederland,,EAZ wind,Midden-Groningen,Groningen,land,2026-01-11,POINT (244626.6838 580821.0993)
rivm_windturbines_ashoogte_actueel.4242,37.0,40.0,500.0,163886.1812,580852.2833,Nederland,,,Waadhoeke,Fryslân,land,2026-01-11,POINT (163886.1812 580852.2833)
rivm_windturbines_ashoogte_actueel.4243,37.0,40.0,500.0,163614.7096,580934.4203,Nederland,,,Waadhoeke,Fryslân,land,2026-01-11,POINT (163614.7096 580934.4203)
rivm_windturbines_ashoogte_actueel.4244,13.0,15.0,15.0,225969.933777,580956.644098,Nederland,,EAZ wind,Westerkwartier,Groningen,land,2026-01-11,POINT (225969.9338 580956.6441)
rivm_windturbines_ashoogte_actueel.4245,14.0,15.0,25.0,224233.209152,580983.314309,Nederland,,,Westerkwartier,Groningen,land,2026-01-11,POINT (224233.2092 580983.3143)
rivm_windturbines_ashoogte_actueel.4246,37.0,40.0,500.0,163344.0149,581016.4955,Nederland,,,Waadhoeke,Fryslân,land,2026-01-11,POINT (163344.0149 581016.4955)
rivm_windturbines_ashoogte_actueel.4247,114.0,93.0,3400.0,278084.417824,581022.057888,Duitsland,,,,,land,2026-01-11,POINT (278084.4178 581022.0579)
rivm_windturbines_ashoogte_actueel.4248,13.0,15.0,15.0,222801.824,581043.592,Nederland,,EAZ wind,Westerkwartier,Groningen,land,2026-01-11,POINT (222801.824 581043.592)
rivm_windturbines_ashoogte_actueel.4249,37.0,40.0,500.0,163806.9486,581142.3883,Nederland,,,Waadhoeke,Fryslân,land,2026-01-11,POINT (163806.9486 581142.3883)
rivm_windturbines_ashoogte_actueel.4250,37.0,40.0,500.0,163536.5254,581224.0539,Nederland,,,Waadhoeke,Fryslân,land,2026-01-11,POINT (163536.5254 581224.0539)
rivm_windturbines_ashoogte_actueel.4251,114.0,93.0,3400.0,277913.937351,581278.127188,Duitsland,,,,,land,2026-01-11,POINT (277913.9374 581278.1272)
rivm_windturbines_ashoogte_actueel.4252,37.0,40.0,500.0,163265.3431,581305.5551,Nederland,,,Waadhoeke,Fryslân,land,2026-01-11,POINT (163265.3431 581305.5551)
rivm_windturbines_ashoogte_actueel.4253,31.0,31.0,300.0,167970.4762,581338.8688,Nederland,,,Waadhoeke,Fryslân,land,2026-01-11,POINT (167970.4762 581338.8688)
rivm_windturbines_ashoogte_actueel.4254,13.0,15.0,15.0,215243.349456,581347.12771,Nederland,,EAZ wind,Westerkwartier,Groningen,land,2026-01-11,POINT (215243.3495 581347.1277)
rivm_windturbines_ashoogte_actueel.4255,13.0,15.0,15.0,215273.89406,581355.995498,Nederland,,EAZ wind,Westerkwartier,Groningen,land,2026-01-11,POINT (215273.8941 581355.9955)
rivm_windturbines_ashoogte_actueel.4256,16.0,22.0,25.0,164169.048584,581361.729004,Nederland,,SWP25-16TG20,Waadhoeke,Fryslân,land,2026-01-11,POINT (164169.0486 581361.729)
rivm_windturbines_ashoogte_actueel.4257,14.0,15.0,25.0,244462.885803,581390.44928,Nederland,,,Midden-Groningen,Groningen,land,2026-01-11,POINT (244462.8858 581390.4493)
rivm_windturbines_ashoogte_actueel.4258,37.0,40.0,500.0,163728.5187,581431.2186,Nederland,,,Waadhoeke,Fryslân,land,2026-01-11,POINT (163728.5187 581431.2186)
rivm_windturbines_ashoogte_actueel.4259,13.0,15.0,15.0,221908.103,581457.639,Nederland,,EAZ wind,Westerkwartier,Groningen,land,2026-01-11,POINT (221908.103 581457.639)
rivm_windturbines_ashoogte_actueel.4260,13.0,15.0,15.0,221344.769745,581459.08222,Nederland,,EAZ wind,Westerkwartier,Groningen,land,2026-01-11,POINT (221344.7697 581459.0822)
rivm_windturbines_ashoogte_actueel.4261,13.0,15.0,15.0,221382.680385,581464.703453,Nederland,,EAZ wind,Westerkwartier,Groningen,land,2026-01-11,POINT (221382.6804 581464.7035)
rivm_windturbines_ashoogte_actueel.4262,13.0,15.0,15.0,160128.951599,581467.128479,Nederland,,EAZ wind,Waadhoeke,Fryslân,land,2026-01-11,POINT (160128.9516 581467.1285)
rivm_windturbines_ashoogte_actueel.4263,16.0,18.0,25.0,264261.542485,581485.015772,Nederland,,,Oldambt,Groningen,land,2026-01-11,POINT (264261.5425 581485.0158)
rivm_windturbines_ashoogte_actueel.4264,37.0,40.0,500.0,163457.2408,581513.1082,Nederland,,,Waadhoeke,Fryslân,land,2026-01-11,POINT (163457.2408 581513.1082)
rivm_windturbines_ashoogte_actueel.4265,13.0,15.0,15.0,171726.753601,581600.475098,Nederland,,EAZ wind,Waadhoeke,Fryslân,land,2026-01-11,POINT (171726.7536 581600.4751)
rivm_windturbines_ashoogte_actueel.4266,13.0,15.0,15.0,215888.251179,581639.553868,Nederland,,EAZ wind,Westerkwartier,Groningen,land,2026-01-11,POINT (215888.2512 581639.5539)
rivm_windturbines_ashoogte_actueel.4267,16.0,18.0,25.0,265806.444018,581684.814131,Nederland,,,Oldambt,Groningen,land,2026-01-11,POINT (265806.444 581684.8141)
rivm_windturbines_ashoogte_actueel.4268,13.0,15.0,15.0,190416.155058,581690.741269,Nederland,,EAZ wind,Tytsjerksteradiel,Fryslân,land,2026-01-11,POINT (190416.1551 581690.7413)
rivm_windturbines_ashoogte_actueel.4269,13.0,15.0,15.0,222186.239,581709.576,Nederland,,EAZ wind,Westerkwartier,Groningen,land,2026-01-11,POINT (222186.239 581709.576)
rivm_windturbines_ashoogte_actueel.4270,13.0,15.0,15.0,222213.402,581722.522,Nederland,,EAZ wind,Westerkwartier,Groningen,land,2026-01-11,POINT (222213.402 581722.522)
rivm_windturbines_ashoogte_actueel.4271,13.0,15.0,15.0,228260.042,581723.637991,Nederland,,EAZ wind,Groningen,Groningen,land,2026-01-11,POINT (228260.042 581723.638)
rivm_windturbines_ashoogte_actueel.4272,16.0,18.0,25.0,272419.825252,582032.122974,Nederland,,,Oldambt,Groningen,land,2026-01-11,POINT (272419.8253 582032.123)
rivm_windturbines_ashoogte_actueel.4273,14.0,20.0,25.0,161106.255533,582050.931522,Nederland,,SWP25-14TG20,Waadhoeke,Fryslân,land,2026-01-11,POINT (161106.2555 582050.9315)
rivm_windturbines_ashoogte_actueel.4274,13.0,15.0,15.0,220076.605975,582093.216656,Nederland,,EAZ wind,Westerkwartier,Groningen,land,2026-01-11,POINT (220076.606 582093.2167)
rivm_windturbines_ashoogte_actueel.4275,13.0,15.0,15.0,168301.3797,582124.720398,Nederland,,EAZ wind,Waadhoeke,Fryslân,land,2026-01-11,POINT (168301.3797 582124.7204)
rivm_windturbines_ashoogte_actueel.4276,13.0,15.0,15.0,274204.941348,582219.828314,Nederland,,EAZ wind,Oldambt,Groningen,land,2026-01-11,POINT (274204.9413 582219.8283)
rivm_windturbines_ashoogte_actueel.4277,31.0,30.0,250.0,175645.5392,582226.7995,Nederland,,,Waadhoeke,Fryslân,land,2026-01-11,POINT (175645.5392 582226.7995)
rivm_windturbines_ashoogte_actueel.4278,13.0,15.0,15.0,220613.236395,582314.060518,Nederland,,EAZ wind,Westerkwartier,Groningen,land,2026-01-11,POINT (220613.2364 582314.0605)
rivm_windturbines_ashoogte_actueel.4279,13.0,15.0,15.0,220605.49544,582342.490932,Nederland,,EAZ wind,Westerkwartier,Groningen,land,2026-01-11,POINT (220605.4954 582342.4909)
rivm_windturbines_ashoogte_actueel.4280,13.0,15.0,15.0,254801.540033,582378.448001,Nederland,,EAZ wind,Midden-Groningen,Groningen,land,2026-01-11,POINT (254801.54 582378.448)
rivm_windturbines_ashoogte_actueel.4281,13.0,15.0,15.0,223750.008,582384.798,Nederland,,EAZ wind,Westerkwartier,Groningen,land,2026-01-11,POINT (223750.008 582384.798)
rivm_windturbines_ashoogte_actueel.4282,13.0,15.0,15.0,254781.03101,582399.60172,Nederland,,EAZ wind,Midden-Groningen,Groningen,land,2026-01-11,POINT (254781.031 582399.6017)
rivm_windturbines_ashoogte_actueel.4283,13.0,15.0,15.0,254757.324015,582425.112211,Nederland,,EAZ wind,Midden-Groningen,Groningen,land,2026-01-11,POINT (254757.324 582425.1122)
rivm_windturbines_ashoogte_actueel.4284,44.0,40.0,600.0,162002.9466,582460.966,Nederland,,,Waadhoeke,Fryslân,land,2026-01-11,POINT (162002.9466 582460.966)
rivm_windturbines_ashoogte_actueel.4285,13.0,15.0,15.0,215589.432,582620.118996,Nederland,,EAZ wind,Westerkwartier,Groningen,land,2026-01-11,POINT (215589.432 582620.119)
rivm_windturbines_ashoogte_actueel.4286,13.0,15.0,15.0,219191.460999,582844.589111,Nederland,,EAZ wind,Westerkwartier,Groningen,land,2026-01-11,POINT (219191.461 582844.5891)
rivm_windturbines_ashoogte_actueel.4287,13.0,15.0,15.0,222496.011,582975.28,Nederland,,EAZ wind,Westerkwartier,Groningen,land,2026-01-11,POINT (222496.011 582975.28)
rivm_windturbines_ashoogte_actueel.4288,16.0,18.0,25.0,259854.277778,582986.796131,Nederland,,,Oldambt,Groningen,land,2026-01-11,POINT (259854.2778 582986.7961)
rivm_windturbines_ashoogte_actueel.4289,13.0,15.0,15.0,222479.286,583007.847,Nederland,,EAZ wind,Westerkwartier,Groningen,land,2026-01-11,POINT (222479.286 583007.847)
rivm_windturbines_ashoogte_actueel.4290,16.0,18.0,25.0,259923.516739,583016.502616,Nederland,,,Oldambt,Groningen,land,2026-01-11,POINT (259923.5167 583016.5026)
rivm_windturbines_ashoogte_actueel.4291,18.0,31.4,80.0,168456.223,583040.6839,Nederland,,,Waadhoeke,Fryslân,land,2026-01-11,POINT (168456.223 583040.6839)
rivm_windturbines_ashoogte_actueel.4292,18.0,31.4,80.0,168409.1264,583103.7017,Nederland,,,Waadhoeke,Fryslân,land,2026-01-11,POINT (168409.1264 583103.7017)
rivm_windturbines_ashoogte_actueel.4293,13.0,15.0,15.0,222757.703,583132.654016,Nederland,,EAZ wind,Westerkwartier,Groningen,land,2026-01-11,POINT (222757.703 583132.654)
rivm_windturbines_ashoogte_actueel.4294,18.0,31.4,80.0,168360.2083,583170.2366,Nederland,,,Waadhoeke,Fryslân,land,2026-01-11,POINT (168360.2083 583170.2366)
rivm_windturbines_ashoogte_actueel.4295,16.0,20.0,80.0,162357.742615,583242.976624,Nederland,,BW80,Waadhoeke,Fryslân,land,2026-01-11,POINT (162357.7426 583242.9766)
rivm_windturbines_ashoogte_actueel.4296,33.4,40.0,300.0,177181.9716,583262.304,Nederland,,,Waadhoeke,Fryslân,land,2026-01-11,POINT (177181.9716 583262.304)
rivm_windturbines_ashoogte_actueel.4297,15.6,31.4,75.0,164266.8261,583390.1316,Nederland,,,Waadhoeke,Fryslân,land,2026-01-11,POINT (164266.8261 583390.1316)
rivm_windturbines_ashoogte_actueel.4298,18.0,31.4,80.0,164343.1853,583405.8847,Nederland,,,Waadhoeke,Fryslân,land,2026-01-11,POINT (164343.1853 583405.8847)
rivm_windturbines_ashoogte_actueel.4299,13.0,15.0,15.0,210364.185987,583426.936249,Nederland,,EAZ wind,Westerkwartier,Groningen,land,2026-01-11,POINT (210364.186 583426.9362)
rivm_windturbines_ashoogte_actueel.4300,13.0,15.0,15.0,224279.958,583447.869,Nederland,,EAZ wind,Westerkwartier,Groningen,land,2026-01-11,POINT (224279.958 583447.869)
rivm_windturbines_ashoogte_actueel.4301,13.0,15.0,15.0,224310.01,583467.233,Nederland,,EAZ wind,Westerkwartier,Groningen,land,2026-01-11,POINT (224310.01 583467.233)
rivm_windturbines_ashoogte_actueel.4302,13.0,15.0,25.0,217846.587089,583539.410351,Nederland,,,Westerkwartier,Groningen,land,2026-01-11,POINT (217846.5871 583539.4104)
rivm_windturbines_ashoogte_actueel.4303,13.0,15.0,15.0,214168.373294,583540.038057,Nederland,,EAZ wind,Westerkwartier,Groningen,land,2026-01-11,POINT (214168.3733 583540.0381)
rivm_windturbines_ashoogte_actueel.4304,13.0,15.0,15.0,251296.45,583560.03,Nederland,,EAZ wind,Midden-Groningen,Groningen,land,2026-01-11,POINT (251296.45 583560.03)
rivm_windturbines_ashoogte_actueel.4305,13.0,15.0,15.0,251276.37,583586.71,Nederland,,EAZ wind,Midden-Groningen,Groningen,land,2026-01-11,POINT (251276.37 583586.71)
rivm_windturbines_ashoogte_actueel.4306,13.0,15.0,15.0,222138.299997,583653.854,Nederland,,EAZ wind,Westerkwartier,Groningen,land,2026-01-11,POINT (222138.3 583653.854)
rivm_windturbines_ashoogte_actueel.4307,13.0,15.0,15.0,183945.287938,583737.268982,Nederland,,EAZ wind,Leeuwarden,Fryslân,land,2026-01-11,POINT (183945.2879 583737.269)
rivm_windturbines_ashoogte_actueel.4308,18.0,40.0,80.0,166589.1182,583772.5106,Nederland,,,Waadhoeke,Fryslân,land,2026-01-11,POINT (166589.1182 583772.5106)
rivm_windturbines_ashoogte_actueel.4309,13.0,15.0,15.0,217613.742913,583785.117866,Nederland,,EAZ wind,Westerkwartier,Groningen,land,2026-01-11,POINT (217613.7429 583785.1179)
rivm_windturbines_ashoogte_actueel.4310,13.0,15.0,25.0,214699.517018,583815.429793,Nederland,,,Westerkwartier,Groningen,land,2026-01-11,POINT (214699.517 583815.4298)
rivm_windturbines_ashoogte_actueel.4311,13.0,15.0,15.0,224410.345,583841.643,Nederland,,EAZ wind,Westerkwartier,Groningen,land,2026-01-11,POINT (224410.345 583841.643)
rivm_windturbines_ashoogte_actueel.4312,13.0,15.0,15.0,182538.769318,583849.064832,Nederland,,EAZ wind,Leeuwarden,Fryslân,land,2026-01-11,POINT (182538.7693 583849.0648)
rivm_windturbines_ashoogte_actueel.4313,13.0,15.0,15.0,216214.925268,583961.122935,Nederland,,EAZ wind,Westerkwartier,Groningen,land,2026-01-11,POINT (216214.9253 583961.1229)
rivm_windturbines_ashoogte_actueel.4314,13.0,15.0,15.0,220660.491128,584026.821408,Nederland,,EAZ wind,Westerkwartier,Groningen,land,2026-01-11,POINT (220660.4911 584026.8214)
rivm_windturbines_ashoogte_actueel.4315,13.0,15.0,15.0,220662.802846,584056.69592,Nederland,,EAZ wind,Westerkwartier,Groningen,land,2026-01-11,POINT (220662.8028 584056.6959)
rivm_windturbines_ashoogte_actueel.4316,13.0,15.0,15.0,220864.434868,584060.348633,Nederland,,EAZ wind,Westerkwartier,Groningen,land,2026-01-11,POINT (220864.4349 584060.3486)
rivm_windturbines_ashoogte_actueel.4317,13.0,15.0,15.0,244064.163818,584145.030273,Nederland,,EAZ wind,Midden-Groningen,Groningen,land,2026-01-11,POINT (244064.1638 584145.0303)
rivm_windturbines_ashoogte_actueel.4318,13.0,15.0,15.0,244036.36,584164.77,Nederland,,EAZ wind,Midden-Groningen,Groningen,land,2026-01-11,POINT (244036.36 584164.77)
rivm_windturbines_ashoogte_actueel.4319,13.0,15.0,15.0,256550.341289,584305.725179,Nederland,,EAZ wind,Midden-Groningen,Groningen,land,2026-01-11,POINT (256550.3413 584305.7252)
rivm_windturbines_ashoogte_actueel.4320,13.0,15.0,25.0,209386.754398,584418.827066,Nederland,,,Achtkarspelen,Fryslân,land,2026-01-11,POINT (209386.7544 584418.8271)
rivm_windturbines_ashoogte_actueel.4321,13.0,15.0,15.0,209208.0,584433.0,Nederland,,EAZ wind,Achtkarspelen,Fryslân,land,2026-01-11,POINT (209208 584433)
rivm_windturbines_ashoogte_actueel.4322,15.6,31.4,75.0,163794.0892,584472.4466,Nederland,,,Waadhoeke,Fryslân,land,2026-01-11,POINT (163794.0892 584472.4466)
rivm_windturbines_ashoogte_actueel.4323,18.0,31.4,80.0,163859.4797,584498.3082,Nederland,,,Waadhoeke,Fryslân,land,2026-01-11,POINT (163859.4797 584498.3082)
rivm_windturbines_ashoogte_actueel.4324,47.0,40.0,660.0,210718.8166,584500.7924,Nederland,,V47-40,Achtkarspelen,Fryslân,land,2026-01-11,POINT (210718.8166 584500.7924)
rivm_windturbines_ashoogte_actueel.4325,13.0,15.0,15.0,227129.165686,584537.992781,Nederland,,EAZ wind,Westerkwartier,Groningen,land,2026-01-11,POINT (227129.1657 584537.9928)
rivm_windturbines_ashoogte_actueel.4326,16.0,20.0,80.0,177977.69873,584563.734192,Nederland,,BW80,Waadhoeke,Fryslân,land,2026-01-11,POINT (177977.6987 584563.7342)
rivm_windturbines_ashoogte_actueel.4327,16.0,20.0,80.0,174468.984201,584627.725914,Nederland,,BW80,Waadhoeke,Fryslân,land,2026-01-11,POINT (174468.9842 584627.7259)
rivm_windturbines_ashoogte_actueel.4377,14.0,15.0,25.0,245383.680484,586110.849391,Nederland,,,Midden-Groningen,Groningen,land,2026-01-11,POINT (245383.6805 586110.8494)
rivm_windturbines_ashoogte_actueel.4328,13.0,15.0,15.0,215080.360107,584638.929993,Nederland,,EAZ wind,Westerkwartier,Groningen,land,2026-01-11,POINT (215080.3601 584638.93)
rivm_windturbines_ashoogte_actueel.4329,13.0,15.0,15.0,266671.71,584759.98,Nederland,,EAZ wind,Oldambt,Groningen,land,2026-01-11,POINT (266671.71 584759.98)
rivm_windturbines_ashoogte_actueel.4330,16.0,20.0,80.0,166308.821594,584785.51062,Nederland,,BW80,Waadhoeke,Fryslân,land,2026-01-11,POINT (166308.8216 584785.5106)
rivm_windturbines_ashoogte_actueel.4331,13.0,15.0,15.0,266660.622375,584792.278931,Nederland,,EAZ wind,Oldambt,Groningen,land,2026-01-11,POINT (266660.6224 584792.2789)
rivm_windturbines_ashoogte_actueel.4332,33.4,40.3,300.0,180684.3529,584808.4937,Nederland,,,Leeuwarden,Fryslân,land,2026-01-11,POINT (180684.3529 584808.4937)
rivm_windturbines_ashoogte_actueel.4333,13.0,15.0,15.0,266650.27,584823.48,Nederland,,EAZ wind,Oldambt,Groningen,land,2026-01-11,POINT (266650.27 584823.48)
rivm_windturbines_ashoogte_actueel.4334,37.0,40.8,500.0,167858.7764,584853.6677,Nederland,,,Waadhoeke,Fryslân,land,2026-01-11,POINT (167858.7764 584853.6677)
rivm_windturbines_ashoogte_actueel.4335,33.4,30.0,300.0,183591.2408,584858.3424,Nederland,,,Leeuwarden,Fryslân,land,2026-01-11,POINT (183591.2408 584858.3424)
rivm_windturbines_ashoogte_actueel.4336,37.0,40.8,500.0,168115.9211,584913.9657,Nederland,,,Waadhoeke,Fryslân,land,2026-01-11,POINT (168115.9211 584913.9657)
rivm_windturbines_ashoogte_actueel.4337,29.6,36.0,225.0,186054.8998,584985.8756,Nederland,,,Tytsjerksteradiel,Fryslân,land,2026-01-11,POINT (186054.8998 584985.8756)
rivm_windturbines_ashoogte_actueel.4338,13.0,15.0,15.0,226416.321,584993.99,Nederland,,EAZ wind,Westerkwartier,Groningen,land,2026-01-11,POINT (226416.321 584993.99)
rivm_windturbines_ashoogte_actueel.4339,37.0,40.8,500.0,167733.2769,585018.6677,Nederland,,,Waadhoeke,Fryslân,land,2026-01-11,POINT (167733.2769 585018.6677)
rivm_windturbines_ashoogte_actueel.4340,13.0,15.0,15.0,210183.514981,585020.293867,Nederland,,EAZ wind,Achtkarspelen,Fryslân,land,2026-01-11,POINT (210183.515 585020.2939)
rivm_windturbines_ashoogte_actueel.4341,14.0,20.0,25.0,173672.113708,585027.195496,Nederland,,SWP25-14TG20,Waadhoeke,Fryslân,land,2026-01-11,POINT (173672.1137 585027.1955)
rivm_windturbines_ashoogte_actueel.4342,37.0,40.8,500.0,167990.1759,585079.3677,Nederland,,,Waadhoeke,Fryslân,land,2026-01-11,POINT (167990.1759 585079.3677)
rivm_windturbines_ashoogte_actueel.4343,18.0,31.4,80.0,163821.0109,585080.4866,Nederland,,,Waadhoeke,Fryslân,land,2026-01-11,POINT (163821.0109 585080.4866)
rivm_windturbines_ashoogte_actueel.4344,15.6,31.4,75.0,176165.514,585104.132,Nederland,,,Waadhoeke,Fryslân,land,2026-01-11,POINT (176165.514 585104.132)
rivm_windturbines_ashoogte_actueel.4345,37.0,40.8,500.0,167619.9232,585167.553,Nederland,,,Waadhoeke,Fryslân,land,2026-01-11,POINT (167619.9232 585167.553)
rivm_windturbines_ashoogte_actueel.4346,33.4,40.0,300.0,178459.9317,585194.871,Nederland,,,Leeuwarden,Fryslân,land,2026-01-11,POINT (178459.9317 585194.871)
rivm_windturbines_ashoogte_actueel.4347,13.0,15.0,15.0,221326.473621,585217.708593,Nederland,,EAZ wind,Westerkwartier,Groningen,land,2026-01-11,POINT (221326.4736 585217.7086)
rivm_windturbines_ashoogte_actueel.4348,13.0,15.0,25.0,218878.716334,585242.046694,Nederland,,,Westerkwartier,Groningen,land,2026-01-11,POINT (218878.7163 585242.0467)
rivm_windturbines_ashoogte_actueel.4349,13.0,15.0,15.0,245633.234279,585260.381706,Nederland,,EAZ wind,Midden-Groningen,Groningen,land,2026-01-11,POINT (245633.2343 585260.3817)
rivm_windturbines_ashoogte_actueel.4350,37.0,40.8,500.0,167500.0779,585325.0676,Nederland,,,Waadhoeke,Fryslân,land,2026-01-11,POINT (167500.0779 585325.0676)
rivm_windturbines_ashoogte_actueel.4351,14.0,20.0,80.0,165625.021599,585332.368584,Nederland,,BW80,Waadhoeke,Fryslân,land,2026-01-11,POINT (165625.0216 585332.3686)
rivm_windturbines_ashoogte_actueel.4352,13.0,15.0,15.0,244316.851617,585373.84272,Nederland,,EAZ wind,Midden-Groningen,Groningen,land,2026-01-11,POINT (244316.8516 585373.8427)
rivm_windturbines_ashoogte_actueel.4353,37.0,40.8,500.0,167757.0768,585385.5676,Nederland,,,Waadhoeke,Fryslân,land,2026-01-11,POINT (167757.0768 585385.5676)
rivm_windturbines_ashoogte_actueel.4354,13.0,15.0,15.0,244285.927092,585392.9479,Nederland,,EAZ wind,Midden-Groningen,Groningen,land,2026-01-11,POINT (244285.9271 585392.9479)
rivm_windturbines_ashoogte_actueel.4355,14.0,15.0,25.0,256289.548265,585401.391151,Nederland,,,Midden-Groningen,Groningen,land,2026-01-11,POINT (256289.5483 585401.3912)
rivm_windturbines_ashoogte_actueel.4356,14.0,20.0,80.0,165962.796552,585402.621646,Nederland,,BW80,Waadhoeke,Fryslân,land,2026-01-11,POINT (165962.7966 585402.6216)
rivm_windturbines_ashoogte_actueel.4357,13.0,15.0,25.0,213413.48865,585466.266206,Nederland,,,Westerkwartier,Groningen,land,2026-01-11,POINT (213413.4886 585466.2662)
rivm_windturbines_ashoogte_actueel.4358,13.0,15.0,15.0,246597.215989,585474.747043,Nederland,,EAZ wind,Midden-Groningen,Groningen,land,2026-01-11,POINT (246597.216 585474.747)
rivm_windturbines_ashoogte_actueel.4359,37.0,40.8,500.0,167380.3784,585482.2675,Nederland,,,Waadhoeke,Fryslân,land,2026-01-11,POINT (167380.3784 585482.2675)
rivm_windturbines_ashoogte_actueel.4360,13.0,15.0,15.0,262461.84,585539.48,Nederland,,EAZ wind,Oldambt,Groningen,land,2026-01-11,POINT (262461.84 585539.48)
rivm_windturbines_ashoogte_actueel.4361,37.0,40.8,500.0,167637.3787,585542.7095,Nederland,,,Waadhoeke,Fryslân,land,2026-01-11,POINT (167637.3787 585542.7095)
rivm_windturbines_ashoogte_actueel.4362,13.0,15.0,15.0,228641.388,585583.480009,Nederland,,EAZ wind,Westerkwartier,Groningen,land,2026-01-11,POINT (228641.388 585583.48)
rivm_windturbines_ashoogte_actueel.4363,13.0,15.0,15.0,220050.676085,585608.950991,Nederland,,EAZ wind,Westerkwartier,Groningen,land,2026-01-11,POINT (220050.6761 585608.951)
rivm_windturbines_ashoogte_actueel.4364,13.0,15.0,15.0,228646.093355,585632.064699,Nederland,,EAZ wind,Westerkwartier,Groningen,land,2026-01-11,POINT (228646.0934 585632.0647)
rivm_windturbines_ashoogte_actueel.4365,37.0,40.8,500.0,167263.8189,585635.436,Nederland,,,Waadhoeke,Fryslân,land,2026-01-11,POINT (167263.8189 585635.436)
rivm_windturbines_ashoogte_actueel.4366,13.0,15.0,15.0,262646.38,585656.87,Nederland,,EAZ wind,Oldambt,Groningen,land,2026-01-11,POINT (262646.38 585656.87)
rivm_windturbines_ashoogte_actueel.4367,13.0,15.0,15.0,214134.416597,585693.835058,Nederland,,EAZ wind,Westerkwartier,Groningen,land,2026-01-11,POINT (214134.4166 585693.8351)
rivm_windturbines_ashoogte_actueel.4368,13.0,15.0,15.0,214749.460083,585695.659973,Nederland,,EAZ wind,Westerkwartier,Groningen,land,2026-01-11,POINT (214749.4601 585695.66)
rivm_windturbines_ashoogte_actueel.4369,37.0,40.8,500.0,167520.9778,585695.9674,Nederland,,,Waadhoeke,Fryslân,land,2026-01-11,POINT (167520.9778 585695.9674)
rivm_windturbines_ashoogte_actueel.4370,13.0,15.0,15.0,240608.618873,585747.36054,Nederland,,EAZ wind,Groningen,Groningen,land,2026-01-11,POINT (240608.6189 585747.3605)
rivm_windturbines_ashoogte_actueel.4371,13.0,15.0,15.0,227408.640997,585877.324997,Nederland,,EAZ wind,Westerkwartier,Groningen,land,2026-01-11,POINT (227408.641 585877.325)
rivm_windturbines_ashoogte_actueel.4372,13.0,15.0,15.0,227401.041,585901.693,Nederland,,EAZ wind,Westerkwartier,Groningen,land,2026-01-11,POINT (227401.041 585901.693)
rivm_windturbines_ashoogte_actueel.4373,13.0,15.0,15.0,227393.61,585925.52,Nederland,,EAZ wind,Westerkwartier,Groningen,land,2026-01-11,POINT (227393.61 585925.52)
rivm_windturbines_ashoogte_actueel.4374,14.0,20.0,25.0,167161.447956,585935.501074,Nederland,,SWP25 14TG20,Waadhoeke,Fryslân,land,2026-01-11,POINT (167161.448 585935.5011)
rivm_windturbines_ashoogte_actueel.4375,13.0,15.0,15.0,221183.377,586084.041991,Nederland,,EAZ wind,Westerkwartier,Groningen,land,2026-01-11,POINT (221183.377 586084.042)
rivm_windturbines_ashoogte_actueel.4376,13.0,15.0,15.0,184495.298051,586086.408073,Nederland,,EAZ wind,Leeuwarden,Fryslân,land,2026-01-11,POINT (184495.2981 586086.4081)
rivm_windturbines_ashoogte_actueel.4378,13.0,15.0,15.0,188620.259822,586112.779741,Nederland,,EAZ wind,Tytsjerksteradiel,Fryslân,land,2026-01-11,POINT (188620.2598 586112.7797)
rivm_windturbines_ashoogte_actueel.4379,13.0,15.0,15.0,262438.738958,586117.888827,Nederland,,EAZ wind,Oldambt,Groningen,land,2026-01-11,POINT (262438.739 586117.8888)
rivm_windturbines_ashoogte_actueel.4380,13.0,15.0,15.0,262411.818075,586126.517934,Nederland,,EAZ wind,Oldambt,Groningen,land,2026-01-11,POINT (262411.8181 586126.5179)
rivm_windturbines_ashoogte_actueel.4381,13.0,15.0,15.0,243192.083666,586209.781896,Nederland,,EAZ wind,Midden-Groningen,Groningen,land,2026-01-11,POINT (243192.0837 586209.7819)
rivm_windturbines_ashoogte_actueel.4382,13.0,15.0,15.0,243197.973849,586251.115665,Nederland,,EAZ wind,Midden-Groningen,Groningen,land,2026-01-11,POINT (243197.9738 586251.1157)
rivm_windturbines_ashoogte_actueel.4383,13.0,15.0,15.0,175026.590626,586260.043506,Nederland,,EAZ wind,Waadhoeke,Fryslân,land,2026-01-11,POINT (175026.5906 586260.0435)
rivm_windturbines_ashoogte_actueel.4384,13.0,15.0,15.0,215437.830078,586279.440002,Nederland,,EAZ wind,Westerkwartier,Groningen,land,2026-01-11,POINT (215437.8301 586279.44)
rivm_windturbines_ashoogte_actueel.4385,13.0,15.0,15.0,212434.763705,586295.098897,Nederland,,EAZ wind,Westerkwartier,Groningen,land,2026-01-11,POINT (212434.7637 586295.0989)
rivm_windturbines_ashoogte_actueel.4386,13.0,15.0,15.0,251845.188738,586352.162779,Nederland,,EAZ wind,Midden-Groningen,Groningen,land,2026-01-11,POINT (251845.1887 586352.1628)
rivm_windturbines_ashoogte_actueel.4387,16.0,20.0,25.0,185105.839704,586368.270041,Nederland,,SWP25-16TG20,Tytsjerksteradiel,Fryslân,land,2026-01-11,POINT (185105.8397 586368.27)
rivm_windturbines_ashoogte_actueel.4388,13.0,15.0,15.0,251882.812988,586369.072554,Nederland,,EAZ wind,Midden-Groningen,Groningen,land,2026-01-11,POINT (251882.813 586369.0726)
rivm_windturbines_ashoogte_actueel.4389,13.0,15.0,15.0,220217.062,586473.776991,Nederland,,EAZ wind,Westerkwartier,Groningen,land,2026-01-11,POINT (220217.062 586473.777)
rivm_windturbines_ashoogte_actueel.4390,13.0,15.0,15.0,220190.79,586477.006009,Nederland,,EAZ wind,Westerkwartier,Groningen,land,2026-01-11,POINT (220190.79 586477.006)
rivm_windturbines_ashoogte_actueel.4391,14.0,15.0,25.0,209294.816143,586503.140742,Nederland,,,Achtkarspelen,Fryslân,land,2026-01-11,POINT (209294.8161 586503.1407)
rivm_windturbines_ashoogte_actueel.4392,15.0,20.0,80.0,182026.572538,586521.749096,Nederland,,BW80,Leeuwarden,Fryslân,land,2026-01-11,POINT (182026.5725 586521.7491)
rivm_windturbines_ashoogte_actueel.4393,13.0,15.0,15.0,212570.443632,586541.442241,Nederland,,EAZ wind,Westerkwartier,Groningen,land,2026-01-11,POINT (212570.4436 586541.4422)
rivm_windturbines_ashoogte_actueel.4394,14.0,15.0,25.0,248305.645991,586554.703518,Nederland,,,Midden-Groningen,Groningen,land,2026-01-11,POINT (248305.646 586554.7035)
rivm_windturbines_ashoogte_actueel.4395,18.0,31.4,80.0,183520.4295,586639.1934,Nederland,,,Leeuwarden,Fryslân,land,2026-01-11,POINT (183520.4295 586639.1934)
rivm_windturbines_ashoogte_actueel.4396,13.0,15.0,15.0,221140.282421,586678.468862,Nederland,,EAZ wind,Westerkwartier,Groningen,land,2026-01-11,POINT (221140.2824 586678.4689)
rivm_windturbines_ashoogte_actueel.4397,13.0,15.0,15.0,237316.649609,586689.630521,Nederland,,EAZ wind,Het Hogeland,Groningen,land,2026-01-11,POINT (237316.6496 586689.6305)
rivm_windturbines_ashoogte_actueel.4398,13.0,15.0,15.0,211408.784935,586756.673713,Nederland,,EAZ wind,Noardeast-Fryslân,Fryslân,land,2026-01-11,POINT (211408.7849 586756.6737)
rivm_windturbines_ashoogte_actueel.4399,13.0,15.0,15.0,218328.546655,586777.565047,Nederland,,,Westerkwartier,Groningen,land,2026-01-11,POINT (218328.5467 586777.565)
rivm_windturbines_ashoogte_actueel.4400,47.0,40.0,900.0,210160.292,586875.5803,Nederland,,E-44 900kW,Noardeast-Fryslân,Fryslân,land,2026-01-11,POINT (210160.292 586875.5803)
rivm_windturbines_ashoogte_actueel.4401,16.0,20.0,80.0,168767.823664,586879.903822,Nederland,,BW80,Waadhoeke,Fryslân,land,2026-01-11,POINT (168767.8237 586879.9038)
rivm_windturbines_ashoogte_actueel.4402,13.0,15.0,15.0,233988.043073,586911.579945,Nederland,,EAZ wind,Het Hogeland,Groningen,land,2026-01-11,POINT (233988.0431 586911.5799)
rivm_windturbines_ashoogte_actueel.4403,13.0,15.0,15.0,232826.902562,586927.32917,Nederland,,EAZ wind,Het Hogeland,Groningen,land,2026-01-11,POINT (232826.9026 586927.3292)
rivm_windturbines_ashoogte_actueel.4404,13.0,15.0,15.0,233987.319125,586946.846327,Nederland,,EAZ wind,Het Hogeland,Groningen,land,2026-01-11,POINT (233987.3191 586946.8463)
rivm_windturbines_ashoogte_actueel.4405,13.0,15.0,15.0,226679.946784,587034.34277,Nederland,,EAZ wind,Westerkwartier,Groningen,land,2026-01-11,POINT (226679.9468 587034.3428)
rivm_windturbines_ashoogte_actueel.4406,13.0,15.0,15.0,226652.876182,587045.123099,Nederland,,EAZ wind,Westerkwartier,Groningen,land,2026-01-11,POINT (226652.8762 587045.1231)
rivm_windturbines_ashoogte_actueel.4407,13.0,15.0,15.0,254469.347404,587083.275194,Nederland,,EAZ wind,Midden-Groningen,Groningen,land,2026-01-11,POINT (254469.3474 587083.2752)
rivm_windturbines_ashoogte_actueel.4408,18.0,31.4,80.0,177562.3088,587117.1585,Nederland,,,Leeuwarden,Fryslân,land,2026-01-11,POINT (177562.3088 587117.1585)
rivm_windturbines_ashoogte_actueel.4409,13.0,15.0,15.0,238585.604854,587157.064521,Nederland,,EAZ wind,Groningen,Groningen,land,2026-01-11,POINT (238585.6049 587157.0645)
rivm_windturbines_ashoogte_actueel.4410,14.0,20.0,25.0,180284.754475,587289.517795,Nederland,,SWP25-14TG20,Leeuwarden,Fryslân,land,2026-01-11,POINT (180284.7545 587289.5178)
rivm_windturbines_ashoogte_actueel.4411,13.0,15.0,15.0,237480.73502,587312.519202,Nederland,,EAZ wind,Het Hogeland,Groningen,land,2026-01-11,POINT (237480.735 587312.5192)
rivm_windturbines_ashoogte_actueel.4412,14.0,15.0,25.0,208753.305095,587323.98473,Nederland,,,Achtkarspelen,Fryslân,land,2026-01-11,POINT (208753.3051 587323.9847)
rivm_windturbines_ashoogte_actueel.4413,16.0,20.0,80.0,170600.288818,587328.765503,Nederland,,BW80,Waadhoeke,Fryslân,land,2026-01-11,POINT (170600.2888 587328.7655)
rivm_windturbines_ashoogte_actueel.4414,14.0,20.0,25.0,180286.139548,587329.684903,Nederland,,SWP25-14TG20,Leeuwarden,Fryslân,land,2026-01-11,POINT (180286.1395 587329.6849)
rivm_windturbines_ashoogte_actueel.4415,14.0,20.0,25.0,171201.795357,587455.180903,Nederland,,SWP25 14TG20,Waadhoeke,Fryslân,land,2026-01-11,POINT (171201.7954 587455.1809)
rivm_windturbines_ashoogte_actueel.4416,14.0,15.0,25.0,244178.685637,587476.48547,Nederland,,,Groningen,Groningen,land,2026-01-11,POINT (244178.6856 587476.4855)
rivm_windturbines_ashoogte_actueel.4417,14.0,20.0,25.0,181842.374307,587544.509975,Nederland,,SWP25-14TG20,Leeuwarden,Fryslân,land,2026-01-11,POINT (181842.3743 587544.51)
rivm_windturbines_ashoogte_actueel.4418,13.0,15.0,15.0,244836.8014,587553.897323,Nederland,,EAZ wind,Midden-Groningen,Groningen,land,2026-01-11,POINT (244836.8014 587553.8973)
rivm_windturbines_ashoogte_actueel.4419,29.6,30.0,225.0,186293.4971,587584.635,Nederland,,M700-225/40,Tytsjerksteradiel,Fryslân,land,2026-01-11,POINT (186293.4971 587584.635)
rivm_windturbines_ashoogte_actueel.4420,16.0,20.0,25.0,177436.593209,587593.050175,Nederland,,SWP25-16TG20,Leeuwarden,Fryslân,land,2026-01-11,POINT (177436.5932 587593.0502)
rivm_windturbines_ashoogte_actueel.4421,13.0,15.0,15.0,228019.38452,587596.025896,Nederland,,EAZ wind,Westerkwartier,Groningen,land,2026-01-11,POINT (228019.3845 587596.0259)
rivm_windturbines_ashoogte_actueel.4422,16.0,18.0,25.0,250843.825989,587616.261475,Nederland,,,Midden-Groningen,Groningen,land,2026-01-11,POINT (250843.826 587616.2615)
rivm_windturbines_ashoogte_actueel.4423,13.0,15.0,15.0,230528.906086,587746.475345,Nederland,,EAZ wind,Het Hogeland,Groningen,land,2026-01-11,POINT (230528.9061 587746.4753)
rivm_windturbines_ashoogte_actueel.4424,13.0,15.0,15.0,213868.564087,587750.830994,Nederland,,EAZ wind,Westerkwartier,Groningen,land,2026-01-11,POINT (213868.5641 587750.831)
rivm_windturbines_ashoogte_actueel.4425,14.0,15.0,25.0,210217.638,587780.052979,Nederland,,,Noardeast-Fryslân,Fryslân,land,2026-01-11,POINT (210217.638 587780.053)
rivm_windturbines_ashoogte_actueel.4426,13.0,15.0,15.0,187663.995818,587830.907647,Nederland,,EAZ wind,Tytsjerksteradiel,Fryslân,land,2026-01-11,POINT (187663.9958 587830.9076)
rivm_windturbines_ashoogte_actueel.4427,133.0,135.0,4800.0,259885.77104,587857.255496,Nederland,Windpark Delfzijl Zuid Uitbreiding,N133 STE,Eemsdelta,Groningen,land,2026-01-11,POINT (259885.771 587857.2555)
rivm_windturbines_ashoogte_actueel.4428,133.0,135.0,4800.0,260730.637984,587864.028654,Nederland,Windpark Delfzijl Zuid Uitbreiding,N133 STE,Eemsdelta,Groningen,land,2026-01-11,POINT (260730.638 587864.0287)
rivm_windturbines_ashoogte_actueel.4429,13.0,15.0,15.0,232308.054,587916.4015,Nederland,,EAZ wind,Het Hogeland,Groningen,land,2026-01-11,POINT (232308.054 587916.4015)
rivm_windturbines_ashoogte_actueel.4430,13.0,15.0,15.0,232342.872074,587917.471117,Nederland,,EAZ wind,Het Hogeland,Groningen,land,2026-01-11,POINT (232342.8721 587917.4711)
rivm_windturbines_ashoogte_actueel.4431,133.0,135.0,4800.0,261096.969778,587927.902481,Nederland,Windpark Delfzijl Zuid Uitbreiding,N133 STE,Eemsdelta,Groningen,land,2026-01-11,POINT (261096.9698 587927.9025)
rivm_windturbines_ashoogte_actueel.4432,13.0,15.0,15.0,261307.202775,587941.707962,Nederland,,EAZ wind,Eemsdelta,Groningen,land,2026-01-11,POINT (261307.2028 587941.708)
rivm_windturbines_ashoogte_actueel.4433,14.0,15.0,25.0,246733.956967,587974.647242,Nederland,,,Midden-Groningen,Groningen,land,2026-01-11,POINT (246733.957 587974.6472)
rivm_windturbines_ashoogte_actueel.4434,136.0,145.0,4300.0,259050.0,588043.0,Nederland,,,Eemsdelta,Groningen,land,2026-01-11,POINT (259050 588043)
rivm_windturbines_ashoogte_actueel.4435,133.0,135.0,4800.0,260168.512058,588043.593443,Nederland,Windpark Delfzijl Zuid Uitbreiding,N133 STE,Eemsdelta,Groningen,land,2026-01-11,POINT (260168.5121 588043.5934)
rivm_windturbines_ashoogte_actueel.4436,133.0,135.0,4800.0,259537.282442,588048.426912,Nederland,Windpark Delfzijl Zuid Uitbreiding,N133 STE,Eemsdelta,Groningen,land,2026-01-11,POINT (259537.2824 588048.4269)
rivm_windturbines_ashoogte_actueel.4437,133.0,135.0,4800.0,260514.731132,588080.612552,Nederland,Windpark Delfzijl Zuid Uitbreiding,N133 STE,Eemsdelta,Groningen,land,2026-01-11,POINT (260514.7311 588080.6126)
rivm_windturbines_ashoogte_actueel.4438,13.0,15.0,15.0,184333.653619,588115.90721,Nederland,,EAZ wind,Noardeast-Fryslân,Fryslân,land,2026-01-11,POINT (184333.6536 588115.9072)
rivm_windturbines_ashoogte_actueel.4439,52.0,36.5,850.0,197719.8475,588127.885,Nederland,,,Dantumadiel,Fryslân,land,2026-01-11,POINT (197719.8475 588127.885)
rivm_windturbines_ashoogte_actueel.4440,13.0,15.0,15.0,226725.109985,588144.840027,Nederland,,EAZ wind,Westerkwartier,Groningen,land,2026-01-11,POINT (226725.11 588144.84)
rivm_windturbines_ashoogte_actueel.4441,133.0,135.0,4800.0,261506.635358,588150.811344,Nederland,Windpark Delfzijl Zuid Uitbreiding,N133 STE,Eemsdelta,Groningen,land,2026-01-11,POINT (261506.6354 588150.8113)
rivm_windturbines_ashoogte_actueel.4442,47.0,40.0,660.0,258206.5871,588158.4044,Nederland,,,Eemsdelta,Groningen,land,2026-01-11,POINT (258206.5871 588158.4044)
rivm_windturbines_ashoogte_actueel.4443,13.0,15.0,15.0,226709.900024,588164.789978,Nederland,,EAZ wind,Westerkwartier,Groningen,land,2026-01-11,POINT (226709.9 588164.79)
rivm_windturbines_ashoogte_actueel.4444,44.0,40.0,600.0,208526.0908,588185.9182,Nederland,,,Noardeast-Fryslân,Fryslân,land,2026-01-11,POINT (208526.0908 588185.9182)
rivm_windturbines_ashoogte_actueel.4445,13.0,15.0,15.0,225019.904657,588221.484931,Nederland,,EAZ wind,Westerkwartier,Groningen,land,2026-01-11,POINT (225019.9047 588221.4849)
rivm_windturbines_ashoogte_actueel.4446,133.0,135.0,4800.0,261050.570223,588248.987189,Nederland,Windpark Delfzijl Zuid Uitbreiding,N133 STE,Eemsdelta,Groningen,land,2026-01-11,POINT (261050.5702 588248.9872)
rivm_windturbines_ashoogte_actueel.4447,13.0,15.0,15.0,243171.75708,588252.589111,Nederland,,EAZ wind,Groningen,Groningen,land,2026-01-11,POINT (243171.7571 588252.5891)
rivm_windturbines_ashoogte_actueel.4448,13.0,15.0,15.0,225054.809312,588274.878462,Nederland,,EAZ wind,Westerkwartier,Groningen,land,2026-01-11,POINT (225054.8093 588274.8785)
rivm_windturbines_ashoogte_actueel.4449,133.0,135.0,4800.0,259571.589355,588378.765871,Nederland,Windpark Delfzijl Zuid Uitbreiding,N133 STE,Eemsdelta,Groningen,land,2026-01-11,POINT (259571.5894 588378.7659)
rivm_windturbines_ashoogte_actueel.4450,13.0,15.0,15.0,229347.343669,588454.811767,Nederland,,EAZ wind,Westerkwartier,Groningen,land,2026-01-11,POINT (229347.3437 588454.8118)
rivm_windturbines_ashoogte_actueel.4451,13.0,15.0,15.0,248650.25,588474.65,Nederland,,EAZ wind,Midden-Groningen,Groningen,land,2026-01-11,POINT (248650.25 588474.65)
rivm_windturbines_ashoogte_actueel.4452,133.0,135.0,4800.0,261781.148735,588495.436126,Nederland,Windpark Delfzijl Zuid Uitbreiding,N133 STE,Eemsdelta,Groningen,land,2026-01-11,POINT (261781.1487 588495.4361)
rivm_windturbines_ashoogte_actueel.4453,13.0,15.0,15.0,249336.530701,588571.813477,Nederland,,EAZ wind,Midden-Groningen,Groningen,land,2026-01-11,POINT (249336.5307 588571.8135)
rivm_windturbines_ashoogte_actueel.4454,13.0,15.0,25.0,227263.897883,588579.807951,Nederland,,,Westerkwartier,Groningen,land,2026-01-11,POINT (227263.8979 588579.808)
rivm_windturbines_ashoogte_actueel.4455,13.0,15.0,15.0,236344.744603,588582.845863,Nederland,,EAZ wind,Het Hogeland,Groningen,land,2026-01-11,POINT (236344.7446 588582.8459)
rivm_windturbines_ashoogte_actueel.4456,133.0,135.0,4800.0,261383.693136,588589.215916,Nederland,Windpark Delfzijl Zuid Uitbreiding,N133 STE,Eemsdelta,Groningen,land,2026-01-11,POINT (261383.6931 588589.2159)
rivm_windturbines_ashoogte_actueel.4457,13.0,15.0,15.0,236373.554656,588589.571946,Nederland,,EAZ wind,Het Hogeland,Groningen,land,2026-01-11,POINT (236373.5547 588589.5719)
rivm_windturbines_ashoogte_actueel.4458,13.0,15.0,15.0,237321.300374,588613.141252,Nederland,,EAZ wind,Het Hogeland,Groningen,land,2026-01-11,POINT (237321.3004 588613.1413)
rivm_windturbines_ashoogte_actueel.4459,13.0,15.0,15.0,237375.055945,588624.85336,Nederland,,EAZ wind,Het Hogeland,Groningen,land,2026-01-11,POINT (237375.0559 588624.8534)
rivm_windturbines_ashoogte_actueel.4460,18.0,31.4,80.0,181439.9174,588635.8715,Nederland,,,Leeuwarden,Fryslân,land,2026-01-11,POINT (181439.9174 588635.8715)
rivm_windturbines_ashoogte_actueel.4461,133.0,135.0,4800.0,261044.176911,588657.230951,Nederland,Windpark Delfzijl Zuid Uitbreiding,N133 STE,Eemsdelta,Groningen,land,2026-01-11,POINT (261044.1769 588657.231)
rivm_windturbines_ashoogte_actueel.4462,13.0,15.0,15.0,245570.919983,588661.398071,Nederland,,EAZ wind,Groningen,Groningen,land,2026-01-11,POINT (245570.92 588661.3981)
rivm_windturbines_ashoogte_actueel.4463,47.0,40.0,660.0,256930.528787,588664.256016,Nederland,,,Eemsdelta,Groningen,land,2026-01-11,POINT (256930.5288 588664.256)
rivm_windturbines_ashoogte_actueel.4464,13.0,15.0,15.0,245550.585083,588677.961121,Nederland,,EAZ wind,Groningen,Groningen,land,2026-01-11,POINT (245550.5851 588677.9611)
rivm_windturbines_ashoogte_actueel.4465,136.0,145.0,4300.0,259112.0,588682.7,Nederland,,,Eemsdelta,Groningen,land,2026-01-11,POINT (259112 588682.7)
rivm_windturbines_ashoogte_actueel.4466,14.0,20.0,25.0,181285.202532,588686.754243,Nederland,,SWP25-14TG20,Leeuwarden,Fryslân,land,2026-01-11,POINT (181285.2025 588686.7542)
rivm_windturbines_ashoogte_actueel.4467,14.0,15.0,25.0,209879.000122,588712.000122,Nederland,,,Noardeast-Fryslân,Fryslân,land,2026-01-11,POINT (209879.0001 588712.0001)
rivm_windturbines_ashoogte_actueel.4468,133.0,135.0,4800.0,259604.550919,588713.94904,Nederland,Windpark Delfzijl Zuid Uitbreiding,N133 STE,Eemsdelta,Groningen,land,2026-01-11,POINT (259604.5509 588713.949)
rivm_windturbines_ashoogte_actueel.4469,133.0,135.0,4800.0,260715.540161,588715.935098,Nederland,Windpark Delfzijl Zuid Uitbreiding,N133 STE,Eemsdelta,Groningen,land,2026-01-11,POINT (260715.5402 588715.9351)
rivm_windturbines_ashoogte_actueel.4470,136.0,145.0,4300.0,258508.6,588720.8,Nederland,,,Eemsdelta,Groningen,land,2026-01-11,POINT (258508.6 588720.8)
rivm_windturbines_ashoogte_actueel.4471,133.0,135.0,4800.0,260034.969622,588729.723193,Nederland,Windpark Delfzijl Zuid Uitbreiding,N133 STE,Eemsdelta,Groningen,land,2026-01-11,POINT (260034.9696 588729.7232)
rivm_windturbines_ashoogte_actueel.4472,13.0,15.0,15.0,245598.783081,588734.377014,Nederland,,EAZ wind,Groningen,Groningen,land,2026-01-11,POINT (245598.7831 588734.377)
rivm_windturbines_ashoogte_actueel.4473,133.0,135.0,4800.0,260370.190541,588759.39924,Nederland,Windpark Delfzijl Zuid Uitbreiding,N133 STE,Eemsdelta,Groningen,land,2026-01-11,POINT (260370.1905 588759.3992)
rivm_windturbines_ashoogte_actueel.4474,71.0,85.0,2000.0,261888.7068,588802.1089,Nederland,,,Eemsdelta,Groningen,land,2026-01-11,POINT (261888.7068 588802.1089)
rivm_windturbines_ashoogte_actueel.4475,44.0,40.0,600.0,208495.8401,588804.3379,Nederland,,,Noardeast-Fryslân,Fryslân,land,2026-01-11,POINT (208495.8401 588804.3379)
rivm_windturbines_ashoogte_actueel.4476,31.0,30.0,600.0,172780.4282,588818.3588,Nederland,,,Waadhoeke,Fryslân,land,2026-01-11,POINT (172780.4282 588818.3588)
rivm_windturbines_ashoogte_actueel.4477,14.0,15.0,25.0,174017.666429,588838.240247,Nederland,,,Waadhoeke,Fryslân,land,2026-01-11,POINT (174017.6664 588838.2402)
rivm_windturbines_ashoogte_actueel.4478,11.0,15.0,10.0,236228.356533,588858.323963,Nederland,,BW10,Het Hogeland,Groningen,land,2026-01-11,POINT (236228.3565 588858.324)
rivm_windturbines_ashoogte_actueel.4479,71.0,85.0,2000.0,261584.1704,588877.1141,Nederland,,,Eemsdelta,Groningen,land,2026-01-11,POINT (261584.1704 588877.1141)
rivm_windturbines_ashoogte_actueel.4480,13.0,15.0,15.0,236654.336552,588965.043941,Nederland,,EAZ wind,Het Hogeland,Groningen,land,2026-01-11,POINT (236654.3366 588965.0439)
rivm_windturbines_ashoogte_actueel.4481,13.0,15.0,15.0,182440.005306,588979.342578,Nederland,,EAZ wind,Noardeast-Fryslân,Fryslân,land,2026-01-11,POINT (182440.0053 588979.3426)
rivm_windturbines_ashoogte_actueel.4482,71.0,85.0,2000.0,261153.4719,588982.1128,Nederland,,,Eemsdelta,Groningen,land,2026-01-11,POINT (261153.4719 588982.1128)
rivm_windturbines_ashoogte_actueel.4483,71.0,85.0,2000.0,259845.1075,588985.9552,Nederland,,,Eemsdelta,Groningen,land,2026-01-11,POINT (259845.1075 588985.9552)
rivm_windturbines_ashoogte_actueel.4484,13.0,15.0,15.0,230285.409384,589008.604168,Nederland,,EAZ wind,Het Hogeland,Groningen,land,2026-01-11,POINT (230285.4094 589008.6042)
rivm_windturbines_ashoogte_actueel.4485,71.0,85.0,2300.0,259572.2918,589040.4923,Nederland,,,Eemsdelta,Groningen,land,2026-01-11,POINT (259572.2918 589040.4923)
rivm_windturbines_ashoogte_actueel.4486,71.0,85.0,2000.0,260909.2728,589042.6121,Nederland,,,Eemsdelta,Groningen,land,2026-01-11,POINT (260909.2728 589042.6121)
rivm_windturbines_ashoogte_actueel.4487,13.0,15.0,15.0,220700.703979,589073.473083,Nederland,,EAZ wind,Westerkwartier,Groningen,land,2026-01-11,POINT (220700.704 589073.4731)
rivm_windturbines_ashoogte_actueel.4488,13.0,15.0,15.0,225340.492126,589086.319885,Nederland,,EAZ wind,Westerkwartier,Groningen,land,2026-01-11,POINT (225340.4921 589086.3199)
rivm_windturbines_ashoogte_actueel.4489,71.0,85.0,2000.0,260633.8738,589109.1112,Nederland,,,Eemsdelta,Groningen,land,2026-01-11,POINT (260633.8738 589109.1112)
rivm_windturbines_ashoogte_actueel.4490,13.0,15.0,15.0,225354.335571,589113.639404,Nederland,,EAZ wind,Westerkwartier,Groningen,land,2026-01-11,POINT (225354.3356 589113.6394)
rivm_windturbines_ashoogte_actueel.4491,29.6,36.0,225.0,179021.2277,589156.4659,Nederland,,,Leeuwarden,Fryslân,land,2026-01-11,POINT (179021.2277 589156.4659)
rivm_windturbines_ashoogte_actueel.4492,13.0,15.0,15.0,226330.900731,589157.59092,Nederland,,EAZ wind,Westerkwartier,Groningen,land,2026-01-11,POINT (226330.9007 589157.5909)
rivm_windturbines_ashoogte_actueel.4493,71.0,85.0,2300.0,261979.6678,589161.9152,Nederland,,,Eemsdelta,Groningen,land,2026-01-11,POINT (261979.6678 589161.9152)
rivm_windturbines_ashoogte_actueel.4494,71.0,85.0,2000.0,260244.8752,589205.7101,Nederland,,,Eemsdelta,Groningen,land,2026-01-11,POINT (260244.8752 589205.7101)
rivm_windturbines_ashoogte_actueel.4495,14.0,15.0,25.0,245239.965517,589210.346015,Nederland,,,Groningen,Groningen,land,2026-01-11,POINT (245239.9655 589210.346)
rivm_windturbines_ashoogte_actueel.4496,13.0,15.0,15.0,247853.561172,589213.432515,Nederland,,EAZ wind,Midden-Groningen,Groningen,land,2026-01-11,POINT (247853.5612 589213.4325)
rivm_windturbines_ashoogte_actueel.4497,15.6,31.4,75.0,226068.3232,589224.6269,Nederland,,,Westerkwartier,Groningen,land,2026-01-11,POINT (226068.3232 589224.6269)
rivm_windturbines_ashoogte_actueel.4498,136.0,145.0,4300.0,259126.9,589239.8,Nederland,,,Eemsdelta,Groningen,land,2026-01-11,POINT (259126.9 589239.8)
rivm_windturbines_ashoogte_actueel.4499,13.0,15.0,15.0,259258.575073,589246.435974,Nederland,,EAZ wind,Eemsdelta,Groningen,land,2026-01-11,POINT (259258.5751 589246.436)
rivm_windturbines_ashoogte_actueel.4500,13.0,15.0,15.0,222539.72766,589247.306069,Nederland,,EAZ wind,Westerkwartier,Groningen,land,2026-01-11,POINT (222539.7277 589247.3061)
rivm_windturbines_ashoogte_actueel.4501,71.0,85.0,2300.0,261658.5689,589254.5142,Nederland,,,Eemsdelta,Groningen,land,2026-01-11,POINT (261658.5689 589254.5142)
rivm_windturbines_ashoogte_actueel.4502,136.0,145.0,4300.0,258525.3,589275.2,Nederland,,,Eemsdelta,Groningen,land,2026-01-11,POINT (258525.3 589275.2)
rivm_windturbines_ashoogte_actueel.4503,71.0,85.0,2000.0,259863.054,589300.0964,Nederland,,,Eemsdelta,Groningen,land,2026-01-11,POINT (259863.054 589300.0964)
rivm_windturbines_ashoogte_actueel.4504,13.0,15.0,15.0,239518.488,589316.978009,Nederland,,EAZ wind,Groningen,Groningen,land,2026-01-11,POINT (239518.488 589316.978)
rivm_windturbines_ashoogte_actueel.4505,13.0,15.0,15.0,239494.09,589334.430996,Nederland,,EAZ wind,Groningen,Groningen,land,2026-01-11,POINT (239494.09 589334.431)
rivm_windturbines_ashoogte_actueel.4506,71.0,85.0,2300.0,259578.4591,589369.8279,Nederland,,,Eemsdelta,Groningen,land,2026-01-11,POINT (259578.4591 589369.8279)
rivm_windturbines_ashoogte_actueel.4507,71.0,85.0,2300.0,261212.0704,589385.1129,Nederland,,,Eemsdelta,Groningen,land,2026-01-11,POINT (261212.0704 589385.1129)
rivm_windturbines_ashoogte_actueel.4508,16.0,20.0,80.0,185464.419788,589392.650265,Nederland,,BW80,Noardeast-Fryslân,Fryslân,land,2026-01-11,POINT (185464.4198 589392.6503)
rivm_windturbines_ashoogte_actueel.4509,71.0,85.0,2000.0,260961.9713,589458.3121,Nederland,,,Eemsdelta,Groningen,land,2026-01-11,POINT (260961.9713 589458.3121)
rivm_windturbines_ashoogte_actueel.4510,13.0,15.0,15.0,207414.333119,589465.094485,Nederland,,EAZ wind,Noardeast-Fryslân,Fryslân,land,2026-01-11,POINT (207414.3331 589465.0945)
rivm_windturbines_ashoogte_actueel.4511,13.0,15.0,15.0,221164.864075,589465.854126,Nederland,,EAZ wind,Westerkwartier,Groningen,land,2026-01-11,POINT (221164.8641 589465.8541)
rivm_windturbines_ashoogte_actueel.4512,13.0,15.0,15.0,219205.811096,589506.051086,Nederland,,EAZ wind,Westerkwartier,Groningen,land,2026-01-11,POINT (219205.8111 589506.0511)
rivm_windturbines_ashoogte_actueel.4513,13.0,15.0,15.0,241425.239,589515.423991,Nederland,,EAZ wind,Groningen,Groningen,land,2026-01-11,POINT (241425.239 589515.424)
rivm_windturbines_ashoogte_actueel.4514,13.0,15.0,15.0,241402.269,589537.570991,Nederland,,EAZ wind,Groningen,Groningen,land,2026-01-11,POINT (241402.269 589537.571)
rivm_windturbines_ashoogte_actueel.4515,71.0,85.0,2300.0,260680.4723,589539.3112,Nederland,,,Eemsdelta,Groningen,land,2026-01-11,POINT (260680.4723 589539.3112)
rivm_windturbines_ashoogte_actueel.4516,16.0,15.0,25.0,246254.755615,589575.19458,Nederland,,,Groningen,Groningen,land,2026-01-11,POINT (246254.7556 589575.1946)
rivm_windturbines_ashoogte_actueel.4517,14.0,15.0,25.0,208217.13774,589635.187554,Nederland,,,Noardeast-Fryslân,Fryslân,land,2026-01-11,POINT (208217.1377 589635.1876)
rivm_windturbines_ashoogte_actueel.4518,71.0,85.0,2000.0,260295.2736,589652.0389,Nederland,,,Eemsdelta,Groningen,land,2026-01-11,POINT (260295.2736 589652.0389)
rivm_windturbines_ashoogte_actueel.4519,14.0,15.0,25.0,241695.33365,589656.857854,Nederland,,,Groningen,Groningen,land,2026-01-11,POINT (241695.3337 589656.8579)
rivm_windturbines_ashoogte_actueel.4520,29.6,36.0,225.0,176857.9705,589661.0874,Nederland,,,Waadhoeke,Fryslân,land,2026-01-11,POINT (176857.9705 589661.0874)
rivm_windturbines_ashoogte_actueel.4521,71.0,85.0,2300.0,262110.7656,589684.0155,Nederland,,,Eemsdelta,Groningen,land,2026-01-11,POINT (262110.7656 589684.0155)
rivm_windturbines_ashoogte_actueel.4522,44.0,40.0,600.0,264130.3567,589740.5216,Nederland,,,Eemsdelta,Groningen,land,2026-01-11,POINT (264130.3567 589740.5216)
rivm_windturbines_ashoogte_actueel.4523,14.0,15.0,25.0,241310.261603,589742.947587,Nederland,,,Groningen,Groningen,land,2026-01-11,POINT (241310.2616 589742.9476)
rivm_windturbines_ashoogte_actueel.4524,13.0,15.0,15.0,227141.181625,589766.859429,Nederland,,EAZ wind,Westerkwartier,Groningen,land,2026-01-11,POINT (227141.1816 589766.8594)
rivm_windturbines_ashoogte_actueel.4525,71.0,85.0,2000.0,259889.7,589770.2726,Nederland,,,Eemsdelta,Groningen,land,2026-01-11,POINT (259889.7 589770.2726)
rivm_windturbines_ashoogte_actueel.4526,14.0,15.0,25.0,209029.963937,589775.052321,Nederland,,,Noardeast-Fryslân,Fryslân,land,2026-01-11,POINT (209029.9639 589775.0523)
rivm_windturbines_ashoogte_actueel.4527,71.0,85.0,2300.0,261763.9668,589785.5144,Nederland,,,Eemsdelta,Groningen,land,2026-01-11,POINT (261763.9668 589785.5144)
rivm_windturbines_ashoogte_actueel.4528,14.0,15.0,25.0,241092.036072,589790.588074,Nederland,,,Groningen,Groningen,land,2026-01-11,POINT (241092.0361 589790.5881)
rivm_windturbines_ashoogte_actueel.4529,13.0,15.0,15.0,227149.282388,589795.362111,Nederland,,EAZ wind,Westerkwartier,Groningen,land,2026-01-11,POINT (227149.2824 589795.3621)
rivm_windturbines_ashoogte_actueel.4530,136.0,145.0,4300.0,259144.4,589797.5,Nederland,,,Eemsdelta,Groningen,land,2026-01-11,POINT (259144.4 589797.5)
rivm_windturbines_ashoogte_actueel.4531,136.0,145.0,4300.0,258541.9,589830.0,Nederland,,,Eemsdelta,Groningen,land,2026-01-11,POINT (258541.9 589830)
rivm_windturbines_ashoogte_actueel.4532,13.0,15.0,15.0,203521.180763,589857.338984,Nederland,,EAZ wind,Noardeast-Fryslân,Fryslân,land,2026-01-11,POINT (203521.1808 589857.339)
rivm_windturbines_ashoogte_actueel.4533,71.0,85.0,2000.0,259586.8947,589858.5192,Nederland,,,Eemsdelta,Groningen,land,2026-01-11,POINT (259586.8947 589858.5192)
rivm_windturbines_ashoogte_actueel.4534,71.0,85.0,2300.0,261291.0684,589924.513,Nederland,,,Eemsdelta,Groningen,land,2026-01-11,POINT (261291.0684 589924.513)
rivm_windturbines_ashoogte_actueel.4535,11.0,15.0,10.0,237831.350796,589937.813525,Nederland,,BW10,Het Hogeland,Groningen,land,2026-01-11,POINT (237831.3508 589937.8135)
rivm_windturbines_ashoogte_actueel.4536,13.0,15.0,15.0,189259.24946,589940.349911,Nederland,,EAZ wind,Noardeast-Fryslân,Fryslân,land,2026-01-11,POINT (189259.2495 589940.3499)
rivm_windturbines_ashoogte_actueel.4537,13.0,15.0,15.0,233527.400801,589982.664709,Nederland,,EAZ wind,Het Hogeland,Groningen,land,2026-01-11,POINT (233527.4008 589982.6647)
rivm_windturbines_ashoogte_actueel.4538,71.0,85.0,2300.0,261029.7693,590001.9122,Nederland,,,Eemsdelta,Groningen,land,2026-01-11,POINT (261029.7693 590001.9122)
rivm_windturbines_ashoogte_actueel.4539,13.0,15.0,15.0,220053.14801,590010.769104,Nederland,,EAZ wind,Westerkwartier,Groningen,land,2026-01-11,POINT (220053.148 590010.7691)
rivm_windturbines_ashoogte_actueel.4540,71.0,85.0,2300.0,262199.0642,590034.5156,Nederland,,,Eemsdelta,Groningen,land,2026-01-11,POINT (262199.0642 590034.5156)
rivm_windturbines_ashoogte_actueel.4541,13.0,15.0,25.0,215348.025637,590041.673565,Nederland,,,Westerkwartier,Groningen,land,2026-01-11,POINT (215348.0256 590041.6736)
rivm_windturbines_ashoogte_actueel.4542,14.0,15.0,25.0,223752.631811,590046.505512,Nederland,,,Westerkwartier,Groningen,land,2026-01-11,POINT (223752.6318 590046.5055)
rivm_windturbines_ashoogte_actueel.4543,13.0,15.0,15.0,220047.339628,590048.550803,Nederland,,EAZ wind,Westerkwartier,Groningen,land,2026-01-11,POINT (220047.3396 590048.5508)
rivm_windturbines_ashoogte_actueel.4544,13.0,15.0,15.0,218790.788086,590057.167114,Nederland,,EAZ wind,Westerkwartier,Groningen,land,2026-01-11,POINT (218790.7881 590057.1671)
rivm_windturbines_ashoogte_actueel.4545,54.5,45.0,950.0,177984.994747,590068.064881,Nederland,,,Waadhoeke,Fryslân,land,2026-01-11,POINT (177984.9947 590068.0649)
rivm_windturbines_ashoogte_actueel.4546,54.5,45.0,950.0,177714.347056,590080.703838,Nederland,,,Waadhoeke,Fryslân,land,2026-01-11,POINT (177714.3471 590080.7038)
rivm_windturbines_ashoogte_actueel.4547,71.0,85.0,2300.0,260739.3703,590088.9113,Nederland,,,Eemsdelta,Groningen,land,2026-01-11,POINT (260739.3703 590088.9113)
rivm_windturbines_ashoogte_actueel.4548,54.5,45.0,950.0,177448.475165,590097.293497,Nederland,,,Waadhoeke,Fryslân,land,2026-01-11,POINT (177448.4752 590097.2935)
rivm_windturbines_ashoogte_actueel.4549,15.6,24.5,75.0,190546.5168,590100.9375,Nederland,,,Dantumadiel,Fryslân,land,2026-01-11,POINT (190546.5168 590100.9375)
rivm_windturbines_ashoogte_actueel.4550,71.0,85.0,2300.0,261839.2653,590165.5145,Nederland,,,Eemsdelta,Groningen,land,2026-01-11,POINT (261839.2653 590165.5145)
rivm_windturbines_ashoogte_actueel.4551,71.0,85.0,2300.0,260356.9717,590201.3101,Nederland,,,Eemsdelta,Groningen,land,2026-01-11,POINT (260356.9717 590201.3101)
rivm_windturbines_ashoogte_actueel.4552,13.0,15.0,15.0,249287.073793,590232.100181,Nederland,,EAZ wind,Midden-Groningen,Groningen,land,2026-01-11,POINT (249287.0738 590232.1002)
rivm_windturbines_ashoogte_actueel.4553,13.0,15.0,15.0,249337.795097,590262.778389,Nederland,,EAZ wind,Midden-Groningen,Groningen,land,2026-01-11,POINT (249337.7951 590262.7784)
rivm_windturbines_ashoogte_actueel.4554,71.0,85.0,2000.0,259921.8807,590331.3201,Nederland,,,Eemsdelta,Groningen,land,2026-01-11,POINT (259921.8807 590331.3201)
rivm_windturbines_ashoogte_actueel.4555,71.0,85.0,2300.0,261352.5669,590342.813,Nederland,,,Eemsdelta,Groningen,land,2026-01-11,POINT (261352.5669 590342.813)
rivm_windturbines_ashoogte_actueel.4556,136.0,145.0,4300.0,259158.2,590354.2,Nederland,,,Eemsdelta,Groningen,land,2026-01-11,POINT (259158.2 590354.2)
rivm_windturbines_ashoogte_actueel.4557,13.0,15.0,15.0,226812.333339,590357.589373,Nederland,,EAZ wind,Westerkwartier,Groningen,land,2026-01-11,POINT (226812.3333 590357.5894)
rivm_windturbines_ashoogte_actueel.4558,136.0,145.0,4300.0,258554.4,590387.8,Nederland,,,Eemsdelta,Groningen,land,2026-01-11,POINT (258554.4 590387.8)
rivm_windturbines_ashoogte_actueel.4559,18.0,31.4,80.0,170427.7616,590387.8491,Nederland,,,Waadhoeke,Fryslân,land,2026-01-11,POINT (170427.7616 590387.8491)
rivm_windturbines_ashoogte_actueel.4560,16.0,20.0,25.0,188760.770364,590420.824865,Nederland,,SWP25 16TG20,Noardeast-Fryslân,Fryslân,land,2026-01-11,POINT (188760.7704 590420.8249)
rivm_windturbines_ashoogte_actueel.4561,71.0,85.0,2000.0,259600.928,590426.7191,Nederland,,,Eemsdelta,Groningen,land,2026-01-11,POINT (259600.928 590426.7191)
rivm_windturbines_ashoogte_actueel.4562,71.0,85.0,2300.0,261086.7678,590440.0122,Nederland,,,Eemsdelta,Groningen,land,2026-01-11,POINT (261086.7678 590440.0122)
rivm_windturbines_ashoogte_actueel.4563,13.0,15.0,15.0,202382.762393,590486.565711,Nederland,,EAZ wind,Noardeast-Fryslân,Fryslân,land,2026-01-11,POINT (202382.7624 590486.5657)
rivm_windturbines_ashoogte_actueel.4564,29.6,36.0,225.0,185111.8561,590511.7739,Nederland,,,Noardeast-Fryslân,Fryslân,land,2026-01-11,POINT (185111.8561 590511.7739)
rivm_windturbines_ashoogte_actueel.4565,71.0,85.0,2300.0,260788.9399,590548.7638,Nederland,,,Eemsdelta,Groningen,land,2026-01-11,POINT (260788.9399 590548.7638)
rivm_windturbines_ashoogte_actueel.4566,136.0,145.0,4300.0,262045.822,590598.842,Nederland,,,Eemsdelta,Groningen,land,2026-01-11,POINT (262045.822 590598.842)
rivm_windturbines_ashoogte_actueel.4567,13.0,15.0,15.0,223929.309082,590620.346008,Nederland,,EAZ wind,Westerkwartier,Groningen,land,2026-01-11,POINT (223929.3091 590620.346)
rivm_windturbines_ashoogte_actueel.4568,14.0,15.0,25.0,240612.036117,590633.685409,Nederland,,,Groningen,Groningen,land,2026-01-11,POINT (240612.0361 590633.6854)
rivm_windturbines_ashoogte_actueel.4569,13.0,15.0,15.0,250112.66,590642.67,Nederland,,EAZ wind,Midden-Groningen,Groningen,land,2026-01-11,POINT (250112.66 590642.67)
rivm_windturbines_ashoogte_actueel.4570,13.0,15.0,15.0,183099.28774,590676.114096,Nederland,,EAZ wind,Noardeast-Fryslân,Fryslân,land,2026-01-11,POINT (183099.2877 590676.1141)
rivm_windturbines_ashoogte_actueel.4571,71.0,85.0,2300.0,260412.87,590685.4101,Nederland,,,Eemsdelta,Groningen,land,2026-01-11,POINT (260412.87 590685.4101)
rivm_windturbines_ashoogte_actueel.4572,14.0,15.0,25.0,238475.174815,590743.562985,Nederland,,,Het Hogeland,Groningen,land,2026-01-11,POINT (238475.1748 590743.563)
rivm_windturbines_ashoogte_actueel.4573,13.0,15.0,15.0,229040.813,590748.035009,Nederland,,EAZ wind,Westerkwartier,Groningen,land,2026-01-11,POINT (229040.813 590748.035)
rivm_windturbines_ashoogte_actueel.4574,16.0,15.0,25.0,245867.254028,590776.672485,Nederland,,,Groningen,Groningen,land,2026-01-11,POINT (245867.254 590776.6725)
rivm_windturbines_ashoogte_actueel.4575,136.0,145.0,4300.0,261526.07,590802.439,Nederland,,,Eemsdelta,Groningen,land,2026-01-11,POINT (261526.07 590802.439)
rivm_windturbines_ashoogte_actueel.4576,13.0,15.0,15.0,227700.315,590843.446009,Nederland,,EAZ wind,Westerkwartier,Groningen,land,2026-01-11,POINT (227700.315 590843.446)
rivm_windturbines_ashoogte_actueel.4577,71.0,85.0,2300.0,259952.3965,590852.9499,Nederland,,,Eemsdelta,Groningen,land,2026-01-11,POINT (259952.3965 590852.9499)
rivm_windturbines_ashoogte_actueel.4578,44.0,40.0,600.0,263789.7547,590854.3202,Nederland,,,Eemsdelta,Groningen,land,2026-01-11,POINT (263789.7547 590854.3202)
rivm_windturbines_ashoogte_actueel.4579,16.0,20.0,25.0,178687.005939,590900.950288,Nederland,,SWP25-16TG20,Noardeast-Fryslân,Fryslân,land,2026-01-11,POINT (178687.0059 590900.9503)
rivm_windturbines_ashoogte_actueel.4580,136.0,145.0,4300.0,259173.7,590909.8,Nederland,,,Eemsdelta,Groningen,land,2026-01-11,POINT (259173.7 590909.8)
rivm_windturbines_ashoogte_actueel.4581,13.0,15.0,15.0,218898.773987,590920.160095,Nederland,,EAZ wind,Westerkwartier,Groningen,land,2026-01-11,POINT (218898.774 590920.1601)
rivm_windturbines_ashoogte_actueel.4582,136.0,145.0,4300.0,258572.4,590942.4,Nederland,,,Eemsdelta,Groningen,land,2026-01-11,POINT (258572.4 590942.4)
rivm_windturbines_ashoogte_actueel.4583,13.0,15.0,15.0,247668.77832,590950.78009,Nederland,,EAZ wind,Eemsdelta,Groningen,land,2026-01-11,POINT (247668.7783 590950.7801)
rivm_windturbines_ashoogte_actueel.4584,13.0,15.0,15.0,218905.974121,590958.029114,Nederland,,EAZ wind,Westerkwartier,Groningen,land,2026-01-11,POINT (218905.9741 590958.0291)
rivm_windturbines_ashoogte_actueel.4585,71.0,85.0,2300.0,259613.8913,590976.3715,Nederland,,,Eemsdelta,Groningen,land,2026-01-11,POINT (259613.8913 590976.3715)
rivm_windturbines_ashoogte_actueel.4586,13.0,15.0,15.0,247653.977478,590976.656677,Nederland,,EAZ wind,Eemsdelta,Groningen,land,2026-01-11,POINT (247653.9775 590976.6567)
rivm_windturbines_ashoogte_actueel.4587,13.0,15.0,15.0,224527.057175,590993.639893,Nederland,,EAZ wind,Westerkwartier,Groningen,land,2026-01-11,POINT (224527.0572 590993.6399)
rivm_windturbines_ashoogte_actueel.4588,136.0,145.0,4300.0,261001.313,591023.044,Nederland,,,Eemsdelta,Groningen,land,2026-01-11,POINT (261001.313 591023.044)
rivm_windturbines_ashoogte_actueel.4589,136.0,145.0,4300.0,262190.384,591144.143,Nederland,,,Eemsdelta,Groningen,land,2026-01-11,POINT (262190.384 591144.143)
rivm_windturbines_ashoogte_actueel.4590,15.6,31.4,75.0,188021.8871,591152.8752,Nederland,,,Noardeast-Fryslân,Fryslân,land,2026-01-11,POINT (188021.8871 591152.8752)
rivm_windturbines_ashoogte_actueel.4591,136.0,145.0,4300.0,260483.842,591232.929,Nederland,,,Eemsdelta,Groningen,land,2026-01-11,POINT (260483.842 591232.929)
rivm_windturbines_ashoogte_actueel.4592,16.0,20.0,45.0,171986.807847,591259.80393,Nederland,,BW45,Waadhoeke,Fryslân,land,2026-01-11,POINT (171986.8078 591259.8039)
rivm_windturbines_ashoogte_actueel.4593,13.0,15.0,15.0,224510.533813,591315.247259,Nederland,,EAZ wind,Westerkwartier,Groningen,land,2026-01-11,POINT (224510.5338 591315.2473)
rivm_windturbines_ashoogte_actueel.4594,33.4,40.0,300.0,206309.7405,591370.9921,Nederland,,,Noardeast-Fryslân,Fryslân,land,2026-01-11,POINT (206309.7405 591370.9921)
rivm_windturbines_ashoogte_actueel.4595,31.0,30.0,250.0,187005.9814,591409.6443,Nederland,,,Noardeast-Fryslân,Fryslân,land,2026-01-11,POINT (187005.9814 591409.6443)
rivm_windturbines_ashoogte_actueel.4596,16.0,20.0,25.0,182522.485445,591410.398117,Nederland,,SWP25 16TG20,Noardeast-Fryslân,Fryslân,land,2026-01-11,POINT (182522.4854 591410.3981)
rivm_windturbines_ashoogte_actueel.4597,136.0,145.0,4300.0,259187.4,591420.0,Nederland,,,Eemsdelta,Groningen,land,2026-01-11,POINT (259187.4 591420)
rivm_windturbines_ashoogte_actueel.4598,136.0,145.0,4300.0,259947.347,591451.066,Nederland,,,Eemsdelta,Groningen,land,2026-01-11,POINT (259947.347 591451.066)
rivm_windturbines_ashoogte_actueel.4599,136.0,145.0,4300.0,261745.108,591491.88,Nederland,,,Eemsdelta,Groningen,land,2026-01-11,POINT (261745.108 591491.88)
rivm_windturbines_ashoogte_actueel.4600,31.0,30.0,600.0,175410.022344,591503.771836,Nederland,,,Waadhoeke,Fryslân,land,2026-01-11,POINT (175410.0223 591503.7718)
rivm_windturbines_ashoogte_actueel.4601,13.0,15.0,15.0,251758.436628,591511.949281,Nederland,,EAZ wind,Eemsdelta,Groningen,land,2026-01-11,POINT (251758.4366 591511.9493)
rivm_windturbines_ashoogte_actueel.4602,16.0,20.0,25.0,189146.032961,591514.173044,Nederland,,SWP25-16TG20,Noardeast-Fryslân,Fryslân,land,2026-01-11,POINT (189146.033 591514.173)
rivm_windturbines_ashoogte_actueel.4603,13.0,15.0,15.0,238906.052644,591517.13337,Nederland,,EAZ wind,Het Hogeland,Groningen,land,2026-01-11,POINT (238906.0526 591517.1334)
rivm_windturbines_ashoogte_actueel.4604,136.0,145.0,4300.0,262567.653,591542.165,Nederland,,,Eemsdelta,Groningen,land,2026-01-11,POINT (262567.653 591542.165)
rivm_windturbines_ashoogte_actueel.4605,13.0,15.0,15.0,251744.719709,591549.419888,Nederland,,EAZ wind,Eemsdelta,Groningen,land,2026-01-11,POINT (251744.7197 591549.4199)
rivm_windturbines_ashoogte_actueel.4606,31.0,30.0,250.0,186952.1916,591563.3842,Nederland,,,Noardeast-Fryslân,Fryslân,land,2026-01-11,POINT (186952.1916 591563.3842)
rivm_windturbines_ashoogte_actueel.4607,14.0,15.0,25.0,238338.036621,591586.28949,Nederland,,,Het Hogeland,Groningen,land,2026-01-11,POINT (238338.0366 591586.2895)
rivm_windturbines_ashoogte_actueel.4608,13.0,15.0,15.0,234002.069761,591586.600708,Nederland,,EAZ wind,Het Hogeland,Groningen,land,2026-01-11,POINT (234002.0698 591586.6007)
rivm_windturbines_ashoogte_actueel.4609,13.0,15.0,15.0,245186.911204,591588.438622,Nederland,,EAZ wind,Groningen,Groningen,land,2026-01-11,POINT (245186.9112 591588.4386)
rivm_windturbines_ashoogte_actueel.4610,13.0,15.0,15.0,234002.121297,591621.12747,Nederland,,EAZ wind,Het Hogeland,Groningen,land,2026-01-11,POINT (234002.1213 591621.1275)
rivm_windturbines_ashoogte_actueel.4611,13.0,15.0,15.0,234002.167644,591656.532046,Nederland,,EAZ wind,Het Hogeland,Groningen,land,2026-01-11,POINT (234002.1676 591656.532)
rivm_windturbines_ashoogte_actueel.4612,13.0,15.0,15.0,250276.554062,591659.200517,Nederland,,EAZ wind,Eemsdelta,Groningen,land,2026-01-11,POINT (250276.5541 591659.2005)
rivm_windturbines_ashoogte_actueel.4613,136.0,145.0,4300.0,261056.0,591789.587,Nederland,,,Eemsdelta,Groningen,land,2026-01-11,POINT (261056 591789.587)
rivm_windturbines_ashoogte_actueel.4614,13.0,15.0,15.0,246543.613644,591829.517159,Nederland,,EAZ wind,Eemsdelta,Groningen,land,2026-01-11,POINT (246543.6136 591829.5172)
rivm_windturbines_ashoogte_actueel.4615,13.0,15.0,15.0,250977.33546,591922.151772,Nederland,,EAZ wind,Eemsdelta,Groningen,land,2026-01-11,POINT (250977.3355 591922.1518)
rivm_windturbines_ashoogte_actueel.4616,13.0,15.0,15.0,250946.332575,591924.392945,Nederland,,EAZ wind,Eemsdelta,Groningen,land,2026-01-11,POINT (250946.3326 591924.3929)
rivm_windturbines_ashoogte_actueel.4617,136.0,145.0,4300.0,258598.3,591937.2,Nederland,,,Eemsdelta,Groningen,land,2026-01-11,POINT (258598.3 591937.2)
rivm_windturbines_ashoogte_actueel.4618,13.0,15.0,15.0,245029.721344,591953.365428,Nederland,,,Groningen,Groningen,land,2026-01-11,POINT (245029.7213 591953.3654)
rivm_windturbines_ashoogte_actueel.4619,136.0,145.0,4300.0,262206.019,591984.953,Nederland,,,Eemsdelta,Groningen,land,2026-01-11,POINT (262206.019 591984.953)
rivm_windturbines_ashoogte_actueel.4620,13.0,15.0,25.0,237605.19862,592013.846159,Nederland,,,Het Hogeland,Groningen,land,2026-01-11,POINT (237605.1986 592013.8462)
rivm_windturbines_ashoogte_actueel.4621,136.0,145.0,4300.0,262775.447,592062.186,Nederland,,,Eemsdelta,Groningen,land,2026-01-11,POINT (262775.447 592062.186)
rivm_windturbines_ashoogte_actueel.4622,136.0,145.0,4300.0,260181.898,592090.773,Nederland,,,Eemsdelta,Groningen,land,2026-01-11,POINT (260181.898 592090.773)
rivm_windturbines_ashoogte_actueel.4623,54.0,40.0,900.0,188745.8522,592111.6149,Nederland,,,Noardeast-Fryslân,Fryslân,land,2026-01-11,POINT (188745.8522 592111.6149)
rivm_windturbines_ashoogte_actueel.4624,13.0,15.0,15.0,237044.600129,592131.316819,Nederland,,EAZ wind,Het Hogeland,Groningen,land,2026-01-11,POINT (237044.6001 592131.3168)
rivm_windturbines_ashoogte_actueel.4625,31.0,36.0,600.0,182822.4157,592182.9848,Nederland,,,Noardeast-Fryslân,Fryslân,land,2026-01-11,POINT (182822.4157 592182.9848)
rivm_windturbines_ashoogte_actueel.4626,13.0,15.0,25.0,216642.610952,592183.187843,Nederland,,,Westerkwartier,Groningen,land,2026-01-11,POINT (216642.611 592183.1878)
rivm_windturbines_ashoogte_actueel.4627,13.0,15.0,15.0,250415.4021,592193.790588,Nederland,,EAZ wind,Eemsdelta,Groningen,land,2026-01-11,POINT (250415.4021 592193.7906)
rivm_windturbines_ashoogte_actueel.4628,136.0,145.0,4300.0,259575.323374,592211.433297,Nederland,,,Eemsdelta,Groningen,land,2026-01-11,POINT (259575.3234 592211.4333)
rivm_windturbines_ashoogte_actueel.4629,13.0,15.0,15.0,258241.092407,592247.065491,Nederland,,EAZ wind,Eemsdelta,Groningen,land,2026-01-11,POINT (258241.0924 592247.0655)
rivm_windturbines_ashoogte_actueel.4630,136.0,145.0,4300.0,258609.6,592415.5,Nederland,,,Eemsdelta,Groningen,land,2026-01-11,POINT (258609.6 592415.5)
rivm_windturbines_ashoogte_actueel.4631,100.0,100.0,3300.0,263158.0327,592464.6114,Nederland,,,Eemsdelta,Groningen,land,2026-01-11,POINT (263158.0327 592464.6114)
rivm_windturbines_ashoogte_actueel.4632,136.0,145.0,4300.0,260576.862,592474.96,Nederland,,,Eemsdelta,Groningen,land,2026-01-11,POINT (260576.862 592474.96)
rivm_windturbines_ashoogte_actueel.4633,13.0,15.0,15.0,258347.071643,592530.28419,Nederland,,EAZ wind,Eemsdelta,Groningen,land,2026-01-11,POINT (258347.0716 592530.2842)
rivm_windturbines_ashoogte_actueel.4634,13.0,15.0,15.0,234410.400658,592557.58113,Nederland,,EAZ wind,Het Hogeland,Groningen,land,2026-01-11,POINT (234410.4007 592557.5811)
rivm_windturbines_ashoogte_actueel.4635,100.0,100.0,3300.0,262851.5102,592574.3325,Nederland,,,Eemsdelta,Groningen,land,2026-01-11,POINT (262851.5102 592574.3325)
rivm_windturbines_ashoogte_actueel.4636,136.0,145.0,4300.0,262291.401,592613.651,Nederland,,,Eemsdelta,Groningen,land,2026-01-11,POINT (262291.401 592613.651)
rivm_windturbines_ashoogte_actueel.4637,54.0,40.0,900.0,236402.6899,592625.2581,Nederland,,,Het Hogeland,Groningen,land,2026-01-11,POINT (236402.6899 592625.2581)
rivm_windturbines_ashoogte_actueel.4638,13.0,15.0,15.0,225382.682,592633.502004,Nederland,,EAZ wind,Westerkwartier,Groningen,land,2026-01-11,POINT (225382.682 592633.502)
rivm_windturbines_ashoogte_actueel.4639,13.0,15.0,15.0,192254.668799,592638.71088,Nederland,,EAZ wind,Noardeast-Fryslân,Fryslân,land,2026-01-11,POINT (192254.6688 592638.7109)
rivm_windturbines_ashoogte_actueel.4640,10.0,15.0,25.0,248632.559845,592714.69949,Nederland,,,Eemsdelta,Groningen,land,2026-01-11,POINT (248632.5598 592714.6995)
rivm_windturbines_ashoogte_actueel.4641,13.0,15.0,15.0,241743.776874,592729.25302,Nederland,,EAZ wind,Eemsdelta,Groningen,land,2026-01-11,POINT (241743.7769 592729.253)
rivm_windturbines_ashoogte_actueel.4642,100.0,100.0,3300.0,263276.4618,592765.9091,Nederland,,,Eemsdelta,Groningen,land,2026-01-11,POINT (263276.4618 592765.9091)
rivm_windturbines_ashoogte_actueel.4643,13.0,15.0,15.0,224192.38,592771.707009,Nederland,,EAZ wind,Westerkwartier,Groningen,land,2026-01-11,POINT (224192.38 592771.707)
rivm_windturbines_ashoogte_actueel.4644,13.0,15.0,15.0,224220.678,592782.636004,Nederland,,EAZ wind,Westerkwartier,Groningen,land,2026-01-11,POINT (224220.678 592782.636)
rivm_windturbines_ashoogte_actueel.4645,16.0,20.0,80.0,214026.759921,592787.851529,Nederland,,BW80,Noardeast-Fryslân,Fryslân,land,2026-01-11,POINT (214026.7599 592787.8515)
rivm_windturbines_ashoogte_actueel.4646,13.0,15.0,15.0,224248.484,592793.374991,Nederland,,EAZ wind,Westerkwartier,Groningen,land,2026-01-11,POINT (224248.484 592793.375)
rivm_windturbines_ashoogte_actueel.4647,136.0,145.0,4300.0,259528.585924,592816.215,Nederland,,,Eemsdelta,Groningen,land,2026-01-11,POINT (259528.5859 592816.215)
rivm_windturbines_ashoogte_actueel.4648,15.6,24.5,75.0,181163.3166,592819.5301,Nederland,,,Noardeast-Fryslân,Fryslân,land,2026-01-11,POINT (181163.3166 592819.5301)
rivm_windturbines_ashoogte_actueel.4649,13.0,15.0,15.0,236850.831909,592842.463318,Nederland,,EAZ wind,Het Hogeland,Groningen,land,2026-01-11,POINT (236850.8319 592842.4633)
rivm_windturbines_ashoogte_actueel.4650,13.0,15.0,15.0,240944.723181,592856.293638,Nederland,,EAZ wind,Eemsdelta,Groningen,land,2026-01-11,POINT (240944.7232 592856.2936)
rivm_windturbines_ashoogte_actueel.4651,100.0,100.0,3300.0,262969.9393,592872.147,Nederland,,,Eemsdelta,Groningen,land,2026-01-11,POINT (262969.9393 592872.147)
rivm_windturbines_ashoogte_actueel.4652,13.0,15.0,15.0,240921.625366,592873.773065,Nederland,,EAZ wind,Eemsdelta,Groningen,land,2026-01-11,POINT (240921.6254 592873.7731)
rivm_windturbines_ashoogte_actueel.4653,136.0,145.0,4300.0,261718.0,592884.0,Nederland,,,Eemsdelta,Groningen,land,2026-01-11,POINT (261718 592884)
rivm_windturbines_ashoogte_actueel.4654,13.0,15.0,15.0,244184.568894,592932.94868,Nederland,,EAZ wind,Eemsdelta,Groningen,land,2026-01-11,POINT (244184.5689 592932.9487)
rivm_windturbines_ashoogte_actueel.4655,44.0,40.0,750.0,180697.0025,592936.3235,Nederland,,,Noardeast-Fryslân,Fryslân,land,2026-01-11,POINT (180697.0025 592936.3235)
rivm_windturbines_ashoogte_actueel.4656,13.0,15.0,15.0,237400.166429,592955.304102,Nederland,,EAZ wind,Eemsdelta,Groningen,land,2026-01-11,POINT (237400.1664 592955.3041)
rivm_windturbines_ashoogte_actueel.4657,13.0,15.0,15.0,231709.040335,592968.596,Nederland,,EAZ wind,Het Hogeland,Groningen,land,2026-01-11,POINT (231709.0403 592968.596)
rivm_windturbines_ashoogte_actueel.4658,13.0,15.0,15.0,231762.743985,592986.305247,Nederland,,EAZ wind,Het Hogeland,Groningen,land,2026-01-11,POINT (231762.744 592986.3052)
rivm_windturbines_ashoogte_actueel.4659,13.0,15.0,15.0,240762.377097,593006.367058,Nederland,,EAZ wind,Eemsdelta,Groningen,land,2026-01-11,POINT (240762.3771 593006.3671)
rivm_windturbines_ashoogte_actueel.4660,13.0,15.0,15.0,243374.561624,593019.970068,Nederland,,EAZ wind,Eemsdelta,Groningen,land,2026-01-11,POINT (243374.5616 593019.9701)
rivm_windturbines_ashoogte_actueel.4661,52.0,40.0,850.0,211043.5194,593034.2804,Nederland,,,Noardeast-Fryslân,Fryslân,land,2026-01-11,POINT (211043.5194 593034.2804)
rivm_windturbines_ashoogte_actueel.4662,44.0,40.0,750.0,180826.8179,593082.2698,Nederland,,,Noardeast-Fryslân,Fryslân,land,2026-01-11,POINT (180826.8179 593082.2698)
rivm_windturbines_ashoogte_actueel.4663,100.0,100.0,3300.0,263205.056,593089.8476,Nederland,,,Eemsdelta,Groningen,land,2026-01-11,POINT (263205.056 593089.8476)
rivm_windturbines_ashoogte_actueel.4664,16.0,18.0,25.0,236016.834717,593101.667603,Nederland,,,Het Hogeland,Groningen,land,2026-01-11,POINT (236016.8347 593101.6676)
rivm_windturbines_ashoogte_actueel.4665,13.0,15.0,15.0,186327.0,593107.0,Nederland,,EAZ wind,Noardeast-Fryslân,Fryslân,land,2026-01-11,POINT (186327 593107)
rivm_windturbines_ashoogte_actueel.4666,136.0,145.0,4300.0,260839.191,593121.51,Nederland,,,Eemsdelta,Groningen,land,2026-01-11,POINT (260839.191 593121.51)
rivm_windturbines_ashoogte_actueel.4667,44.0,40.0,750.0,180964.8172,593219.1699,Nederland,,,Noardeast-Fryslân,Fryslân,land,2026-01-11,POINT (180964.8172 593219.1699)
rivm_windturbines_ashoogte_actueel.4668,13.0,15.0,25.0,231374.040753,593346.428411,Nederland,,,Het Hogeland,Groningen,land,2026-01-11,POINT (231374.0408 593346.4284)
rivm_windturbines_ashoogte_actueel.4669,44.0,40.0,750.0,181102.7166,593354.0699,Nederland,,,Noardeast-Fryslân,Fryslân,land,2026-01-11,POINT (181102.7166 593354.0699)
rivm_windturbines_ashoogte_actueel.4670,11.0,18.0,25.0,250972.404479,593357.672897,Nederland,,,Eemsdelta,Groningen,land,2026-01-11,POINT (250972.4045 593357.6729)
rivm_windturbines_ashoogte_actueel.4671,52.0,49.0,850.0,183322.2771,593359.2193,Nederland,,,Noardeast-Fryslân,Fryslân,land,2026-01-11,POINT (183322.2771 593359.2193)
rivm_windturbines_ashoogte_actueel.4672,100.0,100.0,3300.0,262135.7104,593366.7628,Nederland,,,Eemsdelta,Groningen,land,2026-01-11,POINT (262135.7104 593366.7628)
rivm_windturbines_ashoogte_actueel.4673,13.0,15.0,15.0,218612.298587,593380.80366,Nederland,,EAZ wind,Het Hogeland,Groningen,land,2026-01-11,POINT (218612.2986 593380.8037)
rivm_windturbines_ashoogte_actueel.4674,100.0,100.0,3300.0,262449.1994,593382.4373,Nederland,,,Eemsdelta,Groningen,land,2026-01-11,POINT (262449.1994 593382.4373)
rivm_windturbines_ashoogte_actueel.4675,100.0,100.0,3300.0,261807.4179,593406.8198,Nederland,,,Eemsdelta,Groningen,land,2026-01-11,POINT (261807.4179 593406.8198)
rivm_windturbines_ashoogte_actueel.4676,13.0,15.0,15.0,245856.053252,593410.465119,Nederland,,EAZ wind,Eemsdelta,Groningen,land,2026-01-11,POINT (245856.0533 593410.4651)
rivm_windturbines_ashoogte_actueel.4677,13.0,15.0,15.0,245831.160883,593428.671081,Nederland,,EAZ wind,Eemsdelta,Groningen,land,2026-01-11,POINT (245831.1609 593428.6711)
rivm_windturbines_ashoogte_actueel.4678,100.0,100.0,3300.0,262769.6547,593448.6183,Nederland,,,Eemsdelta,Groningen,land,2026-01-11,POINT (262769.6547 593448.6183)
rivm_windturbines_ashoogte_actueel.4679,44.0,40.0,750.0,181244.8159,593485.7699,Nederland,,,Noardeast-Fryslân,Fryslân,land,2026-01-11,POINT (181244.8159 593485.7699)
rivm_windturbines_ashoogte_actueel.4680,100.0,100.0,3300.0,261497.4121,593507.8329,Nederland,,,Eemsdelta,Groningen,land,2026-01-11,POINT (261497.4121 593507.8329)
rivm_windturbines_ashoogte_actueel.4681,13.0,15.0,15.0,189531.019883,593548.78427,Nederland,,EAZ wind,Noardeast-Fryslân,Fryslân,land,2026-01-11,POINT (189531.0199 593548.7843)
rivm_windturbines_ashoogte_actueel.4682,13.0,15.0,15.0,237774.449787,593552.051269,Nederland,,EAZ wind,Eemsdelta,Groningen,land,2026-01-11,POINT (237774.4498 593552.0513)
rivm_windturbines_ashoogte_actueel.4683,44.0,40.0,750.0,181390.9151,593612.37,Nederland,,,Noardeast-Fryslân,Fryslân,land,2026-01-11,POINT (181390.9151 593612.37)
rivm_windturbines_ashoogte_actueel.4684,54.5,44.0,950.0,183274.3067,593620.6711,Nederland,,,Noardeast-Fryslân,Fryslân,land,2026-01-11,POINT (183274.3067 593620.6711)
rivm_windturbines_ashoogte_actueel.4685,100.0,100.0,3300.0,261199.5977,593622.7788,Nederland,,,Eemsdelta,Groningen,land,2026-01-11,POINT (261199.5977 593622.7788)
rivm_windturbines_ashoogte_actueel.4686,16.0,20.0,80.0,184850.581168,593643.703022,Nederland,,BW80,Noardeast-Fryslân,Fryslân,land,2026-01-11,POINT (184850.5812 593643.703)
rivm_windturbines_ashoogte_actueel.4687,18.0,31.4,80.0,186647.8915,593686.8734,Nederland,,,Noardeast-Fryslân,Fryslân,land,2026-01-11,POINT (186647.8915 593686.8734)
rivm_windturbines_ashoogte_actueel.4688,13.0,15.0,15.0,228079.297491,593698.338847,Nederland,,EAZ wind,Het Hogeland,Groningen,land,2026-01-11,POINT (228079.2975 593698.3388)
rivm_windturbines_ashoogte_actueel.4689,13.0,15.0,15.0,228079.01402,593727.976679,Nederland,,EAZ wind,Het Hogeland,Groningen,land,2026-01-11,POINT (228079.014 593727.9767)
rivm_windturbines_ashoogte_actueel.4690,44.0,40.0,750.0,181542.4144,593735.07,Nederland,,,Noardeast-Fryslân,Fryslân,land,2026-01-11,POINT (181542.4144 593735.07)
rivm_windturbines_ashoogte_actueel.4691,16.0,20.0,80.0,184778.689173,593736.109213,Nederland,,BW80,Noardeast-Fryslân,Fryslân,land,2026-01-11,POINT (184778.6892 593736.1092)
rivm_windturbines_ashoogte_actueel.4692,100.0,100.0,3300.0,260899.1708,593742.9496,Nederland,,,Eemsdelta,Groningen,land,2026-01-11,POINT (260899.1708 593742.9496)
rivm_windturbines_ashoogte_actueel.4693,16.0,20.0,25.0,205906.957367,593792.827731,Nederland,,SWP25-16TG20,Noardeast-Fryslân,Fryslân,land,2026-01-11,POINT (205906.9574 593792.8277)
rivm_windturbines_ashoogte_actueel.4694,44.0,40.0,750.0,181695.2137,593853.8701,Nederland,,,Noardeast-Fryslân,Fryslân,land,2026-01-11,POINT (181695.2137 593853.8701)
rivm_windturbines_ashoogte_actueel.4695,18.0,31.4,80.0,193051.8074,593863.1689,Nederland,,,Noardeast-Fryslân,Fryslân,land,2026-01-11,POINT (193051.8074 593863.1689)
rivm_windturbines_ashoogte_actueel.4696,16.0,18.0,25.0,236719.004883,593864.227905,Nederland,,,Het Hogeland,Groningen,land,2026-01-11,POINT (236719.0049 593864.2279)
rivm_windturbines_ashoogte_actueel.4697,100.0,100.0,3300.0,260596.1315,593866.6035,Nederland,,,Eemsdelta,Groningen,land,2026-01-11,POINT (260596.1315 593866.6035)
rivm_windturbines_ashoogte_actueel.4698,13.0,15.0,25.0,218134.411073,593871.958236,Nederland,,,Het Hogeland,Groningen,land,2026-01-11,POINT (218134.4111 593871.9582)
rivm_windturbines_ashoogte_actueel.4699,13.0,15.0,15.0,200837.488804,593875.275212,Nederland,,EAZ wind,Noardeast-Fryslân,Fryslân,land,2026-01-11,POINT (200837.4888 593875.2752)
rivm_windturbines_ashoogte_actueel.4700,13.0,15.0,15.0,233361.666964,593900.539593,Nederland,,EAZ wind,Het Hogeland,Groningen,land,2026-01-11,POINT (233361.667 593900.5396)
rivm_windturbines_ashoogte_actueel.4701,13.0,15.0,15.0,250897.075979,593947.346376,Nederland,,EAZ wind,Eemsdelta,Groningen,land,2026-01-11,POINT (250897.076 593947.3464)
rivm_windturbines_ashoogte_actueel.4702,13.0,15.0,25.0,221681.50893,593952.556255,Nederland,,,Het Hogeland,Groningen,land,2026-01-11,POINT (221681.5089 593952.5563)
rivm_windturbines_ashoogte_actueel.4703,13.0,15.0,15.0,229030.643369,593956.246229,Nederland,,EAZ wind,Het Hogeland,Groningen,land,2026-01-11,POINT (229030.6434 593956.2462)
rivm_windturbines_ashoogte_actueel.4704,100.0,100.0,3300.0,260284.3841,593964.1334,Nederland,,,Eemsdelta,Groningen,land,2026-01-11,POINT (260284.3841 593964.1334)
rivm_windturbines_ashoogte_actueel.4705,52.0,44.0,850.0,187982.4853,593971.8743,Nederland,,,Noardeast-Fryslân,Fryslân,land,2026-01-11,POINT (187982.4853 593971.8743)
rivm_windturbines_ashoogte_actueel.4706,18.0,40.0,80.0,185021.7004,593984.8536,Nederland,,,Noardeast-Fryslân,Fryslân,land,2026-01-11,POINT (185021.7004 593984.8536)
rivm_windturbines_ashoogte_actueel.4707,13.0,15.0,15.0,189931.0,593989.0,Nederland,,EAZ wind,Noardeast-Fryslân,Fryslân,land,2026-01-11,POINT (189931 593989)
rivm_windturbines_ashoogte_actueel.4708,13.0,15.0,15.0,215743.174988,594034.849976,Nederland,,EAZ wind,Westerkwartier,Groningen,land,2026-01-11,POINT (215743.175 594034.85)
rivm_windturbines_ashoogte_actueel.4709,100.0,100.0,3300.0,259971.766,594042.5056,Nederland,,,Eemsdelta,Groningen,land,2026-01-11,POINT (259971.766 594042.5056)
rivm_windturbines_ashoogte_actueel.4710,13.0,15.0,15.0,233127.486581,594044.31814,Nederland,,EAZ wind,Het Hogeland,Groningen,land,2026-01-11,POINT (233127.4866 594044.3181)
rivm_windturbines_ashoogte_actueel.4711,14.0,15.0,10.0,186850.185941,594049.9508,Nederland,,BW10,Noardeast-Fryslân,Fryslân,land,2026-01-11,POINT (186850.1859 594049.9508)
rivm_windturbines_ashoogte_actueel.4712,100.0,100.0,3300.0,259653.668687,594109.744935,Nederland,,,Eemsdelta,Groningen,land,2026-01-11,POINT (259653.6687 594109.7449)
rivm_windturbines_ashoogte_actueel.4713,13.0,15.0,15.0,251159.651504,594176.313613,Nederland,,EAZ wind,Eemsdelta,Groningen,land,2026-01-11,POINT (251159.6515 594176.3136)
rivm_windturbines_ashoogte_actueel.4714,100.0,100.0,3300.0,259341.3049,594200.9917,Nederland,,,Eemsdelta,Groningen,land,2026-01-11,POINT (259341.3049 594200.9917)
rivm_windturbines_ashoogte_actueel.4715,18.0,31.4,80.0,181259.9154,594212.8697,Nederland,,,Noardeast-Fryslân,Fryslân,land,2026-01-11,POINT (181259.9154 594212.8697)
rivm_windturbines_ashoogte_actueel.4716,13.0,15.0,15.0,228895.582612,594219.884786,Nederland,,EAZ wind,Het Hogeland,Groningen,land,2026-01-11,POINT (228895.5826 594219.8848)
rivm_windturbines_ashoogte_actueel.4717,13.0,15.0,15.0,241284.418777,594225.30685,Nederland,,EAZ wind,Eemsdelta,Groningen,land,2026-01-11,POINT (241284.4188 594225.3068)
rivm_windturbines_ashoogte_actueel.4718,100.0,100.0,3300.0,259044.3613,594317.6793,Nederland,,,Eemsdelta,Groningen,land,2026-01-11,POINT (259044.3613 594317.6793)
rivm_windturbines_ashoogte_actueel.4719,13.0,15.0,15.0,190593.0,594323.0,Nederland,,EAZ wind,Noardeast-Fryslân,Fryslân,land,2026-01-11,POINT (190593 594323)
rivm_windturbines_ashoogte_actueel.4720,16.0,15.0,25.0,241960.741685,594359.586784,Nederland,,Logic-25kW,Eemsdelta,Groningen,land,2026-01-11,POINT (241960.7417 594359.5868)
rivm_windturbines_ashoogte_actueel.4721,15.6,31.4,75.0,215856.7593,594360.9073,Nederland,,,Westerkwartier,Groningen,land,2026-01-11,POINT (215856.7593 594360.9073)
rivm_windturbines_ashoogte_actueel.4722,10.0,15.0,25.0,244591.059979,594379.803485,Nederland,,,Eemsdelta,Groningen,land,2026-01-11,POINT (244591.06 594379.8035)
rivm_windturbines_ashoogte_actueel.4723,100.0,100.0,3300.0,258744.8052,594457.8785,Nederland,,,Eemsdelta,Groningen,land,2026-01-11,POINT (258744.8052 594457.8785)
rivm_windturbines_ashoogte_actueel.4724,13.0,15.0,15.0,232245.953948,594495.601077,Nederland,,EAZ wind,Het Hogeland,Groningen,land,2026-01-11,POINT (232245.9539 594495.6011)
rivm_windturbines_ashoogte_actueel.4725,10.0,15.0,25.0,239044.509834,594515.197188,Nederland,,,Eemsdelta,Groningen,land,2026-01-11,POINT (239044.5098 594515.1972)
rivm_windturbines_ashoogte_actueel.4726,54.0,40.0,900.0,237420.112033,594526.507623,Nederland,,,Eemsdelta,Groningen,land,2026-01-11,POINT (237420.112 594526.5076)
rivm_windturbines_ashoogte_actueel.4727,13.0,15.0,15.0,217661.102411,594530.234938,Nederland,,EAZ wind,Het Hogeland,Groningen,land,2026-01-11,POINT (217661.1024 594530.2349)
rivm_windturbines_ashoogte_actueel.4728,13.0,15.0,15.0,243215.764852,594569.022978,Nederland,,EAZ wind,Eemsdelta,Groningen,land,2026-01-11,POINT (243215.7649 594569.023)
rivm_windturbines_ashoogte_actueel.4729,13.0,15.0,15.0,243252.817911,594580.42392,Nederland,,EAZ wind,Eemsdelta,Groningen,land,2026-01-11,POINT (243252.8179 594580.4239)
rivm_windturbines_ashoogte_actueel.4730,16.0,18.0,25.0,238169.315774,594618.686017,Nederland,,,Eemsdelta,Groningen,land,2026-01-11,POINT (238169.3158 594618.686)
rivm_windturbines_ashoogte_actueel.4731,31.0,30.0,300.0,229338.9282,594645.5431,Nederland,,,Het Hogeland,Groningen,land,2026-01-11,POINT (229338.9282 594645.5431)
rivm_windturbines_ashoogte_actueel.4732,54.0,40.0,900.0,224396.0775,594671.6194,Nederland,,,Het Hogeland,Groningen,land,2026-01-11,POINT (224396.0775 594671.6194)
rivm_windturbines_ashoogte_actueel.4733,13.0,15.0,15.0,232404.20825,594720.021188,Nederland,,EAZ wind,Het Hogeland,Groningen,land,2026-01-11,POINT (232404.2083 594720.0212)
rivm_windturbines_ashoogte_actueel.4734,13.0,15.0,15.0,232434.155594,594721.892897,Nederland,,EAZ wind,Het Hogeland,Groningen,land,2026-01-11,POINT (232434.1556 594721.8929)
rivm_windturbines_ashoogte_actueel.4735,13.0,15.0,15.0,185985.856018,594813.194092,Nederland,,EAZ wind,Noardeast-Fryslân,Fryslân,land,2026-01-11,POINT (185985.856 594813.1941)
rivm_windturbines_ashoogte_actueel.4736,13.0,15.0,25.0,219984.132542,594957.719164,Nederland,,,Het Hogeland,Groningen,land,2026-01-11,POINT (219984.1325 594957.7192)
rivm_windturbines_ashoogte_actueel.4737,13.0,15.0,15.0,200936.936218,594989.33313,Nederland,,EAZ wind,Noardeast-Fryslân,Fryslân,land,2026-01-11,POINT (200936.9362 594989.3331)
rivm_windturbines_ashoogte_actueel.4738,13.0,15.0,15.0,219249.992203,595040.223778,Nederland,,EAZ wind,Het Hogeland,Groningen,land,2026-01-11,POINT (219249.9922 595040.2238)
rivm_windturbines_ashoogte_actueel.4739,14.0,15.0,25.0,223441.870422,595059.549194,Nederland,,,Het Hogeland,Groningen,land,2026-01-11,POINT (223441.8704 595059.5492)
rivm_windturbines_ashoogte_actueel.4740,13.0,15.0,15.0,219267.151009,595067.404542,Nederland,,EAZ wind,Het Hogeland,Groningen,land,2026-01-11,POINT (219267.151 595067.4045)
rivm_windturbines_ashoogte_actueel.4741,13.0,15.0,15.0,239028.69905,595107.655388,Nederland,,EAZ wind,Eemsdelta,Groningen,land,2026-01-11,POINT (239028.699 595107.6554)
rivm_windturbines_ashoogte_actueel.4742,14.0,15.0,25.0,197439.137073,595127.620385,Nederland,,,Noardeast-Fryslân,Fryslân,land,2026-01-11,POINT (197439.1371 595127.6204)
rivm_windturbines_ashoogte_actueel.4743,33.4,30.0,300.0,185246.2706,595491.9853,Nederland,,,Noardeast-Fryslân,Fryslân,land,2026-01-11,POINT (185246.2706 595491.9853)
rivm_windturbines_ashoogte_actueel.4744,112.0,108.0,4500.0,276505.17586,595593.235695,Duitsland,,,,,land,2026-01-11,POINT (276505.1759 595593.2357)
rivm_windturbines_ashoogte_actueel.4745,52.0,40.0,850.0,189060.3042,595624.2726,Nederland,,,Noardeast-Fryslân,Fryslân,land,2026-01-11,POINT (189060.3042 595624.2726)
rivm_windturbines_ashoogte_actueel.4746,13.0,15.0,15.0,234629.771766,595696.5408,Nederland,,EAZ wind,Het Hogeland,Groningen,land,2026-01-11,POINT (234629.7718 595696.5408)
rivm_windturbines_ashoogte_actueel.4747,13.0,15.0,15.0,222057.790527,595721.316528,Nederland,,EAZ wind,Het Hogeland,Groningen,land,2026-01-11,POINT (222057.7905 595721.3165)
rivm_windturbines_ashoogte_actueel.4748,13.0,15.0,15.0,234631.060244,595723.437781,Nederland,,EAZ wind,Het Hogeland,Groningen,land,2026-01-11,POINT (234631.0602 595723.4378)
rivm_windturbines_ashoogte_actueel.4749,13.0,15.0,15.0,229737.920416,595735.520571,Nederland,,EAZ wind,Het Hogeland,Groningen,land,2026-01-11,POINT (229737.9204 595735.5206)
rivm_windturbines_ashoogte_actueel.4750,66.0,67.0,1500.0,268447.608589,595756.098399,Duitsland,Windpark Wybelsumer Polder,E-66/15.70,,,land,2026-01-11,POINT (268447.6086 595756.0984)
rivm_windturbines_ashoogte_actueel.4751,66.0,67.0,1500.0,267845.151134,595757.685902,Duitsland,Windpark Wybelsumer Polder,E-66/15.70,,,land,2026-01-11,POINT (267845.1511 595757.6859)
rivm_windturbines_ashoogte_actueel.4752,66.0,67.0,1500.0,268147.570489,595762.448412,Duitsland,Windpark Wybelsumer Polder,E-66/15.70,,,land,2026-01-11,POINT (268147.5705 595762.4484)
rivm_windturbines_ashoogte_actueel.4753,54.0,40.0,900.0,235072.4611,595781.4011,Nederland,,,Het Hogeland,Groningen,land,2026-01-11,POINT (235072.4611 595781.4011)
rivm_windturbines_ashoogte_actueel.4754,66.0,67.0,1500.0,269873.18644,595811.66101,Duitsland,Windpark Wybelsumer Polder,E-66/15.70,,,land,2026-01-11,POINT (269873.1864 595811.661)
rivm_windturbines_ashoogte_actueel.4755,66.0,67.0,1500.0,270171.637037,595819.598526,Duitsland,Windpark Wybelsumer Polder,E-66/15.70,,,land,2026-01-11,POINT (270171.637 595819.5985)
rivm_windturbines_ashoogte_actueel.4756,66.0,67.0,1500.0,270530.412755,595832.298552,Duitsland,Windpark Wybelsumer Polder,E-66/15.70,,,land,2026-01-11,POINT (270530.4128 595832.2986)
rivm_windturbines_ashoogte_actueel.4757,66.0,67.0,1500.0,270872.519689,595841.823571,Duitsland,Windpark Wybelsumer Polder,E-66/15.70,,,land,2026-01-11,POINT (270872.5197 595841.8236)
rivm_windturbines_ashoogte_actueel.4758,13.0,15.0,15.0,251671.666782,595843.655323,Nederland,,EAZ wind,Eemsdelta,Groningen,land,2026-01-11,POINT (251671.6668 595843.6553)
rivm_windturbines_ashoogte_actueel.4759,66.0,67.0,1500.0,269570.767085,595851.34859,Duitsland,Windpark Wybelsumer Polder,E-66/15.70,,,land,2026-01-11,POINT (269570.7671 595851.3486)
rivm_windturbines_ashoogte_actueel.4760,66.0,67.0,1500.0,271169.382782,595859.286106,Duitsland,Windpark Wybelsumer Polder,E-66/15.70,,,land,2026-01-11,POINT (271169.3828 595859.2861)
rivm_windturbines_ashoogte_actueel.4761,66.0,67.0,1500.0,268727.009148,595862.461112,Duitsland,Windpark Wybelsumer Polder,E-66/15.70,,,land,2026-01-11,POINT (268727.0091 595862.4611)
rivm_windturbines_ashoogte_actueel.4762,82.0,108.0,2000.0,271475.770895,595865.636118,Duitsland,Windpark Wybelsumer Polder,,,,land,2026-01-11,POINT (271475.7709 595865.6361)
rivm_windturbines_ashoogte_actueel.4763,66.0,67.0,1500.0,269011.965968,595871.986131,Duitsland,Windpark Wybelsumer Polder,E-66/15.70,,,land,2026-01-11,POINT (269011.966 595871.9861)
rivm_windturbines_ashoogte_actueel.4764,66.0,67.0,1500.0,269292.95403,595889.448666,Duitsland,Windpark Wybelsumer Polder,E-66/15.70,,,land,2026-01-11,POINT (269292.954 595889.4487)
rivm_windturbines_ashoogte_actueel.4765,112.0,124.0,4500.0,271903.107007,595917.492261,Duitsland,,E-112,,,land,2026-01-11,POINT (271903.107 595917.4923)
rivm_windturbines_ashoogte_actueel.4766,112.0,124.0,4500.0,272278.712853,595929.661836,Duitsland,,E-112,,,land,2026-01-11,POINT (272278.7129 595929.6618)
rivm_windturbines_ashoogte_actueel.4767,114.0,124.0,6000.0,272680.330685,595945.79502,Duitsland,,,,,land,2026-01-11,POINT (272680.3307 595945.795)
rivm_windturbines_ashoogte_actueel.4768,13.0,15.0,15.0,219092.786612,595971.160734,Nederland,,EAZ wind,Het Hogeland,Groningen,land,2026-01-11,POINT (219092.7866 595971.1607)
rivm_windturbines_ashoogte_actueel.4769,13.0,15.0,15.0,219108.935046,595996.303233,Nederland,,EAZ wind,Het Hogeland,Groningen,land,2026-01-11,POINT (219108.935 595996.3032)
rivm_windturbines_ashoogte_actueel.4770,126.0,135.0,6000.0,273061.905883,596006.693756,Duitsland,,,,,land,2026-01-11,POINT (273061.9059 596006.6938)
rivm_windturbines_ashoogte_actueel.4771,66.0,67.0,1500.0,268430.146054,596008.511404,Duitsland,Windpark Wybelsumer Polder,E-66/15.70,,,land,2026-01-11,POINT (268430.1461 596008.5114)
rivm_windturbines_ashoogte_actueel.4772,66.0,67.0,1500.0,267538.763021,596032.323952,Duitsland,Windpark Wybelsumer Polder,E-66/15.70,,,land,2026-01-11,POINT (267538.763 596032.324)
rivm_windturbines_ashoogte_actueel.4773,13.0,15.0,15.0,197765.230683,596034.805912,Nederland,,EAZ wind,Noardeast-Fryslân,Fryslân,land,2026-01-11,POINT (197765.2307 596034.8059)
rivm_windturbines_ashoogte_actueel.4774,66.0,67.0,1500.0,267835.626115,596037.086461,Duitsland,Windpark Wybelsumer Polder,E-66/15.70,,,land,2026-01-11,POINT (267835.6261 596037.0865)
rivm_windturbines_ashoogte_actueel.4775,10.0,15.0,25.0,244421.394338,596045.419186,Nederland,,,Eemsdelta,Groningen,land,2026-01-11,POINT (244421.3943 596045.4192)
rivm_windturbines_ashoogte_actueel.4776,66.0,67.0,1500.0,268142.807979,596048.198983,Duitsland,Windpark Wybelsumer Polder,E-66/15.70,,,land,2026-01-11,POINT (268142.808 596048.199)
rivm_windturbines_ashoogte_actueel.4777,10.0,15.0,25.0,244451.892244,596060.769125,Nederland,,,Eemsdelta,Groningen,land,2026-01-11,POINT (244451.8922 596060.7691)
rivm_windturbines_ashoogte_actueel.4778,66.0,67.0,1500.0,270171.637037,596073.599034,Duitsland,Windpark Wybelsumer Polder,E-66/15.70,,,land,2026-01-11,POINT (270171.637 596073.599)
rivm_windturbines_ashoogte_actueel.4779,66.0,67.0,1500.0,267238.724921,596075.186537,Duitsland,Windpark Wybelsumer Polder,E-66/15.70,,,land,2026-01-11,POINT (267238.7249 596075.1865)
rivm_windturbines_ashoogte_actueel.4780,13.0,15.0,15.0,236510.390015,596082.945923,Nederland,,EAZ wind,Eemsdelta,Groningen,land,2026-01-11,POINT (236510.39 596082.9459)
rivm_windturbines_ashoogte_actueel.4781,66.0,67.0,1500.0,269005.615955,596083.124053,Duitsland,Windpark Wybelsumer Polder,E-66/15.70,,,land,2026-01-11,POINT (269005.616 596083.1241)
rivm_windturbines_ashoogte_actueel.4782,66.0,67.0,1500.0,270851.882147,596083.124053,Duitsland,Windpark Wybelsumer Polder,E-66/15.70,,,land,2026-01-11,POINT (270851.8821 596083.1241)
rivm_windturbines_ashoogte_actueel.4783,13.0,15.0,15.0,234121.991519,596084.34726,Nederland,,EAZ wind,Het Hogeland,Groningen,land,2026-01-11,POINT (234121.9915 596084.3473)
rivm_windturbines_ashoogte_actueel.4784,66.0,67.0,1500.0,270517.712729,596089.474066,Duitsland,Windpark Wybelsumer Polder,E-66/15.70,,,land,2026-01-11,POINT (270517.7127 596089.4741)
rivm_windturbines_ashoogte_actueel.4785,66.0,67.0,1500.0,271142.395228,596091.061569,Duitsland,Windpark Wybelsumer Polder,E-66/15.70,,,land,2026-01-11,POINT (271142.3952 596091.0616)
rivm_windturbines_ashoogte_actueel.4786,13.0,15.0,15.0,234144.965527,596115.056254,Nederland,,EAZ wind,Het Hogeland,Groningen,land,2026-01-11,POINT (234144.9655 596115.0563)
rivm_windturbines_ashoogte_actueel.4787,82.0,108.0,2000.0,271458.745952,596133.604029,Duitsland,Windpark Wybelsumer Polder,,,,land,2026-01-11,POINT (271458.746 596133.604)
rivm_windturbines_ashoogte_actueel.4788,66.0,67.0,1500.0,266954.561853,596140.274167,Duitsland,Windpark Wybelsumer Polder,E-66/15.70,,,land,2026-01-11,POINT (266954.5619 596140.2742)
rivm_windturbines_ashoogte_actueel.4789,16.0,18.0,25.0,253160.662572,596149.772108,Nederland,,,Eemsdelta,Groningen,land,2026-01-11,POINT (253160.6626 596149.7721)
rivm_windturbines_ashoogte_actueel.4790,13.0,15.0,15.0,194386.0,596156.0,Nederland,,EAZ wind,Noardeast-Fryslân,Fryslân,land,2026-01-11,POINT (194386 596156)
rivm_windturbines_ashoogte_actueel.4791,16.0,18.0,25.0,242386.684684,596220.575889,Nederland,,,Eemsdelta,Groningen,land,2026-01-11,POINT (242386.6847 596220.5759)
rivm_windturbines_ashoogte_actueel.4792,13.0,15.0,15.0,250508.05481,596221.731873,Nederland,,EAZ wind,Eemsdelta,Groningen,land,2026-01-11,POINT (250508.0548 596221.7319)
rivm_windturbines_ashoogte_actueel.4793,66.0,67.0,1500.0,266667.223778,596264.099415,Duitsland,Windpark Wybelsumer Polder,E-66/15.70,,,land,2026-01-11,POINT (266667.2238 596264.0994)
rivm_windturbines_ashoogte_actueel.4794,13.0,15.0,15.0,255353.917428,596299.231781,Nederland,,EAZ wind,Eemsdelta,Groningen,land,2026-01-11,POINT (255353.9174 596299.2318)
rivm_windturbines_ashoogte_actueel.4795,13.0,15.0,15.0,241691.925999,596313.870186,Nederland,,EAZ wind,Eemsdelta,Groningen,land,2026-01-11,POINT (241691.926 596313.8702)
rivm_windturbines_ashoogte_actueel.4796,66.0,67.0,1500.0,267532.413009,596319.662026,Duitsland,Windpark Wybelsumer Polder,E-66/15.70,,,land,2026-01-11,POINT (267532.413 596319.662)
rivm_windturbines_ashoogte_actueel.4797,66.0,67.0,1500.0,267835.626115,596326.012039,Duitsland,Windpark Wybelsumer Polder,E-66/15.70,,,land,2026-01-11,POINT (267835.6261 596326.012)
rivm_windturbines_ashoogte_actueel.4798,66.0,67.0,1500.0,267235.549915,596330.774548,Duitsland,Windpark Wybelsumer Polder,E-66/15.70,,,land,2026-01-11,POINT (267235.5499 596330.7745)
rivm_windturbines_ashoogte_actueel.4799,66.0,67.0,1500.0,268090.420375,596333.949555,Duitsland,Windpark Wybelsumer Polder,E-66/15.70,,,land,2026-01-11,POINT (268090.4204 596333.9496)
rivm_windturbines_ashoogte_actueel.4800,66.0,67.0,1500.0,270162.112018,596333.949555,Duitsland,Windpark Wybelsumer Polder,E-66/15.70,,,land,2026-01-11,POINT (270162.112 596333.9496)
rivm_windturbines_ashoogte_actueel.4801,135.0,135.0,3050.0,273008.548431,596338.738336,Duitsland,,,,,land,2026-01-11,POINT (273008.5484 596338.7383)
rivm_windturbines_ashoogte_actueel.4802,66.0,67.0,1500.0,266946.624337,596340.299568,Duitsland,Windpark Wybelsumer Polder,E-66/15.70,,,land,2026-01-11,POINT (266946.6243 596340.2996)
rivm_windturbines_ashoogte_actueel.4803,66.0,67.0,1500.0,270708.21311,596357.762102,Duitsland,Windpark Wybelsumer Polder,E-66/15.70,,,land,2026-01-11,POINT (270708.2131 596357.7621)
rivm_windturbines_ashoogte_actueel.4804,13.0,15.0,15.0,234353.661638,596361.070959,Nederland,,EAZ wind,Het Hogeland,Groningen,land,2026-01-11,POINT (234353.6616 596361.071)
rivm_windturbines_ashoogte_actueel.4805,62.0,40.0,1300.0,227685.302,596362.9279,Nederland,,,Het Hogeland,Groningen,land,2026-01-11,POINT (227685.302 596362.9279)
rivm_windturbines_ashoogte_actueel.4806,114.0,126.0,6000.0,271899.938043,596366.784638,Duitsland,,E-112,,,land,2026-01-11,POINT (271899.938 596366.7846)
rivm_windturbines_ashoogte_actueel.4807,66.0,67.0,1500.0,271004.282452,596368.874625,Duitsland,Windpark Wybelsumer Polder,E-66/15.70,,,land,2026-01-11,POINT (271004.2825 596368.8746)
rivm_windturbines_ashoogte_actueel.4808,82.0,108.0,2000.0,271303.219161,596406.957519,Duitsland,Windpark Wybelsumer Polder,,,,land,2026-01-11,POINT (271303.2192 596406.9575)
rivm_windturbines_ashoogte_actueel.4809,13.0,15.0,15.0,205088.609985,596411.190002,Nederland,,EAZ wind,Noardeast-Fryslân,Fryslân,land,2026-01-11,POINT (205088.61 596411.19)
rivm_windturbines_ashoogte_actueel.4810,13.0,15.0,15.0,250995.813791,596420.348189,Nederland,,EAZ wind,Eemsdelta,Groningen,land,2026-01-11,POINT (250995.8138 596420.3482)
rivm_windturbines_ashoogte_actueel.4811,135.0,135.0,3050.0,272348.10389,596422.849733,Duitsland,,,,,land,2026-01-11,POINT (272348.1039 596422.8497)
rivm_windturbines_ashoogte_actueel.4812,122.0,90.0,6500.0,264497.067042,596457.282848,Duitsland,,,,,land,2026-01-11,POINT (264497.067 596457.2828)
rivm_windturbines_ashoogte_actueel.4813,33.4,30.0,300.0,185257.396,596478.1715,Nederland,,,Noardeast-Fryslân,Fryslân,land,2026-01-11,POINT (185257.396 596478.1715)
rivm_windturbines_ashoogte_actueel.4814,135.0,135.0,3050.0,272667.098386,596480.116244,Duitsland,,,,,land,2026-01-11,POINT (272667.0984 596480.1162)
rivm_windturbines_ashoogte_actueel.4815,66.0,67.0,1500.0,266656.645011,596502.221836,Duitsland,Windpark Wybelsumer Polder,E-66/15.70,,,land,2026-01-11,POINT (266656.645 596502.2218)
rivm_windturbines_ashoogte_actueel.4816,66.0,67.0,1500.0,266374.190293,596529.115798,Duitsland,Windpark Wybelsumer Polder,E-66/15.70,,,land,2026-01-11,POINT (266374.1903 596529.1158)
rivm_windturbines_ashoogte_actueel.4817,66.0,67.0,1500.0,266941.861827,596538.737464,Duitsland,Windpark Wybelsumer Polder,E-66/15.70,,,land,2026-01-11,POINT (266941.8618 596538.7375)
rivm_windturbines_ashoogte_actueel.4818,66.0,67.0,1500.0,267221.262386,596573.662534,Duitsland,Windpark Wybelsumer Polder,E-66/15.70,,,land,2026-01-11,POINT (267221.2624 596573.6625)
rivm_windturbines_ashoogte_actueel.4819,16.0,20.0,25.0,187819.361374,596598.744395,Nederland,,SWP25-16TG20,Noardeast-Fryslân,Fryslân,land,2026-01-11,POINT (187819.3614 596598.7444)
rivm_windturbines_ashoogte_actueel.4820,13.0,15.0,15.0,203258.401256,596599.36287,Nederland,,EAZ wind,Noardeast-Fryslân,Fryslân,land,2026-01-11,POINT (203258.4013 596599.3629)
rivm_windturbines_ashoogte_actueel.4821,13.0,15.0,15.0,253435.342437,596600.118759,Nederland,,EAZ wind,Eemsdelta,Groningen,land,2026-01-11,POINT (253435.3424 596600.1188)
rivm_windturbines_ashoogte_actueel.4822,66.0,67.0,1500.0,267524.475493,596600.650088,Duitsland,Windpark Wybelsumer Polder,E-66/15.70,,,land,2026-01-11,POINT (267524.4755 596600.6501)
rivm_windturbines_ashoogte_actueel.4823,66.0,67.0,1500.0,267829.276102,596611.76261,Duitsland,Windpark Wybelsumer Polder,E-66/15.70,,,land,2026-01-11,POINT (267829.2761 596611.7626)
rivm_windturbines_ashoogte_actueel.4824,66.0,67.0,1500.0,268072.95784,596616.52512,Duitsland,Windpark Wybelsumer Polder,E-66/15.70,,,land,2026-01-11,POINT (268072.9578 596616.5251)
rivm_windturbines_ashoogte_actueel.4825,18.0,34.0,80.0,198094.8371,596625.8828,Nederland,,,Noardeast-Fryslân,Fryslân,land,2026-01-11,POINT (198094.8371 596625.8828)
rivm_windturbines_ashoogte_actueel.4826,16.0,20.0,25.0,187862.27515,596626.131373,Nederland,,SWP25-16TG20,Noardeast-Fryslân,Fryslân,land,2026-01-11,POINT (187862.2751 596626.1314)
rivm_windturbines_ashoogte_actueel.4827,13.0,15.0,15.0,229979.97242,596649.106879,Nederland,,EAZ wind,Het Hogeland,Groningen,land,2026-01-11,POINT (229979.9724 596649.1069)
rivm_windturbines_ashoogte_actueel.4828,13.0,15.0,15.0,231735.083599,596697.222804,Nederland,,,Het Hogeland,Groningen,land,2026-01-11,POINT (231735.0836 596697.2228)
rivm_windturbines_ashoogte_actueel.4829,135.0,135.0,3050.0,272331.780233,596700.651302,Duitsland,,,,,land,2026-01-11,POINT (272331.7802 596700.6513)
rivm_windturbines_ashoogte_actueel.4830,16.0,20.0,25.0,186033.882,596721.38152,Nederland,,SWP25-16TG20,Noardeast-Fryslân,Fryslân,land,2026-01-11,POINT (186033.882 596721.3815)
rivm_windturbines_ashoogte_actueel.4831,127.0,135.0,7580.0,264029.413098,596764.574199,Duitsland,,,,,land,2026-01-11,POINT (264029.4131 596764.5742)
rivm_windturbines_ashoogte_actueel.4832,13.0,15.0,15.0,249103.721395,596807.31905,Nederland,,EAZ wind,Eemsdelta,Groningen,land,2026-01-11,POINT (249103.7214 596807.319)
rivm_windturbines_ashoogte_actueel.4833,10.0,15.0,25.0,242573.207771,596901.110985,Nederland,,,Eemsdelta,Groningen,land,2026-01-11,POINT (242573.2078 596901.111)
rivm_windturbines_ashoogte_actueel.4834,11.0,15.0,10.0,198629.62577,596934.574138,Nederland,,BW10,Noardeast-Fryslân,Fryslân,land,2026-01-11,POINT (198629.6258 596934.5741)
rivm_windturbines_ashoogte_actueel.4835,10.0,15.0,25.0,242243.520694,596967.156119,Nederland,,,Eemsdelta,Groningen,land,2026-01-11,POINT (242243.5207 596967.1561)
rivm_windturbines_ashoogte_actueel.4836,11.0,15.0,10.0,198720.369971,596973.046748,Nederland,,BW10,Noardeast-Fryslân,Fryslân,land,2026-01-11,POINT (198720.37 596973.0467)
rivm_windturbines_ashoogte_actueel.4837,13.0,15.0,15.0,233038.539709,597001.160031,Nederland,,EAZ wind,Het Hogeland,Groningen,land,2026-01-11,POINT (233038.5397 597001.16)
rivm_windturbines_ashoogte_actueel.4838,13.0,15.0,15.0,202116.173059,597022.897229,Nederland,,EAZ wind,Noardeast-Fryslân,Fryslân,land,2026-01-11,POINT (202116.1731 597022.8972)
rivm_windturbines_ashoogte_actueel.4839,13.0,15.0,15.0,254712.650818,597046.116746,Nederland,,EAZ wind,Eemsdelta,Groningen,land,2026-01-11,POINT (254712.6508 597046.1167)
rivm_windturbines_ashoogte_actueel.4840,13.0,15.0,15.0,248110.12224,597095.189114,Nederland,,EAZ wind,Eemsdelta,Groningen,land,2026-01-11,POINT (248110.1222 597095.1891)
rivm_windturbines_ashoogte_actueel.4841,13.0,15.0,15.0,248087.97044,597121.615823,Nederland,,EAZ wind,Eemsdelta,Groningen,land,2026-01-11,POINT (248087.9704 597121.6158)
rivm_windturbines_ashoogte_actueel.4842,13.0,15.0,15.0,253864.532715,597132.690308,Nederland,,EAZ wind,Eemsdelta,Groningen,land,2026-01-11,POINT (253864.5327 597132.6903)
rivm_windturbines_ashoogte_actueel.4843,18.0,31.4,80.0,185781.8932,597134.8717,Nederland,,,Noardeast-Fryslân,Fryslân,land,2026-01-11,POINT (185781.8932 597134.8717)
rivm_windturbines_ashoogte_actueel.4844,127.0,135.0,7580.0,263759.063533,597166.555868,Duitsland,,,,,land,2026-01-11,POINT (263759.0635 597166.5559)
rivm_windturbines_ashoogte_actueel.4845,13.0,15.0,15.0,229279.667258,597237.32783,Nederland,,EAZ wind,Het Hogeland,Groningen,land,2026-01-11,POINT (229279.6673 597237.3278)
rivm_windturbines_ashoogte_actueel.4846,13.0,15.0,15.0,251717.485365,597244.62361,Nederland,,EAZ wind,Eemsdelta,Groningen,land,2026-01-11,POINT (251717.4854 597244.6236)
rivm_windturbines_ashoogte_actueel.4847,13.0,15.0,15.0,234856.93097,597277.695604,Nederland,,EAZ wind,Het Hogeland,Groningen,land,2026-01-11,POINT (234856.931 597277.6956)
rivm_windturbines_ashoogte_actueel.4848,18.0,31.4,80.0,192900.6467,597350.1815,Nederland,,,Noardeast-Fryslân,Fryslân,land,2026-01-11,POINT (192900.6467 597350.1815)
rivm_windturbines_ashoogte_actueel.4849,13.0,15.0,15.0,222049.592529,597388.982117,Nederland,,EAZ wind,Het Hogeland,Groningen,land,2026-01-11,POINT (222049.5925 597388.9821)
rivm_windturbines_ashoogte_actueel.4850,13.0,15.0,15.0,254977.167449,597403.456704,Nederland,,EAZ wind,Eemsdelta,Groningen,land,2026-01-11,POINT (254977.1674 597403.4567)
rivm_windturbines_ashoogte_actueel.4851,13.0,15.0,15.0,254948.135359,597404.925253,Nederland,,EAZ wind,Eemsdelta,Groningen,land,2026-01-11,POINT (254948.1354 597404.9253)
rivm_windturbines_ashoogte_actueel.4852,13.0,15.0,15.0,205444.774629,597405.49054,Nederland,,EAZ wind,Noardeast-Fryslân,Fryslân,land,2026-01-11,POINT (205444.7746 597405.4905)
rivm_windturbines_ashoogte_actueel.4853,18.0,31.4,80.0,185990.8921,597414.8717,Nederland,,,Noardeast-Fryslân,Fryslân,land,2026-01-11,POINT (185990.8921 597414.8717)
rivm_windturbines_ashoogte_actueel.4854,16.0,20.0,25.0,189196.966238,597416.551166,Nederland,,SWP25-16TG20,Noardeast-Fryslân,Fryslân,land,2026-01-11,POINT (189196.9662 597416.5512)
rivm_windturbines_ashoogte_actueel.4855,13.0,15.0,15.0,219544.687355,597454.909289,Nederland,,EAZ wind,Het Hogeland,Groningen,land,2026-01-11,POINT (219544.6874 597454.9093)
rivm_windturbines_ashoogte_actueel.4856,13.0,15.0,15.0,228633.909978,597508.848641,Nederland,,EAZ wind,Het Hogeland,Groningen,land,2026-01-11,POINT (228633.91 597508.8486)
rivm_windturbines_ashoogte_actueel.4857,122.0,90.0,6500.0,263542.808458,597540.479417,Duitsland,,,,,land,2026-01-11,POINT (263542.8085 597540.4794)
rivm_windturbines_ashoogte_actueel.4858,13.0,15.0,15.0,216464.03408,597543.983274,Nederland,,EAZ wind,Het Hogeland,Groningen,land,2026-01-11,POINT (216464.0341 597543.9833)
rivm_windturbines_ashoogte_actueel.4859,13.0,15.0,15.0,249726.924875,597650.454651,Nederland,,EAZ wind,Eemsdelta,Groningen,land,2026-01-11,POINT (249726.9249 597650.4547)
rivm_windturbines_ashoogte_actueel.4860,13.0,15.0,15.0,246808.111584,597675.544059,Nederland,,EAZ wind,Eemsdelta,Groningen,land,2026-01-11,POINT (246808.1116 597675.5441)
rivm_windturbines_ashoogte_actueel.4861,13.0,15.0,15.0,244922.349254,597676.710337,Nederland,,EAZ wind,Eemsdelta,Groningen,land,2026-01-11,POINT (244922.3493 597676.7103)
rivm_windturbines_ashoogte_actueel.4862,13.0,15.0,15.0,246836.012297,597687.578425,Nederland,,EAZ wind,Eemsdelta,Groningen,land,2026-01-11,POINT (246836.0123 597687.5784)
rivm_windturbines_ashoogte_actueel.4863,13.0,15.0,15.0,254365.193726,597691.942322,Nederland,,EAZ wind,Eemsdelta,Groningen,land,2026-01-11,POINT (254365.1937 597691.9423)
rivm_windturbines_ashoogte_actueel.4864,31.0,31.0,300.0,197941.4567,597728.7023,Nederland,,,Noardeast-Fryslân,Fryslân,land,2026-01-11,POINT (197941.4567 597728.7023)
rivm_windturbines_ashoogte_actueel.4865,13.0,15.0,15.0,214940.091285,597822.099552,Nederland,,EAZ wind,Het Hogeland,Groningen,land,2026-01-11,POINT (214940.0913 597822.0996)
rivm_windturbines_ashoogte_actueel.4866,122.0,90.0,6500.0,263305.611669,597887.478379,Duitsland,,,,,land,2026-01-11,POINT (263305.6117 597887.4784)
rivm_windturbines_ashoogte_actueel.4867,11.0,15.0,10.0,201828.736075,597978.643833,Nederland,,BW10,Noardeast-Fryslân,Fryslân,land,2026-01-11,POINT (201828.7361 597978.6438)
rivm_windturbines_ashoogte_actueel.4868,10.0,15.0,25.0,244312.273538,598209.384806,Nederland,,,Eemsdelta,Groningen,land,2026-01-11,POINT (244312.2735 598209.3848)
rivm_windturbines_ashoogte_actueel.4869,10.0,15.0,25.0,244373.140306,598242.514819,Nederland,,,Eemsdelta,Groningen,land,2026-01-11,POINT (244373.1403 598242.5148)
rivm_windturbines_ashoogte_actueel.4870,13.0,15.0,15.0,196952.172,598258.295002,Nederland,,EAZ wind,Noardeast-Fryslân,Fryslân,land,2026-01-11,POINT (196952.172 598258.295)
rivm_windturbines_ashoogte_actueel.4871,13.0,15.0,15.0,235741.454167,598328.042671,Nederland,,EAZ wind,Het Hogeland,Groningen,land,2026-01-11,POINT (235741.4542 598328.0427)
rivm_windturbines_ashoogte_actueel.4872,13.0,15.0,15.0,201257.031949,598336.767687,Nederland,,EAZ wind,Noardeast-Fryslân,Fryslân,land,2026-01-11,POINT (201257.0319 598336.7677)
rivm_windturbines_ashoogte_actueel.4873,13.0,15.0,15.0,235754.142364,598355.083091,Nederland,,EAZ wind,Het Hogeland,Groningen,land,2026-01-11,POINT (235754.1424 598355.0831)
rivm_windturbines_ashoogte_actueel.4874,13.0,15.0,15.0,234407.191929,598525.955965,Nederland,,EAZ wind,Het Hogeland,Groningen,land,2026-01-11,POINT (234407.1919 598525.956)
rivm_windturbines_ashoogte_actueel.4875,13.0,15.0,15.0,249385.26127,598616.32697,Nederland,,EAZ wind,Eemsdelta,Groningen,land,2026-01-11,POINT (249385.2613 598616.327)
rivm_windturbines_ashoogte_actueel.4876,33.4,30.0,300.0,188570.8375,598684.4087,Nederland,,,Noardeast-Fryslân,Fryslân,land,2026-01-11,POINT (188570.8375 598684.4087)
rivm_windturbines_ashoogte_actueel.4877,13.0,15.0,15.0,252464.032535,598692.503096,Nederland,,EAZ wind,Eemsdelta,Groningen,land,2026-01-11,POINT (252464.0325 598692.5031)
rivm_windturbines_ashoogte_actueel.4878,13.0,15.0,15.0,252471.166499,598728.470169,Nederland,,EAZ wind,Eemsdelta,Groningen,land,2026-01-11,POINT (252471.1665 598728.4702)
rivm_windturbines_ashoogte_actueel.4879,13.0,15.0,15.0,252489.29866,598761.464757,Nederland,,EAZ wind,Eemsdelta,Groningen,land,2026-01-11,POINT (252489.2987 598761.4648)
rivm_windturbines_ashoogte_actueel.4880,13.0,15.0,15.0,235176.298469,598803.322602,Nederland,,EAZ wind,Het Hogeland,Groningen,land,2026-01-11,POINT (235176.2985 598803.3226)
rivm_windturbines_ashoogte_actueel.4881,13.0,15.0,15.0,222313.539377,598910.323894,Nederland,,EAZ wind,Het Hogeland,Groningen,land,2026-01-11,POINT (222313.5394 598910.3239)
rivm_windturbines_ashoogte_actueel.4882,16.0,20.0,25.0,193299.112588,598966.225213,Nederland,,SWP25 16TG20,Noardeast-Fryslân,Fryslân,land,2026-01-11,POINT (193299.1126 598966.2252)
rivm_windturbines_ashoogte_actueel.4883,13.0,15.0,15.0,253997.656867,598995.548787,Nederland,,EAZ wind,Eemsdelta,Groningen,land,2026-01-11,POINT (253997.6569 598995.5488)
rivm_windturbines_ashoogte_actueel.4884,13.0,15.0,15.0,225631.399838,598998.89771,Nederland,,EAZ wind,Het Hogeland,Groningen,land,2026-01-11,POINT (225631.3998 598998.8977)
rivm_windturbines_ashoogte_actueel.4885,13.0,15.0,10.0,188398.647451,599066.828521,Nederland,,BW10,Noardeast-Fryslân,Fryslân,land,2026-01-11,POINT (188398.6475 599066.8285)
rivm_windturbines_ashoogte_actueel.4886,31.0,30.0,300.0,193984.7062,599134.1898,Nederland,,,Noardeast-Fryslân,Fryslân,land,2026-01-11,POINT (193984.7062 599134.1898)
rivm_windturbines_ashoogte_actueel.4887,16.0,20.0,80.0,192621.828735,599145.708753,Nederland,,BW80,Noardeast-Fryslân,Fryslân,land,2026-01-11,POINT (192621.8287 599145.7088)
rivm_windturbines_ashoogte_actueel.4888,13.0,15.0,25.0,231409.936766,599186.976816,Nederland,,,Het Hogeland,Groningen,land,2026-01-11,POINT (231409.9368 599186.9768)
rivm_windturbines_ashoogte_actueel.4889,13.0,15.0,15.0,253254.880765,599330.442812,Nederland,,EAZ wind,Eemsdelta,Groningen,land,2026-01-11,POINT (253254.8808 599330.4428)
rivm_windturbines_ashoogte_actueel.4890,13.0,15.0,15.0,239362.883016,599336.195427,Nederland,,EAZ wind,Het Hogeland,Groningen,land,2026-01-11,POINT (239362.883 599336.1954)
rivm_windturbines_ashoogte_actueel.4891,13.0,15.0,15.0,239352.253679,599371.742718,Nederland,,EAZ wind,Het Hogeland,Groningen,land,2026-01-11,POINT (239352.2537 599371.7427)
rivm_windturbines_ashoogte_actueel.4892,52.0,40.0,850.0,242594.173762,599398.139292,Nederland,,,Het Hogeland,Groningen,land,2026-01-11,POINT (242594.1738 599398.1393)
rivm_windturbines_ashoogte_actueel.4893,13.0,15.0,15.0,241468.610656,599530.103696,Nederland,,EAZ wind,Het Hogeland,Groningen,land,2026-01-11,POINT (241468.6107 599530.1037)
rivm_windturbines_ashoogte_actueel.4894,16.0,15.0,25.0,195534.171826,599589.366299,Nederland,,SWP25-16TG20,Noardeast-Fryslân,Fryslân,land,2026-01-11,POINT (195534.1718 599589.3663)
rivm_windturbines_ashoogte_actueel.4895,13.0,15.0,15.0,223683.630183,599633.04666,Nederland,,EAZ wind,Het Hogeland,Groningen,land,2026-01-11,POINT (223683.6302 599633.0467)
rivm_windturbines_ashoogte_actueel.4896,14.0,15.0,25.0,200153.496216,599641.111084,Nederland,,,Noardeast-Fryslân,Fryslân,land,2026-01-11,POINT (200153.4962 599641.1111)
rivm_windturbines_ashoogte_actueel.4897,13.0,15.0,15.0,196352.0,599736.0,Nederland,,EAZ wind,Noardeast-Fryslân,Fryslân,land,2026-01-11,POINT (196352 599736)
rivm_windturbines_ashoogte_actueel.4898,13.0,15.0,15.0,226411.479745,599832.403029,Nederland,,EAZ wind,Het Hogeland,Groningen,land,2026-01-11,POINT (226411.4797 599832.403)
rivm_windturbines_ashoogte_actueel.4899,13.0,15.0,15.0,217439.787321,599919.757808,Nederland,,,Het Hogeland,Groningen,land,2026-01-11,POINT (217439.7873 599919.7578)
rivm_windturbines_ashoogte_actueel.4900,13.0,15.0,15.0,228773.410385,599967.817071,Nederland,,EAZ wind,Het Hogeland,Groningen,land,2026-01-11,POINT (228773.4104 599967.8171)
rivm_windturbines_ashoogte_actueel.4901,22.0,40.0,600.0,226959.588111,599974.587165,Nederland,,NEG-micon 600/43,Het Hogeland,Groningen,land,2026-01-11,POINT (226959.5881 599974.5872)
rivm_windturbines_ashoogte_actueel.4902,13.0,15.0,25.0,231086.738974,599975.538156,Nederland,,,Het Hogeland,Groningen,land,2026-01-11,POINT (231086.739 599975.5382)
rivm_windturbines_ashoogte_actueel.4903,13.0,15.0,15.0,228771.151642,599996.757222,Nederland,,EAZ wind,Het Hogeland,Groningen,land,2026-01-11,POINT (228771.1516 599996.7572)
rivm_windturbines_ashoogte_actueel.4904,10.0,15.0,25.0,254673.412388,600066.635466,Nederland,,,Eemsdelta,Groningen,land,2026-01-11,POINT (254673.4124 600066.6355)
rivm_windturbines_ashoogte_actueel.4905,13.0,15.0,15.0,192690.248083,600078.288173,Nederland,,EAZ wind,Noardeast-Fryslân,Fryslân,land,2026-01-11,POINT (192690.2481 600078.2882)
rivm_windturbines_ashoogte_actueel.4906,16.0,20.0,80.0,197396.499057,600110.021832,Nederland,,BW80,Noardeast-Fryslân,Fryslân,land,2026-01-11,POINT (197396.4991 600110.0218)
rivm_windturbines_ashoogte_actueel.4907,18.0,31.4,80.0,196428.8813,600147.6199,Nederland,,,Noardeast-Fryslân,Fryslân,land,2026-01-11,POINT (196428.8813 600147.6199)
rivm_windturbines_ashoogte_actueel.4908,52.0,40.0,850.0,194923.334,600161.931996,Nederland,,,Noardeast-Fryslân,Fryslân,land,2026-01-11,POINT (194923.334 600161.932)
rivm_windturbines_ashoogte_actueel.4909,13.0,15.0,15.0,244550.97009,600192.848992,Nederland,,EAZ wind,Eemsdelta,Groningen,land,2026-01-11,POINT (244550.9701 600192.849)
rivm_windturbines_ashoogte_actueel.4910,18.0,31.4,80.0,194540.4801,600207.148,Nederland,,,Noardeast-Fryslân,Fryslân,land,2026-01-11,POINT (194540.4801 600207.148)
rivm_windturbines_ashoogte_actueel.4911,52.0,40.0,900.0,217734.6911,600214.3986,Nederland,,,Het Hogeland,Groningen,land,2026-01-11,POINT (217734.6911 600214.3986)
rivm_windturbines_ashoogte_actueel.4912,13.0,15.0,15.0,244531.42236,600225.145417,Nederland,,EAZ wind,Eemsdelta,Groningen,land,2026-01-11,POINT (244531.4224 600225.1454)
rivm_windturbines_ashoogte_actueel.4913,14.0,15.0,25.0,193410.101398,600275.56631,Nederland,,,Noardeast-Fryslân,Fryslân,land,2026-01-11,POINT (193410.1014 600275.5663)
rivm_windturbines_ashoogte_actueel.4914,18.0,31.4,80.0,194547.3498,600440.9079,Nederland,,,Noardeast-Fryslân,Fryslân,land,2026-01-11,POINT (194547.3498 600440.9079)
rivm_windturbines_ashoogte_actueel.4915,52.0,40.0,850.0,218400.8189,600477.0929,Nederland,,,Het Hogeland,Groningen,land,2026-01-11,POINT (218400.8189 600477.0929)
rivm_windturbines_ashoogte_actueel.4916,13.0,15.0,15.0,225795.72113,600492.014587,Nederland,,EAZ wind,Het Hogeland,Groningen,land,2026-01-11,POINT (225795.7211 600492.0146)
rivm_windturbines_ashoogte_actueel.4917,13.0,15.0,15.0,225827.312988,600497.433472,Nederland,,EAZ wind,Het Hogeland,Groningen,land,2026-01-11,POINT (225827.313 600497.4335)
rivm_windturbines_ashoogte_actueel.4918,52.0,40.0,850.0,218728.2899,600606.6392,Nederland,,V52-850 kW,Het Hogeland,Groningen,land,2026-01-11,POINT (218728.2899 600606.6392)
rivm_windturbines_ashoogte_actueel.4919,16.0,20.0,45.0,196227.446245,600668.998269,Nederland,,BW45,Noardeast-Fryslân,Fryslân,land,2026-01-11,POINT (196227.4462 600668.9983)
rivm_windturbines_ashoogte_actueel.4920,13.0,15.0,25.0,231983.688775,600672.366171,Nederland,,,Het Hogeland,Groningen,land,2026-01-11,POINT (231983.6888 600672.3662)
rivm_windturbines_ashoogte_actueel.4921,13.0,15.0,25.0,222597.264652,600746.549957,Nederland,,,Het Hogeland,Groningen,land,2026-01-11,POINT (222597.2647 600746.55)
rivm_windturbines_ashoogte_actueel.4922,13.0,15.0,15.0,226735.087708,600799.378174,Nederland,,EAZ wind,Het Hogeland,Groningen,land,2026-01-11,POINT (226735.0877 600799.3782)
rivm_windturbines_ashoogte_actueel.4923,13.0,15.0,15.0,251386.348027,600811.123258,Nederland,,EAZ wind,Eemsdelta,Groningen,land,2026-01-11,POINT (251386.348 600811.1233)
rivm_windturbines_ashoogte_actueel.4924,13.0,15.0,15.0,228372.426201,600838.12149,Nederland,,EAZ wind,Het Hogeland,Groningen,land,2026-01-11,POINT (228372.4262 600838.1215)
rivm_windturbines_ashoogte_actueel.4925,14.0,15.0,25.0,243915.182636,600988.80971,Nederland,,SPW 25 kW,Het Hogeland,Groningen,land,2026-01-11,POINT (243915.1826 600988.8097)
rivm_windturbines_ashoogte_actueel.4926,10.0,15.0,25.0,254417.967968,600993.856699,Nederland,,,Eemsdelta,Groningen,land,2026-01-11,POINT (254417.968 600993.8567)
rivm_windturbines_ashoogte_actueel.4927,14.0,15.0,25.0,244232.740184,600999.795422,Nederland,,SPW25-16,Het Hogeland,Groningen,land,2026-01-11,POINT (244232.7402 600999.7954)
rivm_windturbines_ashoogte_actueel.4928,13.0,15.0,25.0,236800.378436,601092.0072,Nederland,,,Het Hogeland,Groningen,land,2026-01-11,POINT (236800.3784 601092.0072)
rivm_windturbines_ashoogte_actueel.4929,13.0,15.0,15.0,240662.111328,601114.965271,Nederland,,EAZ wind,Het Hogeland,Groningen,land,2026-01-11,POINT (240662.1113 601114.9653)
rivm_windturbines_ashoogte_actueel.4930,54.0,40.0,900.0,253433.5316,601306.9639,Nederland,,,Eemsdelta,Groningen,land,2026-01-11,POINT (253433.5316 601306.9639)
rivm_windturbines_ashoogte_actueel.4931,13.0,15.0,15.0,220454.353033,601513.935424,Nederland,,EAZ wind,Het Hogeland,Groningen,land,2026-01-11,POINT (220454.353 601513.9354)
rivm_windturbines_ashoogte_actueel.4932,13.0,15.0,15.0,221270.016879,601666.518669,Nederland,,EAZ wind,Het Hogeland,Groningen,land,2026-01-11,POINT (221270.0169 601666.5187)
rivm_windturbines_ashoogte_actueel.4933,15.0,25.0,10.0,249304.922313,601684.135344,Nederland,,,Eemsdelta,Groningen,land,2026-01-11,POINT (249304.9223 601684.1353)
rivm_windturbines_ashoogte_actueel.4934,15.0,25.0,10.0,249290.70093,601699.679646,Nederland,,,Eemsdelta,Groningen,land,2026-01-11,POINT (249290.7009 601699.6796)
rivm_windturbines_ashoogte_actueel.4935,31.0,40.0,300.0,221744.0976,601956.1793,Nederland,,Combi 31/300,Het Hogeland,Groningen,land,2026-01-11,POINT (221744.0976 601956.1793)
rivm_windturbines_ashoogte_actueel.4936,18.0,31.4,80.0,199993.726624,602125.750488,Nederland,,,Noardeast-Fryslân,Fryslân,land,2026-01-11,POINT (199993.7266 602125.7505)
rivm_windturbines_ashoogte_actueel.4937,54.0,40.0,900.0,249693.5858,602238.9768,Nederland,,,Eemsdelta,Groningen,land,2026-01-11,POINT (249693.5858 602238.9768)
rivm_windturbines_ashoogte_actueel.4938,13.0,15.0,15.0,222622.414986,602293.257892,Nederland,,EAZ wind,Het Hogeland,Groningen,land,2026-01-11,POINT (222622.415 602293.2579)
rivm_windturbines_ashoogte_actueel.4939,13.0,15.0,15.0,222654.944496,602309.305784,Nederland,,EAZ wind,Het Hogeland,Groningen,land,2026-01-11,POINT (222654.9445 602309.3058)
rivm_windturbines_ashoogte_actueel.4940,13.0,15.0,15.0,224619.687663,602485.465136,Nederland,,EAZ wind,Het Hogeland,Groningen,land,2026-01-11,POINT (224619.6877 602485.4651)
rivm_windturbines_ashoogte_actueel.4941,13.0,15.0,15.0,238435.119363,602512.450444,Nederland,,EAZ wind,Het Hogeland,Groningen,land,2026-01-11,POINT (238435.1194 602512.4504)
rivm_windturbines_ashoogte_actueel.4942,13.0,15.0,15.0,224634.768943,602526.475635,Nederland,,EAZ wind,Het Hogeland,Groningen,land,2026-01-11,POINT (224634.7689 602526.4756)
rivm_windturbines_ashoogte_actueel.4943,13.0,15.0,15.0,224647.733552,602561.136121,Nederland,,EAZ wind,Het Hogeland,Groningen,land,2026-01-11,POINT (224647.7336 602561.1361)
rivm_windturbines_ashoogte_actueel.4944,15.6,24.5,75.0,209260.703608,602634.002639,Nederland,,,Het Hogeland,Groningen,land,2026-01-11,POINT (209260.7036 602634.0026)
rivm_windturbines_ashoogte_actueel.4945,13.0,15.0,15.0,226501.699865,602790.272997,Nederland,,EAZ wind,Het Hogeland,Groningen,land,2026-01-11,POINT (226501.6999 602790.273)
rivm_windturbines_ashoogte_actueel.4946,13.0,15.0,15.0,246301.90144,602876.273334,Nederland,,EAZ wind,Het Hogeland,Groningen,land,2026-01-11,POINT (246301.9014 602876.2733)
rivm_windturbines_ashoogte_actueel.4947,13.0,15.0,15.0,243042.202853,602969.847706,Nederland,,EAZ wind,Het Hogeland,Groningen,land,2026-01-11,POINT (243042.2029 602969.8477)
rivm_windturbines_ashoogte_actueel.4948,52.0,40.0,850.0,229191.8737,603129.2218,Nederland,,V52-850 kW,Het Hogeland,Groningen,land,2026-01-11,POINT (229191.8737 603129.2218)
rivm_windturbines_ashoogte_actueel.4949,13.0,15.0,15.0,252967.14093,603254.19751,Nederland,,EAZ wind,Eemsdelta,Groningen,land,2026-01-11,POINT (252967.1409 603254.1975)
rivm_windturbines_ashoogte_actueel.4950,52.0,40.0,850.0,228822.5148,603263.6303,Nederland,,V52-850 kW,Het Hogeland,Groningen,land,2026-01-11,POINT (228822.5148 603263.6303)
rivm_windturbines_ashoogte_actueel.4951,13.0,15.0,15.0,252941.245972,603268.889282,Nederland,,EAZ wind,Eemsdelta,Groningen,land,2026-01-11,POINT (252941.246 603268.8893)
rivm_windturbines_ashoogte_actueel.4952,54.0,40.0,900.0,238543.8491,603463.7223,Nederland,,DirectWind 54*900,Het Hogeland,Groningen,land,2026-01-11,POINT (238543.8491 603463.7223)
rivm_windturbines_ashoogte_actueel.4953,136.0,120.0,3600.0,253790.317501,603489.250648,Nederland,,,Het Hogeland,Groningen,land,2026-01-11,POINT (253790.3175 603489.2506)
rivm_windturbines_ashoogte_actueel.4954,52.0,40.0,850.0,228828.8647,603602.2977,Nederland,,V52-850 kW,Het Hogeland,Groningen,land,2026-01-11,POINT (228828.8647 603602.2977)
rivm_windturbines_ashoogte_actueel.4955,47.0,40.0,660.0,251400.8734,603814.4809,Nederland,,,Eemsdelta,Groningen,land,2026-01-11,POINT (251400.8734 603814.4809)
rivm_windturbines_ashoogte_actueel.4956,90.0,100.0,2500.0,253850.0,603877.0,Nederland,,,Het Hogeland,Groningen,land,2026-01-11,POINT (253850 603877)
rivm_windturbines_ashoogte_actueel.4957,10.0,15.0,25.0,251180.210829,603961.2037,Nederland,,,Eemsdelta,Groningen,land,2026-01-11,POINT (251180.2108 603961.2037)
rivm_windturbines_ashoogte_actueel.4958,13.0,15.0,15.0,248025.396988,604203.127424,Nederland,,EAZ wind,Het Hogeland,Groningen,land,2026-01-11,POINT (248025.397 604203.1274)
rivm_windturbines_ashoogte_actueel.4959,90.0,100.0,2500.0,253855.0,604236.0,Nederland,,,Het Hogeland,Groningen,land,2026-01-11,POINT (253855 604236)
rivm_windturbines_ashoogte_actueel.4960,15.0,15.0,15.0,231086.471761,604255.278262,Nederland,,EAZ wind,Het Hogeland,Groningen,land,2026-01-11,POINT (231086.4718 604255.2783)
rivm_windturbines_ashoogte_actueel.4961,125.0,132.0,4500.0,253448.164063,604293.571998,Nederland,,,Het Hogeland,Groningen,land,2026-01-11,POINT (253448.1641 604293.572)
rivm_windturbines_ashoogte_actueel.4962,13.0,15.0,15.0,248587.619929,604375.83342,Nederland,,EAZ wind,Het Hogeland,Groningen,land,2026-01-11,POINT (248587.6199 604375.8334)
rivm_windturbines_ashoogte_actueel.4963,125.0,132.0,4500.0,253306.565367,604558.24314,Nederland,,,Het Hogeland,Groningen,land,2026-01-11,POINT (253306.5654 604558.2431)
rivm_windturbines_ashoogte_actueel.4964,90.0,100.0,2500.0,253864.0,604596.0,Nederland,,,Het Hogeland,Groningen,land,2026-01-11,POINT (253864 604596)
rivm_windturbines_ashoogte_actueel.4965,13.0,15.0,15.0,235842.482863,604763.255612,Nederland,,EAZ wind,Het Hogeland,Groningen,land,2026-01-11,POINT (235842.4829 604763.2556)
rivm_windturbines_ashoogte_actueel.4966,14.0,15.0,25.0,240599.257714,604822.42546,Nederland,,SPW 25 kW,Het Hogeland,Groningen,land,2026-01-11,POINT (240599.2577 604822.4255)
rivm_windturbines_ashoogte_actueel.4967,125.0,132.0,4500.0,252534.085275,604837.627417,Nederland,,,Het Hogeland,Groningen,land,2026-01-11,POINT (252534.0853 604837.6274)
rivm_windturbines_ashoogte_actueel.4968,13.0,15.0,25.0,237583.645727,604848.810342,Nederland,,,Het Hogeland,Groningen,land,2026-01-11,POINT (237583.6457 604848.8103)
rivm_windturbines_ashoogte_actueel.4969,136.0,155.0,4650.0,251733.618392,604851.67699,Nederland,,E-136 EP5,Eemsdelta,Groningen,land,2026-01-11,POINT (251733.6184 604851.677)
rivm_windturbines_ashoogte_actueel.4970,82.0,100.0,3000.0,253829.1485,604979.4371,Nederland,,,Het Hogeland,Groningen,land,2026-01-11,POINT (253829.1485 604979.4371)
rivm_windturbines_ashoogte_actueel.4971,13.0,15.0,25.0,243959.661817,605075.866686,Nederland,,,Het Hogeland,Groningen,land,2026-01-11,POINT (243959.6618 605075.8667)
rivm_windturbines_ashoogte_actueel.4972,125.0,132.0,4500.0,252820.461245,605228.112359,Nederland,,,Het Hogeland,Groningen,land,2026-01-11,POINT (252820.4612 605228.1124)
rivm_windturbines_ashoogte_actueel.4973,52.0,40.0,850.0,243692.9297,605267.2252,Nederland,,,Het Hogeland,Groningen,land,2026-01-11,POINT (243692.9297 605267.2252)
rivm_windturbines_ashoogte_actueel.4974,136.0,155.0,4650.0,252426.833,605294.85,Nederland,,,Het Hogeland,Groningen,land,2026-01-11,POINT (252426.833 605294.85)
rivm_windturbines_ashoogte_actueel.4975,82.0,100.0,3000.0,253633.5583,605358.9865,Nederland,,,Het Hogeland,Groningen,land,2026-01-11,POINT (253633.5583 605358.9865)
rivm_windturbines_ashoogte_actueel.4976,82.0,100.0,3000.0,253995.5563,605472.9874,Nederland,,,Het Hogeland,Groningen,land,2026-01-11,POINT (253995.5563 605472.9874)
rivm_windturbines_ashoogte_actueel.4977,13.0,15.0,25.0,249011.434996,605586.861994,Nederland,,,Het Hogeland,Groningen,land,2026-01-11,POINT (249011.435 605586.862)
rivm_windturbines_ashoogte_actueel.4978,136.0,155.0,4650.0,252890.656,605612.799,Nederland,,,Het Hogeland,Groningen,land,2026-01-11,POINT (252890.656 605612.799)
rivm_windturbines_ashoogte_actueel.4979,14.0,15.0,25.0,239895.449491,605616.321429,Nederland,,SPW 25 kW,Het Hogeland,Groningen,land,2026-01-11,POINT (239895.4495 605616.3214)
rivm_windturbines_ashoogte_actueel.4980,82.0,100.0,3000.0,253489.0749,605644.852,Nederland,,,Het Hogeland,Groningen,land,2026-01-11,POINT (253489.0749 605644.852)
rivm_windturbines_ashoogte_actueel.4981,136.0,155.0,4650.0,252082.023,605683.879,Nederland,,,Het Hogeland,Groningen,land,2026-01-11,POINT (252082.023 605683.879)
rivm_windturbines_ashoogte_actueel.4982,82.0,100.0,3000.0,253343.5581,605928.9855,Nederland,,,Het Hogeland,Groningen,land,2026-01-11,POINT (253343.5581 605928.9855)
rivm_windturbines_ashoogte_actueel.4983,82.0,100.0,3000.0,254150.5541,605984.9877,Nederland,,,Het Hogeland,Groningen,land,2026-01-11,POINT (254150.5541 605984.9877)
rivm_windturbines_ashoogte_actueel.4984,136.0,155.0,4650.0,252624.573,606025.198,Nederland,,,Het Hogeland,Groningen,land,2026-01-11,POINT (252624.573 606025.198)
rivm_windturbines_ashoogte_actueel.4985,136.0,155.0,4650.0,251688.178,606042.34,Nederland,,,Het Hogeland,Groningen,land,2026-01-11,POINT (251688.178 606042.34)
rivm_windturbines_ashoogte_actueel.4986,82.0,100.0,3000.0,253757.5557,606066.9866,Nederland,,,Het Hogeland,Groningen,land,2026-01-11,POINT (253757.5557 606066.9866)
rivm_windturbines_ashoogte_actueel.4987,13.0,15.0,25.0,247971.868587,606108.735987,Nederland,,,Het Hogeland,Groningen,land,2026-01-11,POINT (247971.8686 606108.736)
rivm_windturbines_ashoogte_actueel.4988,82.0,100.0,3000.0,253171.5582,606214.9849,Nederland,,,Het Hogeland,Groningen,land,2026-01-11,POINT (253171.5582 606214.9849)
rivm_windturbines_ashoogte_actueel.4989,136.0,155.0,4650.0,251195.7,606295.7,Nederland,,,Het Hogeland,Groningen,land,2026-01-11,POINT (251195.7 606295.7)
rivm_windturbines_ashoogte_actueel.4990,136.0,155.0,4650.0,252197.245,606332.823,Nederland,,,Het Hogeland,Groningen,land,2026-01-11,POINT (252197.245 606332.823)
rivm_windturbines_ashoogte_actueel.4991,82.0,100.0,3000.0,252881.67,606381.7221,Nederland,,,Het Hogeland,Groningen,land,2026-01-11,POINT (252881.67 606381.7221)
rivm_windturbines_ashoogte_actueel.4992,82.0,100.0,3000.0,253842.5543,606416.9867,Nederland,,,Het Hogeland,Groningen,land,2026-01-11,POINT (253842.5543 606416.9867)
rivm_windturbines_ashoogte_actueel.4993,82.0,100.0,3000.0,253547.5556,606475.9859,Nederland,,,Het Hogeland,Groningen,land,2026-01-11,POINT (253547.5556 606475.9859)
rivm_windturbines_ashoogte_actueel.4994,136.0,155.0,4650.0,250680.333,606490.959,Nederland,,,Het Hogeland,Groningen,land,2026-01-11,POINT (250680.333 606490.959)
rivm_windturbines_ashoogte_actueel.4995,136.0,155.0,4650.0,251706.3,606569.6,Nederland,,,Het Hogeland,Groningen,land,2026-01-11,POINT (251706.3 606569.6)
rivm_windturbines_ashoogte_actueel.4996,82.0,100.0,3000.0,252577.5601,606569.9832,Nederland,,,Het Hogeland,Groningen,land,2026-01-11,POINT (252577.5601 606569.9832)
rivm_windturbines_ashoogte_actueel.4997,136.0,155.0,4650.0,250121.27,606623.253,Nederland,,,Het Hogeland,Groningen,land,2026-01-11,POINT (250121.27 606623.253)
rivm_windturbines_ashoogte_actueel.4998,90.0,100.0,3000.0,252955.6607,606705.9847,Nederland,,,Het Hogeland,Groningen,land,2026-01-11,POINT (252955.6607 606705.9847)
rivm_windturbines_ashoogte_actueel.4999,82.0,100.0,3000.0,252262.5612,606722.9823,Nederland,,,Het Hogeland,Groningen,land,2026-01-11,POINT (252262.5612 606722.9823)
rivm_windturbines_ashoogte_actueel.5000,136.0,155.0,4650.0,249593.668,606725.093,Nederland,,,Het Hogeland,Groningen,land,2026-01-11,POINT (249593.668 606725.093)
rivm_windturbines_ashoogte_actueel.5001,82.0,100.0,3000.0,253302.0561,606731.9251,Nederland,,,Het Hogeland,Groningen,land,2026-01-11,POINT (253302.0561 606731.9251)
rivm_windturbines_ashoogte_actueel.5002,13.0,15.0,15.0,247493.069197,606742.102765,Nederland,,EAZ wind,Het Hogeland,Groningen,land,2026-01-11,POINT (247493.0692 606742.1028)
rivm_windturbines_ashoogte_actueel.5003,13.0,15.0,15.0,238622.309009,606743.747658,Nederland,,EAZ wind,Het Hogeland,Groningen,land,2026-01-11,POINT (238622.309 606743.7477)
rivm_windturbines_ashoogte_actueel.5004,13.0,15.0,15.0,247509.216222,606765.833998,Nederland,,EAZ wind,Het Hogeland,Groningen,land,2026-01-11,POINT (247509.2162 606765.834)
rivm_windturbines_ashoogte_actueel.5005,136.0,155.0,4650.0,251157.141,606781.563,Nederland,,,Het Hogeland,Groningen,land,2026-01-11,POINT (251157.141 606781.563)
rivm_windturbines_ashoogte_actueel.5006,82.0,100.0,3000.0,251931.67,606804.2247,Nederland,,,Het Hogeland,Groningen,land,2026-01-11,POINT (251931.67 606804.2247)
rivm_windturbines_ashoogte_actueel.5007,13.0,15.0,25.0,246897.917829,606811.643595,Nederland,,,Het Hogeland,Groningen,land,2026-01-11,POINT (246897.9178 606811.6436)
rivm_windturbines_ashoogte_actueel.5008,136.0,155.0,4650.0,249063.682,606818.764,Nederland,,,Het Hogeland,Groningen,land,2026-01-11,POINT (249063.682 606818.764)
rivm_windturbines_ashoogte_actueel.5009,82.0,100.0,3000.0,253953.5525,606874.9869,Nederland,,,Het Hogeland,Groningen,land,2026-01-11,POINT (253953.5525 606874.9869)
rivm_windturbines_ashoogte_actueel.5010,82.0,100.0,3000.0,251602.7285,606883.8364,Nederland,,,Het Hogeland,Groningen,land,2026-01-11,POINT (251602.7285 606883.8364)
rivm_windturbines_ashoogte_actueel.5011,90.0,100.0,3000.0,252651.5588,606887.9833,Nederland,,,Het Hogeland,Groningen,land,2026-01-11,POINT (252651.5588 606887.9833)
rivm_windturbines_ashoogte_actueel.5012,136.0,155.0,4650.0,248451.104,606902.396,Nederland,,,Het Hogeland,Groningen,land,2026-01-11,POINT (248451.104 606902.396)
rivm_windturbines_ashoogte_actueel.5013,136.0,155.0,4650.0,247826.891,606908.638,Nederland,,,Het Hogeland,Groningen,land,2026-01-11,POINT (247826.891 606908.638)
rivm_windturbines_ashoogte_actueel.5014,82.0,100.0,3000.0,254271.5508,606914.9877,Nederland,,,Het Hogeland,Groningen,land,2026-01-11,POINT (254271.5508 606914.9877)
rivm_windturbines_ashoogte_actueel.5015,82.0,100.0,3000.0,253661.5537,606942.9861,Nederland,,,Het Hogeland,Groningen,land,2026-01-11,POINT (253661.5537 606942.9861)
rivm_windturbines_ashoogte_actueel.5016,47.0,40.0,660.0,239846.696594,606950.385193,Nederland,,,Het Hogeland,Groningen,land,2026-01-11,POINT (239846.6966 606950.3852)
rivm_windturbines_ashoogte_actueel.5017,136.0,155.0,4650.0,250512.062,607025.308,Nederland,,,Het Hogeland,Groningen,land,2026-01-11,POINT (250512.062 607025.308)
rivm_windturbines_ashoogte_actueel.5018,90.0,100.0,3000.0,252337.56,607034.9824,Nederland,,,Het Hogeland,Groningen,land,2026-01-11,POINT (252337.56 607034.9824)
rivm_windturbines_ashoogte_actueel.5019,82.0,100.0,3000.0,250914.982186,607052.547178,Nederland,,,Het Hogeland,Groningen,land,2026-01-11,POINT (250914.9822 607052.5472)
rivm_windturbines_ashoogte_actueel.5020,90.0,100.0,3000.0,252005.5614,607105.9815,Nederland,,,Het Hogeland,Groningen,land,2026-01-11,POINT (252005.5614 607105.9815)
rivm_windturbines_ashoogte_actueel.5021,136.0,155.0,4650.0,249998.511,607151.091,Nederland,,,Het Hogeland,Groningen,land,2026-01-11,POINT (249998.511 607151.091)
rivm_windturbines_ashoogte_actueel.5022,82.0,100.0,3000.0,254025.5513,607171.987,Nederland,,,Het Hogeland,Groningen,land,2026-01-11,POINT (254025.5513 607171.987)
rivm_windturbines_ashoogte_actueel.5023,90.0,100.0,3000.0,251675.8192,607185.6471,Nederland,,,Het Hogeland,Groningen,land,2026-01-11,POINT (251675.8192 607185.6471)
rivm_windturbines_ashoogte_actueel.5024,82.0,100.0,3000.0,253415.6025,607202.9524,Nederland,,,Het Hogeland,Groningen,land,2026-01-11,POINT (253415.6025 607202.9524)
rivm_windturbines_ashoogte_actueel.5025,136.0,155.0,4650.0,249437.059,607239.475,Nederland,,,Het Hogeland,Groningen,land,2026-01-11,POINT (249437.059 607239.475)
rivm_windturbines_ashoogte_actueel.5026,90.0,100.0,3000.0,251346.5642,607248.9277,Nederland,,,Het Hogeland,Groningen,land,2026-01-11,POINT (251346.5642 607248.9277)
rivm_windturbines_ashoogte_actueel.5027,52.0,40.0,850.0,244560.9016,607278.4996,Nederland,,,Het Hogeland,Groningen,land,2026-01-11,POINT (244560.9016 607278.4996)
rivm_windturbines_ashoogte_actueel.5028,52.0,40.0,850.0,243883.994883,607300.535147,Nederland,,,Het Hogeland,Groningen,land,2026-01-11,POINT (243883.9949 607300.5351)
rivm_windturbines_ashoogte_actueel.5029,13.0,15.0,15.0,243658.853655,607308.640731,Nederland,,EAZ wind,Het Hogeland,Groningen,land,2026-01-11,POINT (243658.8537 607308.6407)
rivm_windturbines_ashoogte_actueel.5030,136.0,155.0,4650.0,248125.6,607314.5,Nederland,,,Het Hogeland,Groningen,land,2026-01-11,POINT (248125.6 607314.5)
rivm_windturbines_ashoogte_actueel.5031,136.0,155.0,4650.0,248805.416,607336.558,Nederland,,,Het Hogeland,Groningen,land,2026-01-11,POINT (248805.416 607336.558)
rivm_windturbines_ashoogte_actueel.5032,13.0,15.0,15.0,243667.434777,607337.021093,Nederland,,EAZ wind,Het Hogeland,Groningen,land,2026-01-11,POINT (243667.4348 607337.0211)
rivm_windturbines_ashoogte_actueel.5033,13.0,15.0,25.0,245174.964305,607344.529388,Nederland,,,Het Hogeland,Groningen,land,2026-01-11,POINT (245174.9643 607344.5294)
rivm_windturbines_ashoogte_actueel.5034,52.0,40.0,850.0,242276.9084,607410.1147,Nederland,,,Het Hogeland,Groningen,land,2026-01-11,POINT (242276.9084 607410.1147)
rivm_windturbines_ashoogte_actueel.5035,82.0,100.0,3000.0,253755.7719,607437.9362,Nederland,,,Het Hogeland,Groningen,land,2026-01-11,POINT (253755.7719 607437.9362)
rivm_windturbines_ashoogte_actueel.5036,82.0,100.0,3000.0,253546.7524,607636.5655,Nederland,,,Het Hogeland,Groningen,land,2026-01-11,POINT (253546.7524 607636.5655)
rivm_windturbines_ashoogte_actueel.5037,126.0,117.0,6150.0,250737.5153,607638.1916,Nederland,,,Het Hogeland,Groningen,land,2026-01-11,POINT (250737.5153 607638.1916)
rivm_windturbines_ashoogte_actueel.5038,90.0,100.0,3000.0,251792.5609,607667.9807,Nederland,,,Het Hogeland,Groningen,land,2026-01-11,POINT (251792.5609 607667.9807)
rivm_windturbines_ashoogte_actueel.5039,90.0,100.0,3000.0,252143.5591,607674.9817,Nederland,,,Het Hogeland,Groningen,land,2026-01-11,POINT (252143.5591 607674.9817)
rivm_windturbines_ashoogte_actueel.5040,90.0,100.0,3000.0,252851.5556,607715.9836,Nederland,,,Het Hogeland,Groningen,land,2026-01-11,POINT (252851.5556 607715.9836)
rivm_windturbines_ashoogte_actueel.5041,136.0,132.0,4500.0,251466.543396,607739.461182,Nederland,,,Het Hogeland,Groningen,land,2026-01-11,POINT (251466.5434 607739.4612)
rivm_windturbines_ashoogte_actueel.5042,126.0,117.0,6150.0,250219.9892,607765.1918,Nederland,,,Het Hogeland,Groningen,land,2026-01-11,POINT (250219.9892 607765.1918)
rivm_windturbines_ashoogte_actueel.5043,90.0,100.0,3000.0,249630.5712,607786.9749,Nederland,,,Het Hogeland,Groningen,land,2026-01-11,POINT (249630.5712 607786.9749)
rivm_windturbines_ashoogte_actueel.5044,90.0,100.0,3000.0,248735.5756,607791.9726,Nederland,,,Het Hogeland,Groningen,land,2026-01-11,POINT (248735.5756 607791.9726)
rivm_windturbines_ashoogte_actueel.5045,90.0,100.0,3000.0,248339.5775,607817.9715,Nederland,,,Het Hogeland,Groningen,land,2026-01-11,POINT (248339.5775 607817.9715)
rivm_windturbines_ashoogte_actueel.5046,82.0,100.0,3000.0,247471.5816,607869.9693,Nederland,,,Het Hogeland,Groningen,land,2026-01-11,POINT (247471.5816 607869.9693)
rivm_windturbines_ashoogte_actueel.5047,82.0,100.0,3000.0,253250.553,607911.9846,Nederland,,,Het Hogeland,Groningen,land,2026-01-11,POINT (253250.553 607911.9846)
rivm_windturbines_ashoogte_actueel.5048,82.0,100.0,3000.0,247186.6827,607980.7685,Nederland,,,Het Hogeland,Groningen,land,2026-01-11,POINT (247186.6827 607980.7685)
rivm_windturbines_ashoogte_actueel.5049,90.0,100.0,3000.0,252218.5579,607985.9818,Nederland,,,Het Hogeland,Groningen,land,2026-01-11,POINT (252218.5579 607985.9818)
rivm_windturbines_ashoogte_actueel.5050,82.0,100.0,3000.0,249411.4699,608052.487,Nederland,,,Het Hogeland,Groningen,land,2026-01-11,POINT (249411.4699 608052.487)
rivm_windturbines_ashoogte_actueel.5051,82.0,100.0,3000.0,246906.9681,608088.1492,Nederland,,,Het Hogeland,Groningen,land,2026-01-11,POINT (246906.9681 608088.1492)
rivm_windturbines_ashoogte_actueel.5052,82.0,100.0,3000.0,248141.942,608104.3145,Nederland,,,Het Hogeland,Groningen,land,2026-01-11,POINT (248141.942 608104.3145)
rivm_windturbines_ashoogte_actueel.5053,82.0,100.0,3000.0,252951.5539,608131.9837,Nederland,,,Het Hogeland,Groningen,land,2026-01-11,POINT (252951.5539 608131.9837)
rivm_windturbines_ashoogte_actueel.5054,82.0,100.0,3000.0,249022.1504,608154.5418,Nederland,,,Het Hogeland,Groningen,land,2026-01-11,POINT (249022.1504 608154.5418)
rivm_windturbines_ashoogte_actueel.5055,82.0,100.0,3000.0,246621.4009,608186.9323,Nederland,,,Het Hogeland,Groningen,land,2026-01-11,POINT (246621.4009 608186.9323)
rivm_windturbines_ashoogte_actueel.5056,90.0,100.0,3000.0,251578.789793,608192.82379,Nederland,,,Het Hogeland,Groningen,land,2026-01-11,POINT (251578.7898 608192.8238)
rivm_windturbines_ashoogte_actueel.5057,82.0,100.0,3000.0,248608.665,608250.8821,Nederland,,,Het Hogeland,Groningen,land,2026-01-11,POINT (248608.665 608250.8821)
rivm_windturbines_ashoogte_actueel.5058,82.0,100.0,3000.0,247864.1924,608254.5801,Nederland,,,Het Hogeland,Groningen,land,2026-01-11,POINT (247864.1924 608254.5801)
rivm_windturbines_ashoogte_actueel.5059,82.0,100.0,3000.0,246336.2518,608277.8764,Nederland,,,Het Hogeland,Groningen,land,2026-01-11,POINT (246336.2518 608277.8764)
rivm_windturbines_ashoogte_actueel.5060,82.0,100.0,3000.0,252641.975,608296.2028,Nederland,,,Het Hogeland,Groningen,land,2026-01-11,POINT (252641.975 608296.2028)
rivm_windturbines_ashoogte_actueel.5061,82.0,100.0,3000.0,246042.5766,608353.6632,Nederland,,,Het Hogeland,Groningen,land,2026-01-11,POINT (246042.5766 608353.6632)
rivm_windturbines_ashoogte_actueel.5062,82.0,100.0,3000.0,247591.475,608378.298,Nederland,,,Het Hogeland,Groningen,land,2026-01-11,POINT (247591.475 608378.298)
rivm_windturbines_ashoogte_actueel.5063,90.0,100.0,3000.0,245774.4797,608420.9239,Nederland,,,Het Hogeland,Groningen,land,2026-01-11,POINT (245774.4797 608420.9239)
rivm_windturbines_ashoogte_actueel.5064,82.0,100.0,3000.0,252324.5962,608422.5419,Nederland,,,Het Hogeland,Groningen,land,2026-01-11,POINT (252324.5962 608422.5419)
rivm_windturbines_ashoogte_actueel.5065,136.0,132.0,4500.0,249458.471547,608428.916899,Nederland,,,Het Hogeland,Groningen,land,2026-01-11,POINT (249458.4715 608428.9169)
rivm_windturbines_ashoogte_actueel.5066,90.0,100.0,3000.0,245463.5976,608501.006,Nederland,,,Het Hogeland,Groningen,land,2026-01-11,POINT (245463.5976 608501.006)
rivm_windturbines_ashoogte_actueel.5067,82.0,100.0,3000.0,247310.7104,608501.1045,Nederland,,,Het Hogeland,Groningen,land,2026-01-11,POINT (247310.7104 608501.1045)
rivm_windturbines_ashoogte_actueel.5068,90.0,100.0,3000.0,250891.563,608502.978,Nederland,,,Het Hogeland,Groningen,land,2026-01-11,POINT (250891.563 608502.978)
rivm_windturbines_ashoogte_actueel.5069,117.0,91.5,3300.0,252004.0796,608542.6333,Nederland,,,Het Hogeland,Groningen,land,2026-01-11,POINT (252004.0796 608542.6333)
rivm_windturbines_ashoogte_actueel.5070,90.0,100.0,3000.0,245160.5912,608565.9632,Nederland,,,Het Hogeland,Groningen,land,2026-01-11,POINT (245160.5912 608565.9632)
rivm_windturbines_ashoogte_actueel.5071,140.0,105.0,6150.0,248898.5727,608576.9727,Nederland,,,Het Hogeland,Groningen,land,2026-01-11,POINT (248898.5727 608576.9727)
rivm_windturbines_ashoogte_actueel.5072,90.0,100.0,3000.0,250549.5645,608585.9771,Nederland,,,Het Hogeland,Groningen,land,2026-01-11,POINT (250549.5645 608585.9771)
rivm_windturbines_ashoogte_actueel.5073,82.0,100.0,3000.0,251690.8788,608610.8002,Nederland,,,Het Hogeland,Groningen,land,2026-01-11,POINT (251690.8788 608610.8002)
rivm_windturbines_ashoogte_actueel.5074,82.0,100.0,3000.0,247033.7813,608624.559,Nederland,,,Het Hogeland,Groningen,land,2026-01-11,POINT (247033.7813 608624.559)
rivm_windturbines_ashoogte_actueel.5075,90.0,100.0,3000.0,250208.566,608668.9762,Nederland,,,Het Hogeland,Groningen,land,2026-01-11,POINT (250208.566 608668.9762)
rivm_windturbines_ashoogte_actueel.5076,82.0,100.0,3000.0,246747.0001,608713.0138,Nederland,,,Het Hogeland,Groningen,land,2026-01-11,POINT (246747.0001 608713.0138)
rivm_windturbines_ashoogte_actueel.5077,90.0,100.0,3000.0,249865.5674,608751.9752,Nederland,,,Het Hogeland,Groningen,land,2026-01-11,POINT (249865.5674 608751.9752)
rivm_windturbines_ashoogte_actueel.5078,82.0,100.0,3000.0,246446.8797,608805.4598,Nederland,,,Het Hogeland,Groningen,land,2026-01-11,POINT (246446.8797 608805.4598)
rivm_windturbines_ashoogte_actueel.5079,90.0,100.0,3000.0,249553.5688,608827.9744,Nederland,,,Het Hogeland,Groningen,land,2026-01-11,POINT (249553.5688 608827.9744)
rivm_windturbines_ashoogte_actueel.5080,82.0,100.0,3000.0,246171.462,608889.7841,Nederland,,,Het Hogeland,Groningen,land,2026-01-11,POINT (246171.462 608889.7841)
rivm_windturbines_ashoogte_actueel.5081,82.0,100.0,3000.0,249241.1601,608903.7535,Nederland,,,Het Hogeland,Groningen,land,2026-01-11,POINT (249241.1601 608903.7535)
rivm_windturbines_ashoogte_actueel.5082,82.0,100.0,3000.0,250996.5613,608935.9782,Nederland,,,Het Hogeland,Groningen,land,2026-01-11,POINT (250996.5613 608935.9782)
rivm_windturbines_ashoogte_actueel.5083,82.0,100.0,3000.0,245884.7815,608977.6493,Nederland,,,Het Hogeland,Groningen,land,2026-01-11,POINT (245884.7815 608977.6493)
rivm_windturbines_ashoogte_actueel.5084,158.0,141.0,5500.0,251631.537211,608980.883005,Nederland,,,Het Hogeland,Groningen,land,2026-01-11,POINT (251631.5372 608980.883)
rivm_windturbines_ashoogte_actueel.5085,82.0,100.0,3000.0,245589.5318,609026.379,Nederland,,,Het Hogeland,Groningen,land,2026-01-11,POINT (245589.5318 609026.379)
rivm_windturbines_ashoogte_actueel.5086,82.0,100.0,3000.0,245293.5112,609055.8796,Nederland,,,Het Hogeland,Groningen,land,2026-01-11,POINT (245293.5112 609055.8796)
rivm_windturbines_ashoogte_actueel.5087,82.0,100.0,3000.0,250664.5626,609060.9773,Nederland,,,Het Hogeland,Groningen,land,2026-01-11,POINT (250664.5626 609060.9773)
rivm_windturbines_ashoogte_actueel.5088,82.0,100.0,3000.0,250335.5639,609194.9763,Nederland,,,Het Hogeland,Groningen,land,2026-01-11,POINT (250335.5639 609194.9763)
rivm_windturbines_ashoogte_actueel.5089,158.0,141.0,5500.0,250984.232283,609292.644797,Nederland,,,Het Hogeland,Groningen,land,2026-01-11,POINT (250984.2323 609292.6448)
rivm_windturbines_ashoogte_actueel.5090,130.0,89.0,4000.0,187154.5994,668885.2203,Nederland,Gemini II,SWT 4.0-130,,,zee,2026-01-11,POINT (187154.5994 668885.2203)
rivm_windturbines_ashoogte_actueel.5091,130.0,89.0,4000.0,187976.5302,668885.5166,Nederland,Gemini II,SWT 4.0-130,,,zee,2026-01-11,POINT (187976.5302 668885.5166)
rivm_windturbines_ashoogte_actueel.5092,130.0,89.0,4000.0,188799.7379,668886.6684,Nederland,Gemini II,SWT 4.0-130,,,zee,2026-01-11,POINT (188799.7379 668886.6684)
rivm_windturbines_ashoogte_actueel.5093,130.0,89.0,4000.0,190439.3439,668887.2855,Nederland,Gemini II,SWT 4.0-130,,,zee,2026-01-11,POINT (190439.3439 668887.2855)
rivm_windturbines_ashoogte_actueel.5094,130.0,89.0,4000.0,189617.0427,668887.3276,Nederland,Gemini II,SWT 4.0-130,,,zee,2026-01-11,POINT (189617.0427 668887.3276)
rivm_windturbines_ashoogte_actueel.5095,130.0,89.0,4000.0,191261.9942,668887.5899,Nederland,Gemini II,SWT 4.0-130,,,zee,2026-01-11,POINT (191261.9942 668887.5899)
rivm_windturbines_ashoogte_actueel.5096,130.0,89.0,4000.0,197822.3509,668890.8616,Nederland,Gemini I,SWT 4.0-130,,,zee,2026-01-11,POINT (197822.3509 668890.8616)
rivm_windturbines_ashoogte_actueel.5097,130.0,89.0,4000.0,196953.4722,668891.2668,Nederland,Gemini I,SWT 4.0-130,,,zee,2026-01-11,POINT (196953.4722 668891.2668)
rivm_windturbines_ashoogte_actueel.5098,130.0,89.0,4000.0,198692.8403,668891.7305,Nederland,Gemini I,SWT 4.0-130,,,zee,2026-01-11,POINT (198692.8403 668891.7305)
rivm_windturbines_ashoogte_actueel.5099,130.0,89.0,4000.0,199570.0062,668891.8908,Nederland,Gemini I,SWT 4.0-130,,,zee,2026-01-11,POINT (199570.0062 668891.8908)
rivm_windturbines_ashoogte_actueel.5100,130.0,89.0,4000.0,200440.1634,668892.0062,Nederland,Gemini I,SWT 4.0-130,,,zee,2026-01-11,POINT (200440.1634 668892.0062)
rivm_windturbines_ashoogte_actueel.5101,130.0,89.0,4000.0,201310.7139,668892.8965,Nederland,Gemini I,SWT 4.0-130,,,zee,2026-01-11,POINT (201310.7139 668892.8965)
rivm_windturbines_ashoogte_actueel.5102,130.0,89.0,4000.0,188492.2475,669425.5608,Nederland,Gemini II,SWT 4.0-130,,,zee,2026-01-11,POINT (188492.2475 669425.5608)
rivm_windturbines_ashoogte_actueel.5103,130.0,89.0,4000.0,189344.5014,669440.9058,Nederland,Gemini II,SWT 4.0-130,,,zee,2026-01-11,POINT (189344.5014 669440.9058)
rivm_windturbines_ashoogte_actueel.5104,130.0,89.0,4000.0,186742.1229,669443.9456,Nederland,Gemini II,SWT 4.0-130,,,zee,2026-01-11,POINT (186742.1229 669443.9456)
rivm_windturbines_ashoogte_actueel.5105,130.0,89.0,4000.0,187602.3744,669461.2657,Nederland,Gemini II,SWT 4.0-130,,,zee,2026-01-11,POINT (187602.3744 669461.2657)
rivm_windturbines_ashoogte_actueel.5106,130.0,89.0,4000.0,191056.8699,669474.7053,Nederland,Gemini II,SWT 4.0-130,,,zee,2026-01-11,POINT (191056.8699 669474.7053)
rivm_windturbines_ashoogte_actueel.5107,130.0,89.0,4000.0,197609.9124,669500.5345,Nederland,Gemini I,SWT 4.0-130,,,zee,2026-01-11,POINT (197609.9124 669500.5345)
rivm_windturbines_ashoogte_actueel.5108,130.0,89.0,4000.0,190178.0876,669515.2843,Nederland,Gemini II,SWT 4.0-130,,,zee,2026-01-11,POINT (190178.0876 669515.2843)
rivm_windturbines_ashoogte_actueel.5109,130.0,89.0,4000.0,199350.7246,669519.4715,Nederland,Gemini I,SWT 4.0-130,,,zee,2026-01-11,POINT (199350.7246 669519.4715)
rivm_windturbines_ashoogte_actueel.5110,130.0,89.0,4000.0,201085.4128,669538.4669,Nederland,Gemini I,SWT 4.0-130,,,zee,2026-01-11,POINT (201085.4128 669538.4669)
rivm_windturbines_ashoogte_actueel.5111,130.0,89.0,4000.0,196723.8054,669545.9693,Nederland,Gemini I,SWT 4.0-130,,,zee,2026-01-11,POINT (196723.8054 669545.9693)
rivm_windturbines_ashoogte_actueel.5112,130.0,89.0,4000.0,198457.7949,669565.6217,Nederland,Gemini I,SWT 4.0-130,,,zee,2026-01-11,POINT (198457.7949 669565.6217)
rivm_windturbines_ashoogte_actueel.5113,130.0,89.0,4000.0,200198.3138,669586.4149,Nederland,Gemini I,SWT 4.0-130,,,zee,2026-01-11,POINT (200198.3138 669586.4149)
rivm_windturbines_ashoogte_actueel.5114,130.0,89.0,4000.0,188184.3056,669965.9013,Nederland,Gemini II,SWT 4.0-130,,,zee,2026-01-11,POINT (188184.3056 669965.9013)
rivm_windturbines_ashoogte_actueel.5115,130.0,89.0,4000.0,189072.051,669997.4647,Nederland,Gemini II,SWT 4.0-130,,,zee,2026-01-11,POINT (189072.051 669997.4647)
rivm_windturbines_ashoogte_actueel.5116,130.0,89.0,4000.0,186319.8135,670014.6128,Nederland,Gemini II,SWT 4.0-130,,,zee,2026-01-11,POINT (186319.8135 670014.6128)
rivm_windturbines_ashoogte_actueel.5117,130.0,89.0,4000.0,187226.6562,670038.1706,Nederland,Gemini II,SWT 4.0-130,,,zee,2026-01-11,POINT (187226.6562 670038.1706)
rivm_windturbines_ashoogte_actueel.5118,130.0,89.0,4000.0,190852.4935,670062.3176,Nederland,Gemini II,SWT 4.0-130,,,zee,2026-01-11,POINT (190852.4935 670062.3176)
rivm_windturbines_ashoogte_actueel.5119,130.0,89.0,4000.0,197398.0151,670109.0304,Nederland,Gemini I,SWT 4.0-130,,,zee,2026-01-11,POINT (197398.0151 670109.0304)
rivm_windturbines_ashoogte_actueel.5120,130.0,89.0,4000.0,189914.34,670144.1601,Nederland,Gemini II,SWT 4.0-130,,,zee,2026-01-11,POINT (189914.34 670144.1601)
rivm_windturbines_ashoogte_actueel.5121,130.0,89.0,4000.0,199131.6307,670146.958,Nederland,Gemini I,SWT 4.0-130,,,zee,2026-01-11,POINT (199131.6307 670146.958)
rivm_windturbines_ashoogte_actueel.5122,130.0,89.0,4000.0,200861.1826,670184.9139,Nederland,Gemini I,SWT 4.0-130,,,zee,2026-01-11,POINT (200861.1826 670184.9139)
rivm_windturbines_ashoogte_actueel.5123,130.0,89.0,4000.0,196495.362,670199.252,Nederland,Gemini I,SWT 4.0-130,,,zee,2026-01-11,POINT (196495.362 670199.252)
rivm_windturbines_ashoogte_actueel.5124,130.0,89.0,4000.0,198222.0608,670241.6099,Nederland,Gemini I,SWT 4.0-130,,,zee,2026-01-11,POINT (198222.0608 670241.6099)
rivm_windturbines_ashoogte_actueel.5125,130.0,89.0,4000.0,199956.2889,670282.7133,Nederland,Gemini I,SWT 4.0-130,,,zee,2026-01-11,POINT (199956.2889 670282.7133)
rivm_windturbines_ashoogte_actueel.5126,130.0,89.0,4000.0,187877.8036,670504.1438,Nederland,Gemini II,SWT 4.0-130,,,zee,2026-01-11,POINT (187877.8036 670504.1438)
rivm_windturbines_ashoogte_actueel.5127,130.0,89.0,4000.0,188799.4341,670553.2406,Nederland,Gemini II,SWT 4.0-130,,,zee,2026-01-11,POINT (188799.4341 670553.2406)
rivm_windturbines_ashoogte_actueel.5128,130.0,89.0,4000.0,185897.8408,670585.7914,Nederland,Gemini II,SWT 4.0-130,,,zee,2026-01-11,POINT (185897.8408 670585.7914)
rivm_windturbines_ashoogte_actueel.5129,130.0,89.0,4000.0,186851.6588,670613.3224,Nederland,Gemini II,SWT 4.0-130,,,zee,2026-01-11,POINT (186851.6588 670613.3224)
rivm_windturbines_ashoogte_actueel.5130,130.0,89.0,4000.0,190648.088,670649.3524,Nederland,Gemini II,SWT 4.0-130,,,zee,2026-01-11,POINT (190648.088 670649.3524)
rivm_windturbines_ashoogte_actueel.5131,130.0,89.0,4000.0,197184.2895,670717.8805,Nederland,Gemini I,SWT 4.0-130,,,zee,2026-01-11,POINT (197184.2895 670717.8805)
rivm_windturbines_ashoogte_actueel.5132,130.0,89.0,4000.0,189652.6517,670772.3782,Nederland,Gemini II,SWT 4.0-130,,,zee,2026-01-11,POINT (189652.6517 670772.3782)
rivm_windturbines_ashoogte_actueel.5133,130.0,89.0,4000.0,198912.531,670775.1372,Nederland,Gemini I,SWT 4.0-130,,,zee,2026-01-11,POINT (198912.531 670775.1372)
rivm_windturbines_ashoogte_actueel.5134,130.0,89.0,4000.0,200636.4423,670831.9308,Nederland,Gemini I,SWT 4.0-130,,,zee,2026-01-11,POINT (200636.4423 670831.9308)
rivm_windturbines_ashoogte_actueel.5135,130.0,89.0,4000.0,196264.9535,670854.1643,Nederland,Gemini I,SWT 4.0-130,,,zee,2026-01-11,POINT (196264.9535 670854.1643)
rivm_windturbines_ashoogte_actueel.5136,130.0,89.0,4000.0,197987.2887,670914.9567,Nederland,Gemini I,SWT 4.0-130,,,zee,2026-01-11,POINT (197987.2887 670914.9567)
rivm_windturbines_ashoogte_actueel.5137,130.0,89.0,4000.0,199713.9879,670976.7424,Nederland,Gemini I,SWT 4.0-130,,,zee,2026-01-11,POINT (199713.9879 670976.7424)
rivm_windturbines_ashoogte_actueel.5138,130.0,89.0,4000.0,187570.4176,671043.7689,Nederland,Gemini II,SWT 4.0-130,,,zee,2026-01-11,POINT (187570.4176 671043.7689)
rivm_windturbines_ashoogte_actueel.5139,130.0,89.0,4000.0,188527.3951,671107.7582,Nederland,Gemini II,SWT 4.0-130,,,zee,2026-01-11,POINT (188527.3951 671107.7582)
rivm_windturbines_ashoogte_actueel.5140,130.0,89.0,4000.0,185494.911,671130.4124,Nederland,Gemini II,SWT 4.0-130,,,zee,2026-01-11,POINT (185494.911 671130.4124)
rivm_windturbines_ashoogte_actueel.5141,130.0,89.0,4000.0,186475.2948,671189.2032,Nederland,Gemini II,SWT 4.0-130,,,zee,2026-01-11,POINT (186475.2948 671189.2032)
rivm_windturbines_ashoogte_actueel.5142,130.0,89.0,4000.0,190444.0015,671236.6284,Nederland,Gemini II,SWT 4.0-130,,,zee,2026-01-11,POINT (190444.0015 671236.6284)
rivm_windturbines_ashoogte_actueel.5143,130.0,89.0,4000.0,196971.4413,671326.6228,Nederland,Gemini I,SWT 4.0-130,,,zee,2026-01-11,POINT (196971.4413 671326.6228)
rivm_windturbines_ashoogte_actueel.5144,130.0,89.0,4000.0,189389.7221,671400.2704,Nederland,Gemini II,SWT 4.0-130,,,zee,2026-01-11,POINT (189389.7221 671400.2704)
rivm_windturbines_ashoogte_actueel.5145,130.0,89.0,4000.0,198695.2277,671402.8675,Nederland,Gemini I,SWT 4.0-130,,,zee,2026-01-11,POINT (198695.2277 671402.8675)
rivm_windturbines_ashoogte_actueel.5146,130.0,89.0,4000.0,200411.4507,671477.4176,Nederland,Gemini I,SWT 4.0-130,,,zee,2026-01-11,POINT (200411.4507 671477.4176)
rivm_windturbines_ashoogte_actueel.5147,130.0,89.0,4000.0,196035.7532,671507.5073,Nederland,Gemini I,SWT 4.0-130,,,zee,2026-01-11,POINT (196035.7532 671507.5073)
rivm_windturbines_ashoogte_actueel.5148,130.0,89.0,4000.0,187263.672,671583.6944,Nederland,Gemini II,SWT 4.0-130,,,zee,2026-01-11,POINT (187263.672 671583.6944)
rivm_windturbines_ashoogte_actueel.5149,130.0,89.0,4000.0,197752.0209,671589.3032,Nederland,Gemini I,SWT 4.0-130,,,zee,2026-01-11,POINT (197752.0209 671589.3032)
rivm_windturbines_ashoogte_actueel.5150,130.0,89.0,4000.0,188254.5272,671663.2063,Nederland,Gemini II,SWT 4.0-130,,,zee,2026-01-11,POINT (188254.5272 671663.2063)
rivm_windturbines_ashoogte_actueel.5151,130.0,89.0,4000.0,199472.7341,671671.239,Nederland,Gemini I,SWT 4.0-130,,,zee,2026-01-11,POINT (199472.7341 671671.239)
rivm_windturbines_ashoogte_actueel.5152,130.0,89.0,4000.0,185090.5854,671677.2742,Nederland,Gemini II,SWT 4.0-130,,,zee,2026-01-11,POINT (185090.5854 671677.2742)
rivm_windturbines_ashoogte_actueel.5153,130.0,89.0,4000.0,186014.6423,671759.2426,Nederland,Gemini II,SWT 4.0-130,,,zee,2026-01-11,POINT (186014.6423 671759.2426)
rivm_windturbines_ashoogte_actueel.5154,130.0,89.0,4000.0,190239.5117,671822.9093,Nederland,Gemini II,SWT 4.0-130,,,zee,2026-01-11,POINT (190239.5117 671822.9093)
rivm_windturbines_ashoogte_actueel.5155,130.0,89.0,4000.0,196757.763,671936.2458,Nederland,Gemini I,SWT 4.0-130,,,zee,2026-01-11,POINT (196757.763 671936.2458)
rivm_windturbines_ashoogte_actueel.5156,130.0,89.0,4000.0,198475.9206,672030.4977,Nederland,Gemini I,SWT 4.0-130,,,zee,2026-01-11,POINT (198475.9206 672030.4977)
rivm_windturbines_ashoogte_actueel.5157,130.0,89.0,4000.0,189211.3661,672038.911,Nederland,Gemini II,SWT 4.0-130,,,zee,2026-01-11,POINT (189211.3661 672038.911)
rivm_windturbines_ashoogte_actueel.5158,130.0,89.0,4000.0,186611.2763,672091.8706,Nederland,Gemini II,SWT 4.0-130,,,zee,2026-01-11,POINT (186611.2763 672091.8706)
rivm_windturbines_ashoogte_actueel.5159,130.0,89.0,4000.0,200187.2583,672123.7301,Nederland,Gemini I,SWT 4.0-130,,,zee,2026-01-11,POINT (200187.2583 672123.7301)
rivm_windturbines_ashoogte_actueel.5160,130.0,89.0,4000.0,195807.3522,672161.9762,Nederland,Gemini I,SWT 4.0-130,,,zee,2026-01-11,POINT (195807.3522 672161.9762)
rivm_windturbines_ashoogte_actueel.5161,130.0,89.0,4000.0,187465.6401,672172.1387,Nederland,Gemini II,SWT 4.0-130,,,zee,2026-01-11,POINT (187465.6401 672172.1387)
rivm_windturbines_ashoogte_actueel.5162,130.0,89.0,4000.0,184678.0197,672235.5438,Nederland,Gemini II,SWT 4.0-130,,,zee,2026-01-11,POINT (184678.0197 672235.5438)
rivm_windturbines_ashoogte_actueel.5163,130.0,89.0,4000.0,188325.959,672253.1232,Nederland,Gemini II,SWT 4.0-130,,,zee,2026-01-11,POINT (188325.959 672253.1232)
rivm_windturbines_ashoogte_actueel.5164,130.0,89.0,4000.0,197516.8553,672264.2791,Nederland,Gemini I,SWT 4.0-130,,,zee,2026-01-11,POINT (197516.8553 672264.2791)
rivm_windturbines_ashoogte_actueel.5165,130.0,89.0,4000.0,185549.1621,672324.1446,Nederland,Gemini II,SWT 4.0-130,,,zee,2026-01-11,POINT (185549.1621 672324.1446)
rivm_windturbines_ashoogte_actueel.5166,130.0,89.0,4000.0,199230.8924,672366.3685,Nederland,Gemini I,SWT 4.0-130,,,zee,2026-01-11,POINT (199230.8924 672366.3685)
rivm_windturbines_ashoogte_actueel.5167,130.0,89.0,4000.0,190033.549,672412.9542,Nederland,Gemini II,SWT 4.0-130,,,zee,2026-01-11,POINT (190033.549 672412.9542)
rivm_windturbines_ashoogte_actueel.5168,130.0,89.0,4000.0,196544.1218,672548.4209,Nederland,Gemini I,SWT 4.0-130,,,zee,2026-01-11,POINT (196544.1218 672548.4209)
rivm_windturbines_ashoogte_actueel.5169,130.0,89.0,4000.0,186293.6411,672626.1252,Nederland,Gemini II,SWT 4.0-130,,,zee,2026-01-11,POINT (186293.6411 672626.1252)
rivm_windturbines_ashoogte_actueel.5170,130.0,89.0,4000.0,198256.3237,672660.4813,Nederland,Gemini I,SWT 4.0-130,,,zee,2026-01-11,POINT (198256.3237 672660.4813)
rivm_windturbines_ashoogte_actueel.5171,130.0,89.0,4000.0,189039.878,672676.7508,Nederland,Gemini II,SWT 4.0-130,,,zee,2026-01-11,POINT (189039.878 672676.7508)
rivm_windturbines_ashoogte_actueel.5172,130.0,89.0,4000.0,187176.191,672718.7167,Nederland,Gemini II,SWT 4.0-130,,,zee,2026-01-11,POINT (187176.191 672718.7167)
rivm_windturbines_ashoogte_actueel.5173,130.0,89.0,4000.0,199960.8004,672773.7337,Nederland,Gemini I,SWT 4.0-130,,,zee,2026-01-11,POINT (199960.8004 672773.7337)
rivm_windturbines_ashoogte_actueel.5174,130.0,89.0,4000.0,184265.6998,672793.4072,Nederland,Gemini II,SWT 4.0-130,,,zee,2026-01-11,POINT (184265.6998 672793.4072)
rivm_windturbines_ashoogte_actueel.5175,130.0,89.0,4000.0,188063.5967,672812.952,Nederland,Gemini II,SWT 4.0-130,,,zee,2026-01-11,POINT (188063.5967 672812.952)
rivm_windturbines_ashoogte_actueel.5176,130.0,89.0,4000.0,195577.2085,672818.7378,Nederland,Gemini I,SWT 4.0-130,,,zee,2026-01-11,POINT (195577.2085 672818.7378)
rivm_windturbines_ashoogte_actueel.5177,130.0,89.0,4000.0,185167.5212,672896.1286,Nederland,Gemini II,SWT 4.0-130,,,zee,2026-01-11,POINT (185167.5212 672896.1286)
rivm_windturbines_ashoogte_actueel.5178,130.0,89.0,4000.0,197279.1168,672941.2557,Nederland,Gemini I,SWT 4.0-130,,,zee,2026-01-11,POINT (197279.1168 672941.2557)
rivm_windturbines_ashoogte_actueel.5179,130.0,89.0,4000.0,189828.8791,673000.3856,Nederland,Gemini II,SWT 4.0-130,,,zee,2026-01-11,POINT (189828.8791 673000.3856)
rivm_windturbines_ashoogte_actueel.5180,130.0,89.0,4000.0,198987.5413,673065.0637,Nederland,Gemini I,SWT 4.0-130,,,zee,2026-01-11,POINT (198987.5413 673065.0637)
rivm_windturbines_ashoogte_actueel.5181,130.0,89.0,4000.0,196332.4195,673156.6703,Nederland,Gemini I,SWT 4.0-130,,,zee,2026-01-11,POINT (196332.4195 673156.6703)
rivm_windturbines_ashoogte_actueel.5182,130.0,89.0,4000.0,185975.3402,673159.0435,Nederland,Gemini II,SWT 4.0-130,,,zee,2026-01-11,POINT (185975.3402 673159.0435)
rivm_windturbines_ashoogte_actueel.5183,130.0,89.0,4000.0,186885.5398,673266.1378,Nederland,Gemini II,SWT 4.0-130,,,zee,2026-01-11,POINT (186885.5398 673266.1378)
rivm_windturbines_ashoogte_actueel.5184,130.0,89.0,4000.0,198037.2226,673287.9488,Nederland,Gemini I,SWT 4.0-130,,,zee,2026-01-11,POINT (198037.2226 673287.9488)
rivm_windturbines_ashoogte_actueel.5185,130.0,89.0,4000.0,188784.163,673308.1477,Nederland,Gemini II,SWT 4.0-130,,,zee,2026-01-11,POINT (188784.163 673308.1477)
rivm_windturbines_ashoogte_actueel.5186,130.0,89.0,4000.0,183853.1147,673351.4419,Nederland,Gemini II,SWT 4.0-130,,,zee,2026-01-11,POINT (183853.1147 673351.4419)
rivm_windturbines_ashoogte_actueel.5187,130.0,89.0,4000.0,187802.573,673374.1884,Nederland,Gemini II,SWT 4.0-130,,,zee,2026-01-11,POINT (187802.573 673374.1884)
rivm_windturbines_ashoogte_actueel.5188,130.0,89.0,4000.0,199736.6894,673419.7479,Nederland,Gemini I,SWT 4.0-130,,,zee,2026-01-11,POINT (199736.6894 673419.7479)
rivm_windturbines_ashoogte_actueel.5189,130.0,89.0,4000.0,184786.6017,673469.3412,Nederland,Gemini II,SWT 4.0-130,,,zee,2026-01-11,POINT (184786.6017 673469.3412)
rivm_windturbines_ashoogte_actueel.5190,130.0,89.0,4000.0,195348.4927,673473.3221,Nederland,Gemini I,SWT 4.0-130,,,zee,2026-01-11,POINT (195348.4927 673473.3221)
rivm_windturbines_ashoogte_actueel.5191,130.0,89.0,4000.0,189624.4513,673587.5606,Nederland,Gemini II,SWT 4.0-130,,,zee,2026-01-11,POINT (189624.4513 673587.5606)
rivm_windturbines_ashoogte_actueel.5192,130.0,89.0,4000.0,197043.8549,673615.4095,Nederland,Gemini I,SWT 4.0-130,,,zee,2026-01-11,POINT (197043.8549 673615.4095)
rivm_windturbines_ashoogte_actueel.5193,130.0,89.0,4000.0,185655.9523,673693.2612,Nederland,Gemini II,SWT 4.0-130,,,zee,2026-01-11,POINT (185655.9523 673693.2612)
rivm_windturbines_ashoogte_actueel.5194,130.0,89.0,4000.0,198745.6895,673759.2584,Nederland,Gemini I,SWT 4.0-130,,,zee,2026-01-11,POINT (198745.6895 673759.2584)
rivm_windturbines_ashoogte_actueel.5195,130.0,89.0,4000.0,196119.0353,673765.1688,Nederland,Gemini I,SWT 4.0-130,,,zee,2026-01-11,POINT (196119.0353 673765.1688)
rivm_windturbines_ashoogte_actueel.5196,130.0,89.0,4000.0,186595.5241,673814.0096,Nederland,Gemini II,SWT 4.0-130,,,zee,2026-01-11,POINT (186595.5241 673814.0096)
rivm_windturbines_ashoogte_actueel.5197,130.0,89.0,4000.0,183439.9677,673910.3384,Nederland,Gemini II,SWT 4.0-130,,,zee,2026-01-11,POINT (183439.9677 673910.3384)
rivm_windturbines_ashoogte_actueel.5198,130.0,89.0,4000.0,197818.372,673915.1098,Nederland,Gemini I,SWT 4.0-130,,,zee,2026-01-11,POINT (197818.372 673915.1098)
rivm_windturbines_ashoogte_actueel.5199,130.0,89.0,4000.0,187541.9515,673934.5925,Nederland,Gemini II,SWT 4.0-130,,,zee,2026-01-11,POINT (187541.9515 673934.5925)
rivm_windturbines_ashoogte_actueel.5200,130.0,89.0,4000.0,188527.0311,673939.9451,Nederland,Gemini II,SWT 4.0-130,,,zee,2026-01-11,POINT (188527.0311 673939.9451)
rivm_windturbines_ashoogte_actueel.5201,130.0,89.0,4000.0,184404.747,674041.8374,Nederland,Gemini II,SWT 4.0-130,,,zee,2026-01-11,POINT (184404.747 674041.8374)
rivm_windturbines_ashoogte_actueel.5202,130.0,89.0,4000.0,199511.0796,674065.5051,Nederland,Gemini I,SWT 4.0-130,,,zee,2026-01-11,POINT (199511.0796 674065.5051)
rivm_windturbines_ashoogte_actueel.5203,130.0,89.0,4000.0,195119.456,674127.5694,Nederland,Gemini I,SWT 4.0-130,,,zee,2026-01-11,POINT (195119.456 674127.5694)
rivm_windturbines_ashoogte_actueel.5204,130.0,89.0,4000.0,189420.472,674174.9625,Nederland,Gemini II,SWT 4.0-130,,,zee,2026-01-11,POINT (189420.472 674174.9625)
rivm_windturbines_ashoogte_actueel.5205,130.0,89.0,4000.0,185338.064,674227.1499,Nederland,Gemini II,SWT 4.0-130,,,zee,2026-01-11,POINT (185338.064 674227.1499)
rivm_windturbines_ashoogte_actueel.5206,130.0,89.0,4000.0,196808.8051,674289.5986,Nederland,Gemini I,SWT 4.0-130,,,zee,2026-01-11,POINT (196808.8051 674289.5986)
rivm_windturbines_ashoogte_actueel.5207,130.0,89.0,4000.0,186305.7759,674360.9136,Nederland,Gemini II,SWT 4.0-130,,,zee,2026-01-11,POINT (186305.7759 674360.9136)
rivm_windturbines_ashoogte_actueel.5208,130.0,89.0,4000.0,195905.9338,674374.6103,Nederland,Gemini I,SWT 4.0-130,,,zee,2026-01-11,POINT (195905.9338 674374.6103)
rivm_windturbines_ashoogte_actueel.5209,130.0,89.0,4000.0,198503.8695,674453.7748,Nederland,Gemini I,SWT 4.0-130,,,zee,2026-01-11,POINT (198503.8695 674453.7748)
rivm_windturbines_ashoogte_actueel.5210,130.0,89.0,4000.0,183027.6929,674467.8268,Nederland,Gemini II,SWT 4.0-130,,,zee,2026-01-11,POINT (183027.6929 674467.8268)
rivm_windturbines_ashoogte_actueel.5211,130.0,89.0,4000.0,187280.1225,674494.7893,Nederland,Gemini II,SWT 4.0-130,,,zee,2026-01-11,POINT (187280.1225 674494.7893)
rivm_windturbines_ashoogte_actueel.5212,130.0,89.0,4000.0,197599.041,674543.4299,Nederland,Gemini I,SWT 4.0-130,,,zee,2026-01-11,POINT (197599.041 674543.4299)
rivm_windturbines_ashoogte_actueel.5213,130.0,89.0,4000.0,188271.305,674571.5771,Nederland,Gemini II,SWT 4.0-130,,,zee,2026-01-11,POINT (188271.305 674571.5771)
rivm_windturbines_ashoogte_actueel.5214,130.0,89.0,4000.0,184024.4226,674614.9244,Nederland,Gemini II,SWT 4.0-130,,,zee,2026-01-11,POINT (184024.4226 674614.9244)
rivm_windturbines_ashoogte_actueel.5215,130.0,89.0,4000.0,199287.5565,674711.4039,Nederland,Gemini I,SWT 4.0-130,,,zee,2026-01-11,POINT (199287.5565 674711.4039)
rivm_windturbines_ashoogte_actueel.5216,130.0,89.0,4000.0,189215.0454,674760.9743,Nederland,Gemini II,SWT 4.0-130,,,zee,2026-01-11,POINT (189215.0454 674760.9743)
rivm_windturbines_ashoogte_actueel.5217,130.0,89.0,4000.0,185019.4127,674761.2665,Nederland,Gemini II,SWT 4.0-130,,,zee,2026-01-11,POINT (185019.4127 674761.2665)
rivm_windturbines_ashoogte_actueel.5218,130.0,89.0,4000.0,194889.8803,674781.5372,Nederland,Gemini I,SWT 4.0-130,,,zee,2026-01-11,POINT (194889.8803 674781.5372)
rivm_windturbines_ashoogte_actueel.5219,130.0,89.0,4000.0,186015.3016,674907.6541,Nederland,Gemini II,SWT 4.0-130,,,zee,2026-01-11,POINT (186015.3016 674907.6541)
rivm_windturbines_ashoogte_actueel.5220,130.0,89.0,4000.0,196573.375,674964.3533,Nederland,Gemini I,SWT 4.0-130,,,zee,2026-01-11,POINT (196573.375 674964.3533)
rivm_windturbines_ashoogte_actueel.5221,130.0,89.0,4000.0,195693.0985,674983.3244,Nederland,Gemini I,SWT 4.0-130,,,zee,2026-01-11,POINT (195693.0985 674983.3244)
rivm_windturbines_ashoogte_actueel.5222,130.0,89.0,4000.0,187019.2408,675056.0666,Nederland,Gemini II,SWT 4.0-130,,,zee,2026-01-11,POINT (187019.2408 675056.0666)
rivm_windturbines_ashoogte_actueel.5223,130.0,89.0,4000.0,198262.3644,675148.4033,Nederland,Gemini I,SWT 4.0-130,,,zee,2026-01-11,POINT (198262.3644 675148.4033)
rivm_windturbines_ashoogte_actueel.5224,130.0,89.0,4000.0,197381.3508,675171.1364,Nederland,Gemini I,SWT 4.0-130,,,zee,2026-01-11,POINT (197381.3508 675171.1364)
rivm_windturbines_ashoogte_actueel.5225,130.0,89.0,4000.0,188015.6516,675202.3885,Nederland,Gemini II,SWT 4.0-130,,,zee,2026-01-11,POINT (188015.6516 675202.3885)
rivm_windturbines_ashoogte_actueel.5226,130.0,89.0,4000.0,189011.1361,675348.6376,Nederland,Gemini II,SWT 4.0-130,,,zee,2026-01-11,POINT (189011.1361 675348.6376)
rivm_windturbines_ashoogte_actueel.5227,130.0,89.0,4000.0,199062.9815,675358.4213,Nederland,Gemini I,SWT 4.0-130,,,zee,2026-01-11,POINT (199062.9815 675358.4213)
rivm_windturbines_ashoogte_actueel.5228,130.0,89.0,4000.0,194661.4337,675435.4391,Nederland,Gemini I,SWT 4.0-130,,,zee,2026-01-11,POINT (194661.4337 675435.4391)
rivm_windturbines_ashoogte_actueel.5229,130.0,89.0,4000.0,195479.6069,675593.3235,Nederland,Gemini I,SWT 4.0-130,,,zee,2026-01-11,POINT (195479.6069 675593.3235)
rivm_windturbines_ashoogte_actueel.5230,130.0,89.0,4000.0,196337.7838,675638.4657,Nederland,Gemini I,SWT 4.0-130,,,zee,2026-01-11,POINT (196337.7838 675638.4657)
rivm_windturbines_ashoogte_actueel.5231,130.0,89.0,4000.0,197161.773,675798.3336,Nederland,Gemini I,SWT 4.0-130,,,zee,2026-01-11,POINT (197161.773 675798.3336)
rivm_windturbines_ashoogte_actueel.5232,130.0,89.0,4000.0,198019.5728,675844.3187,Nederland,Gemini I,SWT 4.0-130,,,zee,2026-01-11,POINT (198019.5728 675844.3187)
rivm_windturbines_ashoogte_actueel.5233,130.0,89.0,4000.0,198837.7896,676004.3413,Nederland,Gemini I,SWT 4.0-130,,,zee,2026-01-11,POINT (198837.7896 676004.3413)
rivm_windturbines_ashoogte_actueel.5234,130.0,89.0,4000.0,194432.3256,676089.8761,Nederland,Gemini I,SWT 4.0-130,,,zee,2026-01-11,POINT (194432.3256 676089.8761)
rivm_windturbines_ashoogte_actueel.5235,130.0,89.0,4000.0,195266.6424,676201.4357,Nederland,Gemini I,SWT 4.0-130,,,zee,2026-01-11,POINT (195266.6424 676201.4357)
rivm_windturbines_ashoogte_actueel.5236,130.0,89.0,4000.0,196101.0773,676312.4183,Nederland,Gemini I,SWT 4.0-130,,,zee,2026-01-11,POINT (196101.0773 676312.4183)
rivm_windturbines_ashoogte_actueel.5237,130.0,89.0,4000.0,196944.0802,676426.8098,Nederland,Gemini I,SWT 4.0-130,,,zee,2026-01-11,POINT (196944.0802 676426.8098)
rivm_windturbines_ashoogte_actueel.5238,130.0,89.0,4000.0,197778.0466,676538.5731,Nederland,Gemini I,SWT 4.0-130,,,zee,2026-01-11,POINT (197778.0466 676538.5731)
rivm_windturbines_ashoogte_actueel.5239,130.0,89.0,4000.0,198614.1083,676650.8228,Nederland,Gemini I,SWT 4.0-130,,,zee,2026-01-11,POINT (198614.1083 676650.8228)
rivm_windturbines_ashoogte_actueel.5240,13.0,15.0,25.0,244451.553623,605328.139939,Nederland,,,Het Hogeland,Groningen,land,2026-01-11,POINT (244451.5536 605328.1399)
rivm_windturbines_ashoogte_actueel.5241,13.0,15.0,25.0,233798.406647,587931.075815,Nederland,,,Het Hogeland,Groningen,land,2026-01-11,POINT (233798.4066 587931.0758)
rivm_windturbines_ashoogte_actueel.5242,13.0,15.0,25.0,218119.536902,595996.059221,Nederland,,,Het Hogeland,Groningen,land,2026-01-11,POINT (218119.5369 595996.0592)
rivm_windturbines_ashoogte_actueel.5243,13.0,15.0,25.0,218064.235908,596008.352839,Nederland,,,Het Hogeland,Groningen,land,2026-01-11,POINT (218064.2359 596008.3528)
rivm_windturbines_ashoogte_actueel.5244,13.0,15.0,25.0,219502.257018,600733.169577,Nederland,,,Het Hogeland,Groningen,land,2026-01-11,POINT (219502.257 600733.1696)
rivm_windturbines_ashoogte_actueel.5245,13.0,15.0,25.0,224611.982167,600065.109831,Nederland,,,Het Hogeland,Groningen,land,2026-01-11,POINT (224611.9822 600065.1098)
rivm_windturbines_ashoogte_actueel.5246,1.5,5.0,1.5,164559.327008,456226.995403,Nederland,,Venturi,Scherpenzeel,Gelderland,land,2026-01-11,POINT (164559.327 456226.9954)
rivm_windturbines_ashoogte_actueel.5247,13.0,15.0,25.0,247519.419846,593064.278308,Nederland,,,Eemsdelta,Groningen,land,2026-01-11,POINT (247519.4198 593064.2783)
rivm_windturbines_ashoogte_actueel.5248,13.0,15.0,25.0,251949.333313,604106.414399,Nederland,,,Eemsdelta,Groningen,land,2026-01-11,POINT (251949.3333 604106.4144)
rivm_windturbines_ashoogte_actueel.5249,13.0,15.0,25.0,195837.700647,598422.83397,Nederland,,Logic-25,Noardeast-Fryslân,Fryslân,land,2026-01-11,POINT (195837.7006 598422.834)
rivm_windturbines_ashoogte_actueel.5250,13.0,15.0,25.0,195908.437064,598466.666365,Nederland,,Logic-25,Noardeast-Fryslân,Fryslân,land,2026-01-11,POINT (195908.4371 598466.6664)
rivm_windturbines_ashoogte_actueel.5251,13.0,15.0,15.0,188371.547686,592990.193556,Nederland,,BW15,Noardeast-Fryslân,Fryslân,land,2026-01-11,POINT (188371.5477 592990.1936)
rivm_windturbines_ashoogte_actueel.5252,16.0,20.0,45.0,195666.300867,599524.198473,Nederland,,BW45,Noardeast-Fryslân,Fryslân,land,2026-01-11,POINT (195666.3009 599524.1985)
rivm_windturbines_ashoogte_actueel.5253,15.0,20.0,45.0,203650.242641,590821.851178,Nederland,,BW45,Noardeast-Fryslân,Fryslân,land,2026-01-11,POINT (203650.2426 590821.8512)
rivm_windturbines_ashoogte_actueel.5254,13.0,15.0,25.0,204226.96758,591240.051991,Nederland,,Logic-25,Noardeast-Fryslân,Fryslân,land,2026-01-11,POINT (204226.9676 591240.052)
rivm_windturbines_ashoogte_actueel.5255,13.0,15.0,25.0,204190.857613,591351.678448,Nederland,,Logic-25,Noardeast-Fryslân,Fryslân,land,2026-01-11,POINT (204190.8576 591351.6784)
rivm_windturbines_ashoogte_actueel.5256,13.0,15.0,25.0,189251.029373,590296.256469,Nederland,,Logic-25,Dantumadiel,Fryslân,land,2026-01-11,POINT (189251.0294 590296.2565)
rivm_windturbines_ashoogte_actueel.5257,13.0,15.0,25.0,190555.879159,590941.894239,Nederland,,Logic-25,Dantumadiel,Fryslân,land,2026-01-11,POINT (190555.8792 590941.8942)
rivm_windturbines_ashoogte_actueel.5258,13.0,15.0,25.0,191753.651144,590713.343267,Nederland,,Logic-25,Dantumadiel,Fryslân,land,2026-01-11,POINT (191753.6511 590713.3433)
rivm_windturbines_ashoogte_actueel.5259,13.0,15.0,25.0,191815.687364,590386.718888,Nederland,,Logic-25,Dantumadiel,Fryslân,land,2026-01-11,POINT (191815.6874 590386.7189)
rivm_windturbines_ashoogte_actueel.5260,13.0,15.0,25.0,191603.299565,589764.710768,Nederland,,Logic-25,Dantumadiel,Fryslân,land,2026-01-11,POINT (191603.2996 589764.7108)
rivm_windturbines_ashoogte_actueel.5261,16.0,15.0,25.0,193356.655976,586197.392032,Nederland,,SWP25-16TG20,Dantumadiel,Fryslân,land,2026-01-11,POINT (193356.656 586197.392)
rivm_windturbines_ashoogte_actueel.5262,16.0,20.0,25.0,187065.5574,588375.069983,Nederland,,SWP25-16TG20,Tytsjerksteradiel,Fryslân,land,2026-01-11,POINT (187065.5574 588375.07)
rivm_windturbines_ashoogte_actueel.5263,13.0,15.0,25.0,244950.881952,607182.64184,Nederland,,,Het Hogeland,Groningen,land,2026-01-11,POINT (244950.882 607182.6418)
rivm_windturbines_ashoogte_actueel.5264,13.0,15.0,25.0,230045.086778,603251.428406,Nederland,,,Het Hogeland,Groningen,land,2026-01-11,POINT (230045.0868 603251.4284)
rivm_windturbines_ashoogte_actueel.5265,13.0,15.0,25.0,229728.591033,603584.814465,Nederland,,,Het Hogeland,Groningen,land,2026-01-11,POINT (229728.591 603584.8145)
rivm_windturbines_ashoogte_actueel.5266,13.0,15.0,25.0,247944.01636,605708.044456,Nederland,,,Het Hogeland,Groningen,land,2026-01-11,POINT (247944.0164 605708.0445)
rivm_windturbines_ashoogte_actueel.5267,13.0,15.0,15.0,263315.141188,587540.628705,Nederland,,EAZ wind,Oldambt,Groningen,land,2026-01-11,POINT (263315.1412 587540.6287)
rivm_windturbines_ashoogte_actueel.5268,13.0,15.0,25.0,251594.915286,584716.048635,Nederland,,,Midden-Groningen,Groningen,land,2026-01-11,POINT (251594.9153 584716.0486)
rivm_windturbines_ashoogte_actueel.5269,13.0,15.0,25.0,251907.491541,578895.356406,Nederland,,,Midden-Groningen,Groningen,land,2026-01-11,POINT (251907.4915 578895.3564)
rivm_windturbines_ashoogte_actueel.5270,162.0,166.0,5600.0,277837.17292,567162.621817,Duitsland,,,,,land,2026-01-11,POINT (277837.1729 567162.6218)
rivm_windturbines_ashoogte_actueel.5271,117.0,149.0,2400.0,275436.370498,550968.333396,Duitsland,,,,,land,2026-01-11,POINT (275436.3705 550968.3334)
rivm_windturbines_ashoogte_actueel.5272,117.0,149.0,2400.0,275189.511003,550523.986305,Duitsland,,,,,land,2026-01-11,POINT (275189.511 550523.9863)
rivm_windturbines_ashoogte_actueel.5273,16.0,15.0,25.0,240707.388115,552583.949708,Nederland,,Logic-25,Aa en Hunze,Drenthe,land,2026-01-11,POINT (240707.3881 552583.9497)
rivm_windturbines_ashoogte_actueel.5274,16.0,15.0,25.0,218488.429804,588645.49076,Nederland,,,Westerkwartier,Groningen,land,2026-01-11,POINT (218488.4298 588645.4908)
rivm_windturbines_ashoogte_actueel.5275,13.0,15.0,15.0,221994.732438,584000.791399,Nederland,,EAZ wind,Westerkwartier,Groningen,land,2026-01-11,POINT (221994.7324 584000.7914)
rivm_windturbines_ashoogte_actueel.5276,13.0,15.0,15.0,214092.357618,572512.171315,Nederland,,EAZ wind,Westerkwartier,Groningen,land,2026-01-11,POINT (214092.3576 572512.1713)
rivm_windturbines_ashoogte_actueel.5277,16.0,20.0,80.0,190467.785489,578290.505583,Nederland,,BW80,Tytsjerksteradiel,Fryslân,land,2026-01-11,POINT (190467.7855 578290.5056)
rivm_windturbines_ashoogte_actueel.5278,16.0,20.0,25.0,188962.666348,578713.345618,Nederland,,SWP25 16TG20,Tytsjerksteradiel,Fryslân,land,2026-01-11,POINT (188962.6663 578713.3456)
rivm_windturbines_ashoogte_actueel.5279,16.0,15.0,25.0,209239.402742,558908.254359,Nederland,,LWT25,Heerenveen,Fryslân,land,2026-01-11,POINT (209239.4027 558908.2544)
rivm_windturbines_ashoogte_actueel.5280,13.0,15.0,15.0,196836.125958,553031.03432,Nederland,,EAZ wind,Heerenveen,Fryslân,land,2026-01-11,POINT (196836.126 553031.0343)
rivm_windturbines_ashoogte_actueel.5281,13.0,15.0,25.0,193074.779469,557103.608061,Nederland,,Logic-25,Heerenveen,Fryslân,land,2026-01-11,POINT (193074.7795 557103.6081)
rivm_windturbines_ashoogte_actueel.5282,13.0,15.0,15.0,189276.121762,556733.759525,Nederland,,EAZ wind,Heerenveen,Fryslân,land,2026-01-11,POINT (189276.1218 556733.7595)
rivm_windturbines_ashoogte_actueel.5283,16.0,20.0,25.0,232049.24788,546082.194552,Nederland,,Logic 25,Midden-Drenthe,Drenthe,land,2026-01-11,POINT (232049.2479 546082.1946)
rivm_windturbines_ashoogte_actueel.5284,16.0,20.0,25.0,234376.229472,544127.760341,Nederland,,Logic 25,Midden-Drenthe,Drenthe,land,2026-01-11,POINT (234376.2295 544127.7603)
rivm_windturbines_ashoogte_actueel.5285,16.0,20.0,80.0,171391.980577,588588.631365,Nederland,,BW80,Waadhoeke,Fryslân,land,2026-01-11,POINT (171391.9806 588588.6314)
rivm_windturbines_ashoogte_actueel.5286,16.0,20.0,80.0,168025.578516,585742.100493,Nederland,,BW80,Waadhoeke,Fryslân,land,2026-01-11,POINT (168025.5785 585742.1005)
rivm_windturbines_ashoogte_actueel.5287,16.0,20.0,80.0,168103.979627,581191.985522,Nederland,,BW80,Waadhoeke,Fryslân,land,2026-01-11,POINT (168103.9796 581191.9855)
rivm_windturbines_ashoogte_actueel.5288,13.0,15.0,15.0,164441.110242,575116.175932,Nederland,,EAZ wind,Waadhoeke,Fryslân,land,2026-01-11,POINT (164441.1102 575116.1759)
rivm_windturbines_ashoogte_actueel.5289,60.0,46.0,1000.0,165064.960887,573218.368619,Nederland,,,Waadhoeke,Fryslân,land,2026-01-11,POINT (165064.9609 573218.3686)
rivm_windturbines_ashoogte_actueel.5290,13.0,15.0,15.0,178386.557272,573323.06231,Nederland,,EAZ wind,Leeuwarden,Fryslân,land,2026-01-11,POINT (178386.5573 573323.0623)
rivm_windturbines_ashoogte_actueel.5291,16.0,15.0,25.0,177178.104646,565278.542976,Nederland,,Logic type 25,Súdwest-Fryslân,Fryslân,land,2026-01-11,POINT (177178.1046 565278.543)
rivm_windturbines_ashoogte_actueel.5292,16.0,20.0,25.0,163672.57756,540225.171926,Nederland,,SWP25 16TG20,De Fryske Marren,Fryslân,land,2026-01-11,POINT (163672.5776 540225.1719)
rivm_windturbines_ashoogte_actueel.5293,13.0,15.0,15.0,164110.82211,551479.208793,Nederland,,,Súdwest-Fryslân,Fryslân,land,2026-01-11,POINT (164110.8221 551479.2088)
rivm_windturbines_ashoogte_actueel.5294,14.0,15.0,45.0,193230.084994,544078.07417,Nederland,,BW45,Weststellingwerf,Fryslân,land,2026-01-11,POINT (193230.085 544078.0742)
rivm_windturbines_ashoogte_actueel.5295,16.0,25.0,25.0,213856.173103,540507.474993,Nederland,,Logic 25,Westerveld,Drenthe,land,2026-01-11,POINT (213856.1731 540507.475)
rivm_windturbines_ashoogte_actueel.5296,11.0,25.0,10.0,212188.505545,538959.202302,Nederland,,,Westerveld,Drenthe,land,2026-01-11,POINT (212188.5055 538959.2023)
rivm_windturbines_ashoogte_actueel.5297,16.0,25.0,25.0,214004.133364,542598.263929,Nederland,,Logic 25,Westerveld,Drenthe,land,2026-01-11,POINT (214004.1334 542598.2639)
rivm_windturbines_ashoogte_actueel.5298,13.0,15.0,15.0,237495.734064,523123.019541,Nederland,,EAZ wind,Hoogeveen,Drenthe,land,2026-01-11,POINT (237495.7341 523123.0195)
rivm_windturbines_ashoogte_actueel.5299,11.0,25.0,10.0,206384.465548,507990.963578,Nederland,,,Zwartewaterland,Overijssel,land,2026-01-11,POINT (206384.4655 507990.9636)
rivm_windturbines_ashoogte_actueel.5300,16.0,20.0,80.0,109516.593483,534702.712454,Nederland,,,Schagen,Noord-Holland,land,2026-01-11,POINT (109516.5935 534702.7125)
rivm_windturbines_ashoogte_actueel.5301,16.0,20.0,25.0,127506.670269,528440.920679,Nederland,,,Opmeer,Noord-Holland,land,2026-01-11,POINT (127506.6703 528440.9207)
rivm_windturbines_ashoogte_actueel.5302,100.0,80.0,2200.0,113438.563742,490235.57291,Nederland,,Vestas V100,Amsterdam,Noord-Holland,land,2026-01-11,POINT (113438.5637 490235.5729)
rivm_windturbines_ashoogte_actueel.5303,100.0,80.0,2200.0,113789.295418,490204.977168,Nederland,,Vestas V100,Amsterdam,Noord-Holland,land,2026-01-11,POINT (113789.2954 490204.9772)
rivm_windturbines_ashoogte_actueel.5304,100.0,80.0,2200.0,114147.48947,490202.738455,Nederland,,Vestas V100,Amsterdam,Noord-Holland,land,2026-01-11,POINT (114147.4895 490202.7385)
rivm_windturbines_ashoogte_actueel.5305,100.0,80.0,2200.0,114491.505007,490194.529841,Nederland,,Vestas V100,Amsterdam,Noord-Holland,land,2026-01-11,POINT (114491.505 490194.5298)
rivm_windturbines_ashoogte_actueel.5306,14.0,15.0,10.0,133387.321477,486320.125984,Nederland,,BW10,Gooise meren,Noord-Holland,land,2026-01-11,POINT (133387.3215 486320.126)
rivm_windturbines_ashoogte_actueel.5307,14.0,15.0,10.0,133371.102281,486337.183071,Nederland,,BW10,Gooise meren,Noord-Holland,land,2026-01-11,POINT (133371.1023 486337.1831)
rivm_windturbines_ashoogte_actueel.5308,15.0,20.0,10.0,190951.97221,503670.794274,Nederland,,,Kampen,Overijssel,,2026-01-11,POINT (190951.9722 503670.7943)
rivm_windturbines_ashoogte_actueel.5309,15.0,20.0,10.0,195438.910832,503215.201012,Nederland,,,Kampen,Overijssel,,2026-01-11,POINT (195438.9108 503215.201)
rivm_windturbines_ashoogte_actueel.5310,82.0,98.0,3000.0,188183.065847,509211.99794,Nederland,,,Kampen,Overijssel,land,2026-01-11,POINT (188183.0658 509211.9979)
rivm_windturbines_ashoogte_actueel.5311,15.0,20.0,10.0,190951.97221,503670.794274,Nederland,,,Kampen,Overijssel,land,2026-01-11,POINT (190951.9722 503670.7943)
rivm_windturbines_ashoogte_actueel.5312,15.0,20.0,10.0,195438.910832,503215.201012,Nederland,,,Kampen,Overijssel,land,2026-01-11,POINT (195438.9108 503215.201)
rivm_windturbines_ashoogte_actueel.5313,15.0,20.0,10.0,217238.14648,513647.486369,Nederland,,,Staphorst,Overijssel,land,2026-01-11,POINT (217238.1465 513647.4864)
rivm_windturbines_ashoogte_actueel.5314,15.0,25.0,10.0,207378.727035,513150.804034,Nederland,,,Staphorst,Overijssel,land,2026-01-11,POINT (207378.727 513150.804)
rivm_windturbines_ashoogte_actueel.5315,13.0,15.0,15.0,234513.01032,504303.239635,Nederland,,EAZ wind,Hardenberg,Overijssel,land,2026-01-11,POINT (234513.0103 504303.2396)
rivm_windturbines_ashoogte_actueel.5316,16.0,30.0,45.0,212372.350156,486287.199455,Nederland,,BW45,Raalte,Overijssel,land,2026-01-11,POINT (212372.3502 486287.1995)
rivm_windturbines_ashoogte_actueel.5317,11.0,25.0,10.0,230926.937061,496498.241959,Nederland,,,Twenterand,Overijssel,land,2026-01-11,POINT (230926.9371 496498.242)
rivm_windturbines_ashoogte_actueel.5318,16.0,25.0,25.0,230923.869586,494367.774007,Nederland,,,Hellendoorn,Overijssel,land,2026-01-11,POINT (230923.8696 494367.774)
rivm_windturbines_ashoogte_actueel.5319,16.0,20.0,10.0,206593.972644,461424.55169,Nederland,,,Brummen,Gelderland,land,2026-01-11,POINT (206593.9726 461424.5517)
rivm_windturbines_ashoogte_actueel.5320,13.0,15.0,10.0,224677.787017,441179.482587,Nederland,,,Oude IJsselstreek,Gelderland,land,2026-01-11,POINT (224677.787 441179.4826)
rivm_windturbines_ashoogte_actueel.5321,150.0,145.0,4200.0,218323.00046,428556.879779,Duitsland,,Vestas V150,,,land,2026-01-11,POINT (218323.0005 428556.8798)
rivm_windturbines_ashoogte_actueel.5322,150.0,145.0,4200.0,218589.465627,428428.405502,Duitsland,,Vestas V150,,,land,2026-01-11,POINT (218589.4656 428428.4055)
rivm_windturbines_ashoogte_actueel.5323,150.0,145.0,4200.0,218491.920343,428042.982671,Duitsland,,Vestas V150,,,land,2026-01-11,POINT (218491.9203 428042.9827)
rivm_windturbines_ashoogte_actueel.5324,150.0,145.0,4200.0,218168.355497,428035.845211,Duitsland,,Vestas V150,,,land,2026-01-11,POINT (218168.3555 428035.8452)
rivm_windturbines_ashoogte_actueel.5325,150.0,145.0,4200.0,218129.248165,427550.349246,Duitsland,,Vestas V150,,,land,2026-01-11,POINT (218129.2482 427550.3492)
rivm_windturbines_ashoogte_actueel.5326,149.0,164.0,5700.0,213028.666439,392527.335411,Duitsland,,N149,,,land,2026-01-11,POINT (213028.6664 392527.3354)
rivm_windturbines_ashoogte_actueel.5327,149.0,164.0,5700.0,212738.587672,392770.276378,Duitsland,,N149,,,land,2026-01-11,POINT (212738.5877 392770.2764)
rivm_windturbines_ashoogte_actueel.5328,149.0,164.0,5700.0,212359.672283,392794.492775,Duitsland,,N149,,,land,2026-01-11,POINT (212359.6723 392794.4928)
rivm_windturbines_ashoogte_actueel.5329,149.0,164.0,5700.0,212181.61054,393218.603472,Duitsland,,N149,,,land,2026-01-11,POINT (212181.6105 393218.6035)
rivm_windturbines_ashoogte_actueel.5330,149.0,164.0,5700.0,211942.036558,393616.814279,Duitsland,,N149,,,land,2026-01-11,POINT (211942.0366 393616.8143)
rivm_windturbines_ashoogte_actueel.5331,149.0,145.0,4500.0,149532.641394,417567.178029,Nederland,,N-149,Maasdriel,Gelderland,land,2026-01-11,POINT (149532.6414 417567.178)
rivm_windturbines_ashoogte_actueel.5332,149.0,145.0,4500.0,149134.042088,417648.995781,Nederland,,N-149,Maasdriel,Gelderland,land,2026-01-11,POINT (149134.0421 417648.9958)
rivm_windturbines_ashoogte_actueel.5333,149.0,145.0,4500.0,148742.290299,417706.293382,Nederland,,N-149,Maasdriel,Gelderland,land,2026-01-11,POINT (148742.2903 417706.2934)
rivm_windturbines_ashoogte_actueel.5334,126.0,135.0,3300.0,199001.806907,334167.970459,Duitsland,,,,,land,2026-01-11,POINT (199001.8069 334167.9705)
rivm_windturbines_ashoogte_actueel.5335,126.0,135.0,3300.0,198737.889796,334278.704911,Duitsland,,,,,land,2026-01-11,POINT (198737.8898 334278.7049)
rivm_windturbines_ashoogte_actueel.5336,115.0,150.0,3000.0,211782.806093,355109.34414,Duitsland,,,,,land,2026-01-11,POINT (211782.8061 355109.3441)
rivm_windturbines_ashoogte_actueel.5337,115.0,150.0,3000.0,212205.926536,355131.3926,Duitsland,,,,,land,2026-01-11,POINT (212205.9265 355131.3926)
rivm_windturbines_ashoogte_actueel.5338,70.0,65.0,1800.0,200065.15497,314002.653759,Duitsland,,,,,land,2026-01-11,POINT (200065.155 314002.6538)
rivm_windturbines_ashoogte_actueel.5339,70.0,65.0,1800.0,199955.388593,314233.989348,Duitsland,,,,,land,2026-01-11,POINT (199955.3886 314233.9893)
rivm_windturbines_ashoogte_actueel.5340,16.0,20.0,10.0,127899.605904,404141.640275,Nederland,,,Dongen,Noord-Brabant,land,2026-01-11,POINT (127899.6059 404141.6403)
rivm_windturbines_ashoogte_actueel.5341,133.0,138.0,4800.0,83368.5788096,407030.924806,Nederland,,N-133,Steenbergen,Noord-Brabant,land,2026-01-11,POINT (83368.5788 407030.9248)
rivm_windturbines_ashoogte_actueel.5342,133.0,138.0,4800.0,83827.8413104,407359.206305,Nederland,,N-133,Steenbergen,Noord-Brabant,land,2026-01-11,POINT (83827.8413 407359.2063)
rivm_windturbines_ashoogte_actueel.5343,133.0,138.0,4800.0,84211.4062731,407321.843353,Nederland,,N-133,Steenbergen,Noord-Brabant,land,2026-01-11,POINT (84211.4063 407321.8434)
rivm_windturbines_ashoogte_actueel.5344,133.0,138.0,4800.0,83774.5310478,406910.10395,Nederland,,N-133,Steenbergen,Noord-Brabant,land,2026-01-11,POINT (83774.531 406910.104)
rivm_windturbines_ashoogte_actueel.5345,10.0,10.0,10.0,63020.1476904,369217.847914,Nederland,,,Hulst,Zeeland,land,2026-01-11,POINT (63020.1477 369217.8479)
rivm_windturbines_ashoogte_actueel.5346,14.0,20.0,25.0,48871.8632198,383806.963713,Nederland,,,Borsele,Zeeland,land,2026-01-11,POINT (48871.8632 383806.9637)
rivm_windturbines_ashoogte_actueel.5347,14.0,20.0,25.0,42466.5122979,382172.428489,Nederland,,,Borsele,Zeeland,land,2026-01-11,POINT (42466.5123 382172.4285)
rivm_windturbines_ashoogte_actueel.5348,150.0,105.0,4500.0,54025.0373291,385723.752098,Nederland,,V-150,Kapelle,Zeeland,land,2026-01-11,POINT (54025.0373 385723.7521)
rivm_windturbines_ashoogte_actueel.5349,150.0,105.0,4500.0,54131.9611419,386091.437475,Nederland,,V-150,Kapelle,Zeeland,land,2026-01-11,POINT (54131.9611 386091.4375)
rivm_windturbines_ashoogte_actueel.5350,150.0,105.0,4500.0,54489.9777413,385905.51563,Nederland,,V-150,Kapelle,Zeeland,land,2026-01-11,POINT (54489.9777 385905.5156)
rivm_windturbines_ashoogte_actueel.5351,14.0,15.0,10.0,54960.7847238,387638.05303,Nederland,,,Kapelle,Zeeland,land,2026-01-11,POINT (54960.7847 387638.053)
rivm_windturbines_ashoogte_actueel.5352,16.0,20.0,25.0,71267.9517032,448193.148191,Nederland,,,Westland,Zuid-Holland,land,2026-01-11,POINT (71267.9517 448193.1482)
rivm_windturbines_ashoogte_actueel.5353,15.0,20.0,25.0,120746.640309,448134.884686,Nederland,,,Oudewater,Utrecht,land,2026-01-11,POINT (120746.6403 448134.8847)
rivm_windturbines_ashoogte_actueel.5354,149.0,155.0,5900.0,146613.376255,443633.368383,Nederland,,N-149,Houten,Utrecht,land,2026-01-11,POINT (146613.3763 443633.3684)
rivm_windturbines_ashoogte_actueel.5355,149.0,155.0,5900.0,146152.4726,443852.25313,Nederland,,N-149,Houten,Utrecht,land,2026-01-11,POINT (146152.4726 443852.2531)
rivm_windturbines_ashoogte_actueel.5356,149.0,155.0,5900.0,145616.573591,444136.727035,Nederland,,N-149,Houten,Utrecht,land,2026-01-11,POINT (145616.5736 444136.727)
rivm_windturbines_ashoogte_actueel.5357,149.0,155.0,5900.0,145241.342596,444317.478551,Nederland,,N-149,Houten,Utrecht,land,2026-01-11,POINT (145241.3426 444317.4786)
